Community Area,Year,Month,ARSON,ASSAULT,BATTERY,BURGLARY,CONCEALED CARRY LICENSE VIOLATION,CRIMINAL DAMAGE,CRIMINAL SEXUAL ASSAULT,CRIMINAL TRESPASS,DECEPTIVE PRACTICE,GAMBLING,HOMICIDE,HUMAN TRAFFICKING,INTERFERENCE WITH PUBLIC OFFICER,INTIMIDATION,KIDNAPPING,LIQUOR LAW VIOLATION,MOTOR VEHICLE THEFT,NARCOTICS,NON-CRIMINAL,OBSCENITY,OFFENSE INVOLVING CHILDREN,OTHER NARCOTIC VIOLATION,OTHER OFFENSE,PROSTITUTION,PUBLIC INDECENCY,PUBLIC PEACE VIOLATION,ROBBERY,SEX OFFENSE,STALKING,THEFT,WEAPONS VIOLATION
1,2024,1,0.0,35.0,66.0,13.0,0.0,57.0,2.0,13.0,21.0,0.0,0.0,0.0,0.0,0.0,0.0,0.0,32.0,0.0,0.0,0.0,4.0,0.0,32.0,0.0,0.0,0.0,14.0,3.0,0.0,131.0,1.0
1,2024,2,0.0,32.0,70.0,12.0,0.0,43.0,1.0,7.0,20.0,0.0,1.0,0.0,1.0,0.0,0.0,0.0,51.0,4.0,0.0,0.0,1.0,0.0,26.0,0.0,0.0,0.0,7.0,5.0,0.0,107.0,3.0
1,2024,3,0.0,25.0,61.0,10.0,1.0,55.0,2.0,8.0,23.0,0.0,1.0,0.0,1.0,0.0,0.0,1.0,35.0,11.0,0.0,0.0,1.0,0.0,27.0,0.0,0.0,2.0,8.0,1.0,0.0,111.0,6.0
1,2024,4,0.0,28.0,63.0,7.0,0.0,40.0,2.0,5.0,24.0,0.0,1.0,0.0,0.0,0.0,0.0,0.0,37.0,6.0,0.0,0.0,1.0,0.0,28.0,0.0,0.0,1.0,14.0,4.0,0.0,127.0,8.0
1,2024,5,0.0,23.0,83.0,12.0,0.0,46.0,4.0,2.0,17.0,0.0,0.0,0.0,2.0,0.0,0.0,1.0,26.0,2.0,0.0,0.0,5.0,0.0,23.0,0.0,0.0,5.0,11.0,3.0,1.0,134.0,6.0
1,2024,6,0.0,25.0,62.0,7.0,0.0,30.0,1.0,5.0,18.0,0.0,2.0,0.0,1.0,1.0,1.0,0.0,31.0,4.0,0.0,0.0,1.0,0.0,26.0,0.0,0.0,3.0,11.0,1.0,1.0,114.0,1.0
1,2024,7,1.0,32.0,70.0,8.0,0.0,42.0,5.0,7.0,24.0,0.0,0.0,0.0,1.0,1.0,0.0,0.0,21.0,3.0,0.0,0.0,1.0,0.0,18.0,0.0,1.0,0.0,7.0,5.0,1.0,125.0,4.0
1,2024,8,0.0,30.0,50.0,16.0,0.0,37.0,3.0,7.0,20.0,0.0,0.0,0.0,2.0,0.0,0.0,0.0,19.0,2.0,0.0,0.0,0.0,0.0,24.0,0.0,0.0,1.0,8.0,1.0,0.0,111.0,1.0
1,2024,9,0.0,34.0,72.0,6.0,0.0,40.0,3.0,9.0,18.0,0.0,1.0,0.0,1.0,1.0,1.0,1.0,32.0,5.0,0.0,1.0,0.0,0.0,19.0,0.0,0.0,0.0,8.0,1.0,1.0,91.0,6.0
1,2024,10,1.0,37.0,68.0,5.0,0.0,36.0,2.0,10.0,22.0,0.0,2.0,0.0,2.0,0.0,0.0,0.0,12.0,7.0,0.0,0.0,2.0,0.0,18.0,0.0,0.0,2.0,9.0,5.0,2.0,87.0,5.0
1,2024,11,1.0,31.0,66.0,3.0,0.0,30.0,5.0,9.0,16.0,0.0,0.0,0.0,3.0,0.0,0.0,0.0,28.0,13.0,0.0,0.0,2.0,0.0,15.0,0.0,0.0,1.0,17.0,4.0,1.0,79.0,1.0
1,2024,12,0.0,21.0,57.0,15.0,0.0,28.0,2.0,13.0,19.0,0.0,0.0,0.0,0.0,1.0,0.0,1.0,27.0,4.0,0.0,0.0,0.0,0.0,16.0,0.0,0.0,3.0,3.0,0.0,0.0,68.0,2.0
1,2025,1,0.0,20.0,62.0,14.0,1.0,28.0,2.0,12.0,22.0,0.0,0.0,0.0,0.0,3.0,0.0,1.0,24.0,9.0,0.0,0.0,2.0,0.0,20.0,0.0,0.0,0.0,4.0,0.0,1.0,90.0,10.0
1,2025,2,1.0,28.0,58.0,13.0,0.0,28.0,1.0,5.0,21.0,0.0,2.0,0.0,0.0,0.0,0.0,0.0,18.0,6.0,0.0,0.0,2.0,0.0,18.0,0.0,1.0,0.0,14.0,1.0,0.0,82.0,2.0
1,2025,3,1.0,25.0,46.0,3.0,0.0,33.0,5.0,5.0,27.0,0.0,0.0,0.0,0.0,1.0,0.0,0.0,16.0,8.0,0.0,0.0,1.0,0.0,14.0,0.0,0.0,1.0,3.0,4.0,2.0,79.0,2.0
1,2025,4,0.0,14.0,17.0,3.0,0.0,14.0,2.0,5.0,12.0,0.0,0.0,0.0,0.0,2.0,0.0,1.0,5.0,2.0,0.0,0.0,0.0,0.0,5.0,0.0,0.0,0.0,3.0,0.0,2.0,32.0,2.0
1,2025,5,0.0,31.0,63.0,6.0,0.0,27.0,3.0,15.0,22.0,0.0,0.0,0.0,1.0,0.0,0.0,0.0,21.0,10.0,0.0,0.0,3.0,0.0,23.0,0.0,0.0,0.0,8.0,1.0,1.0,87.0,1.0
1,2025,6,0.0,33.0,120.0,16.0,0.0,58.0,4.0,13.0,31.0,0.0,0.0,0.0,2.0,0.0,0.0,2.0,26.0,8.0,0.0,0.0,3.0,0.0,23.0,0.0,0.0,0.0,16.0,7.0,2.0,199.0,5.0
1,2025,7,0.0,30.0,75.0,13.0,0.0,23.0,3.0,7.0,20.0,0.0,0.0,0.0,0.0,4.0,0.0,0.0,15.0,8.0,0.0,0.0,0.0,0.0,19.0,0.0,0.0,0.0,9.0,2.0,1.0,95.0,6.0
1,2025,8,0.0,22.0,39.0,8.0,0.0,24.0,0.0,6.0,17.0,0.0,0.0,0.0,2.0,1.0,0.0,0.0,18.0,3.0,0.0,0.0,2.0,0.0,16.0,0.0,0.0,0.0,7.0,3.0,0.0,71.0,3.0
1,2025,9,1.0,35.0,73.0,14.0,0.0,25.0,2.0,14.0,14.0,0.0,0.0,0.0,0.0,1.0,0.0,2.0,26.0,12.0,0.0,0.0,2.0,0.0,20.0,0.0,0.0,0.0,4.0,5.0,1.0,92.0,2.0
1,2025,10,0.0,35.0,62.0,14.0,0.0,28.0,7.0,21.0,33.0,0.0,0.0,0.0,0.0,0.0,0.0,0.0,18.0,12.0,0.0,0.0,1.0,0.0,25.0,0.0,0.0,3.0,8.0,2.0,1.0,88.0,5.0
1,2025,11,0.0,20.0,73.0,11.0,0.0,29.0,5.0,11.0,10.0,0.0,0.0,0.0,0.0,0.0,0.0,0.0,17.0,4.0,0.0,0.0,2.0,0.0,22.0,0.0,0.0,2.0,10.0,2.0,0.0,74.0,1.0
1,2025,12,1.0,17.0,52.0,8.0,0.0,19.0,2.0,5.0,8.0,0.0,0.0,0.0,0.0,0.0,0.0,0.0,24.0,7.0,0.0,0.0,2.0,0.0,24.0,0.0,0.0,1.0,10.0,3.0,1.0,73.0,3.0
1,2026,1,0.0,14.0,67.0,10.0,0.0,21.0,4.0,8.0,17.0,0.0,0.0,0.0,0.0,0.0,0.0,0.0,14.0,11.0,0.0,0.0,4.0,0.0,22.0,0.0,0.0,0.0,3.0,1.0,1.0,73.0,4.0
1,2026,2,0.0,33.0,85.0,15.0,0.0,44.0,7.0,13.0,28.0,0.0,0.0,0.0,1.0,1.0,0.0,0.0,27.0,6.0,0.0,0.0,4.0,0.0,34.0,0.0,0.0,3.0,4.0,3.0,0.0,68.0,5.0
1,2026,3,1.0,27.0,70.0,10.0,0.0,30.0,1.0,12.0,12.0,0.0,2.0,0.0,1.0,0.0,0.0,0.0,28.0,7.0,0.0,0.0,8.0,0.0,24.0,0.0,0.0,0.0,11.0,1.0,1.0,70.0,2.0
1,2026,4,0.0,6.0,7.0,1.0,0.0,1.0,0.0,0.0,2.0,0.0,0.0,0.0,0.0,0.0,0.0,0.0,1.0,1.0,0.0,0.0,0.0,0.0,3.0,1.0,0.0,0.0,2.0,0.0,0.0,4.0,0.0
2,2024,1,2.0,29.0,45.0,14.0,0.0,30.0,1.0,8.0,29.0,0.0,0.0,0.0,0.0,1.0,0.0,0.0,48.0,2.0,0.0,0.0,0.0,0.0,31.0,0.0,0.0,0.0,14.0,4.0,2.0,54.0,1.0
2,2024,2,0.0,21.0,37.0,9.0,0.0,42.0,0.0,7.0,32.0,0.0,1.0,0.0,0.0,3.0,1.0,1.0,44.0,4.0,0.0,0.0,1.0,0.0,19.0,0.0,0.0,1.0,19.0,3.0,0.0,73.0,8.0
2,2024,3,0.0,22.0,61.0,14.0,0.0,55.0,1.0,2.0,29.0,0.0,1.0,0.0,2.0,2.0,0.0,0.0,54.0,2.0,0.0,0.0,0.0,0.0,15.0,0.0,0.0,2.0,9.0,3.0,0.0,64.0,2.0
2,2024,4,2.0,26.0,35.0,10.0,0.0,63.0,1.0,4.0,32.0,0.0,0.0,0.0,1.0,0.0,0.0,0.0,37.0,3.0,0.0,0.0,0.0,0.0,27.0,0.0,0.0,0.0,12.0,5.0,0.0,69.0,3.0
2,2024,5,1.0,23.0,46.0,13.0,0.0,45.0,2.0,5.0,29.0,0.0,0.0,0.0,1.0,0.0,1.0,0.0,36.0,2.0,0.0,0.0,1.0,0.0,15.0,0.0,0.0,1.0,17.0,1.0,1.0,67.0,2.0
2,2024,6,0.0,17.0,56.0,10.0,0.0,33.0,0.0,5.0,33.0,0.0,2.0,0.0,1.0,0.0,0.0,0.0,35.0,6.0,0.0,0.0,2.0,0.0,14.0,0.0,0.0,1.0,3.0,2.0,0.0,77.0,3.0
2,2024,7,0.0,32.0,48.0,8.0,0.0,40.0,3.0,6.0,33.0,0.0,0.0,0.0,1.0,0.0,1.0,0.0,26.0,2.0,0.0,0.0,1.0,0.0,26.0,0.0,0.0,1.0,6.0,2.0,1.0,96.0,2.0
2,2024,8,0.0,21.0,60.0,9.0,0.0,36.0,2.0,4.0,23.0,0.0,0.0,0.0,0.0,0.0,0.0,0.0,24.0,2.0,0.0,0.0,1.0,0.0,22.0,0.0,0.0,0.0,11.0,1.0,2.0,91.0,1.0
2,2024,9,1.0,25.0,90.0,7.0,0.0,34.0,3.0,7.0,40.0,0.0,0.0,0.0,0.0,0.0,0.0,0.0,27.0,1.0,0.0,0.0,2.0,0.0,26.0,0.0,0.0,0.0,7.0,7.0,0.0,69.0,0.0
2,2024,10,0.0,34.0,61.0,16.0,0.0,35.0,1.0,7.0,29.0,0.0,0.0,0.0,0.0,0.0,0.0,0.0,13.0,0.0,0.0,0.0,2.0,0.0,20.0,0.0,0.0,2.0,10.0,1.0,3.0,71.0,2.0
2,2024,11,1.0,29.0,45.0,7.0,0.0,33.0,1.0,5.0,21.0,0.0,0.0,0.0,2.0,0.0,0.0,1.0,19.0,1.0,0.0,1.0,1.0,0.0,20.0,0.0,0.0,0.0,10.0,2.0,0.0,78.0,0.0
2,2024,12,0.0,22.0,67.0,9.0,0.0,24.0,5.0,2.0,24.0,0.0,0.0,0.0,0.0,0.0,1.0,1.0,36.0,3.0,0.0,1.0,0.0,0.0,14.0,0.0,0.0,0.0,7.0,2.0,0.0,58.0,3.0
2,2025,1,0.0,27.0,49.0,14.0,0.0,22.0,4.0,7.0,20.0,0.0,1.0,0.0,2.0,0.0,0.0,0.0,33.0,1.0,0.0,0.0,2.0,0.0,21.0,0.0,0.0,1.0,0.0,3.0,1.0,79.0,1.0
2,2025,2,0.0,14.0,40.0,4.0,0.0,19.0,1.0,3.0,25.0,0.0,0.0,0.0,0.0,0.0,0.0,1.0,16.0,1.0,0.0,0.0,2.0,0.0,19.0,0.0,0.0,0.0,3.0,1.0,1.0,54.0,1.0
2,2025,3,0.0,17.0,47.0,7.0,0.0,13.0,1.0,7.0,20.0,0.0,0.0,0.0,0.0,1.0,0.0,0.0,18.0,0.0,0.0,0.0,2.0,0.0,16.0,0.0,0.0,0.0,7.0,1.0,0.0,44.0,3.0
2,2025,4,0.0,10.0,19.0,4.0,0.0,14.0,2.0,3.0,13.0,0.0,0.0,0.0,0.0,0.0,0.0,0.0,4.0,0.0,0.0,0.0,2.0,0.0,10.0,0.0,0.0,0.0,1.0,2.0,0.0,25.0,1.0
2,2025,5,0.0,28.0,49.0,13.0,0.0,30.0,2.0,9.0,23.0,0.0,0.0,0.0,1.0,0.0,0.0,0.0,9.0,2.0,0.0,0.0,0.0,0.0,20.0,0.0,0.0,0.0,8.0,2.0,1.0,50.0,2.0
2,2025,6,0.0,31.0,75.0,24.0,0.0,44.0,3.0,21.0,32.0,0.0,0.0,0.0,0.0,0.0,0.0,0.0,32.0,1.0,0.0,0.0,2.0,0.0,26.0,0.0,2.0,3.0,8.0,3.0,0.0,127.0,0.0
2,2025,7,0.0,26.0,65.0,22.0,0.0,49.0,5.0,6.0,24.0,0.0,0.0,0.0,0.0,2.0,0.0,0.0,21.0,5.0,0.0,0.0,2.0,0.0,19.0,0.0,0.0,0.0,12.0,3.0,0.0,73.0,6.0
2,2025,8,0.0,20.0,44.0,20.0,0.0,24.0,1.0,3.0,19.0,0.0,0.0,0.0,0.0,1.0,0.0,1.0,22.0,2.0,0.0,0.0,2.0,0.0,21.0,0.0,0.0,0.0,9.0,2.0,1.0,61.0,2.0
2,2025,9,0.0,28.0,51.0,28.0,1.0,44.0,0.0,7.0,12.0,0.0,0.0,0.0,0.0,2.0,0.0,0.0,20.0,2.0,0.0,0.0,0.0,0.0,21.0,0.0,0.0,0.0,7.0,2.0,0.0,61.0,0.0
2,2025,10,0.0,28.0,58.0,37.0,0.0,38.0,2.0,6.0,19.0,0.0,0.0,0.0,0.0,0.0,0.0,2.0,29.0,3.0,0.0,0.0,2.0,0.0,23.0,0.0,0.0,2.0,8.0,4.0,0.0,80.0,4.0
2,2025,11,1.0,18.0,57.0,32.0,0.0,29.0,3.0,9.0,12.0,1.0,0.0,0.0,1.0,0.0,1.0,0.0,24.0,4.0,0.0,0.0,3.0,0.0,28.0,0.0,0.0,0.0,7.0,0.0,0.0,69.0,3.0
2,2025,12,1.0,21.0,41.0,18.0,0.0,29.0,0.0,3.0,19.0,0.0,0.0,0.0,0.0,0.0,0.0,1.0,14.0,2.0,0.0,0.0,1.0,0.0,23.0,0.0,0.0,1.0,1.0,0.0,0.0,49.0,3.0
2,2026,1,0.0,18.0,39.0,17.0,0.0,20.0,2.0,7.0,29.0,0.0,0.0,0.0,0.0,0.0,0.0,0.0,15.0,2.0,0.0,0.0,3.0,0.0,14.0,0.0,0.0,1.0,5.0,0.0,1.0,34.0,0.0
2,2026,2,0.0,43.0,44.0,5.0,0.0,38.0,0.0,9.0,11.0,0.0,1.0,0.0,0.0,0.0,0.0,0.0,29.0,0.0,0.0,0.0,2.0,0.0,27.0,0.0,0.0,0.0,2.0,0.0,0.0,71.0,6.0
2,2026,3,0.0,27.0,72.0,27.0,0.0,36.0,1.0,8.0,19.0,0.0,0.0,0.0,0.0,0.0,0.0,0.0,19.0,0.0,0.0,0.0,0.0,0.0,37.0,0.0,0.0,2.0,4.0,2.0,0.0,62.0,2.0
2,2026,4,1.0,2.0,5.0,2.0,0.0,4.0,0.0,0.0,0.0,0.0,0.0,0.0,0.0,0.0,0.0,0.0,2.0,0.0,0.0,0.0,0.0,0.0,3.0,0.0,0.0,0.0,1.0,0.0,0.0,11.0,1.0
3,2024,1,1.0,29.0,56.0,18.0,0.0,23.0,6.0,6.0,34.0,0.0,0.0,0.0,1.0,0.0,0.0,1.0,14.0,2.0,0.0,0.0,4.0,0.0,22.0,0.0,0.0,0.0,6.0,3.0,0.0,91.0,2.0
3,2024,2,0.0,25.0,65.0,7.0,0.0,31.0,2.0,12.0,25.0,0.0,0.0,0.0,0.0,0.0,0.0,0.0,24.0,3.0,0.0,0.0,1.0,0.0,18.0,0.0,0.0,1.0,13.0,2.0,0.0,86.0,2.0
3,2024,3,0.0,31.0,60.0,5.0,0.0,45.0,4.0,10.0,35.0,0.0,0.0,0.0,1.0,0.0,0.0,0.0,19.0,4.0,0.0,0.0,2.0,0.0,27.0,0.0,0.0,1.0,4.0,2.0,1.0,106.0,1.0
3,2024,4,0.0,27.0,59.0,11.0,1.0,43.0,9.0,11.0,44.0,0.0,0.0,0.0,0.0,1.0,0.0,0.0,34.0,1.0,0.0,0.0,2.0,0.0,20.0,0.0,0.0,0.0,10.0,2.0,0.0,108.0,5.0
3,2024,5,1.0,39.0,77.0,30.0,0.0,39.0,3.0,11.0,28.0,0.0,0.0,0.0,2.0,0.0,0.0,0.0,23.0,6.0,0.0,0.0,1.0,0.0,17.0,0.0,0.0,0.0,4.0,5.0,1.0,128.0,4.0
3,2024,6,0.0,30.0,76.0,18.0,0.0,32.0,2.0,14.0,30.0,0.0,0.0,0.0,0.0,1.0,0.0,1.0,43.0,2.0,0.0,0.0,3.0,0.0,16.0,0.0,0.0,0.0,17.0,6.0,0.0,126.0,4.0
3,2024,7,0.0,30.0,90.0,17.0,0.0,36.0,1.0,13.0,18.0,0.0,0.0,0.0,3.0,0.0,0.0,0.0,26.0,1.0,0.0,1.0,0.0,0.0,14.0,0.0,0.0,1.0,14.0,5.0,1.0,148.0,2.0
3,2024,8,0.0,45.0,67.0,15.0,0.0,24.0,7.0,11.0,26.0,0.0,0.0,0.0,0.0,0.0,0.0,0.0,22.0,3.0,0.0,0.0,0.0,0.0,17.0,0.0,0.0,3.0,10.0,3.0,1.0,154.0,3.0
3,2024,9,0.0,28.0,92.0,14.0,0.0,40.0,4.0,5.0,25.0,0.0,0.0,0.0,0.0,0.0,0.0,0.0,25.0,4.0,0.0,0.0,0.0,0.0,11.0,0.0,0.0,2.0,9.0,1.0,1.0,149.0,4.0
3,2024,10,0.0,35.0,75.0,18.0,0.0,30.0,3.0,7.0,34.0,0.0,2.0,0.0,1.0,1.0,0.0,0.0,13.0,2.0,0.0,1.0,0.0,0.0,13.0,0.0,0.0,0.0,10.0,1.0,1.0,123.0,3.0
3,2024,11,0.0,29.0,55.0,16.0,0.0,33.0,2.0,10.0,28.0,0.0,0.0,0.0,0.0,1.0,0.0,0.0,13.0,2.0,0.0,0.0,1.0,0.0,25.0,0.0,0.0,1.0,12.0,1.0,1.0,102.0,2.0
3,2024,12,1.0,29.0,64.0,8.0,0.0,27.0,4.0,16.0,25.0,0.0,0.0,0.0,0.0,0.0,0.0,0.0,8.0,2.0,0.0,0.0,2.0,0.0,16.0,0.0,0.0,0.0,6.0,2.0,2.0,115.0,2.0
3,2025,1,0.0,28.0,51.0,12.0,0.0,18.0,4.0,10.0,34.0,0.0,0.0,0.0,0.0,0.0,0.0,0.0,9.0,5.0,0.0,0.0,0.0,0.0,18.0,0.0,0.0,3.0,3.0,9.0,0.0,88.0,5.0
3,2025,2,1.0,31.0,67.0,14.0,0.0,19.0,3.0,6.0,27.0,0.0,0.0,0.0,0.0,0.0,1.0,0.0,13.0,2.0,0.0,0.0,0.0,0.0,14.0,0.0,0.0,0.0,5.0,3.0,2.0,88.0,2.0
3,2025,3,1.0,31.0,70.0,12.0,0.0,11.0,4.0,6.0,15.0,0.0,0.0,0.0,0.0,0.0,0.0,0.0,8.0,3.0,0.0,0.0,1.0,0.0,12.0,0.0,0.0,0.0,2.0,4.0,0.0,79.0,4.0
3,2025,4,0.0,11.0,26.0,10.0,0.0,9.0,3.0,4.0,17.0,0.0,0.0,0.0,0.0,0.0,0.0,0.0,8.0,0.0,0.0,0.0,0.0,0.0,7.0,0.0,0.0,0.0,5.0,1.0,0.0,43.0,2.0
3,2025,5,0.0,25.0,51.0,14.0,0.0,37.0,5.0,3.0,29.0,0.0,0.0,0.0,1.0,0.0,0.0,0.0,12.0,2.0,0.0,0.0,2.0,0.0,23.0,0.0,0.0,0.0,9.0,2.0,1.0,125.0,2.0
3,2025,6,2.0,53.0,147.0,38.0,0.0,60.0,12.0,2.0,42.0,0.0,0.0,0.0,0.0,0.0,0.0,0.0,38.0,0.0,0.0,0.0,4.0,0.0,32.0,0.0,0.0,2.0,14.0,7.0,1.0,261.0,2.0
3,2025,7,4.0,44.0,88.0,24.0,0.0,37.0,10.0,12.0,25.0,0.0,0.0,0.0,0.0,0.0,0.0,0.0,25.0,4.0,0.0,0.0,1.0,0.0,20.0,0.0,0.0,1.0,13.0,9.0,1.0,148.0,6.0
3,2025,8,0.0,40.0,64.0,19.0,0.0,34.0,2.0,11.0,28.0,0.0,0.0,0.0,0.0,1.0,0.0,0.0,10.0,5.0,0.0,0.0,0.0,0.0,14.0,1.0,0.0,0.0,6.0,0.0,0.0,96.0,5.0
3,2025,9,0.0,26.0,49.0,16.0,0.0,32.0,4.0,7.0,27.0,0.0,2.0,0.0,1.0,0.0,0.0,0.0,21.0,3.0,0.0,0.0,2.0,0.0,10.0,0.0,0.0,0.0,11.0,2.0,0.0,98.0,2.0
3,2025,10,0.0,33.0,64.0,16.0,0.0,67.0,3.0,12.0,19.0,0.0,0.0,0.0,0.0,0.0,0.0,0.0,22.0,8.0,0.0,0.0,2.0,0.0,17.0,0.0,0.0,0.0,6.0,5.0,1.0,138.0,1.0
3,2025,11,0.0,26.0,74.0,8.0,0.0,30.0,2.0,9.0,30.0,0.0,0.0,1.0,0.0,0.0,0.0,0.0,19.0,10.0,0.0,0.0,2.0,0.0,8.0,0.0,0.0,0.0,10.0,2.0,0.0,102.0,0.0
3,2025,12,0.0,26.0,49.0,19.0,0.0,19.0,1.0,13.0,17.0,0.0,0.0,0.0,0.0,0.0,0.0,0.0,11.0,4.0,0.0,0.0,0.0,0.0,12.0,0.0,0.0,0.0,1.0,3.0,0.0,85.0,0.0
3,2026,1,0.0,20.0,43.0,14.0,0.0,32.0,5.0,3.0,20.0,0.0,0.0,0.0,0.0,1.0,0.0,0.0,11.0,3.0,0.0,0.0,1.0,0.0,14.0,0.0,0.0,0.0,6.0,1.0,1.0,90.0,3.0
3,2026,2,1.0,38.0,67.0,12.0,0.0,18.0,5.0,16.0,28.0,0.0,0.0,1.0,1.0,0.0,0.0,0.0,24.0,3.0,0.0,0.0,0.0,0.0,23.0,0.0,0.0,0.0,7.0,3.0,1.0,100.0,0.0
3,2026,3,0.0,35.0,62.0,19.0,0.0,42.0,4.0,16.0,20.0,0.0,0.0,0.0,1.0,0.0,1.0,0.0,20.0,11.0,0.0,0.0,0.0,0.0,30.0,0.0,0.0,0.0,6.0,4.0,0.0,82.0,1.0
3,2026,4,0.0,3.0,4.0,20.0,0.0,10.0,0.0,1.0,2.0,0.0,0.0,0.0,0.0,0.0,0.0,0.0,1.0,0.0,0.0,0.0,0.0,0.0,0.0,0.0,0.0,0.0,0.0,0.0,0.0,15.0,0.0
4,2024,1,0.0,10.0,30.0,8.0,0.0,16.0,2.0,9.0,9.0,0.0,0.0,0.0,0.0,0.0,0.0,1.0,13.0,0.0,0.0,0.0,0.0,0.0,10.0,0.0,0.0,0.0,4.0,1.0,0.0,49.0,1.0
4,2024,2,0.0,12.0,29.0,11.0,0.0,19.0,1.0,7.0,15.0,0.0,0.0,0.0,1.0,0.0,0.0,0.0,8.0,3.0,0.0,0.0,1.0,0.0,11.0,0.0,0.0,1.0,12.0,0.0,0.0,35.0,1.0
4,2024,3,0.0,14.0,23.0,8.0,0.0,16.0,0.0,6.0,23.0,0.0,0.0,0.0,1.0,0.0,0.0,0.0,21.0,2.0,0.0,0.0,1.0,0.0,13.0,0.0,0.0,2.0,1.0,1.0,1.0,44.0,0.0
4,2024,4,0.0,18.0,21.0,7.0,0.0,18.0,1.0,8.0,22.0,0.0,0.0,0.0,0.0,0.0,0.0,0.0,19.0,1.0,0.0,0.0,0.0,0.0,5.0,0.0,0.0,1.0,12.0,3.0,0.0,50.0,1.0
4,2024,5,0.0,16.0,24.0,5.0,0.0,27.0,1.0,7.0,12.0,0.0,0.0,0.0,0.0,0.0,0.0,0.0,22.0,4.0,0.0,0.0,0.0,0.0,10.0,0.0,0.0,1.0,4.0,1.0,0.0,44.0,2.0
4,2024,6,0.0,10.0,20.0,6.0,0.0,15.0,2.0,4.0,17.0,0.0,0.0,0.0,0.0,0.0,0.0,0.0,11.0,1.0,0.0,0.0,2.0,0.0,10.0,0.0,0.0,0.0,4.0,1.0,0.0,45.0,0.0
4,2024,7,0.0,12.0,31.0,8.0,0.0,18.0,1.0,4.0,17.0,0.0,0.0,0.0,0.0,0.0,0.0,0.0,19.0,0.0,0.0,0.0,0.0,0.0,8.0,0.0,0.0,1.0,1.0,2.0,1.0,57.0,2.0
4,2024,8,1.0,15.0,27.0,6.0,0.0,20.0,0.0,9.0,14.0,0.0,0.0,0.0,0.0,0.0,0.0,1.0,9.0,2.0,0.0,0.0,0.0,0.0,7.0,0.0,0.0,2.0,1.0,0.0,0.0,54.0,0.0
4,2024,9,0.0,7.0,30.0,11.0,0.0,18.0,2.0,2.0,10.0,0.0,0.0,0.0,1.0,0.0,0.0,0.0,13.0,1.0,0.0,1.0,1.0,0.0,10.0,0.0,0.0,1.0,5.0,0.0,0.0,61.0,0.0
4,2024,10,0.0,17.0,24.0,15.0,0.0,27.0,1.0,7.0,10.0,0.0,0.0,0.0,0.0,0.0,0.0,0.0,16.0,1.0,0.0,1.0,1.0,0.0,7.0,0.0,1.0,0.0,2.0,2.0,1.0,60.0,0.0
4,2024,11,0.0,11.0,30.0,17.0,0.0,10.0,0.0,10.0,14.0,0.0,0.0,0.0,0.0,0.0,0.0,0.0,7.0,0.0,0.0,0.0,0.0,0.0,10.0,0.0,0.0,1.0,2.0,0.0,0.0,46.0,0.0
4,2024,12,0.0,6.0,21.0,9.0,0.0,14.0,1.0,4.0,23.0,0.0,0.0,0.0,0.0,0.0,0.0,0.0,7.0,1.0,0.0,0.0,1.0,0.0,5.0,0.0,0.0,0.0,1.0,0.0,0.0,42.0,1.0
4,2025,1,0.0,11.0,18.0,4.0,0.0,13.0,1.0,5.0,15.0,0.0,0.0,0.0,0.0,0.0,0.0,0.0,11.0,2.0,0.0,0.0,0.0,0.0,10.0,0.0,0.0,0.0,3.0,2.0,0.0,62.0,1.0
4,2025,2,0.0,15.0,20.0,6.0,0.0,10.0,1.0,8.0,14.0,0.0,0.0,0.0,0.0,0.0,0.0,0.0,6.0,1.0,0.0,0.0,2.0,0.0,11.0,0.0,0.0,1.0,1.0,0.0,1.0,30.0,1.0
4,2025,3,0.0,9.0,24.0,4.0,0.0,12.0,1.0,4.0,10.0,0.0,0.0,0.0,0.0,0.0,0.0,0.0,8.0,4.0,0.0,0.0,0.0,0.0,7.0,0.0,0.0,0.0,1.0,1.0,0.0,34.0,2.0
4,2025,4,0.0,8.0,12.0,4.0,0.0,16.0,0.0,2.0,13.0,0.0,1.0,0.0,0.0,0.0,0.0,0.0,2.0,2.0,0.0,0.0,0.0,0.0,2.0,0.0,0.0,0.0,1.0,0.0,0.0,27.0,2.0
4,2025,5,0.0,8.0,27.0,3.0,0.0,14.0,1.0,4.0,18.0,0.0,0.0,0.0,0.0,0.0,0.0,0.0,10.0,1.0,0.0,0.0,1.0,0.0,7.0,0.0,0.0,0.0,0.0,2.0,0.0,49.0,0.0
4,2025,6,0.0,18.0,33.0,16.0,0.0,26.0,1.0,3.0,24.0,0.0,0.0,0.0,0.0,0.0,0.0,0.0,13.0,1.0,0.0,0.0,0.0,0.0,24.0,0.0,0.0,0.0,4.0,6.0,0.0,107.0,2.0
4,2025,7,2.0,10.0,11.0,14.0,0.0,13.0,0.0,7.0,10.0,0.0,0.0,0.0,1.0,0.0,0.0,0.0,7.0,0.0,0.0,0.0,1.0,0.0,13.0,0.0,0.0,1.0,3.0,4.0,0.0,57.0,0.0
4,2025,8,0.0,9.0,25.0,5.0,0.0,19.0,3.0,4.0,17.0,0.0,0.0,0.0,0.0,0.0,0.0,0.0,6.0,2.0,0.0,0.0,0.0,0.0,6.0,1.0,0.0,0.0,3.0,3.0,0.0,43.0,3.0
4,2025,9,0.0,12.0,26.0,10.0,0.0,2.0,0.0,1.0,14.0,0.0,0.0,0.0,0.0,0.0,0.0,0.0,13.0,3.0,0.0,0.0,0.0,0.0,5.0,0.0,0.0,0.0,1.0,1.0,0.0,58.0,0.0
4,2025,10,0.0,21.0,31.0,11.0,0.0,23.0,2.0,8.0,18.0,0.0,0.0,0.0,0.0,0.0,0.0,0.0,7.0,1.0,0.0,0.0,4.0,0.0,16.0,0.0,0.0,0.0,2.0,4.0,0.0,61.0,0.0
4,2025,11,0.0,12.0,27.0,8.0,0.0,17.0,0.0,6.0,10.0,0.0,0.0,0.0,2.0,0.0,0.0,0.0,5.0,1.0,0.0,0.0,0.0,0.0,11.0,0.0,0.0,0.0,2.0,0.0,1.0,49.0,1.0
4,2025,12,0.0,9.0,16.0,5.0,0.0,15.0,2.0,8.0,9.0,0.0,0.0,0.0,0.0,0.0,0.0,0.0,4.0,1.0,0.0,0.0,0.0,0.0,6.0,0.0,0.0,0.0,1.0,1.0,1.0,42.0,2.0
4,2026,1,0.0,12.0,22.0,11.0,0.0,10.0,2.0,5.0,19.0,0.0,0.0,0.0,0.0,0.0,0.0,1.0,11.0,0.0,0.0,0.0,0.0,0.0,13.0,0.0,0.0,1.0,1.0,2.0,0.0,36.0,0.0
4,2026,2,0.0,13.0,22.0,6.0,0.0,9.0,4.0,6.0,15.0,0.0,0.0,0.0,0.0,0.0,0.0,0.0,12.0,1.0,0.0,0.0,2.0,0.0,21.0,0.0,0.0,3.0,3.0,0.0,2.0,55.0,0.0
4,2026,3,0.0,10.0,28.0,8.0,0.0,14.0,6.0,9.0,15.0,0.0,0.0,0.0,0.0,0.0,0.0,0.0,13.0,1.0,0.0,0.0,0.0,0.0,7.0,0.0,0.0,1.0,0.0,2.0,2.0,60.0,0.0
4,2026,4,0.0,0.0,1.0,14.0,0.0,3.0,0.0,0.0,1.0,0.0,0.0,0.0,0.0,0.0,0.0,0.0,3.0,0.0,0.0,0.0,0.0,0.0,0.0,0.0,0.0,0.0,0.0,0.0,1.0,21.0,0.0
5,2024,1,0.0,6.0,12.0,5.0,0.0,11.0,0.0,0.0,11.0,0.0,0.0,0.0,0.0,0.0,0.0,0.0,4.0,0.0,0.0,0.0,0.0,0.0,7.0,0.0,0.0,1.0,6.0,1.0,0.0,21.0,0.0
5,2024,2,0.0,8.0,16.0,4.0,0.0,10.0,0.0,2.0,6.0,0.0,0.0,0.0,0.0,0.0,0.0,0.0,11.0,0.0,0.0,1.0,0.0,0.0,7.0,0.0,0.0,1.0,2.0,0.0,0.0,28.0,0.0
5,2024,3,0.0,8.0,14.0,7.0,0.0,8.0,0.0,2.0,16.0,0.0,0.0,0.0,0.0,0.0,0.0,0.0,5.0,2.0,0.0,0.0,0.0,0.0,7.0,0.0,0.0,0.0,4.0,0.0,1.0,37.0,0.0
5,2024,4,0.0,6.0,9.0,12.0,0.0,16.0,0.0,1.0,10.0,0.0,0.0,0.0,0.0,0.0,0.0,0.0,10.0,0.0,0.0,0.0,1.0,0.0,2.0,1.0,0.0,1.0,3.0,2.0,0.0,27.0,1.0
5,2024,5,0.0,6.0,10.0,15.0,0.0,26.0,0.0,2.0,15.0,0.0,0.0,0.0,0.0,0.0,1.0,0.0,6.0,1.0,0.0,0.0,0.0,0.0,9.0,0.0,0.0,0.0,6.0,0.0,0.0,34.0,1.0
5,2024,6,0.0,4.0,15.0,10.0,0.0,26.0,0.0,1.0,10.0,0.0,0.0,0.0,0.0,0.0,0.0,0.0,19.0,0.0,0.0,0.0,0.0,0.0,7.0,0.0,0.0,0.0,2.0,1.0,1.0,47.0,0.0
5,2024,7,0.0,6.0,10.0,9.0,0.0,12.0,0.0,2.0,12.0,0.0,0.0,0.0,0.0,0.0,0.0,0.0,20.0,0.0,0.0,0.0,1.0,0.0,2.0,0.0,0.0,0.0,4.0,1.0,0.0,39.0,1.0
5,2024,8,0.0,11.0,9.0,4.0,1.0,14.0,2.0,4.0,20.0,0.0,0.0,0.0,0.0,0.0,0.0,0.0,14.0,1.0,0.0,0.0,0.0,0.0,7.0,0.0,0.0,2.0,3.0,3.0,0.0,28.0,0.0
5,2024,9,1.0,6.0,14.0,11.0,0.0,9.0,0.0,3.0,13.0,0.0,0.0,0.0,1.0,0.0,0.0,0.0,18.0,0.0,0.0,0.0,0.0,0.0,7.0,0.0,0.0,0.0,2.0,1.0,0.0,40.0,0.0
5,2024,10,0.0,3.0,11.0,11.0,0.0,15.0,0.0,4.0,20.0,0.0,0.0,0.0,0.0,0.0,0.0,0.0,6.0,0.0,0.0,0.0,0.0,0.0,5.0,0.0,0.0,0.0,1.0,0.0,0.0,44.0,1.0
5,2024,11,0.0,4.0,19.0,11.0,0.0,11.0,0.0,3.0,22.0,0.0,0.0,0.0,0.0,0.0,0.0,1.0,12.0,1.0,0.0,0.0,1.0,0.0,3.0,0.0,0.0,1.0,2.0,0.0,0.0,25.0,0.0
5,2024,12,0.0,4.0,13.0,6.0,0.0,11.0,1.0,2.0,18.0,0.0,0.0,0.0,0.0,0.0,0.0,0.0,4.0,1.0,0.0,0.0,0.0,0.0,13.0,0.0,0.0,0.0,3.0,0.0,1.0,36.0,0.0
5,2025,1,0.0,4.0,7.0,7.0,0.0,5.0,0.0,3.0,9.0,0.0,0.0,0.0,0.0,0.0,0.0,0.0,8.0,3.0,0.0,0.0,0.0,0.0,11.0,0.0,0.0,0.0,0.0,0.0,0.0,33.0,0.0
5,2025,2,0.0,4.0,3.0,5.0,0.0,9.0,0.0,3.0,12.0,0.0,0.0,0.0,0.0,0.0,0.0,0.0,3.0,1.0,0.0,0.0,2.0,0.0,9.0,0.0,0.0,1.0,1.0,2.0,0.0,19.0,1.0
5,2025,3,0.0,4.0,15.0,3.0,0.0,8.0,1.0,1.0,14.0,0.0,0.0,0.0,0.0,0.0,0.0,0.0,5.0,1.0,0.0,0.0,1.0,0.0,4.0,0.0,0.0,0.0,2.0,1.0,0.0,19.0,0.0
5,2025,4,1.0,2.0,1.0,1.0,0.0,2.0,0.0,2.0,6.0,0.0,0.0,0.0,1.0,0.0,0.0,0.0,5.0,0.0,0.0,0.0,1.0,0.0,2.0,0.0,0.0,0.0,0.0,0.0,0.0,9.0,0.0
5,2025,5,0.0,7.0,7.0,12.0,0.0,16.0,3.0,1.0,9.0,0.0,0.0,0.0,0.0,0.0,0.0,0.0,4.0,2.0,0.0,0.0,1.0,0.0,2.0,0.0,0.0,1.0,2.0,0.0,2.0,26.0,0.0
5,2025,6,0.0,17.0,19.0,17.0,0.0,28.0,3.0,7.0,16.0,0.0,0.0,0.0,0.0,0.0,0.0,0.0,5.0,1.0,0.0,0.0,0.0,0.0,9.0,0.0,0.0,0.0,4.0,0.0,0.0,61.0,0.0
5,2025,7,0.0,10.0,24.0,7.0,0.0,15.0,0.0,3.0,14.0,0.0,0.0,0.0,0.0,0.0,0.0,0.0,6.0,1.0,0.0,0.0,0.0,0.0,7.0,0.0,0.0,0.0,3.0,1.0,1.0,33.0,1.0
5,2025,8,0.0,2.0,3.0,5.0,0.0,5.0,0.0,0.0,8.0,0.0,0.0,0.0,0.0,0.0,0.0,0.0,4.0,0.0,0.0,0.0,0.0,0.0,0.0,0.0,0.0,0.0,0.0,0.0,0.0,29.0,0.0
5,2025,9,0.0,5.0,12.0,5.0,0.0,5.0,0.0,13.0,15.0,0.0,0.0,0.0,1.0,0.0,0.0,0.0,8.0,1.0,0.0,0.0,0.0,0.0,5.0,0.0,0.0,0.0,1.0,0.0,3.0,24.0,0.0
5,2025,10,0.0,11.0,18.0,28.0,0.0,20.0,1.0,6.0,17.0,0.0,1.0,0.0,0.0,0.0,0.0,0.0,12.0,2.0,0.0,0.0,0.0,0.0,13.0,0.0,0.0,0.0,0.0,0.0,1.0,44.0,1.0
5,2025,11,0.0,6.0,15.0,3.0,0.0,24.0,3.0,1.0,16.0,0.0,0.0,0.0,0.0,0.0,0.0,0.0,7.0,2.0,0.0,0.0,0.0,0.0,8.0,0.0,0.0,1.0,4.0,1.0,1.0,26.0,1.0
5,2025,12,0.0,6.0,6.0,6.0,0.0,40.0,0.0,1.0,6.0,0.0,0.0,0.0,0.0,0.0,1.0,1.0,12.0,1.0,0.0,0.0,0.0,0.0,4.0,0.0,0.0,0.0,0.0,0.0,1.0,27.0,0.0
5,2026,1,0.0,10.0,14.0,3.0,0.0,10.0,0.0,3.0,16.0,0.0,0.0,0.0,0.0,0.0,0.0,0.0,9.0,1.0,0.0,0.0,0.0,0.0,5.0,0.0,0.0,2.0,0.0,0.0,0.0,23.0,1.0
5,2026,2,0.0,6.0,22.0,17.0,0.0,12.0,0.0,6.0,18.0,0.0,0.0,0.0,0.0,0.0,0.0,0.0,11.0,1.0,0.0,0.0,4.0,0.0,11.0,0.0,0.0,0.0,1.0,0.0,0.0,47.0,1.0
5,2026,3,0.0,10.0,12.0,17.0,1.0,13.0,0.0,4.0,9.0,0.0,0.0,0.0,0.0,0.0,0.0,0.0,9.0,0.0,0.0,0.0,2.0,0.0,16.0,0.0,0.0,1.0,1.0,0.0,2.0,31.0,0.0
5,2026,4,0.0,0.0,3.0,4.0,0.0,0.0,0.0,0.0,1.0,0.0,0.0,0.0,0.0,0.0,0.0,0.0,1.0,0.0,0.0,0.0,0.0,0.0,0.0,0.0,0.0,0.0,1.0,0.0,0.0,5.0,0.0
6,2024,1,0.0,29.0,59.0,17.0,0.0,35.0,8.0,9.0,50.0,0.0,0.0,0.0,2.0,0.0,0.0,0.0,25.0,2.0,0.0,1.0,0.0,0.0,12.0,0.0,0.0,1.0,9.0,0.0,0.0,172.0,2.0
6,2024,2,0.0,22.0,54.0,21.0,0.0,40.0,1.0,16.0,53.0,0.0,0.0,0.0,0.0,1.0,0.0,0.0,24.0,2.0,0.0,0.0,1.0,0.0,22.0,0.0,0.0,2.0,17.0,1.0,0.0,191.0,1.0
6,2024,3,0.0,36.0,71.0,39.0,0.0,47.0,4.0,10.0,43.0,0.0,0.0,0.0,1.0,0.0,0.0,0.0,47.0,3.0,0.0,0.0,1.0,0.0,12.0,1.0,0.0,0.0,15.0,2.0,0.0,192.0,4.0
6,2024,4,0.0,32.0,77.0,24.0,0.0,45.0,8.0,20.0,52.0,0.0,0.0,0.0,0.0,2.0,0.0,1.0,35.0,2.0,0.0,0.0,0.0,0.0,21.0,0.0,0.0,1.0,24.0,4.0,1.0,190.0,7.0
6,2024,5,0.0,32.0,72.0,29.0,0.0,51.0,4.0,14.0,69.0,0.0,0.0,0.0,0.0,0.0,0.0,0.0,38.0,2.0,0.0,0.0,1.0,0.0,24.0,0.0,0.0,0.0,14.0,1.0,3.0,225.0,5.0
6,2024,6,0.0,30.0,100.0,19.0,1.0,53.0,5.0,14.0,72.0,0.0,0.0,0.0,0.0,0.0,1.0,0.0,60.0,3.0,0.0,0.0,1.0,0.0,19.0,0.0,0.0,10.0,27.0,5.0,0.0,315.0,9.0
6,2024,7,0.0,25.0,92.0,32.0,0.0,52.0,5.0,19.0,57.0,0.0,0.0,0.0,0.0,0.0,0.0,1.0,58.0,2.0,0.0,1.0,2.0,0.0,26.0,0.0,0.0,6.0,21.0,2.0,1.0,300.0,2.0
6,2024,8,0.0,27.0,79.0,24.0,0.0,54.0,9.0,14.0,65.0,0.0,1.0,0.0,0.0,0.0,0.0,1.0,42.0,1.0,0.0,0.0,2.0,0.0,17.0,0.0,0.0,4.0,15.0,7.0,1.0,289.0,4.0
6,2024,9,1.0,31.0,75.0,26.0,0.0,53.0,5.0,13.0,49.0,0.0,0.0,0.0,0.0,0.0,0.0,2.0,36.0,0.0,0.0,0.0,1.0,0.0,28.0,0.0,0.0,3.0,19.0,1.0,0.0,234.0,1.0
6,2024,10,0.0,36.0,69.0,29.0,0.0,50.0,3.0,16.0,61.0,0.0,1.0,0.0,1.0,0.0,0.0,0.0,19.0,3.0,0.0,0.0,1.0,0.0,22.0,1.0,0.0,0.0,17.0,3.0,0.0,230.0,2.0
6,2024,11,0.0,26.0,65.0,19.0,0.0,31.0,6.0,10.0,74.0,0.0,0.0,0.0,0.0,0.0,0.0,0.0,34.0,6.0,0.0,0.0,1.0,0.0,24.0,0.0,0.0,1.0,14.0,1.0,2.0,202.0,3.0
6,2024,12,0.0,21.0,55.0,20.0,0.0,36.0,8.0,10.0,61.0,0.0,0.0,0.0,1.0,0.0,0.0,0.0,25.0,4.0,0.0,0.0,0.0,0.0,31.0,0.0,0.0,1.0,13.0,4.0,0.0,221.0,2.0
6,2025,1,0.0,21.0,47.0,31.0,0.0,20.0,6.0,12.0,48.0,0.0,0.0,0.0,0.0,1.0,0.0,0.0,24.0,9.0,0.0,0.0,0.0,0.0,18.0,0.0,0.0,0.0,12.0,4.0,0.0,186.0,5.0
6,2025,2,0.0,25.0,45.0,20.0,4.0,25.0,7.0,8.0,47.0,0.0,0.0,0.0,0.0,1.0,0.0,1.0,19.0,2.0,0.0,0.0,2.0,0.0,26.0,0.0,0.0,1.0,12.0,1.0,0.0,144.0,2.0
6,2025,3,0.0,20.0,54.0,17.0,2.0,40.0,4.0,10.0,37.0,0.0,0.0,0.0,0.0,1.0,0.0,0.0,13.0,4.0,0.0,0.0,1.0,0.0,23.0,0.0,0.0,3.0,8.0,3.0,0.0,151.0,3.0
6,2025,4,0.0,9.0,23.0,14.0,0.0,14.0,2.0,7.0,15.0,0.0,0.0,0.0,0.0,0.0,0.0,0.0,11.0,0.0,0.0,0.0,0.0,0.0,10.0,0.0,0.0,1.0,1.0,0.0,2.0,69.0,0.0
6,2025,5,0.0,33.0,71.0,29.0,0.0,38.0,3.0,17.0,52.0,0.0,0.0,0.0,1.0,0.0,1.0,1.0,37.0,5.0,0.0,0.0,0.0,0.0,18.0,0.0,0.0,2.0,17.0,1.0,0.0,215.0,5.0
6,2025,6,0.0,67.0,184.0,38.0,0.0,116.0,6.0,37.0,95.0,0.0,0.0,0.0,0.0,0.0,4.0,0.0,44.0,2.0,0.0,0.0,3.0,0.0,38.0,0.0,0.0,12.0,35.0,5.0,4.0,474.0,14.0
6,2025,7,0.0,31.0,77.0,48.0,0.0,45.0,2.0,15.0,67.0,0.0,0.0,0.0,0.0,2.0,0.0,0.0,29.0,6.0,0.0,0.0,0.0,0.0,14.0,1.0,0.0,1.0,23.0,5.0,0.0,298.0,2.0
6,2025,8,0.0,26.0,52.0,28.0,0.0,26.0,3.0,9.0,40.0,0.0,0.0,0.0,0.0,0.0,0.0,1.0,15.0,2.0,0.0,0.0,0.0,0.0,13.0,0.0,0.0,0.0,17.0,2.0,0.0,176.0,1.0
6,2025,9,0.0,31.0,55.0,22.0,0.0,28.0,8.0,10.0,46.0,0.0,0.0,0.0,0.0,0.0,0.0,3.0,18.0,1.0,0.0,0.0,0.0,0.0,19.0,0.0,0.0,1.0,3.0,7.0,0.0,169.0,1.0
6,2025,10,0.0,32.0,70.0,37.0,1.0,36.0,4.0,15.0,70.0,0.0,0.0,0.0,1.0,1.0,0.0,0.0,34.0,2.0,0.0,0.0,0.0,0.0,19.0,0.0,0.0,5.0,6.0,6.0,0.0,222.0,1.0
6,2025,11,0.0,31.0,64.0,23.0,0.0,40.0,5.0,13.0,45.0,0.0,0.0,0.0,0.0,0.0,0.0,1.0,32.0,2.0,0.0,0.0,1.0,0.0,22.0,0.0,0.0,3.0,21.0,3.0,1.0,202.0,1.0
6,2025,12,0.0,25.0,48.0,16.0,1.0,26.0,3.0,10.0,44.0,0.0,0.0,0.0,1.0,1.0,0.0,1.0,20.0,1.0,0.0,0.0,1.0,0.0,26.0,0.0,0.0,0.0,8.0,4.0,0.0,200.0,2.0
6,2026,1,0.0,21.0,41.0,18.0,0.0,35.0,6.0,10.0,37.0,0.0,0.0,0.0,1.0,1.0,0.0,0.0,15.0,6.0,0.0,0.0,0.0,0.0,10.0,0.0,0.0,2.0,10.0,0.0,2.0,145.0,0.0
6,2026,2,0.0,22.0,76.0,77.0,0.0,30.0,5.0,17.0,55.0,0.0,1.0,0.0,2.0,1.0,0.0,0.0,33.0,2.0,0.0,0.0,0.0,0.0,18.0,0.0,0.0,0.0,14.0,1.0,2.0,262.0,0.0
6,2026,3,0.0,30.0,84.0,53.0,0.0,49.0,2.0,19.0,43.0,0.0,0.0,0.0,1.0,1.0,2.0,0.0,21.0,2.0,0.0,0.0,1.0,0.0,16.0,0.0,0.0,3.0,5.0,4.0,4.0,231.0,3.0
6,2026,4,0.0,2.0,3.0,38.0,0.0,9.0,1.0,2.0,8.0,0.0,0.0,0.0,0.0,0.0,0.0,0.0,2.0,0.0,0.0,0.0,0.0,0.0,0.0,0.0,0.0,0.0,0.0,0.0,0.0,37.0,1.0
7,2024,1,0.0,12.0,21.0,12.0,0.0,26.0,1.0,5.0,21.0,0.0,0.0,0.0,0.0,0.0,0.0,0.0,21.0,1.0,0.0,0.0,1.0,0.0,12.0,0.0,0.0,0.0,14.0,1.0,0.0,150.0,0.0
7,2024,2,0.0,16.0,29.0,14.0,0.0,24.0,2.0,7.0,24.0,0.0,0.0,0.0,1.0,1.0,0.0,2.0,16.0,0.0,0.0,0.0,1.0,0.0,5.0,0.0,0.0,0.0,6.0,1.0,0.0,146.0,1.0
7,2024,3,0.0,12.0,22.0,18.0,0.0,41.0,0.0,9.0,27.0,0.0,0.0,0.0,0.0,0.0,0.0,0.0,26.0,1.0,0.0,0.0,0.0,0.0,9.0,0.0,0.0,1.0,13.0,1.0,0.0,158.0,1.0
7,2024,4,0.0,11.0,21.0,18.0,0.0,18.0,1.0,10.0,29.0,0.0,0.0,0.0,1.0,0.0,0.0,0.0,22.0,1.0,0.0,0.0,1.0,0.0,16.0,0.0,0.0,0.0,11.0,2.0,1.0,145.0,3.0
7,2024,5,0.0,21.0,42.0,29.0,0.0,25.0,4.0,13.0,32.0,0.0,0.0,0.0,1.0,0.0,1.0,0.0,27.0,1.0,0.0,0.0,0.0,0.0,15.0,0.0,0.0,3.0,4.0,2.0,1.0,179.0,2.0
7,2024,6,0.0,21.0,36.0,14.0,0.0,30.0,0.0,10.0,25.0,0.0,0.0,0.0,1.0,0.0,0.0,0.0,43.0,2.0,0.0,0.0,0.0,0.0,9.0,0.0,0.0,0.0,6.0,1.0,3.0,178.0,3.0
7,2024,7,0.0,15.0,30.0,24.0,2.0,37.0,1.0,8.0,35.0,0.0,0.0,0.0,0.0,0.0,0.0,0.0,20.0,0.0,0.0,0.0,1.0,0.0,7.0,0.0,0.0,0.0,8.0,0.0,0.0,209.0,3.0
7,2024,8,0.0,19.0,32.0,24.0,0.0,51.0,4.0,8.0,27.0,0.0,0.0,0.0,0.0,0.0,0.0,0.0,31.0,0.0,0.0,0.0,0.0,0.0,9.0,0.0,0.0,1.0,5.0,0.0,0.0,187.0,1.0
7,2024,9,1.0,12.0,32.0,32.0,0.0,33.0,3.0,6.0,31.0,0.0,0.0,0.0,0.0,0.0,0.0,1.0,27.0,0.0,0.0,0.0,1.0,1.0,10.0,0.0,0.0,0.0,9.0,3.0,0.0,189.0,1.0
7,2024,10,0.0,13.0,29.0,23.0,1.0,44.0,1.0,8.0,26.0,0.0,0.0,0.0,0.0,1.0,0.0,0.0,17.0,2.0,0.0,1.0,2.0,0.0,6.0,0.0,0.0,0.0,8.0,4.0,1.0,190.0,1.0
7,2024,11,1.0,17.0,39.0,21.0,0.0,31.0,1.0,4.0,29.0,0.0,0.0,0.0,0.0,0.0,0.0,0.0,25.0,2.0,0.0,0.0,1.0,0.0,6.0,0.0,0.0,0.0,10.0,0.0,0.0,143.0,3.0
7,2024,12,0.0,7.0,25.0,30.0,0.0,57.0,0.0,4.0,32.0,0.0,1.0,0.0,0.0,0.0,0.0,0.0,33.0,0.0,0.0,0.0,0.0,0.0,8.0,0.0,0.0,0.0,8.0,0.0,2.0,163.0,3.0
7,2025,1,1.0,9.0,36.0,25.0,0.0,14.0,3.0,9.0,32.0,0.0,0.0,0.0,0.0,1.0,0.0,0.0,10.0,1.0,0.0,0.0,2.0,0.0,8.0,0.0,0.0,0.0,7.0,3.0,0.0,140.0,2.0
7,2025,2,0.0,19.0,25.0,15.0,0.0,17.0,3.0,12.0,35.0,0.0,0.0,0.0,0.0,0.0,0.0,0.0,13.0,2.0,0.0,0.0,0.0,0.0,9.0,0.0,0.0,1.0,3.0,4.0,1.0,117.0,1.0
7,2025,3,0.0,17.0,21.0,17.0,0.0,34.0,1.0,2.0,32.0,0.0,0.0,0.0,0.0,0.0,0.0,0.0,14.0,0.0,0.0,0.0,0.0,0.0,13.0,0.0,0.0,1.0,5.0,1.0,0.0,104.0,3.0
7,2025,4,0.0,5.0,10.0,11.0,0.0,15.0,0.0,3.0,12.0,0.0,1.0,0.0,0.0,0.0,0.0,0.0,8.0,0.0,0.0,0.0,0.0,0.0,7.0,0.0,0.0,0.0,5.0,1.0,0.0,67.0,3.0
7,2025,5,0.0,20.0,22.0,24.0,0.0,23.0,2.0,13.0,33.0,0.0,0.0,0.0,0.0,0.0,0.0,0.0,13.0,2.0,0.0,0.0,0.0,0.0,9.0,0.0,0.0,2.0,4.0,3.0,1.0,150.0,2.0
7,2025,6,0.0,41.0,71.0,34.0,0.0,53.0,2.0,10.0,51.0,0.0,0.0,0.0,0.0,0.0,0.0,1.0,36.0,3.0,0.0,0.0,2.0,0.0,15.0,0.0,0.0,6.0,13.0,3.0,2.0,253.0,16.0
7,2025,7,0.0,19.0,32.0,16.0,0.0,48.0,2.0,21.0,44.0,0.0,0.0,0.0,0.0,0.0,0.0,2.0,16.0,2.0,0.0,0.0,0.0,0.0,4.0,0.0,0.0,0.0,3.0,1.0,1.0,200.0,2.0
7,2025,8,0.0,15.0,25.0,21.0,0.0,17.0,2.0,8.0,26.0,0.0,0.0,0.0,0.0,0.0,0.0,0.0,11.0,1.0,0.0,0.0,0.0,0.0,8.0,0.0,0.0,0.0,3.0,0.0,0.0,122.0,0.0
7,2025,9,0.0,20.0,28.0,40.0,0.0,12.0,1.0,2.0,25.0,0.0,0.0,0.0,0.0,0.0,0.0,1.0,13.0,1.0,0.0,0.0,1.0,0.0,9.0,0.0,0.0,0.0,6.0,1.0,0.0,110.0,1.0
7,2025,10,0.0,28.0,25.0,27.0,0.0,30.0,2.0,11.0,23.0,0.0,0.0,0.0,0.0,1.0,0.0,0.0,30.0,3.0,0.0,0.0,0.0,0.0,14.0,0.0,0.0,0.0,7.0,2.0,0.0,168.0,2.0
7,2025,11,0.0,21.0,19.0,25.0,0.0,56.0,4.0,12.0,17.0,0.0,0.0,0.0,0.0,0.0,0.0,0.0,32.0,3.0,0.0,0.0,0.0,0.0,12.0,0.0,0.0,6.0,8.0,2.0,1.0,152.0,0.0
7,2025,12,0.0,14.0,24.0,21.0,0.0,41.0,0.0,4.0,29.0,0.0,0.0,0.0,0.0,0.0,0.0,0.0,13.0,0.0,0.0,0.0,0.0,0.0,9.0,0.0,0.0,3.0,6.0,1.0,0.0,118.0,0.0
7,2026,1,0.0,17.0,30.0,20.0,0.0,23.0,3.0,5.0,35.0,0.0,0.0,0.0,1.0,1.0,0.0,1.0,17.0,1.0,0.0,0.0,0.0,0.0,8.0,0.0,0.0,2.0,1.0,1.0,0.0,91.0,1.0
7,2026,2,0.0,17.0,43.0,18.0,0.0,31.0,2.0,8.0,38.0,0.0,0.0,0.0,0.0,2.0,0.0,0.0,16.0,1.0,0.0,0.0,0.0,0.0,13.0,0.0,0.0,1.0,3.0,1.0,0.0,181.0,1.0
7,2026,3,0.0,9.0,45.0,30.0,0.0,26.0,4.0,4.0,24.0,0.0,0.0,0.0,2.0,1.0,1.0,1.0,43.0,0.0,0.0,0.0,1.0,0.0,12.0,0.0,0.0,1.0,7.0,3.0,1.0,212.0,0.0
7,2026,4,0.0,1.0,2.0,8.0,0.0,8.0,0.0,2.0,3.0,0.0,0.0,0.0,0.0,0.0,0.0,0.0,3.0,0.0,0.0,0.0,0.0,0.0,4.0,0.0,0.0,0.0,0.0,0.0,1.0,11.0,0.0
8,2024,1,0.0,44.0,115.0,23.0,0.0,50.0,12.0,44.0,123.0,0.0,0.0,0.0,3.0,1.0,0.0,1.0,33.0,16.0,0.0,0.0,3.0,0.0,46.0,0.0,0.0,0.0,35.0,3.0,0.0,319.0,34.0
8,2024,2,1.0,44.0,107.0,12.0,0.0,65.0,11.0,30.0,115.0,0.0,0.0,0.0,1.0,0.0,0.0,2.0,45.0,14.0,0.0,0.0,1.0,0.0,30.0,0.0,0.0,3.0,18.0,7.0,0.0,299.0,34.0
8,2024,3,0.0,46.0,139.0,15.0,0.0,54.0,8.0,26.0,95.0,0.0,0.0,0.0,1.0,0.0,0.0,1.0,45.0,12.0,0.0,0.0,2.0,0.0,51.0,0.0,0.0,6.0,38.0,6.0,1.0,304.0,25.0
8,2024,4,0.0,55.0,125.0,12.0,0.0,63.0,8.0,38.0,94.0,0.0,0.0,0.0,1.0,0.0,0.0,3.0,36.0,11.0,0.0,0.0,3.0,0.0,41.0,0.0,0.0,6.0,42.0,4.0,3.0,355.0,20.0
8,2024,5,0.0,67.0,154.0,24.0,0.0,63.0,5.0,32.0,133.0,0.0,0.0,0.0,1.0,0.0,0.0,1.0,49.0,3.0,0.0,0.0,2.0,0.0,33.0,0.0,0.0,4.0,42.0,3.0,0.0,440.0,24.0
8,2024,6,1.0,72.0,145.0,15.0,1.0,68.0,14.0,18.0,125.0,0.0,1.0,0.0,0.0,1.0,0.0,6.0,44.0,9.0,0.0,0.0,0.0,0.0,25.0,0.0,0.0,5.0,28.0,2.0,1.0,396.0,24.0
8,2024,7,0.0,77.0,141.0,28.0,0.0,62.0,13.0,28.0,105.0,0.0,0.0,0.0,1.0,0.0,0.0,0.0,41.0,15.0,0.0,0.0,1.0,0.0,39.0,0.0,0.0,5.0,29.0,4.0,2.0,467.0,43.0
8,2024,8,0.0,55.0,140.0,21.0,0.0,79.0,17.0,40.0,102.0,1.0,2.0,0.0,5.0,1.0,0.0,2.0,52.0,19.0,1.0,0.0,5.0,0.0,32.0,0.0,0.0,10.0,29.0,5.0,1.0,402.0,22.0
8,2024,9,0.0,67.0,127.0,21.0,0.0,66.0,6.0,35.0,100.0,0.0,0.0,0.0,1.0,0.0,1.0,2.0,45.0,8.0,0.0,0.0,2.0,0.0,40.0,0.0,0.0,5.0,25.0,5.0,0.0,372.0,21.0
8,2024,10,0.0,63.0,119.0,18.0,1.0,56.0,13.0,34.0,90.0,0.0,1.0,0.0,3.0,0.0,2.0,1.0,35.0,9.0,0.0,0.0,1.0,0.0,49.0,1.0,0.0,4.0,26.0,1.0,1.0,433.0,25.0
8,2024,11,0.0,44.0,130.0,30.0,2.0,57.0,10.0,28.0,105.0,0.0,2.0,0.0,3.0,1.0,1.0,1.0,46.0,10.0,0.0,0.0,2.0,0.0,32.0,0.0,0.0,5.0,32.0,3.0,3.0,344.0,29.0
8,2024,12,0.0,41.0,134.0,21.0,1.0,56.0,5.0,34.0,62.0,0.0,0.0,0.0,3.0,0.0,0.0,0.0,32.0,11.0,0.0,0.0,1.0,0.0,32.0,0.0,0.0,2.0,22.0,3.0,4.0,329.0,23.0
8,2025,1,1.0,44.0,98.0,18.0,0.0,42.0,17.0,33.0,102.0,0.0,0.0,0.0,3.0,1.0,0.0,2.0,19.0,4.0,0.0,0.0,3.0,0.0,30.0,1.0,0.0,9.0,20.0,4.0,5.0,302.0,20.0
8,2025,2,0.0,49.0,85.0,7.0,1.0,41.0,11.0,27.0,103.0,0.0,1.0,0.0,0.0,2.0,0.0,0.0,19.0,7.0,0.0,0.0,2.0,0.0,33.0,1.0,0.0,5.0,16.0,7.0,0.0,259.0,16.0
8,2025,3,0.0,50.0,126.0,14.0,1.0,60.0,11.0,37.0,101.0,0.0,2.0,0.0,2.0,0.0,1.0,0.0,24.0,13.0,0.0,0.0,3.0,0.0,25.0,0.0,0.0,9.0,12.0,4.0,0.0,290.0,21.0
8,2025,4,0.0,24.0,61.0,4.0,0.0,25.0,5.0,6.0,34.0,0.0,1.0,0.0,0.0,0.0,0.0,0.0,16.0,3.0,0.0,0.0,0.0,0.0,11.0,0.0,0.0,2.0,7.0,1.0,5.0,159.0,2.0
8,2025,5,2.0,55.0,123.0,20.0,1.0,55.0,13.0,28.0,117.0,1.0,0.0,0.0,4.0,2.0,0.0,1.0,30.0,9.0,0.0,0.0,2.0,0.0,58.0,0.0,0.0,5.0,24.0,5.0,3.0,443.0,11.0
8,2025,6,0.0,94.0,270.0,53.0,1.0,134.0,31.0,35.0,133.0,0.0,1.0,0.0,0.0,1.0,1.0,0.0,79.0,22.0,0.0,0.0,9.0,0.0,69.0,0.0,0.0,8.0,48.0,4.0,2.0,699.0,30.0
8,2025,7,0.0,63.0,163.0,35.0,1.0,76.0,13.0,37.0,102.0,0.0,5.0,0.0,2.0,1.0,0.0,0.0,32.0,5.0,0.0,0.0,5.0,0.0,48.0,0.0,0.0,7.0,38.0,3.0,0.0,470.0,17.0
8,2025,8,1.0,44.0,123.0,26.0,0.0,56.0,16.0,18.0,72.0,0.0,0.0,0.0,0.0,0.0,0.0,1.0,43.0,6.0,0.0,0.0,0.0,0.0,30.0,0.0,0.0,6.0,19.0,4.0,1.0,340.0,6.0
8,2025,9,0.0,59.0,139.0,15.0,0.0,41.0,5.0,37.0,96.0,0.0,0.0,0.0,1.0,0.0,0.0,0.0,25.0,9.0,0.0,0.0,0.0,0.0,20.0,0.0,0.0,4.0,13.0,2.0,0.0,354.0,3.0
8,2025,10,0.0,49.0,185.0,35.0,0.0,74.0,13.0,46.0,126.0,0.0,0.0,0.0,2.0,1.0,1.0,0.0,64.0,10.0,0.0,0.0,0.0,0.0,39.0,0.0,0.0,8.0,25.0,7.0,5.0,525.0,11.0
8,2025,11,0.0,42.0,114.0,29.0,0.0,55.0,6.0,33.0,101.0,1.0,1.0,0.0,4.0,0.0,0.0,0.0,33.0,7.0,0.0,0.0,1.0,0.0,39.0,0.0,2.0,8.0,16.0,7.0,3.0,433.0,10.0
8,2025,12,0.0,32.0,100.0,36.0,0.0,49.0,9.0,43.0,82.0,0.0,1.0,0.0,0.0,0.0,0.0,1.0,37.0,3.0,0.0,0.0,1.0,0.0,30.0,0.0,0.0,4.0,31.0,5.0,6.0,330.0,7.0
8,2026,1,0.0,43.0,107.0,33.0,0.0,49.0,12.0,40.0,84.0,0.0,0.0,0.0,3.0,1.0,0.0,1.0,27.0,7.0,0.0,0.0,3.0,0.0,28.0,0.0,1.0,4.0,18.0,5.0,4.0,318.0,4.0
8,2026,2,0.0,50.0,128.0,29.0,0.0,53.0,13.0,57.0,105.0,0.0,0.0,0.0,2.0,0.0,0.0,2.0,46.0,13.0,0.0,0.0,2.0,0.0,44.0,0.0,2.0,7.0,15.0,8.0,0.0,375.0,7.0
8,2026,3,0.0,57.0,160.0,38.0,1.0,65.0,12.0,42.0,114.0,0.0,1.0,0.0,5.0,0.0,0.0,6.0,40.0,13.0,0.0,0.0,2.0,0.0,24.0,0.0,0.0,6.0,32.0,1.0,2.0,378.0,4.0
8,2026,4,0.0,4.0,13.0,6.0,0.0,3.0,3.0,3.0,13.0,0.0,0.0,0.0,0.0,0.0,0.0,0.0,5.0,3.0,0.0,0.0,1.0,0.0,5.0,0.0,0.0,0.0,1.0,0.0,2.0,48.0,0.0
9,2024,1,0.0,1.0,0.0,0.0,0.0,3.0,0.0,0.0,5.0,0.0,0.0,0.0,0.0,0.0,0.0,0.0,2.0,0.0,0.0,0.0,0.0,0.0,3.0,0.0,0.0,0.0,0.0,0.0,0.0,7.0,0.0
9,2024,2,0.0,3.0,2.0,1.0,0.0,4.0,0.0,1.0,8.0,0.0,0.0,0.0,0.0,0.0,0.0,0.0,3.0,0.0,0.0,0.0,0.0,0.0,2.0,0.0,0.0,0.0,0.0,0.0,0.0,12.0,0.0
9,2024,3,0.0,0.0,4.0,1.0,0.0,5.0,0.0,0.0,6.0,0.0,0.0,0.0,0.0,0.0,0.0,0.0,0.0,0.0,0.0,0.0,0.0,0.0,3.0,0.0,0.0,0.0,0.0,0.0,0.0,6.0,0.0
9,2024,4,0.0,0.0,3.0,1.0,0.0,1.0,0.0,0.0,5.0,0.0,0.0,0.0,0.0,0.0,0.0,0.0,2.0,0.0,0.0,0.0,0.0,0.0,2.0,0.0,0.0,0.0,0.0,0.0,0.0,3.0,0.0
9,2024,5,0.0,1.0,1.0,0.0,0.0,0.0,0.0,0.0,4.0,0.0,0.0,0.0,0.0,0.0,0.0,0.0,3.0,0.0,0.0,0.0,0.0,0.0,3.0,0.0,0.0,0.0,0.0,0.0,0.0,5.0,0.0
9,2024,6,0.0,0.0,2.0,0.0,0.0,5.0,0.0,1.0,8.0,0.0,0.0,0.0,0.0,0.0,0.0,0.0,1.0,0.0,0.0,0.0,0.0,0.0,5.0,0.0,0.0,0.0,0.0,0.0,0.0,4.0,0.0
9,2024,7,0.0,6.0,3.0,3.0,0.0,3.0,0.0,1.0,5.0,0.0,0.0,0.0,0.0,0.0,0.0,0.0,0.0,0.0,0.0,0.0,0.0,0.0,1.0,0.0,0.0,0.0,0.0,0.0,0.0,9.0,0.0
9,2024,8,0.0,3.0,2.0,0.0,0.0,4.0,0.0,1.0,7.0,0.0,0.0,0.0,0.0,0.0,0.0,0.0,0.0,0.0,0.0,0.0,0.0,0.0,2.0,0.0,0.0,0.0,0.0,0.0,0.0,12.0,1.0
9,2024,9,0.0,0.0,4.0,2.0,0.0,6.0,0.0,1.0,3.0,0.0,0.0,0.0,0.0,0.0,0.0,0.0,1.0,0.0,0.0,0.0,1.0,0.0,2.0,0.0,0.0,0.0,1.0,0.0,0.0,3.0,0.0
9,2024,10,0.0,0.0,2.0,0.0,0.0,3.0,0.0,0.0,3.0,0.0,0.0,0.0,0.0,0.0,0.0,0.0,1.0,0.0,0.0,0.0,0.0,0.0,2.0,0.0,0.0,1.0,0.0,0.0,0.0,5.0,0.0
9,2024,11,0.0,1.0,1.0,0.0,0.0,3.0,0.0,1.0,4.0,0.0,0.0,0.0,0.0,0.0,0.0,0.0,0.0,0.0,0.0,0.0,0.0,0.0,1.0,0.0,0.0,0.0,2.0,0.0,0.0,0.0,0.0
9,2024,12,0.0,2.0,3.0,0.0,0.0,0.0,0.0,1.0,6.0,0.0,0.0,0.0,0.0,0.0,0.0,0.0,1.0,0.0,0.0,0.0,0.0,0.0,1.0,0.0,0.0,0.0,0.0,0.0,0.0,7.0,0.0
9,2025,1,0.0,4.0,3.0,4.0,0.0,1.0,0.0,0.0,7.0,0.0,0.0,0.0,0.0,0.0,0.0,0.0,0.0,0.0,0.0,0.0,0.0,0.0,4.0,0.0,0.0,0.0,0.0,0.0,0.0,3.0,0.0
9,2025,2,0.0,1.0,4.0,1.0,0.0,9.0,0.0,0.0,1.0,0.0,0.0,0.0,1.0,0.0,0.0,0.0,0.0,0.0,0.0,0.0,0.0,0.0,2.0,0.0,0.0,0.0,0.0,0.0,0.0,1.0,0.0
9,2025,3,0.0,1.0,1.0,5.0,0.0,3.0,0.0,1.0,9.0,0.0,0.0,0.0,0.0,0.0,0.0,0.0,0.0,0.0,0.0,0.0,0.0,0.0,3.0,0.0,0.0,0.0,0.0,0.0,0.0,7.0,0.0
9,2025,4,0.0,1.0,2.0,3.0,0.0,1.0,0.0,0.0,2.0,0.0,0.0,0.0,0.0,0.0,0.0,0.0,0.0,0.0,0.0,0.0,0.0,0.0,1.0,0.0,0.0,0.0,0.0,0.0,0.0,1.0,0.0
9,2025,5,0.0,3.0,1.0,4.0,0.0,4.0,0.0,2.0,3.0,0.0,0.0,0.0,0.0,0.0,0.0,0.0,0.0,0.0,0.0,0.0,0.0,0.0,4.0,0.0,0.0,0.0,0.0,0.0,0.0,5.0,0.0
9,2025,6,0.0,1.0,7.0,0.0,0.0,4.0,0.0,6.0,8.0,0.0,0.0,0.0,0.0,0.0,0.0,2.0,4.0,0.0,0.0,0.0,2.0,0.0,2.0,0.0,0.0,0.0,0.0,0.0,0.0,13.0,0.0
9,2025,7,1.0,0.0,4.0,0.0,0.0,3.0,0.0,1.0,0.0,0.0,0.0,0.0,0.0,0.0,0.0,0.0,2.0,0.0,0.0,0.0,0.0,0.0,1.0,0.0,0.0,0.0,0.0,0.0,0.0,0.0,0.0
9,2025,8,0.0,1.0,2.0,0.0,0.0,1.0,0.0,1.0,1.0,0.0,0.0,0.0,0.0,0.0,0.0,0.0,1.0,0.0,0.0,0.0,0.0,0.0,1.0,0.0,0.0,1.0,0.0,0.0,0.0,1.0,0.0
9,2025,9,0.0,1.0,2.0,4.0,0.0,0.0,0.0,1.0,3.0,0.0,0.0,0.0,0.0,0.0,0.0,0.0,1.0,0.0,0.0,0.0,0.0,0.0,5.0,0.0,0.0,0.0,0.0,0.0,0.0,3.0,0.0
9,2025,10,0.0,4.0,11.0,4.0,0.0,1.0,1.0,0.0,5.0,0.0,0.0,0.0,0.0,0.0,0.0,0.0,0.0,0.0,0.0,0.0,0.0,0.0,1.0,0.0,0.0,0.0,0.0,1.0,0.0,4.0,0.0
9,2025,11,0.0,5.0,5.0,0.0,0.0,1.0,0.0,1.0,1.0,0.0,0.0,0.0,0.0,0.0,0.0,0.0,1.0,0.0,0.0,0.0,0.0,0.0,1.0,0.0,0.0,0.0,0.0,0.0,0.0,8.0,0.0
9,2025,12,0.0,1.0,5.0,4.0,0.0,2.0,0.0,0.0,4.0,0.0,0.0,0.0,0.0,0.0,0.0,0.0,3.0,0.0,0.0,0.0,0.0,0.0,1.0,0.0,0.0,0.0,0.0,0.0,0.0,3.0,1.0
9,2026,1,0.0,0.0,4.0,1.0,0.0,1.0,0.0,1.0,8.0,0.0,0.0,0.0,0.0,0.0,0.0,1.0,1.0,0.0,0.0,0.0,0.0,0.0,0.0,0.0,0.0,1.0,0.0,1.0,0.0,2.0,0.0
9,2026,2,0.0,0.0,3.0,4.0,0.0,0.0,0.0,0.0,1.0,0.0,0.0,0.0,0.0,0.0,0.0,0.0,0.0,0.0,0.0,0.0,0.0,0.0,2.0,0.0,0.0,0.0,0.0,0.0,0.0,2.0,0.0
9,2026,3,0.0,2.0,3.0,2.0,0.0,0.0,0.0,1.0,0.0,0.0,0.0,0.0,0.0,0.0,0.0,0.0,2.0,1.0,0.0,0.0,0.0,0.0,3.0,0.0,0.0,0.0,0.0,0.0,0.0,0.0,0.0
9,2026,4,0.0,0.0,1.0,0.0,0.0,0.0,0.0,0.0,0.0,0.0,0.0,0.0,0.0,0.0,0.0,0.0,0.0,0.0,0.0,0.0,0.0,0.0,0.0,0.0,0.0,0.0,0.0,0.0,0.0,0.0,0.0
10,2024,1,0.0,5.0,15.0,3.0,0.0,3.0,0.0,2.0,22.0,0.0,0.0,0.0,0.0,0.0,0.0,0.0,6.0,0.0,0.0,0.0,4.0,0.0,7.0,0.0,0.0,1.0,0.0,0.0,0.0,30.0,0.0
10,2024,2,0.0,6.0,14.0,2.0,0.0,15.0,1.0,0.0,19.0,0.0,0.0,0.0,0.0,0.0,1.0,0.0,4.0,1.0,0.0,1.0,0.0,0.0,12.0,0.0,0.0,0.0,2.0,0.0,1.0,39.0,0.0
10,2024,3,0.0,4.0,9.0,2.0,0.0,7.0,0.0,3.0,12.0,0.0,0.0,0.0,0.0,0.0,0.0,1.0,11.0,0.0,0.0,0.0,0.0,1.0,8.0,0.0,0.0,0.0,1.0,1.0,0.0,29.0,0.0
10,2024,4,0.0,6.0,16.0,13.0,0.0,15.0,0.0,3.0,15.0,0.0,0.0,0.0,0.0,0.0,0.0,0.0,13.0,0.0,0.0,0.0,0.0,0.0,3.0,0.0,0.0,0.0,0.0,2.0,0.0,36.0,2.0
10,2024,5,0.0,10.0,22.0,3.0,0.0,12.0,2.0,3.0,18.0,0.0,0.0,0.0,0.0,0.0,0.0,0.0,12.0,0.0,0.0,0.0,0.0,0.0,8.0,0.0,0.0,0.0,1.0,1.0,0.0,26.0,0.0
10,2024,6,0.0,1.0,11.0,5.0,0.0,15.0,0.0,1.0,24.0,0.0,0.0,0.0,0.0,0.0,0.0,0.0,4.0,0.0,0.0,0.0,2.0,0.0,5.0,0.0,0.0,0.0,0.0,0.0,0.0,40.0,0.0
10,2024,7,0.0,9.0,16.0,3.0,0.0,8.0,2.0,5.0,18.0,0.0,0.0,0.0,0.0,0.0,0.0,0.0,8.0,2.0,0.0,0.0,1.0,0.0,13.0,0.0,0.0,1.0,2.0,2.0,0.0,32.0,0.0
10,2024,8,0.0,5.0,23.0,12.0,0.0,8.0,1.0,10.0,15.0,0.0,0.0,0.0,0.0,0.0,0.0,0.0,1.0,0.0,0.0,0.0,0.0,0.0,7.0,0.0,0.0,0.0,2.0,0.0,0.0,31.0,0.0
10,2024,9,0.0,12.0,18.0,6.0,0.0,6.0,0.0,1.0,21.0,0.0,0.0,0.0,0.0,0.0,0.0,0.0,4.0,2.0,0.0,0.0,0.0,0.0,9.0,0.0,0.0,1.0,2.0,0.0,0.0,22.0,0.0
10,2024,10,0.0,9.0,14.0,4.0,0.0,7.0,1.0,1.0,19.0,0.0,0.0,0.0,0.0,0.0,1.0,0.0,5.0,2.0,0.0,0.0,1.0,0.0,13.0,1.0,0.0,0.0,3.0,0.0,1.0,22.0,0.0
10,2024,11,0.0,7.0,15.0,7.0,0.0,12.0,0.0,4.0,16.0,0.0,0.0,0.0,0.0,0.0,0.0,0.0,2.0,0.0,0.0,0.0,0.0,0.0,9.0,0.0,0.0,0.0,0.0,0.0,1.0,14.0,1.0
10,2024,12,0.0,4.0,16.0,6.0,0.0,8.0,0.0,3.0,10.0,0.0,0.0,0.0,0.0,0.0,0.0,0.0,3.0,0.0,0.0,0.0,1.0,0.0,5.0,0.0,0.0,0.0,2.0,0.0,0.0,22.0,1.0
10,2025,1,0.0,6.0,16.0,9.0,0.0,4.0,0.0,4.0,11.0,0.0,1.0,0.0,0.0,0.0,0.0,1.0,7.0,1.0,0.0,0.0,1.0,0.0,9.0,0.0,0.0,0.0,0.0,1.0,0.0,16.0,2.0
10,2025,2,0.0,4.0,13.0,10.0,0.0,5.0,2.0,4.0,11.0,0.0,0.0,0.0,0.0,0.0,0.0,0.0,0.0,1.0,0.0,0.0,0.0,0.0,4.0,0.0,0.0,0.0,0.0,0.0,0.0,24.0,0.0
10,2025,3,0.0,5.0,10.0,7.0,0.0,23.0,0.0,4.0,13.0,0.0,0.0,0.0,0.0,0.0,0.0,0.0,5.0,1.0,0.0,0.0,1.0,0.0,6.0,0.0,0.0,1.0,2.0,0.0,0.0,23.0,0.0
10,2025,4,0.0,6.0,6.0,3.0,0.0,2.0,1.0,2.0,4.0,0.0,0.0,0.0,0.0,1.0,0.0,0.0,5.0,0.0,0.0,0.0,0.0,0.0,4.0,0.0,0.0,0.0,0.0,0.0,1.0,12.0,0.0
10,2025,5,0.0,14.0,5.0,2.0,0.0,11.0,1.0,3.0,13.0,0.0,0.0,0.0,0.0,0.0,0.0,0.0,4.0,1.0,0.0,0.0,1.0,0.0,13.0,0.0,0.0,0.0,1.0,0.0,3.0,31.0,0.0
10,2025,6,0.0,13.0,16.0,10.0,0.0,11.0,0.0,11.0,14.0,0.0,0.0,0.0,0.0,0.0,2.0,0.0,4.0,0.0,0.0,2.0,0.0,0.0,11.0,0.0,0.0,0.0,2.0,0.0,4.0,44.0,0.0
10,2025,7,2.0,6.0,20.0,7.0,0.0,10.0,0.0,2.0,9.0,0.0,0.0,0.0,1.0,0.0,0.0,0.0,7.0,0.0,0.0,0.0,1.0,0.0,7.0,0.0,0.0,2.0,1.0,2.0,1.0,21.0,1.0
10,2025,8,0.0,8.0,6.0,7.0,0.0,10.0,0.0,3.0,13.0,0.0,0.0,0.0,0.0,0.0,0.0,0.0,8.0,1.0,0.0,0.0,0.0,0.0,3.0,0.0,0.0,0.0,1.0,1.0,0.0,15.0,0.0
10,2025,9,0.0,6.0,9.0,11.0,0.0,13.0,0.0,4.0,15.0,0.0,0.0,0.0,0.0,0.0,0.0,0.0,11.0,1.0,0.0,0.0,0.0,0.0,8.0,0.0,0.0,1.0,0.0,0.0,0.0,18.0,0.0
10,2025,10,0.0,5.0,18.0,13.0,0.0,7.0,0.0,2.0,19.0,0.0,0.0,0.0,0.0,0.0,0.0,0.0,6.0,3.0,0.0,0.0,0.0,0.0,13.0,0.0,0.0,0.0,0.0,0.0,1.0,20.0,1.0
10,2025,11,0.0,5.0,15.0,3.0,0.0,9.0,0.0,2.0,9.0,0.0,0.0,0.0,0.0,0.0,0.0,0.0,6.0,2.0,0.0,0.0,3.0,0.0,7.0,0.0,0.0,0.0,0.0,1.0,0.0,12.0,0.0
10,2025,12,0.0,6.0,14.0,10.0,0.0,7.0,0.0,3.0,8.0,0.0,0.0,0.0,0.0,2.0,0.0,0.0,3.0,0.0,0.0,0.0,0.0,0.0,10.0,0.0,0.0,0.0,1.0,0.0,0.0,16.0,0.0
10,2026,1,0.0,7.0,11.0,13.0,0.0,16.0,0.0,5.0,7.0,0.0,0.0,0.0,0.0,0.0,0.0,0.0,7.0,1.0,0.0,0.0,0.0,0.0,10.0,0.0,0.0,0.0,1.0,0.0,0.0,18.0,1.0
10,2026,2,0.0,9.0,25.0,8.0,0.0,5.0,2.0,2.0,15.0,0.0,0.0,0.0,0.0,1.0,0.0,0.0,13.0,0.0,0.0,0.0,2.0,0.0,9.0,0.0,0.0,0.0,1.0,1.0,0.0,17.0,0.0
10,2026,3,0.0,4.0,8.0,39.0,0.0,7.0,1.0,3.0,12.0,0.0,0.0,0.0,0.0,0.0,2.0,0.0,7.0,0.0,0.0,0.0,0.0,0.0,4.0,0.0,0.0,1.0,0.0,1.0,1.0,19.0,1.0
10,2026,4,0.0,3.0,1.0,0.0,0.0,1.0,0.0,0.0,0.0,0.0,0.0,0.0,0.0,0.0,0.0,1.0,0.0,0.0,0.0,0.0,0.0,0.0,0.0,0.0,0.0,0.0,0.0,0.0,0.0,4.0,0.0
11,2024,1,0.0,5.0,10.0,1.0,0.0,3.0,0.0,2.0,7.0,0.0,1.0,0.0,0.0,0.0,0.0,0.0,6.0,1.0,0.0,0.0,0.0,0.0,7.0,0.0,0.0,0.0,2.0,1.0,0.0,21.0,3.0
11,2024,2,2.0,5.0,12.0,2.0,0.0,13.0,0.0,2.0,9.0,0.0,0.0,0.0,0.0,1.0,0.0,0.0,7.0,1.0,0.0,0.0,0.0,0.0,12.0,0.0,0.0,0.0,1.0,0.0,0.0,18.0,0.0
11,2024,3,0.0,4.0,14.0,3.0,0.0,15.0,0.0,2.0,12.0,0.0,0.0,0.0,0.0,0.0,0.0,0.0,9.0,1.0,0.0,0.0,1.0,0.0,7.0,0.0,0.0,0.0,2.0,1.0,0.0,35.0,1.0
11,2024,4,0.0,9.0,23.0,2.0,0.0,10.0,0.0,2.0,11.0,0.0,0.0,0.0,0.0,0.0,0.0,0.0,14.0,1.0,0.0,0.0,1.0,0.0,8.0,0.0,0.0,0.0,2.0,1.0,1.0,15.0,0.0
11,2024,5,0.0,8.0,16.0,1.0,0.0,8.0,0.0,5.0,18.0,0.0,0.0,0.0,0.0,0.0,2.0,0.0,7.0,2.0,0.0,0.0,1.0,0.0,8.0,0.0,0.0,0.0,2.0,0.0,0.0,14.0,0.0
11,2024,6,0.0,5.0,11.0,4.0,0.0,8.0,0.0,3.0,11.0,0.0,0.0,0.0,0.0,0.0,0.0,0.0,10.0,2.0,0.0,0.0,0.0,0.0,11.0,0.0,0.0,1.0,3.0,0.0,0.0,26.0,0.0
11,2024,7,1.0,7.0,18.0,7.0,0.0,6.0,0.0,3.0,11.0,0.0,0.0,0.0,1.0,0.0,0.0,0.0,3.0,0.0,0.0,0.0,1.0,0.0,2.0,0.0,0.0,0.0,1.0,0.0,0.0,29.0,2.0
11,2024,8,0.0,9.0,17.0,4.0,0.0,10.0,0.0,0.0,9.0,0.0,0.0,0.0,0.0,0.0,0.0,0.0,6.0,2.0,0.0,0.0,0.0,0.0,7.0,0.0,0.0,0.0,2.0,0.0,1.0,22.0,0.0
11,2024,9,0.0,4.0,13.0,7.0,0.0,10.0,0.0,7.0,9.0,0.0,0.0,0.0,0.0,0.0,0.0,0.0,6.0,1.0,0.0,0.0,0.0,0.0,7.0,0.0,0.0,1.0,1.0,3.0,1.0,12.0,1.0
11,2024,10,0.0,7.0,20.0,5.0,0.0,2.0,0.0,3.0,7.0,0.0,1.0,0.0,0.0,0.0,0.0,0.0,3.0,0.0,0.0,0.0,0.0,0.0,5.0,0.0,0.0,0.0,2.0,0.0,0.0,20.0,1.0
11,2024,11,0.0,7.0,12.0,8.0,0.0,10.0,0.0,2.0,9.0,0.0,0.0,0.0,0.0,0.0,0.0,0.0,6.0,1.0,0.0,0.0,0.0,0.0,3.0,0.0,0.0,0.0,1.0,0.0,1.0,12.0,0.0
11,2024,12,0.0,6.0,18.0,5.0,0.0,9.0,0.0,5.0,14.0,0.0,0.0,0.0,0.0,0.0,0.0,0.0,4.0,0.0,0.0,0.0,0.0,0.0,5.0,1.0,0.0,0.0,0.0,0.0,1.0,19.0,1.0
11,2025,1,0.0,1.0,11.0,1.0,0.0,8.0,0.0,2.0,4.0,0.0,0.0,0.0,0.0,0.0,0.0,0.0,4.0,2.0,0.0,0.0,0.0,0.0,7.0,0.0,0.0,0.0,5.0,1.0,0.0,12.0,2.0
11,2025,2,0.0,6.0,9.0,2.0,0.0,9.0,1.0,5.0,9.0,0.0,0.0,0.0,0.0,0.0,0.0,0.0,3.0,2.0,0.0,0.0,2.0,0.0,8.0,0.0,0.0,0.0,1.0,0.0,0.0,15.0,0.0
11,2025,3,0.0,8.0,5.0,5.0,0.0,10.0,0.0,3.0,3.0,0.0,0.0,0.0,0.0,0.0,0.0,0.0,5.0,1.0,0.0,0.0,0.0,0.0,5.0,0.0,0.0,0.0,1.0,0.0,1.0,11.0,0.0
11,2025,4,0.0,4.0,7.0,3.0,0.0,7.0,0.0,0.0,7.0,0.0,0.0,0.0,1.0,0.0,0.0,0.0,2.0,0.0,0.0,0.0,0.0,0.0,3.0,0.0,0.0,0.0,0.0,0.0,0.0,4.0,0.0
11,2025,5,0.0,7.0,11.0,4.0,0.0,17.0,0.0,1.0,9.0,0.0,0.0,0.0,0.0,0.0,0.0,0.0,8.0,3.0,0.0,0.0,0.0,0.0,4.0,0.0,0.0,1.0,2.0,0.0,2.0,15.0,0.0
11,2025,6,0.0,8.0,34.0,2.0,0.0,14.0,0.0,4.0,16.0,0.0,0.0,0.0,0.0,0.0,0.0,0.0,6.0,1.0,0.0,0.0,1.0,0.0,13.0,0.0,0.0,0.0,2.0,0.0,0.0,11.0,0.0
11,2025,7,0.0,5.0,18.0,9.0,0.0,13.0,0.0,11.0,5.0,0.0,0.0,0.0,0.0,0.0,0.0,0.0,3.0,0.0,0.0,0.0,0.0,0.0,5.0,0.0,0.0,0.0,0.0,0.0,0.0,18.0,0.0
11,2025,8,0.0,5.0,16.0,5.0,0.0,10.0,1.0,2.0,6.0,0.0,0.0,0.0,0.0,0.0,0.0,0.0,1.0,2.0,0.0,0.0,0.0,0.0,3.0,0.0,0.0,0.0,1.0,0.0,1.0,7.0,1.0
11,2025,9,0.0,3.0,18.0,4.0,0.0,6.0,0.0,1.0,7.0,0.0,0.0,0.0,0.0,0.0,0.0,2.0,3.0,0.0,0.0,0.0,1.0,0.0,2.0,0.0,0.0,0.0,1.0,2.0,0.0,15.0,0.0
11,2025,10,0.0,13.0,9.0,13.0,0.0,15.0,0.0,3.0,11.0,0.0,0.0,0.0,0.0,0.0,0.0,0.0,9.0,2.0,0.0,0.0,0.0,0.0,8.0,0.0,0.0,0.0,2.0,0.0,0.0,20.0,0.0
11,2025,11,0.0,12.0,23.0,3.0,0.0,6.0,0.0,3.0,8.0,0.0,0.0,0.0,0.0,0.0,0.0,0.0,3.0,4.0,0.0,0.0,0.0,0.0,8.0,0.0,0.0,1.0,3.0,2.0,1.0,11.0,0.0
11,2025,12,0.0,8.0,10.0,4.0,0.0,6.0,0.0,2.0,6.0,0.0,0.0,0.0,2.0,0.0,0.0,0.0,7.0,2.0,0.0,0.0,0.0,0.0,4.0,0.0,0.0,0.0,1.0,0.0,1.0,7.0,0.0
11,2026,1,0.0,4.0,14.0,11.0,0.0,5.0,1.0,4.0,10.0,0.0,0.0,0.0,0.0,0.0,0.0,0.0,4.0,2.0,0.0,0.0,0.0,0.0,6.0,0.0,0.0,0.0,1.0,0.0,0.0,10.0,0.0
11,2026,2,0.0,7.0,8.0,9.0,0.0,8.0,0.0,2.0,2.0,0.0,0.0,0.0,2.0,0.0,0.0,0.0,2.0,2.0,0.0,0.0,0.0,0.0,6.0,0.0,0.0,0.0,2.0,0.0,0.0,24.0,0.0
11,2026,3,0.0,6.0,12.0,14.0,0.0,9.0,0.0,3.0,2.0,0.0,0.0,0.0,0.0,0.0,0.0,0.0,3.0,1.0,0.0,0.0,0.0,0.0,17.0,0.0,0.0,1.0,1.0,0.0,1.0,18.0,0.0
11,2026,4,0.0,1.0,2.0,0.0,0.0,1.0,0.0,1.0,2.0,0.0,0.0,0.0,0.0,0.0,0.0,0.0,1.0,0.0,0.0,0.0,0.0,0.0,0.0,0.0,0.0,0.0,0.0,0.0,0.0,3.0,0.0
12,2024,1,0.0,3.0,5.0,1.0,0.0,3.0,0.0,0.0,8.0,0.0,0.0,0.0,1.0,0.0,0.0,0.0,5.0,0.0,0.0,0.0,0.0,0.0,3.0,0.0,0.0,0.0,2.0,1.0,0.0,5.0,0.0
12,2024,2,0.0,0.0,6.0,2.0,0.0,4.0,0.0,3.0,3.0,0.0,0.0,0.0,0.0,0.0,0.0,0.0,5.0,1.0,0.0,0.0,0.0,0.0,3.0,0.0,0.0,0.0,1.0,0.0,0.0,12.0,0.0
12,2024,3,0.0,1.0,1.0,0.0,0.0,3.0,0.0,2.0,9.0,0.0,0.0,0.0,0.0,0.0,0.0,0.0,6.0,0.0,0.0,0.0,0.0,0.0,5.0,0.0,0.0,0.0,2.0,1.0,0.0,15.0,1.0
12,2024,4,0.0,4.0,6.0,0.0,0.0,5.0,0.0,5.0,11.0,0.0,0.0,0.0,0.0,0.0,0.0,0.0,4.0,0.0,0.0,0.0,0.0,0.0,1.0,0.0,0.0,0.0,1.0,1.0,0.0,11.0,1.0
12,2024,5,0.0,0.0,6.0,5.0,0.0,5.0,1.0,1.0,4.0,0.0,0.0,0.0,0.0,0.0,0.0,0.0,6.0,0.0,0.0,0.0,0.0,0.0,4.0,0.0,0.0,0.0,0.0,1.0,0.0,13.0,1.0
12,2024,6,0.0,1.0,4.0,3.0,0.0,11.0,0.0,0.0,12.0,0.0,0.0,0.0,0.0,0.0,0.0,0.0,4.0,1.0,0.0,0.0,1.0,0.0,2.0,0.0,0.0,0.0,0.0,0.0,0.0,19.0,0.0
12,2024,7,0.0,1.0,5.0,3.0,0.0,9.0,0.0,1.0,3.0,0.0,0.0,0.0,0.0,0.0,0.0,0.0,5.0,1.0,0.0,0.0,0.0,0.0,5.0,0.0,0.0,0.0,0.0,0.0,0.0,11.0,0.0
12,2024,8,0.0,5.0,3.0,4.0,0.0,4.0,0.0,1.0,9.0,0.0,0.0,0.0,0.0,0.0,0.0,0.0,3.0,0.0,0.0,0.0,0.0,0.0,2.0,0.0,0.0,0.0,0.0,0.0,0.0,16.0,3.0
12,2024,9,0.0,2.0,6.0,1.0,0.0,1.0,1.0,1.0,5.0,0.0,0.0,0.0,0.0,0.0,0.0,0.0,6.0,1.0,0.0,0.0,0.0,0.0,6.0,0.0,0.0,0.0,1.0,0.0,0.0,9.0,0.0
12,2024,10,0.0,5.0,5.0,3.0,0.0,4.0,0.0,0.0,12.0,0.0,0.0,0.0,0.0,0.0,0.0,0.0,0.0,0.0,0.0,0.0,0.0,0.0,1.0,0.0,0.0,0.0,0.0,0.0,0.0,12.0,0.0
12,2024,11,0.0,1.0,8.0,6.0,0.0,5.0,0.0,1.0,8.0,0.0,0.0,0.0,0.0,0.0,0.0,0.0,5.0,0.0,0.0,0.0,0.0,0.0,2.0,0.0,0.0,0.0,1.0,0.0,0.0,6.0,1.0
12,2024,12,0.0,0.0,3.0,1.0,0.0,5.0,0.0,3.0,4.0,0.0,0.0,0.0,0.0,0.0,0.0,0.0,4.0,0.0,0.0,0.0,0.0,0.0,4.0,0.0,0.0,0.0,0.0,0.0,0.0,20.0,1.0
12,2025,1,0.0,3.0,5.0,2.0,0.0,3.0,0.0,0.0,3.0,0.0,0.0,0.0,0.0,0.0,0.0,0.0,3.0,1.0,0.0,0.0,0.0,0.0,6.0,0.0,0.0,0.0,0.0,1.0,0.0,11.0,0.0
12,2025,2,0.0,4.0,4.0,2.0,0.0,0.0,0.0,0.0,7.0,0.0,0.0,0.0,0.0,0.0,0.0,0.0,1.0,1.0,0.0,0.0,0.0,0.0,2.0,0.0,0.0,0.0,1.0,0.0,0.0,3.0,0.0
12,2025,3,0.0,0.0,4.0,6.0,0.0,2.0,0.0,0.0,6.0,0.0,0.0,0.0,0.0,0.0,0.0,0.0,1.0,0.0,0.0,0.0,1.0,0.0,4.0,0.0,0.0,0.0,1.0,0.0,0.0,7.0,0.0
12,2025,4,0.0,1.0,0.0,0.0,0.0,2.0,0.0,0.0,2.0,0.0,0.0,0.0,0.0,1.0,0.0,0.0,2.0,0.0,0.0,0.0,0.0,0.0,0.0,0.0,0.0,0.0,0.0,0.0,0.0,1.0,0.0
12,2025,5,0.0,3.0,2.0,1.0,0.0,2.0,0.0,0.0,4.0,0.0,0.0,0.0,0.0,0.0,0.0,0.0,1.0,0.0,0.0,0.0,1.0,0.0,1.0,1.0,0.0,0.0,0.0,1.0,0.0,9.0,0.0
12,2025,6,0.0,8.0,10.0,15.0,0.0,8.0,0.0,6.0,13.0,0.0,0.0,0.0,0.0,0.0,0.0,0.0,0.0,0.0,0.0,0.0,1.0,0.0,3.0,0.0,0.0,0.0,0.0,0.0,0.0,17.0,0.0
12,2025,7,0.0,0.0,5.0,5.0,0.0,5.0,1.0,0.0,2.0,0.0,0.0,0.0,0.0,0.0,0.0,0.0,5.0,0.0,0.0,0.0,0.0,0.0,4.0,0.0,0.0,0.0,0.0,0.0,0.0,9.0,1.0
12,2025,8,0.0,1.0,6.0,5.0,0.0,2.0,0.0,0.0,1.0,0.0,0.0,0.0,0.0,0.0,0.0,0.0,5.0,2.0,0.0,0.0,0.0,0.0,1.0,0.0,0.0,0.0,0.0,0.0,0.0,7.0,0.0
12,2025,9,0.0,1.0,3.0,4.0,0.0,6.0,0.0,2.0,8.0,0.0,0.0,0.0,0.0,0.0,0.0,0.0,2.0,0.0,0.0,0.0,0.0,0.0,2.0,0.0,0.0,0.0,0.0,0.0,0.0,3.0,0.0
12,2025,10,0.0,6.0,6.0,2.0,0.0,2.0,1.0,0.0,6.0,0.0,0.0,0.0,0.0,0.0,0.0,0.0,5.0,4.0,0.0,0.0,0.0,0.0,6.0,0.0,0.0,0.0,0.0,0.0,0.0,10.0,0.0
12,2025,11,0.0,0.0,5.0,3.0,0.0,4.0,0.0,1.0,0.0,0.0,0.0,0.0,0.0,0.0,0.0,0.0,2.0,1.0,0.0,0.0,0.0,0.0,4.0,0.0,0.0,0.0,1.0,0.0,1.0,14.0,1.0
12,2025,12,0.0,3.0,2.0,5.0,0.0,1.0,0.0,1.0,1.0,0.0,0.0,0.0,0.0,0.0,0.0,1.0,1.0,1.0,0.0,0.0,1.0,0.0,3.0,0.0,0.0,0.0,0.0,0.0,0.0,5.0,0.0
12,2026,1,0.0,0.0,4.0,6.0,0.0,5.0,0.0,1.0,3.0,0.0,0.0,0.0,0.0,0.0,0.0,0.0,0.0,0.0,0.0,0.0,0.0,0.0,1.0,0.0,0.0,0.0,0.0,0.0,0.0,8.0,1.0
12,2026,2,0.0,0.0,11.0,2.0,0.0,2.0,0.0,1.0,7.0,0.0,0.0,0.0,0.0,0.0,0.0,0.0,8.0,1.0,0.0,0.0,0.0,0.0,3.0,0.0,0.0,0.0,0.0,1.0,0.0,6.0,0.0
12,2026,3,0.0,4.0,1.0,2.0,0.0,1.0,0.0,0.0,3.0,0.0,0.0,0.0,0.0,0.0,0.0,0.0,3.0,1.0,0.0,0.0,0.0,0.0,4.0,0.0,0.0,0.0,0.0,0.0,0.0,3.0,1.0
12,2026,4,0.0,0.0,2.0,0.0,0.0,0.0,0.0,0.0,0.0,0.0,0.0,0.0,0.0,0.0,0.0,0.0,0.0,0.0,0.0,0.0,0.0,0.0,1.0,0.0,0.0,0.0,0.0,0.0,0.0,0.0,1.0
13,2024,1,0.0,8.0,13.0,1.0,0.0,13.0,0.0,2.0,3.0,0.0,0.0,0.0,0.0,0.0,0.0,0.0,0.0,3.0,0.0,0.0,4.0,0.0,5.0,0.0,0.0,0.0,2.0,0.0,0.0,21.0,2.0
13,2024,2,0.0,11.0,21.0,2.0,0.0,5.0,2.0,2.0,3.0,0.0,0.0,0.0,0.0,0.0,0.0,0.0,10.0,0.0,0.0,0.0,1.0,0.0,6.0,0.0,0.0,1.0,1.0,2.0,0.0,17.0,1.0
13,2024,3,0.0,8.0,20.0,0.0,0.0,6.0,0.0,4.0,4.0,0.0,0.0,0.0,0.0,0.0,0.0,0.0,11.0,0.0,0.0,0.0,2.0,0.0,5.0,0.0,0.0,0.0,2.0,3.0,1.0,17.0,0.0
13,2024,4,0.0,11.0,22.0,5.0,0.0,16.0,0.0,2.0,11.0,0.0,0.0,0.0,0.0,0.0,0.0,0.0,7.0,0.0,0.0,0.0,0.0,0.0,3.0,0.0,0.0,0.0,0.0,0.0,0.0,30.0,1.0
13,2024,5,0.0,8.0,13.0,1.0,0.0,10.0,0.0,3.0,5.0,0.0,0.0,0.0,0.0,0.0,0.0,0.0,5.0,0.0,0.0,0.0,0.0,0.0,2.0,0.0,0.0,0.0,3.0,0.0,0.0,26.0,0.0
13,2024,6,0.0,7.0,8.0,10.0,0.0,10.0,0.0,2.0,7.0,0.0,0.0,0.0,0.0,0.0,0.0,0.0,3.0,0.0,0.0,0.0,0.0,0.0,2.0,1.0,0.0,0.0,1.0,1.0,0.0,19.0,3.0
13,2024,7,0.0,9.0,19.0,1.0,0.0,7.0,1.0,1.0,5.0,0.0,0.0,0.0,0.0,0.0,0.0,0.0,3.0,2.0,0.0,0.0,0.0,0.0,6.0,0.0,0.0,1.0,4.0,0.0,1.0,41.0,2.0
13,2024,8,0.0,6.0,10.0,3.0,0.0,16.0,1.0,2.0,5.0,0.0,0.0,0.0,0.0,0.0,0.0,0.0,8.0,1.0,0.0,0.0,0.0,0.0,4.0,0.0,0.0,1.0,2.0,0.0,0.0,34.0,1.0
13,2024,9,0.0,11.0,29.0,5.0,0.0,9.0,1.0,0.0,1.0,0.0,0.0,0.0,0.0,1.0,0.0,0.0,7.0,0.0,0.0,0.0,0.0,0.0,5.0,0.0,0.0,0.0,2.0,1.0,0.0,19.0,0.0
13,2024,10,0.0,9.0,15.0,2.0,0.0,11.0,0.0,1.0,5.0,0.0,0.0,0.0,0.0,1.0,0.0,0.0,8.0,1.0,0.0,0.0,0.0,0.0,2.0,0.0,0.0,0.0,2.0,0.0,0.0,36.0,1.0
13,2024,11,0.0,4.0,12.0,7.0,0.0,1.0,0.0,1.0,6.0,0.0,0.0,0.0,0.0,1.0,0.0,0.0,9.0,3.0,0.0,0.0,0.0,0.0,4.0,0.0,0.0,0.0,4.0,0.0,1.0,30.0,1.0
13,2024,12,0.0,7.0,19.0,2.0,0.0,2.0,1.0,4.0,10.0,0.0,0.0,0.0,0.0,0.0,0.0,0.0,3.0,1.0,0.0,0.0,0.0,0.0,9.0,0.0,0.0,0.0,0.0,0.0,0.0,22.0,2.0
13,2025,1,0.0,6.0,10.0,1.0,0.0,2.0,0.0,3.0,7.0,0.0,0.0,0.0,0.0,0.0,0.0,0.0,9.0,2.0,0.0,0.0,2.0,0.0,1.0,0.0,0.0,0.0,0.0,0.0,0.0,35.0,4.0
13,2025,2,0.0,2.0,10.0,2.0,0.0,8.0,0.0,1.0,13.0,0.0,0.0,0.0,0.0,0.0,0.0,1.0,5.0,1.0,0.0,0.0,0.0,0.0,9.0,0.0,0.0,0.0,0.0,0.0,0.0,33.0,0.0
13,2025,3,0.0,2.0,20.0,5.0,0.0,4.0,1.0,3.0,8.0,0.0,0.0,0.0,0.0,0.0,0.0,0.0,0.0,0.0,0.0,0.0,1.0,0.0,5.0,0.0,0.0,0.0,3.0,1.0,0.0,22.0,1.0
13,2025,4,0.0,1.0,9.0,2.0,0.0,8.0,0.0,1.0,2.0,0.0,0.0,0.0,0.0,0.0,0.0,0.0,2.0,0.0,0.0,0.0,1.0,0.0,3.0,0.0,0.0,0.0,0.0,0.0,0.0,17.0,0.0
13,2025,5,0.0,6.0,11.0,5.0,0.0,2.0,0.0,2.0,6.0,0.0,0.0,0.0,0.0,0.0,0.0,0.0,6.0,2.0,0.0,0.0,2.0,0.0,13.0,0.0,0.0,0.0,5.0,0.0,0.0,19.0,0.0
13,2025,6,0.0,14.0,30.0,5.0,0.0,15.0,0.0,2.0,4.0,0.0,0.0,0.0,0.0,0.0,0.0,0.0,1.0,2.0,0.0,0.0,3.0,0.0,5.0,0.0,0.0,0.0,4.0,0.0,4.0,28.0,3.0
13,2025,7,0.0,9.0,13.0,8.0,0.0,5.0,0.0,2.0,3.0,0.0,0.0,0.0,0.0,0.0,0.0,0.0,7.0,4.0,0.0,0.0,0.0,0.0,11.0,0.0,0.0,0.0,0.0,0.0,0.0,33.0,0.0
13,2025,8,0.0,7.0,10.0,6.0,0.0,4.0,2.0,2.0,8.0,0.0,0.0,0.0,0.0,0.0,0.0,0.0,4.0,1.0,0.0,0.0,1.0,0.0,6.0,0.0,0.0,0.0,3.0,1.0,0.0,22.0,1.0
13,2025,9,0.0,6.0,7.0,4.0,0.0,4.0,0.0,1.0,10.0,0.0,0.0,0.0,0.0,0.0,0.0,0.0,5.0,0.0,0.0,0.0,0.0,0.0,7.0,0.0,0.0,0.0,0.0,0.0,0.0,19.0,5.0
13,2025,10,0.0,5.0,11.0,8.0,0.0,8.0,1.0,1.0,10.0,0.0,0.0,0.0,0.0,0.0,0.0,1.0,5.0,2.0,0.0,0.0,1.0,0.0,6.0,0.0,0.0,1.0,2.0,0.0,0.0,44.0,1.0
13,2025,11,0.0,4.0,16.0,7.0,0.0,11.0,0.0,2.0,4.0,0.0,0.0,0.0,0.0,0.0,0.0,0.0,8.0,0.0,0.0,0.0,0.0,0.0,4.0,0.0,0.0,1.0,2.0,0.0,0.0,27.0,0.0
13,2025,12,0.0,6.0,9.0,7.0,0.0,6.0,0.0,1.0,3.0,0.0,0.0,0.0,0.0,0.0,0.0,0.0,11.0,0.0,0.0,0.0,1.0,0.0,3.0,0.0,0.0,0.0,0.0,0.0,0.0,16.0,1.0
13,2026,1,0.0,4.0,7.0,7.0,0.0,3.0,2.0,2.0,4.0,0.0,0.0,0.0,0.0,0.0,0.0,0.0,9.0,0.0,0.0,0.0,0.0,0.0,13.0,0.0,0.0,1.0,1.0,0.0,0.0,17.0,0.0
13,2026,2,0.0,7.0,19.0,3.0,0.0,6.0,0.0,0.0,2.0,0.0,0.0,0.0,0.0,0.0,0.0,0.0,6.0,0.0,0.0,0.0,0.0,0.0,6.0,0.0,0.0,0.0,0.0,2.0,0.0,32.0,0.0
13,2026,3,0.0,2.0,12.0,3.0,0.0,9.0,1.0,2.0,9.0,0.0,1.0,0.0,0.0,0.0,0.0,0.0,0.0,0.0,0.0,0.0,1.0,0.0,5.0,0.0,0.0,0.0,0.0,0.0,0.0,8.0,2.0
13,2026,4,0.0,0.0,3.0,0.0,0.0,0.0,1.0,0.0,1.0,0.0,0.0,0.0,0.0,0.0,0.0,0.0,1.0,0.0,0.0,0.0,0.0,0.0,0.0,0.0,0.0,0.0,0.0,0.0,0.0,1.0,1.0
14,2024,1,0.0,13.0,38.0,10.0,0.0,16.0,2.0,1.0,9.0,0.0,0.0,0.0,0.0,1.0,0.0,0.0,11.0,4.0,0.0,0.0,2.0,0.0,9.0,0.0,0.0,0.0,5.0,1.0,1.0,45.0,2.0
14,2024,2,0.0,18.0,34.0,3.0,0.0,21.0,1.0,6.0,10.0,0.0,0.0,0.0,0.0,0.0,0.0,0.0,17.0,2.0,0.0,0.0,0.0,0.0,22.0,0.0,0.0,0.0,3.0,3.0,1.0,50.0,1.0
14,2024,3,0.0,14.0,39.0,6.0,0.0,18.0,1.0,4.0,18.0,0.0,0.0,0.0,0.0,0.0,0.0,1.0,20.0,2.0,0.0,0.0,1.0,0.0,16.0,0.0,0.0,1.0,8.0,0.0,1.0,53.0,2.0
14,2024,4,0.0,20.0,34.0,7.0,0.0,24.0,1.0,2.0,16.0,0.0,0.0,0.0,0.0,2.0,0.0,0.0,19.0,1.0,0.0,0.0,1.0,0.0,20.0,1.0,0.0,0.0,3.0,2.0,0.0,48.0,4.0
14,2024,5,1.0,18.0,44.0,9.0,1.0,34.0,2.0,8.0,21.0,0.0,3.0,0.0,0.0,0.0,0.0,1.0,20.0,2.0,0.0,0.0,1.0,0.0,14.0,0.0,0.0,2.0,11.0,2.0,0.0,56.0,5.0
14,2024,6,0.0,24.0,52.0,9.0,0.0,30.0,3.0,3.0,19.0,0.0,1.0,0.0,0.0,1.0,0.0,0.0,5.0,3.0,0.0,0.0,2.0,0.0,15.0,0.0,0.0,2.0,5.0,0.0,0.0,54.0,0.0
14,2024,7,0.0,23.0,48.0,6.0,0.0,26.0,2.0,5.0,15.0,0.0,2.0,0.0,1.0,0.0,0.0,0.0,13.0,4.0,0.0,0.0,2.0,0.0,10.0,0.0,0.0,0.0,9.0,1.0,0.0,57.0,4.0
14,2024,8,0.0,12.0,33.0,8.0,0.0,32.0,4.0,3.0,7.0,0.0,0.0,0.0,0.0,0.0,0.0,0.0,6.0,1.0,0.0,0.0,0.0,0.0,9.0,0.0,0.0,0.0,4.0,2.0,0.0,53.0,2.0
14,2024,9,0.0,12.0,51.0,15.0,0.0,29.0,1.0,2.0,13.0,0.0,0.0,0.0,0.0,0.0,0.0,0.0,15.0,2.0,0.0,0.0,2.0,0.0,14.0,0.0,0.0,1.0,9.0,0.0,0.0,54.0,3.0
14,2024,10,2.0,19.0,38.0,12.0,0.0,29.0,3.0,3.0,13.0,0.0,0.0,0.0,0.0,0.0,0.0,1.0,10.0,3.0,0.0,0.0,1.0,0.0,13.0,0.0,0.0,0.0,3.0,2.0,0.0,45.0,4.0
14,2024,11,0.0,12.0,28.0,14.0,0.0,29.0,0.0,9.0,10.0,0.0,0.0,0.0,0.0,1.0,0.0,0.0,12.0,6.0,0.0,0.0,0.0,0.0,16.0,1.0,0.0,0.0,5.0,5.0,0.0,50.0,1.0
14,2024,12,0.0,14.0,50.0,8.0,1.0,22.0,2.0,8.0,12.0,0.0,0.0,0.0,0.0,1.0,0.0,0.0,6.0,2.0,0.0,0.0,1.0,0.0,28.0,0.0,0.0,0.0,3.0,0.0,0.0,41.0,0.0
14,2025,1,0.0,9.0,30.0,7.0,0.0,23.0,0.0,4.0,14.0,0.0,0.0,0.0,0.0,0.0,0.0,0.0,14.0,3.0,0.0,0.0,2.0,0.0,28.0,0.0,0.0,3.0,6.0,1.0,0.0,43.0,3.0
14,2025,2,0.0,14.0,34.0,3.0,0.0,19.0,0.0,9.0,17.0,0.0,0.0,0.0,1.0,0.0,0.0,0.0,12.0,3.0,0.0,0.0,0.0,0.0,26.0,0.0,0.0,0.0,3.0,2.0,1.0,41.0,2.0
14,2025,3,0.0,14.0,30.0,13.0,1.0,30.0,1.0,3.0,13.0,0.0,1.0,0.0,0.0,0.0,0.0,0.0,8.0,1.0,0.0,0.0,2.0,0.0,17.0,0.0,0.0,0.0,1.0,3.0,0.0,39.0,2.0
14,2025,4,0.0,11.0,9.0,2.0,0.0,9.0,1.0,2.0,8.0,0.0,0.0,0.0,0.0,0.0,0.0,0.0,6.0,2.0,0.0,0.0,2.0,0.0,10.0,0.0,0.0,1.0,0.0,0.0,1.0,12.0,4.0
14,2025,5,0.0,21.0,41.0,3.0,0.0,26.0,3.0,7.0,16.0,0.0,0.0,0.0,0.0,0.0,0.0,0.0,8.0,4.0,0.0,0.0,1.0,0.0,22.0,0.0,0.0,1.0,5.0,2.0,0.0,55.0,2.0
14,2025,6,2.0,47.0,57.0,13.0,0.0,43.0,0.0,7.0,22.0,0.0,1.0,0.0,3.0,0.0,0.0,0.0,36.0,0.0,0.0,0.0,0.0,0.0,21.0,0.0,0.0,0.0,4.0,4.0,1.0,66.0,2.0
14,2025,7,0.0,21.0,39.0,12.0,0.0,19.0,2.0,5.0,21.0,0.0,0.0,0.0,0.0,0.0,0.0,0.0,16.0,3.0,0.0,0.0,1.0,0.0,19.0,0.0,0.0,0.0,5.0,3.0,0.0,37.0,5.0
14,2025,8,0.0,10.0,36.0,17.0,0.0,18.0,1.0,4.0,19.0,0.0,0.0,0.0,1.0,0.0,0.0,0.0,5.0,1.0,0.0,0.0,2.0,0.0,14.0,8.0,0.0,0.0,1.0,0.0,1.0,27.0,1.0
14,2025,9,0.0,14.0,28.0,5.0,0.0,20.0,1.0,1.0,16.0,0.0,0.0,0.0,0.0,0.0,0.0,0.0,8.0,1.0,0.0,0.0,2.0,0.0,11.0,4.0,0.0,0.0,6.0,0.0,1.0,26.0,4.0
14,2025,10,0.0,16.0,51.0,17.0,0.0,46.0,2.0,9.0,8.0,0.0,0.0,0.0,0.0,0.0,0.0,0.0,24.0,4.0,0.0,0.0,1.0,0.0,26.0,0.0,0.0,0.0,5.0,4.0,0.0,40.0,4.0
14,2025,11,1.0,28.0,36.0,6.0,0.0,29.0,2.0,4.0,12.0,0.0,0.0,0.0,0.0,0.0,0.0,0.0,11.0,5.0,0.0,0.0,1.0,0.0,16.0,0.0,0.0,0.0,4.0,1.0,0.0,40.0,2.0
14,2025,12,0.0,18.0,28.0,10.0,0.0,15.0,2.0,3.0,10.0,0.0,0.0,0.0,1.0,0.0,0.0,3.0,12.0,2.0,0.0,0.0,0.0,0.0,16.0,0.0,0.0,0.0,2.0,1.0,1.0,45.0,3.0
14,2026,1,0.0,12.0,23.0,7.0,0.0,13.0,4.0,7.0,14.0,0.0,0.0,0.0,0.0,0.0,0.0,1.0,8.0,2.0,0.0,0.0,3.0,0.0,17.0,0.0,0.0,0.0,3.0,1.0,0.0,25.0,1.0
14,2026,2,0.0,22.0,48.0,7.0,0.0,20.0,0.0,7.0,10.0,0.0,1.0,0.0,0.0,0.0,0.0,0.0,8.0,3.0,0.0,0.0,0.0,0.0,15.0,0.0,0.0,1.0,3.0,0.0,1.0,49.0,1.0
14,2026,3,0.0,19.0,39.0,20.0,0.0,14.0,1.0,6.0,9.0,0.0,0.0,0.0,0.0,2.0,0.0,0.0,9.0,1.0,0.0,0.0,0.0,0.0,23.0,0.0,0.0,0.0,1.0,2.0,0.0,41.0,2.0
14,2026,4,0.0,0.0,1.0,5.0,0.0,3.0,0.0,0.0,1.0,0.0,0.0,0.0,0.0,1.0,0.0,0.0,3.0,0.0,0.0,0.0,0.0,0.0,0.0,0.0,0.0,0.0,0.0,0.0,0.0,2.0,0.0
15,2024,1,0.0,25.0,38.0,7.0,0.0,22.0,1.0,7.0,23.0,0.0,0.0,0.0,1.0,0.0,1.0,0.0,30.0,5.0,0.0,0.0,1.0,0.0,34.0,0.0,0.0,0.0,4.0,1.0,1.0,46.0,4.0
15,2024,2,1.0,15.0,29.0,12.0,0.0,21.0,2.0,3.0,21.0,0.0,0.0,0.0,0.0,0.0,0.0,3.0,26.0,9.0,0.0,0.0,1.0,0.0,25.0,0.0,0.0,0.0,10.0,0.0,1.0,65.0,1.0
15,2024,3,0.0,14.0,32.0,8.0,1.0,31.0,0.0,6.0,27.0,0.0,0.0,0.0,0.0,0.0,0.0,0.0,26.0,7.0,0.0,0.0,1.0,0.0,31.0,0.0,0.0,1.0,7.0,0.0,2.0,72.0,6.0
15,2024,4,0.0,19.0,53.0,7.0,0.0,26.0,1.0,1.0,24.0,0.0,0.0,0.0,0.0,0.0,1.0,5.0,23.0,3.0,0.0,0.0,2.0,0.0,22.0,0.0,0.0,2.0,7.0,2.0,0.0,64.0,0.0
15,2024,5,2.0,15.0,39.0,14.0,0.0,33.0,1.0,9.0,22.0,0.0,0.0,0.0,0.0,0.0,0.0,1.0,27.0,4.0,0.0,0.0,4.0,0.0,16.0,0.0,0.0,0.0,5.0,3.0,0.0,95.0,2.0
15,2024,6,0.0,21.0,45.0,8.0,0.0,26.0,3.0,7.0,38.0,0.0,0.0,0.0,0.0,0.0,0.0,0.0,20.0,4.0,0.0,0.0,3.0,0.0,16.0,0.0,0.0,1.0,10.0,2.0,2.0,75.0,5.0
15,2024,7,0.0,17.0,46.0,8.0,0.0,33.0,1.0,4.0,24.0,0.0,0.0,0.0,1.0,1.0,0.0,0.0,17.0,3.0,0.0,1.0,3.0,0.0,26.0,0.0,0.0,1.0,3.0,3.0,0.0,89.0,2.0
15,2024,8,1.0,21.0,48.0,16.0,0.0,31.0,3.0,6.0,25.0,0.0,0.0,0.0,1.0,0.0,0.0,0.0,14.0,2.0,0.0,0.0,1.0,0.0,23.0,0.0,0.0,0.0,5.0,0.0,0.0,62.0,3.0
15,2024,9,1.0,23.0,42.0,26.0,0.0,34.0,1.0,7.0,28.0,0.0,0.0,0.0,1.0,0.0,1.0,1.0,19.0,3.0,0.0,0.0,5.0,0.0,25.0,0.0,0.0,3.0,4.0,1.0,1.0,86.0,5.0
15,2024,10,1.0,30.0,47.0,10.0,0.0,21.0,0.0,6.0,31.0,0.0,0.0,0.0,0.0,0.0,0.0,0.0,14.0,4.0,0.0,0.0,1.0,0.0,17.0,0.0,0.0,0.0,8.0,1.0,1.0,78.0,6.0
15,2024,11,1.0,21.0,23.0,8.0,0.0,27.0,1.0,4.0,20.0,0.0,1.0,0.0,0.0,0.0,0.0,1.0,21.0,5.0,0.0,0.0,2.0,0.0,26.0,0.0,0.0,0.0,7.0,4.0,0.0,77.0,3.0
15,2024,12,0.0,9.0,43.0,6.0,0.0,25.0,1.0,3.0,18.0,0.0,0.0,0.0,0.0,0.0,0.0,1.0,20.0,5.0,0.0,1.0,1.0,0.0,14.0,0.0,0.0,1.0,2.0,2.0,2.0,53.0,7.0
15,2025,1,0.0,11.0,33.0,8.0,1.0,16.0,1.0,3.0,13.0,0.0,2.0,0.0,3.0,0.0,0.0,0.0,21.0,7.0,0.0,0.0,1.0,0.0,29.0,0.0,0.0,0.0,1.0,2.0,1.0,51.0,7.0
15,2025,2,0.0,13.0,25.0,7.0,0.0,25.0,1.0,5.0,17.0,0.0,0.0,0.0,1.0,0.0,1.0,1.0,23.0,4.0,0.0,0.0,0.0,0.0,24.0,0.0,0.0,0.0,2.0,1.0,1.0,52.0,4.0
15,2025,3,0.0,20.0,37.0,8.0,0.0,20.0,0.0,3.0,14.0,0.0,0.0,0.0,2.0,0.0,0.0,0.0,10.0,7.0,0.0,0.0,2.0,0.0,22.0,0.0,0.0,0.0,5.0,3.0,0.0,70.0,3.0
15,2025,4,0.0,4.0,17.0,6.0,0.0,8.0,1.0,5.0,16.0,0.0,0.0,0.0,0.0,0.0,0.0,0.0,2.0,2.0,0.0,0.0,1.0,0.0,7.0,0.0,0.0,0.0,0.0,3.0,0.0,33.0,3.0
15,2025,5,0.0,32.0,44.0,10.0,1.0,25.0,0.0,8.0,19.0,0.0,0.0,0.0,0.0,0.0,0.0,0.0,15.0,5.0,0.0,0.0,1.0,0.0,26.0,0.0,0.0,1.0,4.0,3.0,2.0,56.0,11.0
15,2025,6,1.0,35.0,71.0,19.0,0.0,42.0,4.0,6.0,18.0,0.0,0.0,0.0,2.0,0.0,0.0,0.0,26.0,4.0,0.0,0.0,2.0,0.0,32.0,0.0,0.0,0.0,11.0,6.0,0.0,125.0,11.0
15,2025,7,1.0,28.0,50.0,22.0,0.0,35.0,1.0,9.0,23.0,0.0,0.0,0.0,1.0,0.0,0.0,0.0,11.0,10.0,0.0,0.0,0.0,0.0,19.0,0.0,0.0,1.0,5.0,1.0,3.0,78.0,1.0
15,2025,8,0.0,14.0,40.0,12.0,0.0,14.0,1.0,3.0,15.0,0.0,0.0,0.0,1.0,0.0,0.0,0.0,17.0,4.0,0.0,0.0,1.0,1.0,17.0,0.0,0.0,0.0,1.0,2.0,0.0,63.0,6.0
15,2025,9,0.0,16.0,31.0,18.0,0.0,28.0,2.0,3.0,10.0,0.0,0.0,0.0,0.0,1.0,0.0,4.0,15.0,5.0,0.0,0.0,1.0,0.0,23.0,0.0,0.0,0.0,4.0,4.0,4.0,64.0,3.0
15,2025,10,0.0,19.0,50.0,17.0,0.0,39.0,4.0,6.0,18.0,0.0,0.0,0.0,1.0,0.0,0.0,1.0,17.0,13.0,0.0,0.0,3.0,0.0,38.0,0.0,0.0,0.0,2.0,1.0,1.0,96.0,7.0
15,2025,11,0.0,18.0,40.0,23.0,0.0,33.0,1.0,6.0,17.0,0.0,0.0,0.0,0.0,1.0,0.0,2.0,14.0,7.0,0.0,0.0,2.0,0.0,20.0,0.0,0.0,1.0,3.0,1.0,1.0,65.0,5.0
15,2025,12,0.0,14.0,22.0,20.0,0.0,21.0,0.0,6.0,18.0,0.0,0.0,0.0,1.0,0.0,0.0,0.0,22.0,7.0,0.0,1.0,1.0,0.0,27.0,0.0,0.0,0.0,4.0,1.0,0.0,56.0,7.0
15,2026,1,0.0,19.0,35.0,12.0,0.0,17.0,1.0,6.0,13.0,0.0,0.0,0.0,0.0,1.0,0.0,0.0,16.0,11.0,0.0,0.0,1.0,0.0,19.0,0.0,0.0,3.0,0.0,0.0,0.0,55.0,2.0
15,2026,2,0.0,22.0,56.0,24.0,0.0,32.0,2.0,4.0,22.0,0.0,0.0,0.0,1.0,0.0,0.0,0.0,29.0,6.0,0.0,0.0,3.0,0.0,27.0,1.0,0.0,0.0,3.0,0.0,0.0,95.0,5.0
15,2026,3,1.0,20.0,36.0,25.0,0.0,17.0,1.0,5.0,18.0,0.0,0.0,0.0,2.0,3.0,1.0,0.0,24.0,9.0,0.0,0.0,1.0,0.0,30.0,0.0,0.0,0.0,3.0,0.0,1.0,80.0,2.0
15,2026,4,0.0,2.0,5.0,2.0,0.0,4.0,0.0,0.0,2.0,0.0,0.0,0.0,0.0,0.0,0.0,0.0,3.0,1.0,0.0,0.0,1.0,0.0,2.0,0.0,0.0,1.0,2.0,0.0,0.0,7.0,0.0
16,2024,1,1.0,17.0,20.0,7.0,0.0,20.0,1.0,4.0,18.0,0.0,0.0,0.0,0.0,0.0,0.0,0.0,21.0,3.0,0.0,0.0,0.0,0.0,16.0,0.0,0.0,1.0,6.0,0.0,1.0,56.0,4.0
16,2024,2,0.0,14.0,46.0,13.0,0.0,21.0,2.0,4.0,7.0,0.0,1.0,0.0,0.0,0.0,0.0,0.0,23.0,1.0,0.0,0.0,0.0,0.0,21.0,0.0,0.0,0.0,8.0,1.0,0.0,61.0,5.0
16,2024,3,2.0,14.0,31.0,22.0,0.0,21.0,0.0,6.0,21.0,0.0,1.0,0.0,0.0,0.0,0.0,0.0,20.0,1.0,0.0,0.0,0.0,0.0,14.0,0.0,0.0,0.0,9.0,1.0,1.0,43.0,1.0
16,2024,4,0.0,14.0,35.0,11.0,0.0,26.0,2.0,4.0,9.0,0.0,0.0,0.0,1.0,0.0,0.0,2.0,19.0,3.0,0.0,0.0,2.0,0.0,17.0,0.0,0.0,1.0,15.0,3.0,1.0,41.0,3.0
16,2024,5,1.0,20.0,33.0,13.0,0.0,24.0,1.0,5.0,15.0,0.0,0.0,0.0,0.0,0.0,0.0,1.0,13.0,5.0,0.0,0.0,3.0,0.0,23.0,1.0,0.0,1.0,9.0,3.0,1.0,49.0,3.0
16,2024,6,0.0,22.0,49.0,9.0,0.0,26.0,1.0,4.0,17.0,0.0,0.0,0.0,0.0,1.0,0.0,1.0,19.0,2.0,0.0,1.0,1.0,0.0,17.0,0.0,0.0,1.0,8.0,1.0,1.0,64.0,4.0
16,2024,7,0.0,12.0,29.0,6.0,0.0,31.0,2.0,4.0,21.0,0.0,0.0,0.0,0.0,0.0,0.0,0.0,21.0,3.0,0.0,0.0,1.0,0.0,23.0,0.0,0.0,0.0,5.0,2.0,0.0,74.0,4.0
16,2024,8,0.0,20.0,37.0,7.0,0.0,26.0,1.0,2.0,22.0,0.0,0.0,0.0,0.0,0.0,0.0,0.0,21.0,3.0,0.0,0.0,0.0,0.0,20.0,0.0,0.0,0.0,5.0,0.0,1.0,63.0,6.0
16,2024,9,1.0,25.0,49.0,20.0,0.0,27.0,0.0,4.0,13.0,0.0,0.0,0.0,0.0,0.0,0.0,3.0,22.0,4.0,0.0,0.0,2.0,0.0,19.0,0.0,0.0,2.0,5.0,2.0,1.0,55.0,3.0
16,2024,10,1.0,16.0,49.0,11.0,0.0,20.0,0.0,7.0,19.0,0.0,0.0,0.0,1.0,0.0,0.0,0.0,21.0,1.0,0.0,0.0,1.0,0.0,17.0,0.0,0.0,1.0,8.0,1.0,1.0,62.0,3.0
16,2024,11,0.0,18.0,33.0,11.0,0.0,22.0,1.0,4.0,22.0,0.0,0.0,0.0,0.0,0.0,0.0,0.0,23.0,4.0,0.0,0.0,2.0,0.0,14.0,0.0,0.0,1.0,9.0,3.0,1.0,44.0,3.0
16,2024,12,1.0,13.0,42.0,5.0,0.0,34.0,3.0,6.0,15.0,0.0,0.0,0.0,0.0,0.0,0.0,1.0,15.0,5.0,0.0,0.0,4.0,0.0,22.0,0.0,0.0,0.0,0.0,3.0,1.0,44.0,5.0
16,2025,1,1.0,10.0,32.0,6.0,0.0,12.0,1.0,7.0,17.0,0.0,0.0,0.0,2.0,0.0,0.0,0.0,19.0,3.0,0.0,0.0,0.0,0.0,23.0,0.0,0.0,1.0,6.0,4.0,1.0,41.0,1.0
16,2025,2,0.0,11.0,29.0,9.0,0.0,22.0,0.0,1.0,14.0,0.0,0.0,0.0,2.0,1.0,0.0,1.0,7.0,2.0,0.0,0.0,1.0,1.0,22.0,0.0,0.0,1.0,4.0,1.0,0.0,47.0,2.0
16,2025,3,1.0,20.0,35.0,7.0,0.0,23.0,2.0,3.0,15.0,0.0,0.0,0.0,1.0,0.0,0.0,1.0,14.0,2.0,0.0,0.0,1.0,0.0,15.0,1.0,0.0,0.0,4.0,0.0,0.0,32.0,1.0
16,2025,4,0.0,8.0,11.0,4.0,0.0,15.0,0.0,0.0,7.0,0.0,0.0,0.0,1.0,0.0,0.0,0.0,5.0,2.0,0.0,0.0,1.0,0.0,5.0,0.0,0.0,0.0,0.0,2.0,0.0,14.0,0.0
16,2025,5,0.0,17.0,36.0,8.0,0.0,12.0,1.0,1.0,15.0,0.0,1.0,0.0,0.0,0.0,0.0,0.0,13.0,1.0,0.0,0.0,1.0,0.0,17.0,0.0,0.0,1.0,3.0,2.0,2.0,50.0,5.0
16,2025,6,0.0,33.0,43.0,31.0,0.0,47.0,3.0,2.0,26.0,0.0,0.0,2.0,0.0,0.0,0.0,0.0,22.0,1.0,0.0,0.0,0.0,0.0,37.0,0.0,0.0,0.0,10.0,1.0,0.0,68.0,0.0
16,2025,7,0.0,16.0,47.0,14.0,0.0,20.0,2.0,11.0,17.0,0.0,0.0,0.0,0.0,1.0,0.0,0.0,17.0,4.0,0.0,0.0,0.0,0.0,43.0,1.0,0.0,0.0,4.0,2.0,0.0,61.0,2.0
16,2025,8,1.0,10.0,33.0,12.0,0.0,19.0,0.0,14.0,11.0,0.0,0.0,0.0,0.0,0.0,0.0,0.0,6.0,1.0,0.0,0.0,0.0,0.0,17.0,0.0,0.0,1.0,3.0,0.0,0.0,31.0,0.0
16,2025,9,0.0,13.0,27.0,20.0,0.0,28.0,0.0,2.0,22.0,0.0,0.0,0.0,0.0,0.0,0.0,0.0,16.0,4.0,0.0,0.0,0.0,0.0,16.0,0.0,0.0,0.0,3.0,0.0,1.0,28.0,3.0
16,2025,10,0.0,14.0,31.0,20.0,0.0,30.0,2.0,1.0,20.0,0.0,0.0,0.0,1.0,0.0,0.0,0.0,11.0,4.0,0.0,0.0,2.0,0.0,16.0,0.0,0.0,0.0,1.0,1.0,1.0,58.0,2.0
16,2025,11,0.0,9.0,38.0,24.0,0.0,37.0,0.0,2.0,11.0,0.0,0.0,0.0,0.0,1.0,0.0,0.0,14.0,3.0,0.0,0.0,0.0,0.0,21.0,0.0,0.0,0.0,6.0,2.0,0.0,28.0,1.0
16,2025,12,0.0,9.0,26.0,16.0,0.0,14.0,1.0,3.0,22.0,0.0,0.0,0.0,0.0,0.0,0.0,0.0,8.0,2.0,0.0,0.0,1.0,0.0,17.0,0.0,0.0,1.0,2.0,2.0,1.0,29.0,3.0
16,2026,1,0.0,18.0,30.0,12.0,0.0,11.0,1.0,1.0,25.0,0.0,0.0,0.0,1.0,0.0,0.0,3.0,11.0,1.0,0.0,0.0,0.0,0.0,24.0,1.0,0.0,0.0,0.0,0.0,1.0,32.0,1.0
16,2026,2,0.0,22.0,50.0,17.0,0.0,35.0,1.0,3.0,13.0,0.0,0.0,0.0,0.0,1.0,0.0,2.0,10.0,2.0,0.0,0.0,0.0,0.0,17.0,0.0,0.0,1.0,4.0,1.0,0.0,49.0,0.0
16,2026,3,0.0,15.0,27.0,37.0,0.0,31.0,0.0,5.0,8.0,0.0,0.0,0.0,1.0,1.0,0.0,1.0,23.0,3.0,0.0,0.0,0.0,0.0,12.0,0.0,0.0,0.0,2.0,1.0,0.0,37.0,1.0
16,2026,4,0.0,1.0,5.0,8.0,0.0,4.0,0.0,0.0,2.0,0.0,0.0,0.0,0.0,0.0,0.0,0.0,2.0,0.0,0.0,0.0,0.0,0.0,1.0,0.0,0.0,0.0,0.0,0.0,0.0,4.0,0.0
17,2024,1,0.0,7.0,24.0,7.0,0.0,17.0,0.0,2.0,23.0,0.0,0.0,0.0,1.0,0.0,0.0,0.0,16.0,1.0,0.0,0.0,1.0,0.0,13.0,0.0,0.0,0.0,4.0,1.0,0.0,25.0,1.0
17,2024,2,0.0,4.0,23.0,3.0,0.0,12.0,0.0,9.0,19.0,0.0,0.0,0.0,0.0,0.0,0.0,0.0,6.0,3.0,0.0,0.0,2.0,0.0,7.0,0.0,0.0,0.0,3.0,3.0,1.0,37.0,0.0
17,2024,3,0.0,12.0,20.0,4.0,0.0,15.0,0.0,6.0,13.0,0.0,0.0,0.0,0.0,0.0,0.0,0.0,10.0,3.0,0.0,0.0,2.0,0.0,12.0,0.0,0.0,0.0,4.0,0.0,1.0,18.0,1.0
17,2024,4,0.0,6.0,24.0,8.0,0.0,19.0,0.0,3.0,16.0,0.0,0.0,0.0,0.0,0.0,0.0,0.0,7.0,0.0,0.0,0.0,1.0,0.0,11.0,0.0,0.0,0.0,2.0,2.0,0.0,29.0,0.0
17,2024,5,0.0,19.0,38.0,3.0,0.0,12.0,2.0,6.0,24.0,0.0,1.0,0.0,0.0,0.0,0.0,0.0,9.0,1.0,0.0,0.0,1.0,0.0,11.0,0.0,0.0,0.0,2.0,1.0,0.0,21.0,1.0
17,2024,6,1.0,10.0,32.0,7.0,0.0,11.0,0.0,4.0,24.0,0.0,0.0,0.0,0.0,0.0,0.0,0.0,15.0,0.0,0.0,0.0,0.0,0.0,26.0,0.0,0.0,0.0,4.0,0.0,0.0,35.0,0.0
17,2024,7,0.0,9.0,27.0,1.0,0.0,18.0,2.0,3.0,20.0,0.0,0.0,0.0,0.0,0.0,0.0,0.0,15.0,0.0,0.0,0.0,1.0,0.0,16.0,0.0,0.0,0.0,2.0,1.0,0.0,34.0,4.0
17,2024,8,0.0,10.0,25.0,7.0,0.0,20.0,1.0,0.0,14.0,0.0,0.0,0.0,0.0,0.0,0.0,0.0,20.0,0.0,0.0,0.0,2.0,0.0,6.0,0.0,0.0,0.0,1.0,0.0,0.0,30.0,2.0
17,2024,9,0.0,22.0,27.0,10.0,0.0,21.0,0.0,2.0,25.0,0.0,0.0,0.0,0.0,0.0,0.0,0.0,17.0,0.0,0.0,0.0,2.0,0.0,11.0,0.0,0.0,1.0,1.0,1.0,0.0,31.0,1.0
17,2024,10,1.0,14.0,17.0,9.0,0.0,22.0,0.0,3.0,22.0,0.0,0.0,0.0,0.0,0.0,0.0,1.0,17.0,2.0,0.0,0.0,1.0,0.0,15.0,0.0,0.0,0.0,0.0,1.0,0.0,30.0,3.0
17,2024,11,0.0,6.0,24.0,3.0,0.0,17.0,0.0,4.0,19.0,0.0,0.0,0.0,0.0,0.0,0.0,0.0,8.0,0.0,0.0,0.0,0.0,0.0,7.0,0.0,0.0,0.0,2.0,2.0,0.0,23.0,2.0
17,2024,12,0.0,19.0,28.0,7.0,0.0,12.0,0.0,1.0,11.0,0.0,0.0,0.0,0.0,0.0,0.0,1.0,11.0,1.0,0.0,0.0,1.0,0.0,11.0,0.0,0.0,0.0,1.0,0.0,0.0,22.0,4.0
17,2025,1,1.0,8.0,21.0,5.0,0.0,16.0,0.0,0.0,18.0,0.0,0.0,0.0,0.0,0.0,0.0,0.0,6.0,0.0,0.0,0.0,1.0,0.0,16.0,0.0,0.0,0.0,1.0,0.0,1.0,23.0,1.0
17,2025,2,0.0,8.0,11.0,9.0,1.0,6.0,1.0,7.0,5.0,0.0,0.0,0.0,0.0,0.0,0.0,0.0,6.0,1.0,0.0,0.0,3.0,0.0,9.0,0.0,0.0,0.0,1.0,0.0,0.0,17.0,1.0
17,2025,3,0.0,9.0,11.0,4.0,0.0,14.0,0.0,0.0,12.0,0.0,0.0,0.0,0.0,0.0,0.0,0.0,8.0,0.0,0.0,0.0,0.0,0.0,18.0,0.0,0.0,0.0,0.0,1.0,1.0,21.0,0.0
17,2025,4,0.0,0.0,11.0,0.0,0.0,8.0,0.0,1.0,8.0,0.0,0.0,0.0,0.0,0.0,0.0,1.0,0.0,1.0,0.0,0.0,0.0,0.0,6.0,0.0,0.0,0.0,1.0,0.0,0.0,10.0,1.0
17,2025,5,0.0,13.0,28.0,5.0,0.0,11.0,0.0,3.0,8.0,0.0,0.0,0.0,0.0,0.0,0.0,1.0,7.0,3.0,0.0,0.0,0.0,0.0,22.0,0.0,0.0,1.0,0.0,0.0,1.0,16.0,2.0
17,2025,6,0.0,20.0,45.0,8.0,0.0,20.0,0.0,1.0,16.0,0.0,0.0,0.0,0.0,0.0,0.0,0.0,18.0,2.0,0.0,0.0,1.0,0.0,23.0,0.0,0.0,0.0,1.0,3.0,0.0,26.0,2.0
17,2025,7,0.0,6.0,23.0,12.0,0.0,20.0,1.0,6.0,16.0,0.0,0.0,0.0,0.0,0.0,0.0,1.0,11.0,0.0,0.0,0.0,4.0,0.0,19.0,0.0,0.0,0.0,0.0,2.0,1.0,19.0,0.0
17,2025,8,2.0,4.0,29.0,7.0,0.0,13.0,1.0,8.0,2.0,0.0,0.0,0.0,0.0,0.0,0.0,0.0,7.0,0.0,0.0,0.0,0.0,0.0,14.0,0.0,0.0,1.0,1.0,2.0,0.0,19.0,1.0
17,2025,9,0.0,7.0,17.0,18.0,0.0,11.0,0.0,1.0,4.0,0.0,0.0,0.0,0.0,0.0,0.0,0.0,9.0,3.0,0.0,0.0,0.0,0.0,13.0,0.0,0.0,0.0,1.0,0.0,1.0,19.0,0.0
17,2025,10,2.0,13.0,20.0,14.0,0.0,20.0,0.0,4.0,8.0,0.0,0.0,0.0,0.0,0.0,0.0,1.0,24.0,0.0,0.0,0.0,2.0,0.0,17.0,0.0,0.0,0.0,2.0,1.0,0.0,29.0,0.0
17,2025,11,0.0,15.0,22.0,14.0,0.0,21.0,0.0,2.0,9.0,0.0,0.0,0.0,0.0,1.0,0.0,0.0,5.0,4.0,0.0,0.0,0.0,0.0,14.0,0.0,0.0,1.0,2.0,0.0,1.0,12.0,1.0
17,2025,12,0.0,8.0,18.0,5.0,0.0,15.0,1.0,4.0,14.0,0.0,0.0,0.0,0.0,1.0,0.0,0.0,11.0,1.0,0.0,0.0,0.0,0.0,9.0,0.0,0.0,1.0,4.0,1.0,1.0,21.0,1.0
17,2026,1,0.0,5.0,22.0,6.0,0.0,11.0,0.0,3.0,4.0,0.0,0.0,0.0,1.0,1.0,0.0,0.0,10.0,3.0,0.0,0.0,0.0,0.0,11.0,1.0,0.0,0.0,0.0,0.0,0.0,19.0,0.0
17,2026,2,0.0,11.0,33.0,16.0,0.0,5.0,3.0,3.0,3.0,0.0,0.0,0.0,0.0,0.0,2.0,2.0,13.0,1.0,0.0,0.0,0.0,0.0,13.0,0.0,0.0,0.0,0.0,1.0,0.0,13.0,2.0
17,2026,3,0.0,14.0,19.0,26.0,0.0,16.0,1.0,2.0,6.0,0.0,0.0,0.0,0.0,0.0,0.0,0.0,5.0,3.0,0.0,0.0,0.0,0.0,13.0,0.0,0.0,2.0,1.0,2.0,1.0,24.0,0.0
17,2026,4,0.0,0.0,0.0,1.0,0.0,3.0,0.0,0.0,2.0,0.0,0.0,0.0,0.0,0.0,0.0,0.0,1.0,0.0,0.0,0.0,0.0,0.0,2.0,0.0,0.0,0.0,0.0,0.0,0.0,2.0,0.0
18,2024,1,0.0,8.0,4.0,2.0,0.0,8.0,0.0,1.0,6.0,0.0,0.0,0.0,0.0,1.0,0.0,0.0,8.0,0.0,0.0,0.0,0.0,0.0,4.0,0.0,0.0,0.0,2.0,0.0,0.0,6.0,1.0
18,2024,2,0.0,0.0,4.0,4.0,0.0,7.0,1.0,2.0,6.0,0.0,0.0,0.0,0.0,0.0,0.0,0.0,8.0,0.0,0.0,0.0,0.0,0.0,4.0,0.0,0.0,0.0,1.0,0.0,0.0,13.0,1.0
18,2024,3,0.0,6.0,7.0,3.0,0.0,8.0,0.0,1.0,7.0,0.0,0.0,0.0,0.0,0.0,0.0,0.0,3.0,1.0,0.0,0.0,0.0,0.0,5.0,0.0,0.0,0.0,0.0,0.0,0.0,17.0,0.0
18,2024,4,0.0,6.0,5.0,1.0,0.0,14.0,2.0,1.0,4.0,0.0,0.0,0.0,0.0,0.0,0.0,0.0,2.0,0.0,0.0,0.0,1.0,0.0,5.0,0.0,0.0,0.0,0.0,0.0,0.0,8.0,0.0
18,2024,5,0.0,7.0,10.0,2.0,0.0,6.0,0.0,1.0,3.0,0.0,0.0,0.0,0.0,0.0,0.0,0.0,7.0,0.0,0.0,0.0,3.0,0.0,4.0,0.0,0.0,0.0,2.0,0.0,0.0,13.0,0.0
18,2024,6,0.0,4.0,11.0,2.0,0.0,7.0,0.0,0.0,10.0,0.0,0.0,0.0,0.0,0.0,0.0,0.0,5.0,0.0,0.0,0.0,0.0,0.0,5.0,0.0,0.0,0.0,1.0,0.0,0.0,21.0,2.0
18,2024,7,0.0,3.0,14.0,0.0,0.0,6.0,0.0,0.0,6.0,0.0,0.0,0.0,0.0,0.0,0.0,0.0,4.0,0.0,0.0,0.0,0.0,0.0,3.0,0.0,0.0,0.0,0.0,0.0,0.0,21.0,1.0
18,2024,8,0.0,3.0,8.0,2.0,0.0,7.0,1.0,0.0,4.0,0.0,0.0,0.0,0.0,0.0,0.0,0.0,4.0,0.0,0.0,0.0,0.0,0.0,5.0,0.0,0.0,0.0,1.0,0.0,0.0,14.0,1.0
18,2024,9,0.0,9.0,11.0,0.0,0.0,6.0,0.0,3.0,9.0,0.0,0.0,0.0,0.0,0.0,0.0,0.0,4.0,0.0,0.0,0.0,0.0,0.0,4.0,0.0,0.0,0.0,0.0,0.0,0.0,12.0,0.0
18,2024,10,0.0,7.0,9.0,4.0,0.0,7.0,0.0,1.0,6.0,0.0,0.0,0.0,0.0,0.0,0.0,0.0,4.0,0.0,0.0,0.0,1.0,0.0,0.0,0.0,0.0,0.0,4.0,0.0,0.0,23.0,2.0
18,2024,11,0.0,6.0,12.0,2.0,0.0,17.0,0.0,2.0,6.0,0.0,0.0,0.0,0.0,0.0,0.0,0.0,3.0,2.0,0.0,0.0,0.0,0.0,5.0,0.0,0.0,0.0,0.0,0.0,0.0,12.0,0.0
18,2024,12,0.0,3.0,6.0,0.0,0.0,4.0,0.0,3.0,1.0,0.0,0.0,0.0,0.0,0.0,0.0,0.0,3.0,0.0,0.0,0.0,1.0,0.0,2.0,0.0,0.0,1.0,0.0,0.0,1.0,13.0,1.0
18,2025,1,0.0,1.0,6.0,0.0,0.0,0.0,0.0,0.0,7.0,0.0,0.0,0.0,0.0,0.0,0.0,0.0,3.0,0.0,0.0,0.0,1.0,0.0,4.0,0.0,0.0,0.0,0.0,0.0,0.0,6.0,0.0
18,2025,2,1.0,6.0,4.0,1.0,0.0,6.0,0.0,1.0,6.0,0.0,0.0,0.0,0.0,0.0,0.0,0.0,2.0,0.0,0.0,0.0,0.0,0.0,10.0,0.0,0.0,0.0,0.0,0.0,0.0,19.0,0.0
18,2025,3,0.0,4.0,7.0,0.0,0.0,7.0,0.0,0.0,4.0,0.0,0.0,0.0,0.0,0.0,0.0,1.0,1.0,0.0,0.0,0.0,0.0,0.0,5.0,0.0,0.0,0.0,0.0,0.0,0.0,10.0,0.0
18,2025,4,0.0,2.0,1.0,1.0,0.0,4.0,0.0,0.0,1.0,0.0,0.0,0.0,0.0,0.0,0.0,1.0,1.0,1.0,0.0,0.0,0.0,0.0,0.0,0.0,0.0,0.0,0.0,0.0,0.0,8.0,0.0
18,2025,5,0.0,8.0,9.0,5.0,0.0,8.0,0.0,1.0,6.0,0.0,0.0,0.0,0.0,0.0,0.0,0.0,1.0,0.0,0.0,0.0,2.0,0.0,3.0,0.0,0.0,0.0,0.0,0.0,0.0,23.0,1.0
18,2025,6,0.0,9.0,26.0,4.0,0.0,6.0,0.0,1.0,7.0,0.0,0.0,0.0,0.0,0.0,0.0,0.0,9.0,0.0,0.0,0.0,0.0,0.0,7.0,0.0,0.0,0.0,0.0,0.0,0.0,23.0,2.0
18,2025,7,0.0,7.0,15.0,3.0,0.0,8.0,0.0,0.0,4.0,0.0,0.0,0.0,0.0,0.0,0.0,0.0,12.0,0.0,0.0,0.0,1.0,0.0,5.0,0.0,0.0,0.0,0.0,0.0,0.0,23.0,3.0
18,2025,8,0.0,3.0,8.0,3.0,0.0,4.0,0.0,1.0,6.0,0.0,0.0,0.0,0.0,0.0,0.0,0.0,3.0,0.0,0.0,0.0,2.0,0.0,1.0,0.0,0.0,0.0,2.0,0.0,0.0,10.0,0.0
18,2025,9,0.0,1.0,14.0,3.0,0.0,5.0,1.0,0.0,4.0,0.0,0.0,0.0,1.0,1.0,0.0,0.0,4.0,0.0,0.0,0.0,0.0,0.0,3.0,0.0,0.0,0.0,2.0,0.0,0.0,17.0,0.0
18,2025,10,0.0,4.0,9.0,5.0,0.0,11.0,0.0,4.0,5.0,0.0,0.0,0.0,0.0,0.0,0.0,0.0,8.0,0.0,0.0,0.0,1.0,0.0,6.0,0.0,0.0,0.0,0.0,0.0,0.0,10.0,0.0
18,2025,11,0.0,2.0,6.0,12.0,0.0,6.0,0.0,5.0,4.0,0.0,0.0,0.0,0.0,0.0,0.0,0.0,3.0,0.0,0.0,0.0,0.0,0.0,5.0,0.0,0.0,0.0,0.0,0.0,0.0,10.0,0.0
18,2025,12,0.0,3.0,8.0,4.0,0.0,9.0,0.0,1.0,2.0,0.0,0.0,0.0,0.0,1.0,0.0,0.0,18.0,0.0,0.0,0.0,0.0,0.0,5.0,0.0,0.0,0.0,0.0,0.0,0.0,8.0,0.0
18,2026,1,0.0,3.0,10.0,1.0,0.0,4.0,0.0,0.0,0.0,0.0,0.0,0.0,0.0,0.0,0.0,1.0,3.0,1.0,0.0,0.0,1.0,0.0,10.0,0.0,0.0,1.0,0.0,1.0,0.0,11.0,0.0
18,2026,2,0.0,3.0,10.0,2.0,0.0,4.0,0.0,0.0,7.0,0.0,0.0,0.0,0.0,0.0,0.0,0.0,9.0,1.0,0.0,0.0,1.0,0.0,12.0,0.0,0.0,0.0,2.0,1.0,0.0,8.0,0.0
18,2026,3,0.0,4.0,10.0,30.0,0.0,6.0,1.0,0.0,6.0,0.0,1.0,0.0,0.0,0.0,0.0,0.0,4.0,2.0,0.0,0.0,0.0,0.0,5.0,0.0,0.0,0.0,1.0,0.0,0.0,9.0,0.0
18,2026,4,0.0,0.0,1.0,0.0,0.0,0.0,0.0,0.0,0.0,0.0,0.0,0.0,0.0,0.0,0.0,0.0,1.0,0.0,0.0,0.0,0.0,0.0,1.0,0.0,0.0,0.0,0.0,0.0,0.0,1.0,0.0
19,2024,1,0.0,28.0,56.0,15.0,0.0,30.0,2.0,4.0,33.0,0.0,0.0,0.0,0.0,0.0,0.0,0.0,32.0,7.0,0.0,0.0,3.0,0.0,52.0,0.0,0.0,0.0,26.0,4.0,2.0,82.0,11.0
19,2024,2,0.0,35.0,61.0,6.0,0.0,45.0,2.0,4.0,35.0,0.0,0.0,0.0,0.0,0.0,0.0,0.0,44.0,5.0,0.0,0.0,4.0,0.0,58.0,0.0,0.0,2.0,10.0,2.0,0.0,80.0,5.0
19,2024,3,0.0,49.0,94.0,9.0,0.0,31.0,1.0,2.0,21.0,0.0,0.0,0.0,0.0,1.0,0.0,1.0,34.0,5.0,0.0,0.0,4.0,0.0,35.0,0.0,0.0,4.0,12.0,4.0,1.0,80.0,12.0
19,2024,4,1.0,42.0,76.0,10.0,0.0,32.0,3.0,3.0,25.0,0.0,1.0,0.0,0.0,0.0,0.0,2.0,33.0,4.0,0.0,0.0,5.0,0.0,44.0,2.0,0.0,0.0,22.0,4.0,1.0,90.0,7.0
19,2024,5,2.0,43.0,82.0,6.0,0.0,38.0,4.0,7.0,21.0,0.0,0.0,0.0,3.0,0.0,0.0,2.0,38.0,3.0,0.0,0.0,4.0,0.0,35.0,0.0,0.0,0.0,16.0,6.0,1.0,105.0,12.0
19,2024,6,0.0,48.0,74.0,7.0,0.0,49.0,3.0,4.0,26.0,0.0,2.0,0.0,0.0,1.0,0.0,0.0,32.0,5.0,0.0,0.0,4.0,0.0,30.0,0.0,0.0,0.0,11.0,4.0,3.0,98.0,10.0
19,2024,7,0.0,49.0,96.0,9.0,0.0,43.0,2.0,5.0,30.0,0.0,0.0,0.0,1.0,0.0,0.0,0.0,27.0,3.0,0.0,0.0,5.0,0.0,51.0,0.0,0.0,0.0,11.0,1.0,3.0,111.0,14.0
19,2024,8,0.0,30.0,53.0,6.0,0.0,40.0,2.0,6.0,26.0,0.0,0.0,0.0,0.0,1.0,0.0,0.0,35.0,6.0,0.0,0.0,2.0,0.0,43.0,0.0,0.0,1.0,10.0,4.0,4.0,84.0,8.0
19,2024,9,1.0,45.0,81.0,16.0,0.0,47.0,3.0,4.0,32.0,0.0,0.0,0.0,1.0,0.0,0.0,0.0,34.0,4.0,0.0,0.0,6.0,0.0,36.0,1.0,0.0,1.0,10.0,2.0,3.0,76.0,12.0
19,2024,10,2.0,31.0,63.0,11.0,0.0,34.0,1.0,6.0,30.0,0.0,1.0,0.0,1.0,1.0,0.0,2.0,26.0,5.0,0.0,0.0,2.0,0.0,39.0,0.0,0.0,0.0,15.0,6.0,0.0,108.0,7.0
19,2024,11,1.0,23.0,66.0,17.0,0.0,34.0,1.0,11.0,15.0,0.0,0.0,2.0,0.0,0.0,0.0,1.0,16.0,7.0,0.0,1.0,2.0,0.0,24.0,0.0,0.0,1.0,18.0,1.0,1.0,76.0,12.0
19,2024,12,1.0,33.0,70.0,14.0,0.0,34.0,1.0,9.0,33.0,0.0,0.0,0.0,0.0,0.0,0.0,1.0,14.0,3.0,0.0,0.0,4.0,0.0,25.0,0.0,0.0,1.0,5.0,3.0,4.0,81.0,4.0
19,2025,1,0.0,25.0,79.0,16.0,1.0,25.0,4.0,10.0,24.0,0.0,1.0,0.0,3.0,0.0,0.0,0.0,25.0,5.0,0.0,0.0,1.0,0.0,42.0,0.0,0.0,1.0,10.0,4.0,2.0,78.0,7.0
19,2025,2,0.0,25.0,42.0,14.0,0.0,28.0,0.0,3.0,20.0,0.0,0.0,0.0,0.0,0.0,0.0,2.0,11.0,6.0,0.0,0.0,3.0,0.0,27.0,0.0,0.0,0.0,4.0,1.0,2.0,83.0,6.0
19,2025,3,0.0,29.0,53.0,10.0,0.0,25.0,1.0,6.0,22.0,0.0,0.0,0.0,0.0,0.0,0.0,1.0,13.0,8.0,0.0,0.0,0.0,0.0,23.0,0.0,0.0,0.0,7.0,2.0,0.0,58.0,6.0
19,2025,4,0.0,10.0,36.0,5.0,0.0,13.0,1.0,1.0,12.0,0.0,0.0,0.0,2.0,0.0,1.0,0.0,12.0,2.0,0.0,0.0,1.0,0.0,15.0,0.0,0.0,0.0,5.0,3.0,0.0,34.0,0.0
19,2025,5,0.0,31.0,62.0,13.0,1.0,31.0,0.0,7.0,19.0,0.0,0.0,0.0,3.0,0.0,0.0,0.0,17.0,6.0,0.0,1.0,4.0,0.0,22.0,5.0,0.0,0.0,2.0,4.0,1.0,76.0,9.0
19,2025,6,2.0,64.0,106.0,14.0,0.0,80.0,2.0,8.0,24.0,0.0,1.0,0.0,1.0,0.0,0.0,0.0,33.0,12.0,0.0,0.0,4.0,0.0,45.0,0.0,0.0,5.0,9.0,0.0,4.0,130.0,10.0
19,2025,7,0.0,38.0,69.0,19.0,2.0,31.0,2.0,7.0,20.0,0.0,0.0,0.0,0.0,1.0,0.0,2.0,34.0,4.0,0.0,0.0,1.0,0.0,29.0,1.0,0.0,3.0,14.0,3.0,0.0,74.0,7.0
19,2025,8,0.0,27.0,57.0,8.0,0.0,27.0,1.0,2.0,19.0,0.0,0.0,0.0,3.0,0.0,0.0,1.0,20.0,4.0,0.0,0.0,3.0,0.0,17.0,0.0,0.0,0.0,6.0,1.0,2.0,79.0,10.0
19,2025,9,0.0,30.0,60.0,15.0,0.0,20.0,1.0,6.0,14.0,0.0,0.0,0.0,0.0,0.0,0.0,0.0,17.0,3.0,0.0,0.0,2.0,0.0,32.0,0.0,0.0,0.0,7.0,0.0,1.0,60.0,3.0
19,2025,10,0.0,44.0,67.0,41.0,1.0,59.0,2.0,7.0,28.0,0.0,0.0,0.0,2.0,0.0,0.0,1.0,51.0,8.0,0.0,1.0,8.0,0.0,29.0,0.0,0.0,0.0,6.0,1.0,0.0,73.0,2.0
19,2025,11,0.0,23.0,64.0,21.0,1.0,47.0,1.0,10.0,12.0,0.0,0.0,0.0,0.0,0.0,0.0,2.0,35.0,5.0,0.0,0.0,2.0,0.0,35.0,0.0,0.0,0.0,12.0,1.0,0.0,54.0,4.0
19,2025,12,0.0,14.0,53.0,27.0,0.0,38.0,2.0,4.0,21.0,0.0,1.0,0.0,3.0,0.0,0.0,1.0,27.0,5.0,0.0,0.0,2.0,0.0,19.0,0.0,0.0,0.0,3.0,1.0,0.0,62.0,2.0
19,2026,1,0.0,18.0,50.0,16.0,0.0,38.0,2.0,7.0,30.0,0.0,0.0,0.0,1.0,1.0,1.0,1.0,26.0,4.0,0.0,0.0,9.0,0.0,27.0,0.0,0.0,0.0,5.0,1.0,1.0,62.0,5.0
19,2026,2,0.0,35.0,72.0,28.0,0.0,19.0,1.0,4.0,18.0,0.0,0.0,0.0,3.0,1.0,0.0,2.0,28.0,5.0,0.0,0.0,3.0,0.0,34.0,0.0,0.0,1.0,5.0,3.0,0.0,102.0,6.0
19,2026,3,0.0,38.0,73.0,63.0,0.0,39.0,0.0,4.0,22.0,0.0,0.0,0.0,1.0,1.0,0.0,2.0,30.0,5.0,0.0,0.0,5.0,0.0,36.0,0.0,0.0,1.0,7.0,3.0,2.0,72.0,7.0
19,2026,4,0.0,5.0,9.0,4.0,0.0,0.0,1.0,0.0,2.0,0.0,0.0,0.0,0.0,0.0,0.0,0.0,2.0,0.0,0.0,0.0,0.0,0.0,4.0,0.0,0.0,0.0,1.0,0.0,0.0,5.0,0.0
20,2024,1,0.0,12.0,23.0,2.0,0.0,12.0,1.0,1.0,12.0,0.0,0.0,0.0,0.0,0.0,1.0,0.0,13.0,2.0,0.0,0.0,2.0,0.0,11.0,0.0,0.0,2.0,10.0,1.0,1.0,12.0,3.0
20,2024,2,0.0,21.0,29.0,4.0,0.0,9.0,2.0,3.0,5.0,0.0,0.0,0.0,0.0,0.0,0.0,0.0,6.0,4.0,0.0,0.0,1.0,0.0,17.0,0.0,0.0,1.0,12.0,1.0,0.0,12.0,3.0
20,2024,3,1.0,15.0,18.0,4.0,1.0,13.0,0.0,1.0,6.0,0.0,1.0,0.0,0.0,0.0,0.0,0.0,6.0,2.0,0.0,0.0,3.0,0.0,4.0,0.0,0.0,0.0,6.0,1.0,0.0,24.0,2.0
20,2024,4,0.0,14.0,27.0,2.0,0.0,11.0,0.0,4.0,3.0,0.0,0.0,0.0,0.0,0.0,0.0,0.0,15.0,0.0,0.0,0.0,2.0,0.0,10.0,0.0,0.0,0.0,5.0,0.0,0.0,13.0,5.0
20,2024,5,0.0,17.0,26.0,3.0,1.0,11.0,0.0,1.0,3.0,0.0,0.0,0.0,0.0,0.0,0.0,0.0,10.0,1.0,0.0,0.0,2.0,0.0,5.0,0.0,0.0,0.0,8.0,0.0,0.0,29.0,3.0
20,2024,6,0.0,19.0,31.0,3.0,0.0,11.0,2.0,4.0,9.0,0.0,0.0,0.0,0.0,0.0,1.0,0.0,6.0,1.0,0.0,0.0,2.0,0.0,11.0,0.0,0.0,0.0,10.0,1.0,0.0,23.0,4.0
20,2024,7,0.0,10.0,30.0,5.0,0.0,13.0,0.0,2.0,5.0,0.0,0.0,0.0,0.0,0.0,0.0,0.0,9.0,1.0,0.0,0.0,2.0,0.0,10.0,0.0,0.0,0.0,1.0,0.0,0.0,20.0,8.0
20,2024,8,0.0,8.0,24.0,4.0,1.0,19.0,0.0,1.0,7.0,0.0,0.0,0.0,0.0,0.0,0.0,0.0,10.0,3.0,0.0,0.0,0.0,0.0,16.0,0.0,0.0,1.0,3.0,1.0,0.0,27.0,5.0
20,2024,9,0.0,13.0,28.0,3.0,0.0,11.0,0.0,1.0,9.0,0.0,0.0,0.0,0.0,0.0,0.0,0.0,9.0,4.0,0.0,0.0,2.0,0.0,11.0,0.0,0.0,0.0,8.0,0.0,0.0,24.0,7.0
20,2024,10,0.0,15.0,22.0,3.0,0.0,14.0,1.0,1.0,8.0,0.0,0.0,0.0,0.0,0.0,0.0,0.0,8.0,1.0,0.0,0.0,2.0,0.0,14.0,0.0,0.0,0.0,5.0,2.0,0.0,24.0,0.0
20,2024,11,1.0,10.0,22.0,6.0,0.0,13.0,2.0,1.0,8.0,0.0,0.0,0.0,2.0,0.0,0.0,0.0,12.0,1.0,0.0,0.0,1.0,0.0,7.0,0.0,0.0,0.0,8.0,0.0,0.0,26.0,4.0
20,2024,12,0.0,8.0,21.0,4.0,0.0,14.0,1.0,1.0,7.0,0.0,1.0,0.0,0.0,0.0,0.0,1.0,10.0,1.0,0.0,0.0,6.0,0.0,9.0,0.0,0.0,1.0,6.0,0.0,0.0,23.0,4.0
20,2025,1,0.0,8.0,14.0,6.0,0.0,14.0,0.0,1.0,6.0,0.0,0.0,0.0,1.0,0.0,0.0,0.0,7.0,0.0,0.0,0.0,0.0,0.0,10.0,0.0,0.0,1.0,1.0,0.0,0.0,26.0,3.0
20,2025,2,0.0,11.0,9.0,1.0,0.0,4.0,0.0,1.0,13.0,0.0,0.0,0.0,0.0,0.0,0.0,0.0,6.0,1.0,0.0,0.0,1.0,0.0,7.0,0.0,0.0,0.0,2.0,1.0,0.0,17.0,2.0
20,2025,3,0.0,7.0,22.0,2.0,0.0,9.0,0.0,0.0,7.0,0.0,0.0,0.0,0.0,0.0,0.0,0.0,5.0,3.0,0.0,0.0,1.0,0.0,6.0,0.0,0.0,0.0,1.0,1.0,0.0,18.0,1.0
20,2025,4,0.0,3.0,4.0,2.0,0.0,5.0,0.0,2.0,6.0,0.0,0.0,0.0,0.0,0.0,0.0,0.0,1.0,0.0,0.0,0.0,0.0,0.0,7.0,0.0,0.0,0.0,1.0,0.0,0.0,9.0,1.0
20,2025,5,0.0,7.0,21.0,1.0,0.0,11.0,3.0,1.0,5.0,0.0,0.0,0.0,1.0,0.0,0.0,3.0,5.0,1.0,0.0,0.0,2.0,0.0,10.0,0.0,0.0,0.0,4.0,0.0,0.0,15.0,5.0
20,2025,6,2.0,16.0,32.0,3.0,0.0,11.0,1.0,3.0,14.0,0.0,0.0,0.0,0.0,0.0,0.0,0.0,5.0,0.0,0.0,0.0,2.0,0.0,12.0,0.0,0.0,0.0,2.0,2.0,0.0,17.0,10.0
20,2025,7,3.0,13.0,24.0,5.0,0.0,16.0,1.0,0.0,8.0,0.0,0.0,0.0,0.0,0.0,0.0,0.0,5.0,0.0,0.0,0.0,2.0,0.0,13.0,0.0,0.0,0.0,3.0,2.0,0.0,31.0,4.0
20,2025,8,0.0,10.0,23.0,3.0,0.0,6.0,1.0,1.0,4.0,0.0,0.0,0.0,0.0,0.0,0.0,3.0,8.0,2.0,0.0,0.0,2.0,0.0,8.0,0.0,0.0,1.0,3.0,0.0,2.0,22.0,2.0
20,2025,9,1.0,10.0,13.0,3.0,0.0,8.0,0.0,3.0,5.0,0.0,1.0,0.0,0.0,0.0,0.0,0.0,3.0,1.0,0.0,0.0,2.0,0.0,10.0,0.0,0.0,2.0,1.0,1.0,0.0,17.0,8.0
20,2025,10,1.0,11.0,21.0,6.0,0.0,20.0,0.0,2.0,9.0,0.0,0.0,0.0,0.0,0.0,0.0,0.0,10.0,1.0,0.0,0.0,1.0,0.0,6.0,0.0,0.0,0.0,3.0,0.0,0.0,26.0,2.0
20,2025,11,0.0,6.0,22.0,2.0,1.0,12.0,0.0,0.0,4.0,0.0,0.0,0.0,0.0,0.0,1.0,0.0,8.0,1.0,0.0,0.0,0.0,0.0,2.0,0.0,0.0,1.0,9.0,3.0,0.0,21.0,1.0
20,2025,12,0.0,13.0,20.0,8.0,0.0,16.0,1.0,2.0,8.0,0.0,0.0,0.0,0.0,0.0,0.0,0.0,9.0,2.0,0.0,1.0,0.0,0.0,8.0,0.0,0.0,0.0,3.0,2.0,0.0,14.0,5.0
20,2026,1,0.0,10.0,15.0,3.0,0.0,8.0,0.0,1.0,3.0,0.0,0.0,0.0,0.0,0.0,0.0,0.0,7.0,0.0,0.0,0.0,2.0,0.0,11.0,0.0,0.0,1.0,2.0,1.0,0.0,17.0,2.0
20,2026,2,0.0,9.0,20.0,4.0,0.0,21.0,0.0,0.0,6.0,0.0,0.0,0.0,0.0,1.0,0.0,2.0,11.0,2.0,0.0,0.0,0.0,0.0,11.0,0.0,0.0,3.0,2.0,0.0,0.0,11.0,3.0
20,2026,3,0.0,15.0,18.0,25.0,0.0,14.0,0.0,2.0,13.0,0.0,0.0,0.0,0.0,0.0,0.0,0.0,3.0,6.0,0.0,0.0,2.0,0.0,14.0,0.0,0.0,2.0,1.0,2.0,0.0,28.0,0.0
20,2026,4,0.0,3.0,2.0,5.0,0.0,2.0,1.0,0.0,0.0,0.0,0.0,0.0,0.0,0.0,0.0,0.0,0.0,0.0,0.0,0.0,0.0,0.0,0.0,0.0,0.0,0.0,0.0,0.0,0.0,0.0,2.0
21,2024,1,1.0,15.0,21.0,8.0,0.0,14.0,0.0,3.0,8.0,0.0,0.0,0.0,0.0,1.0,0.0,1.0,13.0,1.0,0.0,1.0,0.0,0.0,17.0,0.0,0.0,0.0,2.0,0.0,1.0,64.0,2.0
21,2024,2,1.0,24.0,23.0,8.0,0.0,19.0,0.0,4.0,11.0,0.0,0.0,0.0,1.0,0.0,0.0,0.0,16.0,3.0,0.0,0.0,0.0,0.0,21.0,0.0,0.0,2.0,10.0,2.0,1.0,72.0,1.0
21,2024,3,0.0,10.0,35.0,3.0,0.0,15.0,2.0,3.0,9.0,0.0,0.0,0.0,0.0,0.0,1.0,0.0,18.0,1.0,0.0,0.0,1.0,0.0,9.0,0.0,0.0,0.0,7.0,0.0,0.0,74.0,4.0
21,2024,4,0.0,10.0,22.0,9.0,0.0,22.0,1.0,6.0,17.0,0.0,0.0,0.0,1.0,0.0,0.0,0.0,16.0,0.0,0.0,0.0,1.0,0.0,9.0,0.0,0.0,2.0,3.0,2.0,0.0,83.0,5.0
21,2024,5,0.0,16.0,36.0,6.0,0.0,12.0,0.0,6.0,14.0,0.0,0.0,0.0,0.0,0.0,0.0,0.0,17.0,2.0,0.0,0.0,1.0,0.0,14.0,0.0,0.0,1.0,6.0,2.0,1.0,97.0,2.0
21,2024,6,1.0,18.0,25.0,5.0,0.0,16.0,2.0,5.0,11.0,0.0,0.0,0.0,0.0,0.0,0.0,0.0,12.0,1.0,0.0,0.0,1.0,0.0,9.0,0.0,0.0,1.0,5.0,1.0,1.0,68.0,0.0
21,2024,7,1.0,14.0,23.0,3.0,0.0,31.0,2.0,5.0,16.0,0.0,0.0,0.0,0.0,0.0,0.0,0.0,18.0,1.0,0.0,0.0,1.0,0.0,11.0,0.0,0.0,0.0,9.0,2.0,0.0,94.0,2.0
21,2024,8,0.0,17.0,29.0,6.0,0.0,14.0,1.0,4.0,9.0,0.0,0.0,0.0,0.0,0.0,1.0,0.0,15.0,1.0,0.0,0.0,0.0,0.0,7.0,0.0,0.0,3.0,7.0,0.0,0.0,89.0,6.0
21,2024,9,0.0,18.0,28.0,12.0,0.0,22.0,1.0,3.0,8.0,0.0,0.0,0.0,0.0,1.0,0.0,0.0,12.0,1.0,0.0,0.0,2.0,0.0,9.0,0.0,0.0,1.0,5.0,0.0,1.0,70.0,1.0
21,2024,10,0.0,23.0,30.0,12.0,0.0,28.0,0.0,6.0,11.0,0.0,0.0,0.0,0.0,1.0,0.0,0.0,17.0,1.0,0.0,0.0,1.0,0.0,7.0,0.0,0.0,2.0,5.0,0.0,0.0,83.0,2.0
21,2024,11,1.0,10.0,29.0,7.0,0.0,26.0,0.0,2.0,14.0,0.0,0.0,0.0,0.0,0.0,0.0,0.0,15.0,0.0,0.0,1.0,0.0,0.0,7.0,0.0,0.0,0.0,6.0,0.0,3.0,66.0,1.0
21,2024,12,0.0,14.0,22.0,8.0,0.0,12.0,0.0,5.0,12.0,0.0,0.0,0.0,0.0,0.0,0.0,0.0,9.0,0.0,0.0,0.0,1.0,0.0,15.0,0.0,0.0,2.0,6.0,2.0,1.0,45.0,3.0
21,2025,1,0.0,9.0,23.0,10.0,0.0,21.0,1.0,3.0,18.0,0.0,0.0,0.0,1.0,0.0,0.0,0.0,19.0,0.0,0.0,0.0,0.0,0.0,7.0,0.0,0.0,0.0,2.0,2.0,0.0,63.0,3.0
21,2025,2,0.0,14.0,21.0,5.0,1.0,11.0,0.0,4.0,9.0,0.0,0.0,0.0,0.0,0.0,0.0,0.0,3.0,2.0,0.0,0.0,0.0,0.0,13.0,1.0,0.0,0.0,3.0,1.0,1.0,50.0,0.0
21,2025,3,0.0,6.0,14.0,9.0,0.0,18.0,0.0,2.0,11.0,0.0,0.0,0.0,0.0,0.0,0.0,0.0,11.0,0.0,0.0,0.0,0.0,0.0,8.0,0.0,0.0,0.0,2.0,0.0,0.0,54.0,2.0
21,2025,4,0.0,7.0,10.0,11.0,0.0,5.0,0.0,0.0,10.0,0.0,0.0,0.0,0.0,0.0,0.0,0.0,5.0,0.0,0.0,0.0,1.0,0.0,6.0,0.0,0.0,0.0,1.0,3.0,0.0,23.0,0.0
21,2025,5,0.0,16.0,27.0,8.0,0.0,17.0,0.0,3.0,7.0,0.0,0.0,0.0,0.0,0.0,0.0,0.0,12.0,4.0,0.0,0.0,0.0,0.0,6.0,0.0,0.0,0.0,2.0,0.0,0.0,67.0,3.0
21,2025,6,0.0,23.0,60.0,21.0,0.0,17.0,0.0,4.0,42.0,0.0,1.0,0.0,0.0,0.0,0.0,2.0,14.0,0.0,0.0,0.0,0.0,0.0,20.0,0.0,0.0,0.0,6.0,1.0,0.0,157.0,0.0
21,2025,7,1.0,18.0,33.0,13.0,0.0,29.0,0.0,10.0,16.0,0.0,0.0,0.0,0.0,0.0,0.0,0.0,7.0,2.0,0.0,0.0,0.0,0.0,9.0,0.0,0.0,0.0,6.0,0.0,0.0,78.0,3.0
21,2025,8,0.0,12.0,20.0,10.0,0.0,28.0,0.0,5.0,7.0,0.0,0.0,0.0,0.0,0.0,0.0,0.0,17.0,3.0,0.0,0.0,0.0,0.0,9.0,0.0,0.0,0.0,5.0,0.0,0.0,55.0,1.0
21,2025,9,0.0,7.0,17.0,13.0,0.0,34.0,0.0,3.0,7.0,0.0,0.0,0.0,0.0,0.0,0.0,0.0,10.0,2.0,0.0,0.0,0.0,0.0,9.0,0.0,0.0,0.0,2.0,1.0,0.0,47.0,0.0
21,2025,10,0.0,8.0,33.0,22.0,0.0,16.0,1.0,4.0,18.0,0.0,0.0,0.0,0.0,0.0,0.0,0.0,18.0,2.0,0.0,0.0,1.0,0.0,13.0,0.0,0.0,0.0,8.0,1.0,0.0,65.0,1.0
21,2025,11,1.0,21.0,27.0,11.0,0.0,27.0,0.0,2.0,16.0,0.0,1.0,0.0,0.0,0.0,0.0,0.0,10.0,1.0,0.0,0.0,0.0,0.0,6.0,0.0,0.0,0.0,2.0,0.0,0.0,58.0,5.0
21,2025,12,0.0,13.0,16.0,13.0,0.0,23.0,1.0,8.0,9.0,0.0,0.0,0.0,0.0,0.0,0.0,0.0,7.0,1.0,0.0,0.0,0.0,0.0,8.0,0.0,0.0,2.0,5.0,2.0,0.0,65.0,0.0
21,2026,1,0.0,10.0,24.0,15.0,0.0,13.0,1.0,4.0,15.0,0.0,0.0,0.0,1.0,0.0,0.0,0.0,13.0,0.0,0.0,0.0,1.0,0.0,6.0,0.0,0.0,0.0,2.0,0.0,0.0,76.0,1.0
21,2026,2,0.0,11.0,34.0,10.0,2.0,15.0,0.0,10.0,16.0,0.0,0.0,0.0,0.0,0.0,0.0,0.0,12.0,0.0,0.0,0.0,3.0,0.0,13.0,0.0,0.0,0.0,1.0,0.0,0.0,85.0,1.0
21,2026,3,1.0,10.0,24.0,46.0,0.0,24.0,0.0,4.0,14.0,0.0,1.0,0.0,1.0,0.0,0.0,0.0,14.0,5.0,0.0,0.0,1.0,0.0,14.0,0.0,0.0,0.0,3.0,2.0,0.0,74.0,1.0
21,2026,4,0.0,1.0,3.0,8.0,0.0,3.0,0.0,1.0,1.0,0.0,0.0,0.0,0.0,0.0,0.0,0.0,1.0,0.0,0.0,0.0,0.0,0.0,0.0,0.0,0.0,0.0,1.0,0.0,0.0,4.0,0.0
22,2024,1,0.0,26.0,44.0,10.0,0.0,40.0,1.0,7.0,27.0,0.0,0.0,0.0,0.0,0.0,0.0,0.0,54.0,1.0,0.0,0.0,5.0,0.0,20.0,0.0,0.0,3.0,16.0,2.0,1.0,164.0,6.0
22,2024,2,0.0,15.0,64.0,14.0,0.0,44.0,2.0,2.0,22.0,0.0,0.0,0.0,0.0,0.0,0.0,0.0,33.0,2.0,0.0,0.0,0.0,0.0,24.0,0.0,0.0,0.0,20.0,5.0,0.0,165.0,4.0
22,2024,3,2.0,29.0,56.0,16.0,0.0,36.0,1.0,4.0,28.0,0.0,0.0,0.0,0.0,1.0,0.0,0.0,35.0,4.0,0.0,0.0,2.0,0.0,22.0,0.0,0.0,0.0,27.0,0.0,0.0,136.0,4.0
22,2024,4,2.0,28.0,53.0,16.0,1.0,34.0,4.0,3.0,26.0,0.0,2.0,0.0,0.0,0.0,0.0,0.0,27.0,2.0,0.0,1.0,2.0,0.0,27.0,0.0,0.0,1.0,8.0,3.0,0.0,141.0,7.0
22,2024,5,1.0,33.0,52.0,25.0,1.0,38.0,0.0,3.0,26.0,0.0,0.0,0.0,0.0,1.0,0.0,0.0,41.0,5.0,0.0,0.0,2.0,0.0,33.0,0.0,0.0,1.0,27.0,5.0,2.0,189.0,3.0
22,2024,6,1.0,33.0,58.0,17.0,0.0,49.0,3.0,5.0,23.0,0.0,0.0,0.0,0.0,0.0,0.0,0.0,48.0,2.0,0.0,1.0,2.0,0.0,19.0,0.0,0.0,3.0,15.0,3.0,0.0,192.0,5.0
22,2024,7,2.0,35.0,76.0,15.0,1.0,56.0,0.0,5.0,22.0,0.0,0.0,0.0,0.0,0.0,0.0,0.0,30.0,2.0,0.0,0.0,0.0,0.0,31.0,0.0,0.0,3.0,16.0,0.0,1.0,226.0,9.0
22,2024,8,0.0,19.0,67.0,22.0,0.0,47.0,2.0,8.0,26.0,0.0,0.0,0.0,3.0,0.0,0.0,2.0,48.0,2.0,0.0,0.0,0.0,0.0,26.0,0.0,0.0,0.0,7.0,0.0,2.0,181.0,9.0
22,2024,9,0.0,30.0,68.0,30.0,0.0,35.0,1.0,7.0,32.0,1.0,0.0,0.0,2.0,2.0,0.0,0.0,50.0,1.0,0.0,0.0,2.0,0.0,25.0,0.0,0.0,1.0,12.0,6.0,0.0,202.0,4.0
22,2024,10,1.0,20.0,55.0,46.0,0.0,45.0,3.0,11.0,32.0,0.0,0.0,0.0,0.0,0.0,0.0,1.0,66.0,2.0,0.0,2.0,1.0,0.0,19.0,0.0,0.0,1.0,15.0,0.0,1.0,192.0,4.0
22,2024,11,0.0,20.0,42.0,30.0,0.0,51.0,1.0,4.0,25.0,0.0,0.0,0.0,0.0,1.0,0.0,1.0,41.0,1.0,0.0,0.0,1.0,0.0,13.0,0.0,0.0,1.0,4.0,1.0,1.0,157.0,2.0
22,2024,12,0.0,18.0,52.0,27.0,0.0,65.0,6.0,7.0,28.0,0.0,1.0,0.0,0.0,0.0,1.0,0.0,43.0,1.0,0.0,0.0,3.0,0.0,17.0,0.0,0.0,0.0,20.0,2.0,0.0,145.0,2.0
22,2025,1,0.0,24.0,32.0,18.0,1.0,25.0,3.0,5.0,27.0,0.0,0.0,0.0,1.0,0.0,0.0,0.0,27.0,1.0,0.0,0.0,1.0,0.0,24.0,0.0,0.0,2.0,14.0,5.0,1.0,128.0,3.0
22,2025,2,1.0,16.0,36.0,10.0,0.0,23.0,2.0,6.0,17.0,0.0,0.0,0.0,1.0,0.0,0.0,0.0,24.0,1.0,0.0,0.0,1.0,0.0,23.0,0.0,0.0,1.0,8.0,3.0,0.0,125.0,2.0
22,2025,3,0.0,20.0,40.0,11.0,1.0,31.0,2.0,8.0,27.0,0.0,0.0,0.0,0.0,0.0,0.0,1.0,25.0,4.0,0.0,0.0,7.0,0.0,19.0,0.0,0.0,0.0,7.0,7.0,0.0,116.0,7.0
22,2025,4,0.0,10.0,21.0,6.0,0.0,23.0,3.0,4.0,14.0,0.0,0.0,0.0,0.0,0.0,0.0,2.0,13.0,0.0,0.0,0.0,1.0,0.0,7.0,0.0,0.0,0.0,7.0,0.0,1.0,72.0,4.0
22,2025,5,1.0,30.0,61.0,29.0,0.0,34.0,0.0,8.0,35.0,0.0,0.0,0.0,0.0,0.0,0.0,1.0,20.0,5.0,0.0,0.0,2.0,0.0,24.0,0.0,0.0,1.0,6.0,3.0,3.0,114.0,3.0
22,2025,6,0.0,26.0,73.0,55.0,2.0,84.0,2.0,15.0,48.0,0.0,1.0,0.0,2.0,0.0,0.0,2.0,43.0,6.0,0.0,0.0,2.0,0.0,30.0,0.0,0.0,4.0,17.0,4.0,1.0,257.0,6.0
22,2025,7,2.0,29.0,38.0,25.0,0.0,64.0,1.0,12.0,30.0,0.0,1.0,0.0,3.0,0.0,0.0,1.0,38.0,7.0,0.0,0.0,0.0,0.0,20.0,0.0,0.0,0.0,9.0,3.0,0.0,196.0,2.0
22,2025,8,0.0,29.0,31.0,32.0,0.0,38.0,5.0,7.0,25.0,0.0,0.0,0.0,0.0,2.0,0.0,0.0,21.0,1.0,0.0,0.0,1.0,0.0,20.0,0.0,0.0,1.0,9.0,1.0,1.0,128.0,2.0
22,2025,9,0.0,17.0,38.0,37.0,1.0,45.0,1.0,2.0,16.0,0.0,0.0,0.0,0.0,0.0,0.0,0.0,14.0,2.0,0.0,0.0,1.0,0.0,21.0,1.0,0.0,0.0,5.0,4.0,2.0,113.0,5.0
22,2025,10,0.0,31.0,46.0,37.0,0.0,58.0,2.0,9.0,22.0,0.0,0.0,0.0,0.0,0.0,0.0,0.0,19.0,2.0,0.0,0.0,1.0,0.0,28.0,0.0,0.0,0.0,11.0,6.0,2.0,143.0,5.0
22,2025,11,0.0,32.0,43.0,30.0,0.0,40.0,2.0,2.0,22.0,0.0,0.0,0.0,2.0,2.0,0.0,0.0,24.0,2.0,0.0,0.0,1.0,0.0,12.0,0.0,0.0,0.0,12.0,2.0,1.0,146.0,1.0
22,2025,12,1.0,19.0,52.0,18.0,0.0,42.0,3.0,13.0,19.0,0.0,0.0,0.0,0.0,0.0,0.0,0.0,24.0,4.0,0.0,0.0,1.0,0.0,22.0,0.0,0.0,2.0,6.0,0.0,1.0,118.0,1.0
22,2026,1,0.0,16.0,44.0,22.0,0.0,32.0,0.0,6.0,23.0,0.0,0.0,0.0,0.0,0.0,0.0,1.0,30.0,3.0,0.0,0.0,0.0,0.0,12.0,0.0,0.0,0.0,3.0,1.0,2.0,114.0,1.0
22,2026,2,0.0,26.0,47.0,33.0,1.0,48.0,0.0,4.0,28.0,0.0,0.0,0.0,5.0,0.0,0.0,0.0,34.0,5.0,0.0,0.0,0.0,0.0,28.0,2.0,0.0,0.0,5.0,0.0,1.0,159.0,10.0
22,2026,3,1.0,18.0,48.0,83.0,2.0,73.0,0.0,5.0,22.0,0.0,0.0,0.0,0.0,0.0,0.0,1.0,26.0,4.0,0.0,0.0,0.0,0.0,18.0,0.0,0.0,1.0,1.0,0.0,3.0,134.0,1.0
22,2026,4,0.0,4.0,6.0,18.0,0.0,7.0,1.0,1.0,0.0,0.0,0.0,0.0,1.0,0.0,0.0,0.0,5.0,2.0,0.0,0.0,1.0,0.0,1.0,0.0,0.0,0.0,3.0,0.0,0.0,11.0,0.0
23,2024,1,1.0,43.0,94.0,6.0,1.0,38.0,0.0,4.0,28.0,0.0,0.0,0.0,0.0,0.0,0.0,0.0,37.0,93.0,0.0,0.0,6.0,0.0,49.0,0.0,0.0,2.0,28.0,6.0,3.0,55.0,19.0
23,2024,2,0.0,31.0,83.0,12.0,2.0,42.0,5.0,5.0,11.0,0.0,1.0,0.0,1.0,0.0,1.0,2.0,42.0,83.0,0.0,0.0,10.0,0.0,47.0,0.0,0.0,4.0,22.0,5.0,0.0,56.0,20.0
23,2024,3,1.0,52.0,101.0,14.0,0.0,58.0,2.0,7.0,28.0,0.0,1.0,0.0,0.0,0.0,0.0,0.0,36.0,84.0,0.0,1.0,6.0,0.0,37.0,0.0,0.0,5.0,37.0,3.0,0.0,86.0,30.0
23,2024,4,1.0,52.0,110.0,20.0,1.0,52.0,1.0,13.0,17.0,0.0,0.0,0.0,0.0,1.0,0.0,0.0,49.0,90.0,0.0,0.0,4.0,0.0,34.0,0.0,0.0,1.0,21.0,3.0,1.0,72.0,26.0
23,2024,5,3.0,68.0,132.0,16.0,0.0,67.0,3.0,7.0,25.0,0.0,0.0,0.0,5.0,0.0,0.0,0.0,27.0,100.0,0.0,0.0,7.0,0.0,32.0,0.0,0.0,5.0,20.0,4.0,1.0,79.0,16.0
23,2024,6,5.0,70.0,143.0,14.0,0.0,57.0,2.0,2.0,23.0,0.0,2.0,0.0,5.0,0.0,0.0,0.0,47.0,81.0,0.0,0.0,9.0,0.0,43.0,0.0,0.0,1.0,22.0,3.0,0.0,88.0,30.0
23,2024,7,1.0,72.0,111.0,16.0,0.0,59.0,4.0,13.0,26.0,0.0,1.0,0.0,1.0,0.0,1.0,0.0,52.0,103.0,0.0,0.0,6.0,0.0,54.0,0.0,0.0,1.0,48.0,4.0,1.0,103.0,28.0
23,2024,8,3.0,50.0,103.0,18.0,2.0,55.0,3.0,11.0,40.0,0.0,5.0,0.0,0.0,0.0,0.0,1.0,48.0,98.0,0.0,0.0,6.0,0.0,42.0,0.0,0.0,2.0,30.0,3.0,0.0,92.0,30.0
23,2024,9,0.0,55.0,123.0,35.0,0.0,57.0,5.0,14.0,25.0,0.0,1.0,0.0,0.0,0.0,0.0,0.0,44.0,73.0,0.0,0.0,2.0,0.0,46.0,0.0,0.0,2.0,23.0,0.0,0.0,73.0,26.0
23,2024,10,4.0,45.0,99.0,20.0,0.0,53.0,3.0,9.0,28.0,1.0,3.0,0.0,2.0,0.0,0.0,0.0,52.0,60.0,0.0,0.0,6.0,0.0,35.0,0.0,0.0,6.0,25.0,5.0,0.0,87.0,13.0
23,2024,11,0.0,46.0,97.0,16.0,1.0,45.0,4.0,9.0,15.0,0.0,2.0,0.0,3.0,0.0,0.0,0.0,40.0,109.0,0.0,1.0,4.0,0.0,31.0,7.0,0.0,3.0,24.0,0.0,4.0,76.0,12.0
23,2024,12,1.0,33.0,109.0,17.0,0.0,47.0,2.0,11.0,19.0,0.0,1.0,0.0,1.0,0.0,1.0,0.0,44.0,115.0,0.0,0.0,3.0,0.0,32.0,0.0,0.0,2.0,43.0,2.0,0.0,79.0,18.0
23,2025,1,0.0,27.0,76.0,5.0,0.0,51.0,4.0,11.0,16.0,0.0,1.0,0.0,3.0,0.0,0.0,0.0,29.0,152.0,0.0,0.0,3.0,0.0,49.0,2.0,0.0,1.0,26.0,3.0,2.0,70.0,11.0
23,2025,2,0.0,32.0,73.0,14.0,0.0,29.0,2.0,14.0,20.0,0.0,2.0,0.0,4.0,0.0,1.0,0.0,13.0,160.0,0.0,0.0,5.0,0.0,34.0,0.0,0.0,3.0,16.0,1.0,0.0,64.0,6.0
23,2025,3,0.0,27.0,97.0,15.0,1.0,36.0,2.0,8.0,21.0,0.0,1.0,0.0,3.0,0.0,1.0,0.0,22.0,111.0,0.0,1.0,3.0,0.0,35.0,0.0,0.0,1.0,11.0,5.0,0.0,65.0,13.0
23,2025,4,0.0,23.0,46.0,2.0,0.0,18.0,3.0,3.0,14.0,1.0,1.0,0.0,0.0,0.0,0.0,1.0,8.0,31.0,0.0,0.0,2.0,0.0,15.0,0.0,0.0,1.0,2.0,0.0,0.0,42.0,4.0
23,2025,5,1.0,71.0,120.0,15.0,0.0,47.0,5.0,12.0,20.0,0.0,4.0,0.0,6.0,1.0,0.0,0.0,30.0,120.0,1.0,0.0,4.0,0.0,30.0,0.0,0.0,5.0,16.0,1.0,3.0,89.0,17.0
23,2025,6,2.0,77.0,165.0,21.0,1.0,85.0,3.0,20.0,34.0,0.0,0.0,0.0,5.0,0.0,0.0,2.0,45.0,127.0,0.0,0.0,7.0,0.0,46.0,0.0,0.0,16.0,21.0,4.0,2.0,148.0,31.0
23,2025,7,4.0,43.0,118.0,19.0,1.0,51.0,0.0,6.0,21.0,0.0,0.0,0.0,5.0,0.0,0.0,0.0,34.0,116.0,0.0,0.0,6.0,0.0,37.0,0.0,0.0,1.0,20.0,4.0,0.0,92.0,16.0
23,2025,8,1.0,41.0,87.0,14.0,0.0,39.0,8.0,4.0,20.0,1.0,0.0,0.0,3.0,1.0,0.0,0.0,45.0,60.0,0.0,0.0,3.0,0.0,30.0,0.0,0.0,2.0,12.0,7.0,0.0,77.0,14.0
23,2025,9,0.0,18.0,88.0,17.0,0.0,45.0,5.0,9.0,15.0,0.0,1.0,0.0,2.0,0.0,0.0,0.0,33.0,61.0,0.0,0.0,2.0,0.0,18.0,0.0,0.0,2.0,13.0,1.0,0.0,72.0,7.0
23,2025,10,1.0,46.0,106.0,18.0,0.0,52.0,4.0,10.0,33.0,0.0,1.0,0.0,3.0,0.0,0.0,0.0,52.0,74.0,0.0,3.0,6.0,0.0,38.0,0.0,0.0,3.0,16.0,3.0,0.0,69.0,11.0
23,2025,11,0.0,37.0,105.0,20.0,0.0,41.0,1.0,7.0,20.0,0.0,0.0,0.0,1.0,0.0,0.0,1.0,41.0,54.0,0.0,0.0,1.0,0.0,36.0,0.0,0.0,1.0,16.0,1.0,0.0,63.0,10.0
23,2025,12,1.0,39.0,72.0,16.0,0.0,40.0,0.0,7.0,14.0,0.0,2.0,0.0,2.0,0.0,0.0,0.0,41.0,52.0,0.0,0.0,1.0,0.0,31.0,0.0,0.0,2.0,10.0,4.0,0.0,49.0,5.0
23,2026,1,1.0,35.0,86.0,13.0,0.0,45.0,4.0,9.0,24.0,0.0,1.0,0.0,1.0,0.0,0.0,0.0,48.0,95.0,0.0,0.0,5.0,0.0,26.0,1.0,1.0,3.0,11.0,1.0,0.0,57.0,12.0
23,2026,2,0.0,35.0,100.0,20.0,2.0,36.0,3.0,15.0,22.0,0.0,0.0,0.0,4.0,1.0,0.0,0.0,45.0,81.0,0.0,0.0,5.0,0.0,39.0,0.0,0.0,4.0,16.0,1.0,1.0,67.0,10.0
23,2026,3,0.0,45.0,107.0,28.0,1.0,32.0,1.0,13.0,12.0,0.0,0.0,0.0,6.0,0.0,1.0,0.0,41.0,56.0,0.0,0.0,4.0,0.0,33.0,1.0,1.0,0.0,10.0,1.0,0.0,87.0,7.0
23,2026,4,0.0,4.0,11.0,3.0,0.0,4.0,0.0,2.0,2.0,0.0,0.0,0.0,0.0,0.0,0.0,0.0,3.0,5.0,0.0,0.0,0.0,0.0,2.0,0.0,0.0,0.0,1.0,1.0,0.0,12.0,0.0
24,2024,1,1.0,29.0,52.0,28.0,0.0,61.0,3.0,14.0,34.0,0.0,0.0,0.0,0.0,2.0,0.0,2.0,63.0,5.0,0.0,0.0,2.0,0.0,29.0,0.0,0.0,1.0,23.0,3.0,0.0,202.0,3.0
24,2024,2,2.0,36.0,75.0,35.0,0.0,74.0,3.0,9.0,44.0,0.0,0.0,0.0,0.0,1.0,0.0,0.0,79.0,2.0,0.0,0.0,1.0,0.0,26.0,0.0,0.0,2.0,17.0,3.0,0.0,212.0,1.0
24,2024,3,1.0,37.0,68.0,17.0,0.0,70.0,1.0,13.0,40.0,1.0,0.0,0.0,0.0,0.0,1.0,0.0,72.0,4.0,0.0,0.0,2.0,0.0,15.0,0.0,0.0,1.0,35.0,4.0,1.0,198.0,5.0
24,2024,4,0.0,42.0,66.0,37.0,0.0,76.0,2.0,16.0,41.0,0.0,0.0,0.0,0.0,0.0,1.0,3.0,67.0,9.0,0.0,0.0,4.0,0.0,25.0,0.0,0.0,4.0,23.0,3.0,1.0,193.0,6.0
24,2024,5,0.0,53.0,106.0,28.0,1.0,74.0,5.0,12.0,44.0,0.0,0.0,0.0,0.0,1.0,0.0,0.0,73.0,6.0,0.0,0.0,4.0,0.0,33.0,0.0,0.0,1.0,35.0,2.0,2.0,221.0,4.0
24,2024,6,0.0,40.0,83.0,31.0,0.0,59.0,1.0,15.0,35.0,0.0,0.0,0.0,0.0,0.0,0.0,0.0,116.0,7.0,0.0,0.0,1.0,0.0,20.0,0.0,0.0,4.0,29.0,3.0,1.0,231.0,17.0
24,2024,7,0.0,34.0,77.0,45.0,1.0,72.0,3.0,13.0,42.0,0.0,0.0,0.0,1.0,0.0,0.0,0.0,96.0,7.0,0.0,0.0,1.0,0.0,20.0,0.0,0.0,0.0,23.0,4.0,2.0,251.0,12.0
24,2024,8,0.0,34.0,74.0,47.0,0.0,85.0,3.0,5.0,48.0,0.0,0.0,0.0,0.0,1.0,1.0,1.0,114.0,5.0,0.0,0.0,1.0,0.0,25.0,0.0,0.0,3.0,17.0,6.0,5.0,281.0,8.0
24,2024,9,0.0,44.0,79.0,44.0,0.0,75.0,2.0,13.0,26.0,0.0,3.0,1.0,0.0,0.0,1.0,0.0,105.0,6.0,0.0,0.0,0.0,0.0,33.0,0.0,0.0,2.0,25.0,2.0,5.0,250.0,9.0
24,2024,10,0.0,39.0,107.0,66.0,1.0,77.0,0.0,13.0,55.0,0.0,0.0,0.0,1.0,0.0,0.0,1.0,116.0,4.0,0.0,0.0,1.0,0.0,15.0,0.0,0.0,2.0,24.0,1.0,3.0,233.0,9.0
24,2024,11,0.0,48.0,64.0,49.0,0.0,86.0,4.0,10.0,26.0,0.0,0.0,0.0,2.0,0.0,0.0,1.0,93.0,3.0,0.0,0.0,2.0,0.0,24.0,0.0,0.0,1.0,25.0,1.0,0.0,199.0,8.0
24,2024,12,0.0,30.0,62.0,41.0,0.0,87.0,3.0,17.0,33.0,0.0,0.0,0.0,1.0,0.0,0.0,2.0,64.0,8.0,0.0,0.0,1.0,0.0,20.0,0.0,0.0,2.0,37.0,4.0,0.0,184.0,7.0
24,2025,1,0.0,18.0,34.0,24.0,1.0,49.0,2.0,13.0,37.0,0.0,0.0,0.0,2.0,0.0,1.0,2.0,47.0,6.0,0.0,0.0,2.0,0.0,20.0,0.0,0.0,3.0,42.0,3.0,1.0,199.0,1.0
24,2025,2,0.0,24.0,62.0,20.0,0.0,26.0,2.0,8.0,30.0,0.0,0.0,0.0,2.0,0.0,1.0,1.0,40.0,5.0,0.0,0.0,4.0,0.0,28.0,0.0,0.0,1.0,17.0,5.0,0.0,163.0,2.0
24,2025,3,1.0,38.0,64.0,27.0,0.0,47.0,6.0,8.0,34.0,0.0,0.0,0.0,1.0,0.0,0.0,0.0,58.0,8.0,0.0,0.0,2.0,0.0,21.0,0.0,0.0,1.0,17.0,4.0,0.0,146.0,6.0
24,2025,4,0.0,15.0,25.0,15.0,0.0,25.0,1.0,4.0,27.0,0.0,0.0,0.0,2.0,0.0,0.0,1.0,26.0,2.0,0.0,0.0,1.0,0.0,11.0,0.0,0.0,0.0,3.0,1.0,0.0,89.0,2.0
24,2025,5,0.0,39.0,73.0,42.0,0.0,43.0,4.0,10.0,56.0,0.0,0.0,0.0,0.0,1.0,0.0,0.0,48.0,0.0,0.0,0.0,0.0,0.0,15.0,0.0,0.0,0.0,11.0,4.0,0.0,227.0,8.0
24,2025,6,1.0,65.0,141.0,86.0,0.0,134.0,6.0,26.0,75.0,0.0,1.0,0.0,4.0,0.0,0.0,3.0,81.0,2.0,0.0,0.0,6.0,0.0,42.0,0.0,0.0,4.0,41.0,9.0,2.0,369.0,24.0
24,2025,7,2.0,39.0,79.0,66.0,0.0,93.0,0.0,15.0,42.0,0.0,0.0,0.0,2.0,0.0,0.0,0.0,69.0,7.0,0.0,0.0,5.0,0.0,32.0,0.0,0.0,5.0,8.0,3.0,8.0,240.0,6.0
24,2025,8,0.0,33.0,66.0,38.0,0.0,93.0,3.0,10.0,36.0,0.0,0.0,0.0,0.0,1.0,0.0,0.0,50.0,1.0,0.0,0.0,1.0,0.0,21.0,0.0,0.0,1.0,11.0,5.0,0.0,153.0,6.0
24,2025,9,0.0,36.0,62.0,42.0,2.0,59.0,3.0,10.0,42.0,0.0,0.0,0.0,0.0,0.0,0.0,1.0,56.0,1.0,0.0,0.0,0.0,0.0,31.0,0.0,0.0,0.0,7.0,3.0,3.0,160.0,6.0
24,2025,10,1.0,34.0,78.0,69.0,0.0,100.0,8.0,20.0,50.0,0.0,0.0,0.0,3.0,0.0,0.0,1.0,98.0,5.0,0.0,0.0,5.0,0.0,19.0,0.0,0.0,3.0,10.0,1.0,1.0,267.0,6.0
24,2025,11,1.0,28.0,63.0,60.0,0.0,89.0,3.0,12.0,36.0,0.0,1.0,0.0,0.0,1.0,0.0,0.0,51.0,3.0,0.0,0.0,3.0,0.0,14.0,0.0,0.0,2.0,8.0,9.0,2.0,159.0,3.0
24,2025,12,1.0,24.0,55.0,42.0,0.0,48.0,2.0,10.0,31.0,0.0,0.0,0.0,0.0,1.0,0.0,2.0,57.0,4.0,0.0,0.0,1.0,0.0,22.0,0.0,0.0,0.0,7.0,2.0,0.0,155.0,1.0
24,2026,1,0.0,29.0,56.0,42.0,0.0,52.0,6.0,9.0,31.0,0.0,0.0,0.0,0.0,0.0,0.0,0.0,68.0,2.0,0.0,0.0,1.0,0.0,29.0,1.0,1.0,2.0,12.0,2.0,1.0,167.0,3.0
24,2026,2,0.0,37.0,94.0,86.0,0.0,63.0,3.0,6.0,41.0,0.0,1.0,0.0,0.0,1.0,0.0,0.0,83.0,4.0,0.0,0.0,2.0,0.0,27.0,0.0,0.0,4.0,10.0,3.0,2.0,191.0,8.0
24,2026,3,1.0,36.0,70.0,105.0,1.0,100.0,6.0,13.0,39.0,0.0,1.0,0.0,0.0,0.0,0.0,2.0,92.0,3.0,0.0,1.0,1.0,0.0,19.0,0.0,0.0,3.0,5.0,7.0,1.0,183.0,8.0
24,2026,4,0.0,6.0,5.0,12.0,0.0,5.0,0.0,2.0,4.0,0.0,0.0,0.0,0.0,0.0,0.0,0.0,7.0,1.0,0.0,0.0,0.0,0.0,5.0,0.0,0.0,0.0,0.0,0.0,0.0,19.0,0.0
25,2024,1,6.0,105.0,192.0,19.0,0.0,104.0,13.0,12.0,55.0,0.0,2.0,0.0,3.0,1.0,0.0,0.0,86.0,54.0,0.0,0.0,7.0,0.0,63.0,3.0,0.0,2.0,44.0,7.0,2.0,134.0,47.0
25,2024,2,0.0,98.0,209.0,18.0,0.0,99.0,4.0,19.0,53.0,0.0,3.0,0.0,2.0,0.0,0.0,0.0,89.0,54.0,0.0,0.0,10.0,0.0,80.0,11.0,0.0,4.0,32.0,2.0,1.0,128.0,36.0
25,2024,3,1.0,131.0,226.0,20.0,0.0,126.0,8.0,13.0,48.0,0.0,5.0,0.0,2.0,1.0,0.0,2.0,87.0,42.0,0.0,0.0,13.0,0.0,76.0,7.0,0.0,4.0,62.0,3.0,1.0,121.0,36.0
25,2024,4,2.0,110.0,253.0,23.0,0.0,101.0,8.0,21.0,54.0,0.0,2.0,0.0,2.0,0.0,1.0,0.0,94.0,35.0,0.0,0.0,6.0,0.0,73.0,0.0,0.0,3.0,52.0,2.0,0.0,164.0,30.0
25,2024,5,0.0,126.0,259.0,27.0,0.0,119.0,9.0,9.0,43.0,0.0,7.0,0.0,3.0,1.0,0.0,0.0,84.0,38.0,0.0,0.0,12.0,0.0,79.0,4.0,0.0,1.0,46.0,5.0,1.0,191.0,50.0
25,2024,6,0.0,135.0,256.0,22.0,0.0,123.0,13.0,6.0,71.0,0.0,3.0,0.0,0.0,1.0,0.0,0.0,87.0,60.0,0.0,0.0,10.0,0.0,79.0,16.0,0.0,8.0,72.0,4.0,1.0,220.0,62.0
25,2024,7,1.0,114.0,257.0,28.0,0.0,113.0,12.0,14.0,38.0,0.0,7.0,0.0,4.0,0.0,0.0,1.0,98.0,71.0,0.0,0.0,16.0,0.0,73.0,8.0,0.0,1.0,72.0,6.0,0.0,198.0,63.0
25,2024,8,1.0,121.0,232.0,23.0,1.0,143.0,7.0,15.0,49.0,0.0,8.0,0.0,2.0,1.0,0.0,0.0,103.0,43.0,0.0,0.0,9.0,0.0,52.0,17.0,0.0,4.0,55.0,4.0,2.0,173.0,53.0
25,2024,9,5.0,108.0,249.0,35.0,0.0,107.0,7.0,17.0,43.0,0.0,4.0,2.0,4.0,0.0,0.0,1.0,71.0,60.0,0.0,0.0,4.0,0.0,81.0,4.0,0.0,9.0,45.0,5.0,1.0,179.0,52.0
25,2024,10,6.0,129.0,255.0,35.0,0.0,138.0,12.0,17.0,59.0,0.0,5.0,0.0,2.0,2.0,0.0,0.0,70.0,68.0,0.0,0.0,3.0,0.0,67.0,9.0,0.0,7.0,44.0,3.0,2.0,174.0,24.0
25,2024,11,3.0,88.0,226.0,38.0,0.0,96.0,5.0,13.0,42.0,1.0,2.0,1.0,4.0,0.0,0.0,0.0,84.0,80.0,0.0,0.0,10.0,0.0,62.0,15.0,0.0,4.0,47.0,3.0,0.0,169.0,20.0
25,2024,12,5.0,85.0,224.0,39.0,0.0,99.0,7.0,13.0,52.0,0.0,1.0,0.0,2.0,0.0,0.0,1.0,65.0,77.0,0.0,0.0,2.0,0.0,64.0,13.0,0.0,2.0,53.0,6.0,2.0,217.0,28.0
25,2025,1,4.0,84.0,184.0,22.0,0.0,84.0,6.0,14.0,35.0,0.0,4.0,1.0,2.0,0.0,0.0,1.0,83.0,133.0,0.0,0.0,4.0,0.0,86.0,2.0,0.0,3.0,29.0,7.0,0.0,198.0,23.0
25,2025,2,4.0,87.0,181.0,16.0,1.0,82.0,7.0,12.0,53.0,0.0,0.0,0.0,1.0,0.0,0.0,1.0,63.0,112.0,0.0,1.0,4.0,0.0,74.0,6.0,0.0,1.0,33.0,4.0,1.0,183.0,21.0
25,2025,3,0.0,69.0,197.0,24.0,0.0,114.0,9.0,19.0,40.0,0.0,7.0,0.0,7.0,0.0,0.0,1.0,42.0,85.0,0.0,0.0,4.0,0.0,70.0,6.0,0.0,2.0,16.0,6.0,0.0,142.0,31.0
25,2025,4,2.0,38.0,101.0,13.0,0.0,40.0,2.0,8.0,40.0,0.0,6.0,0.0,1.0,1.0,0.0,0.0,28.0,29.0,0.0,0.0,3.0,0.0,46.0,2.0,0.0,0.0,9.0,6.0,2.0,81.0,9.0
25,2025,5,7.0,105.0,235.0,35.0,1.0,103.0,6.0,16.0,45.0,0.0,4.0,0.0,2.0,0.0,1.0,3.0,68.0,88.0,0.0,0.0,3.0,0.0,82.0,5.0,0.0,5.0,37.0,9.0,2.0,181.0,30.0
25,2025,6,7.0,168.0,399.0,82.0,0.0,239.0,17.0,22.0,86.0,0.0,6.0,0.0,5.0,0.0,0.0,0.0,106.0,59.0,0.0,0.0,5.0,0.0,114.0,7.0,0.0,0.0,77.0,11.0,2.0,308.0,40.0
25,2025,7,2.0,123.0,307.0,27.0,1.0,149.0,10.0,26.0,42.0,0.0,1.0,0.0,10.0,1.0,0.0,0.0,65.0,68.0,0.0,0.0,2.0,0.0,111.0,6.0,0.0,3.0,42.0,6.0,3.0,187.0,64.0
25,2025,8,2.0,93.0,204.0,27.0,2.0,92.0,14.0,9.0,31.0,0.0,0.0,1.0,2.0,0.0,1.0,2.0,77.0,59.0,0.0,0.0,3.0,0.0,58.0,0.0,0.0,4.0,32.0,2.0,0.0,142.0,29.0
25,2025,9,2.0,67.0,168.0,33.0,0.0,85.0,7.0,9.0,38.0,0.0,3.0,0.0,3.0,0.0,1.0,0.0,47.0,24.0,0.0,1.0,2.0,0.0,53.0,0.0,0.0,4.0,19.0,0.0,1.0,111.0,21.0
25,2025,10,1.0,118.0,268.0,46.0,0.0,110.0,7.0,19.0,40.0,0.0,1.0,0.0,1.0,0.0,0.0,0.0,88.0,62.0,0.0,0.0,10.0,0.0,81.0,9.0,0.0,2.0,30.0,3.0,1.0,144.0,16.0
25,2025,11,1.0,104.0,241.0,35.0,0.0,75.0,7.0,26.0,37.0,0.0,3.0,0.0,3.0,0.0,0.0,1.0,71.0,56.0,0.0,0.0,6.0,0.0,68.0,6.0,0.0,4.0,27.0,8.0,3.0,149.0,30.0
25,2025,12,3.0,81.0,157.0,26.0,1.0,80.0,8.0,10.0,34.0,0.0,0.0,0.0,6.0,2.0,1.0,0.0,90.0,52.0,0.0,0.0,9.0,0.0,67.0,0.0,0.0,3.0,22.0,2.0,4.0,104.0,15.0
25,2026,1,0.0,86.0,181.0,28.0,0.0,100.0,5.0,13.0,29.0,0.0,3.0,0.0,4.0,0.0,0.0,0.0,67.0,65.0,0.0,0.0,2.0,0.0,64.0,2.0,0.0,7.0,29.0,7.0,1.0,105.0,12.0
25,2026,2,2.0,107.0,240.0,45.0,1.0,132.0,12.0,11.0,54.0,0.0,2.0,0.0,4.0,2.0,2.0,3.0,70.0,84.0,0.0,0.0,11.0,0.0,77.0,10.0,0.0,2.0,36.0,6.0,3.0,145.0,30.0
25,2026,3,9.0,112.0,247.0,60.0,0.0,125.0,7.0,14.0,23.0,0.0,3.0,0.0,2.0,0.0,0.0,0.0,76.0,91.0,0.0,0.0,3.0,0.0,94.0,6.0,0.0,1.0,30.0,6.0,6.0,143.0,32.0
25,2026,4,0.0,12.0,27.0,2.0,0.0,6.0,2.0,2.0,4.0,0.0,0.0,0.0,0.0,0.0,0.0,0.0,5.0,7.0,0.0,0.0,0.0,0.0,8.0,0.0,0.0,1.0,5.0,1.0,0.0,11.0,1.0
26,2024,1,0.0,23.0,66.0,6.0,0.0,28.0,2.0,4.0,5.0,0.0,0.0,0.0,0.0,0.0,0.0,1.0,34.0,64.0,0.0,0.0,0.0,0.0,17.0,2.0,0.0,3.0,13.0,0.0,0.0,33.0,26.0
26,2024,2,0.0,33.0,67.0,6.0,1.0,21.0,2.0,4.0,8.0,0.0,0.0,0.0,0.0,0.0,0.0,1.0,18.0,62.0,0.0,1.0,5.0,0.0,10.0,8.0,0.0,1.0,16.0,0.0,1.0,31.0,18.0
26,2024,3,1.0,41.0,61.0,4.0,0.0,39.0,4.0,2.0,7.0,0.0,0.0,0.0,0.0,0.0,0.0,0.0,18.0,72.0,0.0,0.0,2.0,0.0,23.0,11.0,0.0,1.0,7.0,3.0,0.0,22.0,16.0
26,2024,4,0.0,33.0,71.0,6.0,0.0,38.0,0.0,7.0,8.0,0.0,2.0,0.0,3.0,0.0,0.0,0.0,29.0,34.0,0.0,0.0,2.0,0.0,11.0,0.0,0.0,0.0,12.0,1.0,0.0,30.0,16.0
26,2024,5,0.0,31.0,73.0,7.0,0.0,42.0,1.0,2.0,8.0,0.0,1.0,0.0,1.0,0.0,1.0,0.0,26.0,34.0,0.0,0.0,2.0,0.0,23.0,1.0,0.0,0.0,22.0,0.0,0.0,26.0,18.0
26,2024,6,2.0,40.0,93.0,7.0,0.0,42.0,1.0,11.0,8.0,0.0,1.0,0.0,1.0,0.0,0.0,0.0,22.0,34.0,0.0,0.0,1.0,0.0,25.0,5.0,0.0,0.0,15.0,1.0,1.0,29.0,24.0
26,2024,7,1.0,40.0,83.0,4.0,0.0,37.0,3.0,3.0,17.0,0.0,2.0,0.0,2.0,0.0,0.0,0.0,21.0,44.0,0.0,0.0,4.0,0.0,24.0,3.0,0.0,4.0,11.0,0.0,1.0,29.0,27.0
26,2024,8,1.0,42.0,67.0,6.0,0.0,50.0,3.0,4.0,14.0,0.0,1.0,0.0,2.0,0.0,0.0,0.0,18.0,34.0,0.0,0.0,1.0,0.0,21.0,2.0,0.0,4.0,21.0,2.0,0.0,34.0,12.0
26,2024,9,2.0,30.0,68.0,6.0,1.0,33.0,2.0,6.0,11.0,0.0,4.0,0.0,0.0,0.0,0.0,0.0,16.0,24.0,0.0,0.0,2.0,0.0,16.0,2.0,0.0,4.0,14.0,2.0,0.0,32.0,13.0
26,2024,10,1.0,32.0,59.0,6.0,0.0,32.0,1.0,7.0,10.0,0.0,1.0,0.0,1.0,0.0,0.0,0.0,24.0,42.0,0.0,0.0,0.0,0.0,20.0,3.0,0.0,0.0,19.0,0.0,0.0,24.0,17.0
26,2024,11,1.0,23.0,42.0,8.0,0.0,29.0,2.0,5.0,9.0,0.0,2.0,0.0,3.0,0.0,0.0,0.0,16.0,33.0,0.0,0.0,4.0,0.0,23.0,7.0,0.0,0.0,11.0,0.0,0.0,21.0,3.0
26,2024,12,0.0,26.0,67.0,5.0,1.0,27.0,0.0,3.0,7.0,0.0,3.0,0.0,0.0,1.0,0.0,1.0,27.0,34.0,0.0,0.0,1.0,0.0,17.0,9.0,0.0,0.0,16.0,1.0,0.0,29.0,9.0
26,2025,1,0.0,21.0,56.0,3.0,0.0,29.0,1.0,3.0,9.0,0.0,1.0,0.0,1.0,0.0,0.0,0.0,23.0,45.0,0.0,0.0,4.0,0.0,19.0,2.0,0.0,2.0,14.0,0.0,0.0,23.0,11.0
26,2025,2,0.0,25.0,43.0,3.0,0.0,14.0,1.0,4.0,8.0,0.0,0.0,0.0,1.0,0.0,0.0,0.0,6.0,53.0,0.0,0.0,3.0,0.0,10.0,1.0,0.0,1.0,11.0,0.0,0.0,23.0,6.0
26,2025,3,0.0,18.0,54.0,5.0,0.0,25.0,3.0,3.0,4.0,0.0,0.0,0.0,3.0,0.0,0.0,0.0,13.0,39.0,0.0,0.0,1.0,0.0,13.0,1.0,0.0,1.0,7.0,0.0,0.0,22.0,19.0
26,2025,4,1.0,16.0,25.0,2.0,0.0,12.0,0.0,3.0,8.0,0.0,0.0,0.0,1.0,0.0,0.0,0.0,9.0,17.0,0.0,0.0,0.0,0.0,4.0,1.0,0.0,1.0,6.0,1.0,1.0,8.0,5.0
26,2025,5,0.0,35.0,67.0,10.0,0.0,25.0,3.0,4.0,12.0,0.0,2.0,0.0,1.0,0.0,0.0,0.0,15.0,43.0,0.0,1.0,4.0,0.0,15.0,0.0,0.0,3.0,7.0,1.0,0.0,24.0,15.0
26,2025,6,2.0,59.0,132.0,16.0,0.0,50.0,4.0,4.0,7.0,0.0,0.0,0.0,2.0,2.0,0.0,0.0,30.0,49.0,0.0,0.0,2.0,0.0,19.0,2.0,0.0,5.0,50.0,2.0,0.0,49.0,24.0
26,2025,7,0.0,32.0,99.0,7.0,0.0,53.0,1.0,3.0,16.0,0.0,0.0,0.0,2.0,0.0,0.0,0.0,21.0,42.0,0.0,0.0,2.0,0.0,15.0,2.0,0.0,6.0,13.0,0.0,0.0,39.0,23.0
26,2025,8,0.0,22.0,46.0,11.0,0.0,25.0,2.0,1.0,8.0,0.0,1.0,0.0,0.0,0.0,0.0,0.0,5.0,20.0,0.0,0.0,7.0,0.0,14.0,0.0,0.0,0.0,9.0,1.0,0.0,25.0,7.0
26,2025,9,0.0,17.0,63.0,2.0,0.0,36.0,2.0,2.0,9.0,0.0,1.0,0.0,1.0,0.0,1.0,0.0,22.0,39.0,0.0,0.0,2.0,0.0,11.0,0.0,0.0,0.0,10.0,0.0,0.0,26.0,10.0
26,2025,10,0.0,30.0,89.0,10.0,0.0,38.0,5.0,5.0,8.0,0.0,2.0,0.0,1.0,0.0,0.0,0.0,27.0,42.0,0.0,0.0,5.0,0.0,18.0,2.0,0.0,1.0,7.0,2.0,2.0,51.0,11.0
26,2025,11,1.0,28.0,52.0,7.0,1.0,23.0,5.0,0.0,8.0,0.0,1.0,0.0,5.0,0.0,0.0,0.0,18.0,24.0,0.0,0.0,1.0,0.0,14.0,0.0,0.0,0.0,13.0,0.0,2.0,30.0,10.0
26,2025,12,0.0,20.0,44.0,4.0,0.0,23.0,4.0,2.0,4.0,0.0,2.0,0.0,2.0,0.0,0.0,0.0,13.0,19.0,0.0,0.0,1.0,0.0,10.0,0.0,0.0,0.0,5.0,1.0,2.0,35.0,7.0
26,2026,1,0.0,14.0,46.0,3.0,0.0,29.0,0.0,4.0,9.0,0.0,2.0,0.0,1.0,0.0,0.0,0.0,23.0,41.0,0.0,0.0,2.0,0.0,15.0,1.0,0.0,2.0,9.0,1.0,0.0,23.0,9.0
26,2026,2,1.0,22.0,56.0,9.0,0.0,28.0,1.0,8.0,11.0,0.0,2.0,0.0,0.0,0.0,0.0,0.0,24.0,59.0,0.0,2.0,0.0,0.0,15.0,0.0,0.0,1.0,8.0,1.0,3.0,38.0,5.0
26,2026,3,2.0,20.0,65.0,7.0,0.0,27.0,4.0,1.0,3.0,0.0,2.0,0.0,0.0,0.0,0.0,0.0,27.0,91.0,0.0,0.0,4.0,0.0,19.0,1.0,0.0,4.0,9.0,4.0,0.0,33.0,21.0
26,2026,4,0.0,2.0,4.0,1.0,0.0,4.0,0.0,1.0,3.0,0.0,0.0,0.0,0.0,0.0,0.0,1.0,4.0,10.0,0.0,0.0,0.0,0.0,0.0,0.0,0.0,0.0,2.0,0.0,0.0,6.0,0.0
27,2024,1,1.0,46.0,55.0,8.0,0.0,29.0,1.0,3.0,12.0,0.0,2.0,0.0,1.0,0.0,0.0,0.0,27.0,22.0,0.0,0.0,1.0,0.0,23.0,0.0,0.0,1.0,10.0,3.0,1.0,48.0,9.0
27,2024,2,2.0,34.0,80.0,3.0,0.0,23.0,2.0,3.0,8.0,0.0,0.0,0.0,2.0,0.0,0.0,0.0,22.0,24.0,0.0,0.0,2.0,0.0,25.0,0.0,0.0,2.0,7.0,0.0,0.0,27.0,17.0
27,2024,3,1.0,33.0,86.0,10.0,0.0,31.0,3.0,3.0,7.0,0.0,2.0,0.0,3.0,0.0,0.0,0.0,15.0,28.0,0.0,0.0,2.0,0.0,25.0,0.0,0.0,3.0,5.0,3.0,0.0,53.0,13.0
27,2024,4,0.0,30.0,75.0,8.0,0.0,40.0,2.0,3.0,9.0,0.0,1.0,0.0,1.0,0.0,0.0,0.0,28.0,14.0,0.0,0.0,4.0,0.0,21.0,0.0,0.0,1.0,15.0,1.0,0.0,45.0,11.0
27,2024,5,0.0,44.0,84.0,9.0,0.0,29.0,3.0,5.0,10.0,0.0,1.0,0.0,0.0,0.0,0.0,0.0,24.0,13.0,0.0,0.0,5.0,0.0,36.0,0.0,0.0,0.0,10.0,2.0,1.0,49.0,15.0
27,2024,6,1.0,39.0,83.0,6.0,0.0,30.0,1.0,2.0,8.0,0.0,1.0,0.0,4.0,0.0,2.0,0.0,21.0,15.0,0.0,0.0,4.0,0.0,22.0,0.0,0.0,0.0,20.0,2.0,1.0,44.0,14.0
27,2024,7,0.0,47.0,71.0,8.0,0.0,46.0,2.0,8.0,8.0,0.0,1.0,0.0,1.0,1.0,0.0,0.0,21.0,22.0,0.0,0.0,0.0,0.0,26.0,0.0,0.0,5.0,23.0,1.0,2.0,54.0,30.0
27,2024,8,0.0,32.0,105.0,11.0,0.0,46.0,6.0,8.0,13.0,0.0,2.0,0.0,1.0,0.0,1.0,0.0,26.0,15.0,0.0,0.0,1.0,1.0,17.0,0.0,0.0,2.0,20.0,1.0,2.0,60.0,21.0
27,2024,9,0.0,36.0,85.0,7.0,0.0,46.0,5.0,8.0,16.0,0.0,3.0,0.0,2.0,0.0,0.0,0.0,21.0,19.0,0.0,0.0,4.0,0.0,24.0,0.0,0.0,2.0,30.0,1.0,1.0,45.0,18.0
27,2024,10,0.0,38.0,66.0,13.0,0.0,35.0,3.0,6.0,11.0,0.0,2.0,0.0,1.0,0.0,0.0,0.0,22.0,13.0,0.0,0.0,2.0,0.0,24.0,0.0,0.0,0.0,22.0,3.0,2.0,42.0,7.0
27,2024,11,0.0,26.0,66.0,12.0,0.0,34.0,2.0,8.0,11.0,0.0,2.0,0.0,2.0,0.0,0.0,0.0,29.0,13.0,0.0,0.0,5.0,0.0,11.0,0.0,0.0,1.0,12.0,0.0,5.0,40.0,6.0
27,2024,12,1.0,26.0,65.0,8.0,0.0,30.0,3.0,3.0,9.0,0.0,0.0,0.0,1.0,0.0,0.0,0.0,15.0,11.0,0.0,0.0,2.0,0.0,24.0,0.0,0.0,1.0,5.0,1.0,0.0,44.0,9.0
27,2025,1,0.0,23.0,53.0,6.0,0.0,38.0,1.0,7.0,16.0,0.0,0.0,1.0,1.0,0.0,0.0,0.0,24.0,56.0,0.0,0.0,3.0,0.0,16.0,0.0,0.0,0.0,12.0,5.0,0.0,37.0,7.0
27,2025,2,0.0,28.0,49.0,3.0,0.0,22.0,1.0,7.0,17.0,0.0,1.0,0.0,0.0,0.0,0.0,0.0,21.0,51.0,0.0,0.0,2.0,0.0,20.0,0.0,0.0,3.0,11.0,3.0,2.0,27.0,5.0
27,2025,3,0.0,15.0,47.0,6.0,1.0,24.0,3.0,6.0,11.0,0.0,2.0,0.0,0.0,0.0,0.0,0.0,12.0,32.0,0.0,0.0,3.0,0.0,23.0,0.0,0.0,4.0,9.0,0.0,4.0,29.0,9.0
27,2025,4,0.0,17.0,27.0,3.0,0.0,11.0,1.0,2.0,7.0,0.0,0.0,0.0,1.0,0.0,0.0,0.0,8.0,12.0,0.0,0.0,1.0,0.0,8.0,0.0,0.0,0.0,2.0,0.0,1.0,15.0,2.0
27,2025,5,0.0,44.0,65.0,14.0,1.0,35.0,2.0,5.0,5.0,0.0,1.0,0.0,2.0,0.0,0.0,0.0,20.0,29.0,0.0,0.0,4.0,0.0,27.0,0.0,0.0,1.0,18.0,2.0,0.0,39.0,10.0
27,2025,6,0.0,96.0,126.0,17.0,0.0,84.0,2.0,11.0,14.0,0.0,1.0,0.0,0.0,0.0,0.0,0.0,46.0,81.0,0.0,0.0,4.0,0.0,34.0,0.0,0.0,2.0,23.0,2.0,1.0,65.0,11.0
27,2025,7,1.0,48.0,104.0,8.0,1.0,53.0,3.0,9.0,15.0,0.0,0.0,0.0,1.0,0.0,0.0,0.0,23.0,25.0,0.0,0.0,3.0,0.0,18.0,0.0,0.0,4.0,7.0,1.0,2.0,43.0,18.0
27,2025,8,0.0,31.0,58.0,8.0,0.0,27.0,4.0,1.0,7.0,0.0,0.0,0.0,2.0,0.0,0.0,0.0,13.0,30.0,0.0,1.0,2.0,0.0,14.0,0.0,0.0,0.0,6.0,0.0,0.0,19.0,10.0
27,2025,9,0.0,36.0,41.0,4.0,0.0,25.0,4.0,2.0,14.0,0.0,3.0,0.0,0.0,0.0,1.0,0.0,22.0,31.0,0.0,0.0,4.0,0.0,26.0,0.0,0.0,2.0,4.0,1.0,2.0,45.0,4.0
27,2025,10,1.0,35.0,95.0,14.0,0.0,23.0,5.0,6.0,6.0,0.0,0.0,0.0,2.0,0.0,1.0,0.0,32.0,87.0,0.0,0.0,0.0,0.0,23.0,0.0,0.0,1.0,7.0,4.0,4.0,54.0,16.0
27,2025,11,0.0,28.0,73.0,11.0,0.0,35.0,3.0,2.0,17.0,0.0,1.0,0.0,1.0,0.0,0.0,0.0,16.0,57.0,0.0,0.0,1.0,0.0,19.0,0.0,0.0,3.0,12.0,1.0,1.0,45.0,3.0
27,2025,12,0.0,28.0,51.0,2.0,0.0,18.0,1.0,3.0,13.0,0.0,0.0,0.0,0.0,0.0,0.0,0.0,20.0,52.0,0.0,0.0,2.0,0.0,18.0,0.0,0.0,0.0,3.0,2.0,0.0,43.0,3.0
27,2026,1,1.0,21.0,35.0,7.0,0.0,23.0,3.0,1.0,16.0,0.0,1.0,0.0,2.0,0.0,0.0,0.0,18.0,21.0,0.0,0.0,2.0,0.0,19.0,0.0,0.0,0.0,8.0,0.0,0.0,38.0,8.0
27,2026,2,3.0,35.0,60.0,6.0,0.0,65.0,0.0,11.0,10.0,0.0,0.0,0.0,0.0,0.0,0.0,0.0,15.0,24.0,0.0,0.0,0.0,0.0,31.0,0.0,0.0,3.0,6.0,0.0,2.0,35.0,15.0
27,2026,3,1.0,29.0,58.0,15.0,0.0,49.0,6.0,4.0,10.0,0.0,2.0,0.0,0.0,0.0,0.0,0.0,22.0,16.0,0.0,0.0,2.0,0.0,16.0,0.0,0.0,4.0,5.0,5.0,2.0,41.0,8.0
27,2026,4,0.0,2.0,9.0,1.0,0.0,5.0,0.0,0.0,0.0,0.0,0.0,0.0,0.0,0.0,0.0,0.0,1.0,0.0,0.0,0.0,0.0,0.0,2.0,0.0,0.0,0.0,3.0,0.0,0.0,4.0,1.0
28,2024,1,0.0,75.0,72.0,23.0,1.0,83.0,6.0,24.0,73.0,0.0,0.0,0.0,2.0,0.0,0.0,1.0,63.0,10.0,0.0,0.0,0.0,0.0,37.0,0.0,0.0,0.0,38.0,3.0,0.0,274.0,5.0
28,2024,2,2.0,66.0,133.0,21.0,1.0,75.0,8.0,23.0,59.0,0.0,2.0,0.0,2.0,1.0,0.0,3.0,69.0,9.0,0.0,0.0,1.0,0.0,49.0,0.0,0.0,4.0,30.0,3.0,1.0,259.0,10.0
28,2024,3,1.0,79.0,111.0,21.0,1.0,96.0,4.0,31.0,63.0,0.0,1.0,0.0,5.0,2.0,0.0,3.0,66.0,19.0,0.0,1.0,4.0,0.0,46.0,0.0,0.0,4.0,33.0,3.0,4.0,240.0,18.0
28,2024,4,1.0,68.0,137.0,15.0,1.0,76.0,5.0,14.0,52.0,0.0,1.0,0.0,1.0,0.0,1.0,0.0,63.0,14.0,0.0,0.0,5.0,0.0,43.0,0.0,0.0,2.0,36.0,2.0,2.0,285.0,11.0
28,2024,5,2.0,88.0,145.0,34.0,0.0,92.0,6.0,20.0,76.0,0.0,3.0,0.0,2.0,3.0,1.0,0.0,83.0,20.0,0.0,0.0,3.0,0.0,38.0,0.0,0.0,3.0,37.0,4.0,4.0,279.0,11.0
28,2024,6,0.0,71.0,150.0,23.0,2.0,116.0,5.0,21.0,52.0,0.0,2.0,0.0,3.0,1.0,0.0,0.0,93.0,18.0,0.0,0.0,4.0,0.0,47.0,0.0,0.0,6.0,32.0,3.0,1.0,293.0,11.0
28,2024,7,0.0,82.0,145.0,32.0,1.0,105.0,6.0,22.0,79.0,0.0,1.0,0.0,5.0,2.0,0.0,0.0,94.0,21.0,0.0,1.0,1.0,0.0,44.0,0.0,0.0,4.0,47.0,8.0,3.0,341.0,28.0
28,2024,8,1.0,89.0,139.0,25.0,0.0,106.0,9.0,26.0,61.0,0.0,0.0,0.0,0.0,1.0,0.0,0.0,66.0,15.0,0.0,0.0,5.0,0.0,46.0,0.0,0.0,12.0,40.0,5.0,3.0,317.0,9.0
28,2024,9,0.0,71.0,135.0,31.0,1.0,120.0,11.0,19.0,67.0,0.0,3.0,0.0,2.0,1.0,1.0,2.0,95.0,14.0,0.0,0.0,7.0,0.0,59.0,0.0,0.0,8.0,35.0,1.0,1.0,324.0,15.0
28,2024,10,1.0,75.0,139.0,39.0,0.0,136.0,4.0,27.0,53.0,0.0,1.0,0.0,4.0,0.0,0.0,1.0,78.0,25.0,0.0,1.0,3.0,0.0,36.0,0.0,0.0,2.0,36.0,2.0,1.0,300.0,20.0
28,2024,11,2.0,70.0,132.0,33.0,0.0,104.0,10.0,19.0,49.0,1.0,1.0,0.0,3.0,0.0,0.0,0.0,51.0,22.0,0.0,0.0,4.0,0.0,36.0,0.0,0.0,5.0,30.0,1.0,1.0,249.0,8.0
28,2024,12,0.0,76.0,113.0,43.0,0.0,115.0,5.0,25.0,59.0,0.0,1.0,0.0,2.0,0.0,0.0,0.0,65.0,7.0,0.0,0.0,2.0,0.0,37.0,0.0,0.0,5.0,33.0,0.0,4.0,252.0,10.0
28,2025,1,0.0,56.0,101.0,36.0,3.0,67.0,6.0,23.0,52.0,0.0,2.0,0.0,5.0,0.0,1.0,0.0,52.0,17.0,0.0,0.0,3.0,0.0,44.0,0.0,0.0,6.0,23.0,2.0,1.0,204.0,7.0
28,2025,2,0.0,59.0,75.0,20.0,0.0,50.0,5.0,15.0,63.0,0.0,0.0,0.0,2.0,0.0,0.0,1.0,64.0,14.0,0.0,0.0,2.0,0.0,30.0,0.0,0.0,8.0,20.0,1.0,1.0,191.0,6.0
28,2025,3,0.0,68.0,117.0,16.0,3.0,64.0,8.0,24.0,45.0,0.0,0.0,0.0,0.0,1.0,1.0,2.0,47.0,6.0,0.0,1.0,4.0,0.0,42.0,0.0,0.0,3.0,12.0,4.0,2.0,186.0,11.0
28,2025,4,0.0,34.0,56.0,18.0,0.0,41.0,2.0,18.0,39.0,0.0,0.0,0.0,2.0,0.0,2.0,1.0,25.0,10.0,0.0,0.0,2.0,0.0,23.0,0.0,0.0,2.0,4.0,2.0,3.0,142.0,2.0
28,2025,5,0.0,88.0,137.0,37.0,0.0,115.0,13.0,35.0,65.0,0.0,3.0,0.0,2.0,0.0,0.0,1.0,67.0,12.0,0.0,0.0,9.0,0.0,35.0,0.0,0.0,3.0,13.0,7.0,4.0,273.0,12.0
28,2025,6,2.0,118.0,222.0,101.0,9.0,187.0,7.0,43.0,72.0,0.0,3.0,0.0,2.0,0.0,0.0,0.0,124.0,28.0,0.0,3.0,3.0,0.0,38.0,0.0,0.0,7.0,41.0,11.0,3.0,473.0,42.0
28,2025,7,4.0,100.0,143.0,55.0,0.0,145.0,13.0,29.0,42.0,0.0,1.0,0.0,3.0,0.0,3.0,1.0,93.0,14.0,0.0,1.0,5.0,0.0,48.0,0.0,0.0,7.0,27.0,7.0,0.0,329.0,12.0
28,2025,8,2.0,58.0,118.0,38.0,0.0,80.0,4.0,23.0,45.0,0.0,0.0,0.0,0.0,1.0,0.0,0.0,78.0,11.0,0.0,0.0,0.0,0.0,36.0,0.0,0.0,8.0,23.0,1.0,2.0,242.0,15.0
28,2025,9,0.0,70.0,122.0,43.0,1.0,97.0,15.0,23.0,52.0,0.0,2.0,0.0,2.0,0.0,0.0,0.0,64.0,7.0,0.0,0.0,6.0,0.0,45.0,0.0,0.0,2.0,10.0,5.0,6.0,201.0,20.0
28,2025,10,0.0,125.0,160.0,74.0,0.0,110.0,8.0,50.0,66.0,0.0,1.0,0.0,1.0,2.0,0.0,9.0,119.0,11.0,0.0,0.0,2.0,0.0,62.0,0.0,1.0,2.0,18.0,1.0,6.0,327.0,10.0
28,2025,11,1.0,74.0,134.0,33.0,0.0,104.0,10.0,22.0,49.0,0.0,2.0,0.0,2.0,0.0,0.0,2.0,96.0,15.0,0.0,0.0,7.0,0.0,48.0,0.0,0.0,0.0,13.0,5.0,5.0,254.0,11.0
28,2025,12,0.0,46.0,105.0,34.0,2.0,63.0,5.0,21.0,48.0,0.0,1.0,0.0,0.0,1.0,1.0,0.0,66.0,10.0,0.0,0.0,4.0,0.0,29.0,0.0,0.0,4.0,13.0,5.0,3.0,205.0,9.0
28,2026,1,0.0,74.0,107.0,53.0,0.0,62.0,7.0,35.0,45.0,0.0,0.0,0.0,2.0,0.0,0.0,0.0,77.0,5.0,0.0,0.0,6.0,0.0,40.0,0.0,0.0,6.0,20.0,5.0,2.0,212.0,4.0
28,2026,2,0.0,80.0,156.0,61.0,1.0,127.0,6.0,37.0,63.0,0.0,2.0,0.0,6.0,4.0,0.0,0.0,90.0,8.0,0.0,0.0,2.0,0.0,63.0,0.0,0.0,5.0,14.0,6.0,2.0,261.0,9.0
28,2026,3,0.0,80.0,135.0,71.0,1.0,155.0,6.0,35.0,51.0,0.0,2.0,0.0,3.0,0.0,0.0,0.0,70.0,11.0,0.0,0.0,5.0,0.0,39.0,0.0,0.0,4.0,19.0,5.0,2.0,242.0,13.0
28,2026,4,0.0,13.0,7.0,15.0,0.0,13.0,1.0,2.0,8.0,0.0,0.0,0.0,1.0,0.0,0.0,0.0,5.0,1.0,0.0,0.0,2.0,0.0,9.0,0.0,0.0,0.0,1.0,0.0,2.0,36.0,0.0
29,2024,1,1.0,64.0,116.0,11.0,1.0,52.0,5.0,10.0,20.0,0.0,0.0,1.0,1.0,0.0,0.0,0.0,41.0,43.0,0.0,0.0,6.0,0.0,42.0,1.0,0.0,3.0,24.0,6.0,0.0,42.0,25.0
29,2024,2,2.0,65.0,116.0,6.0,0.0,68.0,2.0,5.0,12.0,0.0,3.0,0.0,2.0,0.0,0.0,0.0,35.0,43.0,0.0,0.0,4.0,0.0,30.0,1.0,0.0,1.0,31.0,5.0,1.0,53.0,19.0
29,2024,3,3.0,60.0,123.0,10.0,0.0,67.0,6.0,5.0,10.0,0.0,1.0,0.0,0.0,1.0,0.0,1.0,27.0,30.0,0.0,0.0,3.0,0.0,35.0,0.0,0.0,5.0,26.0,2.0,1.0,51.0,12.0
29,2024,4,0.0,89.0,121.0,8.0,1.0,74.0,7.0,3.0,13.0,0.0,0.0,0.0,1.0,0.0,1.0,0.0,31.0,36.0,0.0,0.0,1.0,0.0,42.0,0.0,0.0,1.0,23.0,3.0,1.0,62.0,29.0
29,2024,5,0.0,82.0,167.0,15.0,0.0,80.0,2.0,6.0,15.0,0.0,5.0,0.0,2.0,0.0,0.0,2.0,32.0,21.0,0.0,0.0,6.0,0.0,34.0,0.0,0.0,3.0,21.0,2.0,1.0,92.0,23.0
29,2024,6,4.0,52.0,154.0,8.0,2.0,85.0,2.0,9.0,12.0,0.0,1.0,0.0,2.0,0.0,0.0,0.0,39.0,30.0,0.0,0.0,4.0,0.0,30.0,1.0,0.0,1.0,32.0,2.0,2.0,95.0,22.0
29,2024,7,4.0,61.0,158.0,16.0,0.0,85.0,8.0,6.0,25.0,0.0,2.0,0.0,4.0,0.0,0.0,1.0,28.0,56.0,0.0,0.0,5.0,0.0,34.0,0.0,0.0,3.0,30.0,4.0,0.0,78.0,32.0
29,2024,8,1.0,58.0,137.0,8.0,0.0,64.0,5.0,5.0,19.0,0.0,5.0,0.0,6.0,0.0,0.0,0.0,40.0,37.0,0.0,0.0,5.0,0.0,38.0,0.0,0.0,2.0,17.0,0.0,1.0,80.0,34.0
29,2024,9,1.0,57.0,148.0,13.0,0.0,50.0,5.0,11.0,15.0,0.0,3.0,0.0,2.0,0.0,0.0,0.0,33.0,34.0,0.0,0.0,4.0,0.0,35.0,0.0,0.0,0.0,34.0,1.0,1.0,71.0,29.0
29,2024,10,1.0,60.0,131.0,15.0,1.0,59.0,4.0,10.0,19.0,0.0,3.0,0.0,2.0,0.0,0.0,0.0,38.0,54.0,0.0,1.0,1.0,0.0,31.0,0.0,0.0,5.0,28.0,1.0,0.0,78.0,16.0
29,2024,11,1.0,58.0,121.0,14.0,1.0,60.0,7.0,11.0,17.0,0.0,4.0,2.0,1.0,2.0,0.0,3.0,31.0,54.0,0.0,0.0,3.0,0.0,32.0,1.0,0.0,4.0,19.0,1.0,1.0,70.0,11.0
29,2024,12,1.0,49.0,114.0,8.0,0.0,54.0,5.0,8.0,12.0,0.0,1.0,0.0,2.0,0.0,1.0,0.0,32.0,75.0,0.0,0.0,3.0,0.0,44.0,0.0,0.0,0.0,25.0,1.0,1.0,56.0,22.0
29,2025,1,1.0,34.0,88.0,5.0,0.0,49.0,5.0,3.0,22.0,0.0,4.0,0.0,2.0,0.0,0.0,0.0,27.0,91.0,0.0,0.0,3.0,0.0,62.0,0.0,0.0,1.0,18.0,3.0,1.0,57.0,19.0
29,2025,2,0.0,53.0,78.0,10.0,3.0,40.0,3.0,9.0,25.0,0.0,0.0,0.0,2.0,0.0,0.0,0.0,20.0,104.0,0.0,0.0,4.0,0.0,61.0,0.0,0.0,4.0,19.0,2.0,0.0,47.0,17.0
29,2025,3,3.0,50.0,82.0,9.0,2.0,41.0,7.0,9.0,18.0,0.0,2.0,0.0,3.0,0.0,0.0,0.0,22.0,102.0,0.0,0.0,4.0,0.0,49.0,0.0,0.0,0.0,9.0,1.0,0.0,50.0,22.0
29,2025,4,1.0,24.0,56.0,1.0,1.0,10.0,3.0,3.0,11.0,0.0,1.0,0.0,2.0,0.0,0.0,0.0,13.0,28.0,0.0,0.0,0.0,0.0,26.0,0.0,0.0,2.0,7.0,3.0,0.0,20.0,7.0
29,2025,5,1.0,57.0,144.0,14.0,3.0,54.0,4.0,10.0,25.0,0.0,2.0,1.0,5.0,0.0,0.0,0.0,28.0,84.0,0.0,0.0,3.0,0.0,55.0,0.0,0.0,8.0,13.0,3.0,0.0,69.0,22.0
29,2025,6,4.0,119.0,253.0,17.0,6.0,94.0,5.0,12.0,27.0,0.0,3.0,0.0,1.0,2.0,0.0,0.0,47.0,143.0,0.0,0.0,4.0,0.0,58.0,0.0,0.0,18.0,19.0,4.0,4.0,118.0,41.0
29,2025,7,0.0,62.0,164.0,15.0,1.0,73.0,3.0,4.0,17.0,0.0,0.0,0.0,4.0,0.0,0.0,0.0,28.0,82.0,0.0,0.0,0.0,0.0,38.0,0.0,0.0,9.0,18.0,0.0,3.0,53.0,47.0
29,2025,8,1.0,50.0,107.0,8.0,0.0,42.0,4.0,14.0,13.0,0.0,0.0,0.0,0.0,1.0,0.0,0.0,18.0,71.0,0.0,0.0,4.0,0.0,24.0,0.0,0.0,0.0,8.0,1.0,0.0,55.0,19.0
29,2025,9,0.0,52.0,96.0,13.0,0.0,47.0,0.0,11.0,12.0,0.0,2.0,0.0,2.0,0.0,0.0,0.0,20.0,65.0,0.0,0.0,1.0,0.0,32.0,0.0,0.0,2.0,10.0,2.0,4.0,41.0,19.0
29,2025,10,1.0,67.0,143.0,12.0,0.0,78.0,3.0,4.0,24.0,0.0,2.0,0.0,2.0,0.0,0.0,1.0,41.0,97.0,0.0,0.0,8.0,0.0,34.0,0.0,0.0,0.0,16.0,2.0,1.0,85.0,26.0
29,2025,11,1.0,50.0,134.0,10.0,0.0,62.0,5.0,6.0,12.0,0.0,2.0,0.0,1.0,1.0,0.0,0.0,36.0,65.0,0.0,0.0,0.0,0.0,44.0,0.0,0.0,4.0,21.0,2.0,3.0,72.0,13.0
29,2025,12,0.0,38.0,87.0,11.0,0.0,39.0,6.0,10.0,17.0,0.0,1.0,0.0,3.0,0.0,0.0,2.0,22.0,49.0,0.0,0.0,2.0,0.0,52.0,0.0,0.0,3.0,14.0,0.0,1.0,67.0,9.0
29,2026,1,0.0,46.0,103.0,9.0,2.0,57.0,0.0,8.0,15.0,0.0,2.0,0.0,3.0,0.0,0.0,1.0,26.0,64.0,0.0,0.0,2.0,0.0,28.0,1.0,0.0,2.0,11.0,2.0,1.0,64.0,20.0
29,2026,2,2.0,43.0,131.0,12.0,0.0,51.0,4.0,9.0,14.0,0.0,0.0,0.0,4.0,3.0,0.0,1.0,40.0,85.0,0.0,0.0,11.0,0.0,31.0,1.0,0.0,5.0,18.0,4.0,1.0,60.0,35.0
29,2026,3,3.0,46.0,128.0,8.0,0.0,52.0,3.0,7.0,25.0,0.0,2.0,0.0,2.0,0.0,0.0,0.0,40.0,72.0,0.0,0.0,11.0,0.0,46.0,0.0,0.0,4.0,12.0,5.0,1.0,75.0,29.0
29,2026,4,0.0,9.0,19.0,0.0,0.0,5.0,1.0,3.0,4.0,0.0,0.0,0.0,0.0,0.0,0.0,0.0,6.0,5.0,0.0,0.0,0.0,0.0,3.0,0.0,0.0,0.0,2.0,0.0,0.0,6.0,3.0
30,2024,1,1.0,34.0,66.0,2.0,0.0,37.0,2.0,3.0,17.0,0.0,1.0,0.0,1.0,1.0,0.0,0.0,39.0,8.0,0.0,0.0,3.0,0.0,25.0,0.0,0.0,2.0,24.0,2.0,0.0,62.0,15.0
30,2024,2,2.0,43.0,80.0,3.0,0.0,53.0,1.0,7.0,18.0,0.0,2.0,0.0,2.0,0.0,0.0,0.0,25.0,9.0,0.0,0.0,3.0,0.0,25.0,0.0,0.0,1.0,25.0,0.0,1.0,47.0,28.0
30,2024,3,1.0,43.0,87.0,5.0,0.0,42.0,3.0,3.0,19.0,0.0,2.0,0.0,1.0,0.0,0.0,1.0,24.0,3.0,0.0,1.0,4.0,0.0,24.0,0.0,0.0,2.0,24.0,4.0,0.0,54.0,26.0
30,2024,4,0.0,56.0,88.0,3.0,0.0,42.0,1.0,3.0,18.0,0.0,0.0,0.0,0.0,0.0,0.0,0.0,20.0,4.0,0.0,0.0,4.0,0.0,23.0,0.0,0.0,1.0,17.0,4.0,1.0,58.0,13.0
30,2024,5,0.0,38.0,106.0,3.0,0.0,36.0,3.0,5.0,19.0,0.0,3.0,0.0,1.0,0.0,0.0,0.0,14.0,6.0,0.0,0.0,2.0,0.0,21.0,0.0,0.0,3.0,21.0,2.0,0.0,65.0,17.0
30,2024,6,0.0,40.0,84.0,1.0,0.0,55.0,6.0,4.0,11.0,0.0,4.0,0.0,0.0,0.0,0.0,0.0,28.0,9.0,0.0,1.0,4.0,0.0,16.0,0.0,0.0,3.0,22.0,4.0,0.0,100.0,20.0
30,2024,7,2.0,43.0,85.0,1.0,0.0,55.0,5.0,2.0,12.0,0.0,2.0,0.0,2.0,2.0,0.0,1.0,10.0,8.0,0.0,0.0,2.0,0.0,24.0,0.0,0.0,3.0,17.0,2.0,0.0,81.0,19.0
30,2024,8,2.0,35.0,85.0,8.0,1.0,34.0,2.0,5.0,17.0,0.0,2.0,1.0,0.0,0.0,0.0,0.0,14.0,3.0,0.0,0.0,2.0,0.0,33.0,0.0,0.0,2.0,18.0,1.0,1.0,70.0,15.0
30,2024,9,1.0,52.0,112.0,9.0,0.0,30.0,3.0,3.0,14.0,0.0,2.0,0.0,1.0,0.0,1.0,0.0,7.0,1.0,0.0,0.0,4.0,0.0,40.0,0.0,0.0,5.0,18.0,3.0,1.0,52.0,29.0
30,2024,10,3.0,38.0,85.0,9.0,0.0,43.0,4.0,6.0,13.0,0.0,2.0,0.0,0.0,0.0,0.0,0.0,14.0,5.0,0.0,0.0,1.0,0.0,16.0,0.0,0.0,4.0,29.0,2.0,0.0,52.0,14.0
30,2024,11,1.0,26.0,85.0,9.0,1.0,36.0,2.0,4.0,12.0,0.0,2.0,0.0,0.0,2.0,0.0,1.0,17.0,11.0,0.0,0.0,3.0,0.0,29.0,0.0,0.0,2.0,16.0,3.0,1.0,50.0,8.0
30,2024,12,1.0,33.0,60.0,7.0,0.0,24.0,0.0,4.0,16.0,0.0,2.0,0.0,0.0,0.0,0.0,0.0,19.0,10.0,0.0,0.0,5.0,0.0,24.0,0.0,0.0,3.0,7.0,1.0,1.0,51.0,7.0
30,2025,1,0.0,20.0,54.0,8.0,1.0,18.0,3.0,4.0,15.0,0.0,1.0,0.0,4.0,0.0,0.0,0.0,13.0,4.0,0.0,0.0,3.0,0.0,39.0,0.0,0.0,4.0,9.0,3.0,0.0,42.0,11.0
30,2025,2,0.0,22.0,56.0,7.0,0.0,32.0,2.0,6.0,14.0,0.0,0.0,0.0,1.0,0.0,0.0,2.0,14.0,12.0,0.0,0.0,2.0,0.0,32.0,0.0,0.0,0.0,4.0,1.0,1.0,35.0,8.0
30,2025,3,1.0,21.0,53.0,7.0,1.0,33.0,1.0,5.0,14.0,0.0,1.0,0.0,2.0,0.0,0.0,1.0,11.0,18.0,0.0,1.0,2.0,0.0,22.0,0.0,0.0,4.0,16.0,2.0,0.0,47.0,13.0
30,2025,4,0.0,16.0,32.0,3.0,0.0,9.0,0.0,6.0,10.0,0.0,0.0,0.0,0.0,0.0,0.0,0.0,6.0,9.0,0.0,0.0,3.0,0.0,13.0,0.0,0.0,3.0,3.0,1.0,0.0,15.0,4.0
30,2025,5,1.0,41.0,80.0,11.0,2.0,34.0,4.0,3.0,28.0,0.0,1.0,0.0,0.0,0.0,1.0,1.0,11.0,13.0,0.0,0.0,0.0,0.0,41.0,0.0,1.0,1.0,8.0,2.0,0.0,54.0,11.0
30,2025,6,2.0,69.0,140.0,11.0,2.0,78.0,5.0,6.0,11.0,0.0,0.0,0.0,0.0,0.0,1.0,0.0,22.0,15.0,0.0,2.0,3.0,0.0,52.0,0.0,0.0,5.0,12.0,8.0,0.0,85.0,23.0
30,2025,7,1.0,52.0,92.0,9.0,1.0,28.0,1.0,8.0,7.0,0.0,1.0,0.0,3.0,0.0,0.0,0.0,8.0,18.0,0.0,0.0,1.0,0.0,29.0,0.0,0.0,4.0,11.0,3.0,1.0,80.0,17.0
30,2025,8,1.0,38.0,58.0,5.0,0.0,29.0,1.0,5.0,16.0,0.0,0.0,0.0,0.0,0.0,0.0,0.0,15.0,16.0,0.0,0.0,2.0,0.0,25.0,0.0,0.0,4.0,11.0,3.0,1.0,45.0,8.0
30,2025,9,0.0,23.0,50.0,6.0,0.0,28.0,3.0,1.0,11.0,0.0,0.0,0.0,2.0,0.0,0.0,0.0,14.0,3.0,0.0,0.0,0.0,0.0,31.0,0.0,0.0,1.0,6.0,2.0,2.0,37.0,11.0
30,2025,10,1.0,46.0,81.0,14.0,1.0,40.0,1.0,12.0,13.0,0.0,2.0,0.0,4.0,0.0,0.0,0.0,19.0,10.0,0.0,0.0,1.0,0.0,30.0,0.0,0.0,2.0,8.0,3.0,5.0,53.0,14.0
30,2025,11,0.0,26.0,92.0,10.0,0.0,35.0,1.0,10.0,6.0,0.0,3.0,0.0,0.0,0.0,0.0,0.0,20.0,5.0,0.0,0.0,1.0,0.0,29.0,0.0,0.0,3.0,24.0,2.0,0.0,42.0,5.0
30,2025,12,0.0,22.0,52.0,6.0,0.0,39.0,2.0,8.0,16.0,0.0,1.0,0.0,0.0,1.0,0.0,0.0,24.0,16.0,0.0,0.0,1.0,0.0,30.0,0.0,0.0,1.0,7.0,1.0,0.0,55.0,10.0
30,2026,1,0.0,18.0,45.0,1.0,0.0,25.0,1.0,6.0,8.0,0.0,2.0,0.0,0.0,2.0,0.0,0.0,8.0,7.0,0.0,1.0,2.0,0.0,35.0,0.0,1.0,2.0,6.0,5.0,0.0,47.0,4.0
30,2026,2,1.0,41.0,89.0,8.0,1.0,37.0,2.0,18.0,29.0,0.0,0.0,0.0,0.0,0.0,0.0,1.0,20.0,17.0,0.0,0.0,1.0,0.0,37.0,0.0,0.0,1.0,2.0,0.0,0.0,45.0,8.0
30,2026,3,0.0,30.0,95.0,20.0,0.0,30.0,5.0,8.0,19.0,0.0,0.0,0.0,2.0,0.0,0.0,0.0,20.0,14.0,0.0,0.0,3.0,0.0,26.0,0.0,0.0,2.0,5.0,5.0,2.0,68.0,11.0
30,2026,4,0.0,8.0,7.0,1.0,0.0,4.0,0.0,0.0,2.0,0.0,0.0,0.0,0.0,0.0,0.0,0.0,2.0,4.0,0.0,0.0,1.0,0.0,3.0,0.0,0.0,0.0,0.0,1.0,0.0,6.0,0.0
31,2024,1,0.0,20.0,35.0,8.0,0.0,23.0,0.0,4.0,10.0,0.0,1.0,0.0,1.0,1.0,0.0,1.0,22.0,4.0,0.0,0.0,3.0,0.0,18.0,0.0,0.0,1.0,7.0,1.0,3.0,54.0,8.0
31,2024,2,0.0,26.0,49.0,4.0,1.0,17.0,1.0,5.0,22.0,0.0,0.0,0.0,1.0,0.0,0.0,0.0,33.0,2.0,0.0,0.0,1.0,0.0,18.0,0.0,0.0,2.0,8.0,1.0,0.0,56.0,6.0
31,2024,3,0.0,23.0,59.0,6.0,0.0,61.0,2.0,5.0,8.0,0.0,2.0,0.0,2.0,0.0,0.0,0.0,21.0,7.0,0.0,0.0,2.0,0.0,12.0,0.0,0.0,2.0,9.0,0.0,2.0,54.0,6.0
31,2024,4,1.0,24.0,47.0,10.0,1.0,32.0,1.0,4.0,12.0,0.0,1.0,0.0,1.0,0.0,0.0,0.0,19.0,0.0,0.0,0.0,3.0,0.0,25.0,0.0,0.0,2.0,8.0,0.0,0.0,61.0,11.0
31,2024,5,1.0,30.0,54.0,7.0,1.0,45.0,2.0,4.0,16.0,0.0,1.0,0.0,1.0,0.0,0.0,0.0,34.0,1.0,0.0,0.0,1.0,0.0,15.0,0.0,1.0,2.0,9.0,0.0,0.0,61.0,6.0
31,2024,6,0.0,17.0,55.0,12.0,0.0,29.0,0.0,5.0,17.0,0.0,1.0,0.0,1.0,1.0,0.0,1.0,30.0,5.0,0.0,0.0,1.0,0.0,19.0,0.0,0.0,1.0,22.0,1.0,0.0,85.0,10.0
31,2024,7,0.0,28.0,64.0,11.0,1.0,39.0,1.0,6.0,15.0,0.0,0.0,0.0,0.0,0.0,0.0,0.0,34.0,1.0,0.0,0.0,1.0,0.0,21.0,0.0,0.0,4.0,9.0,1.0,1.0,83.0,12.0
31,2024,8,1.0,24.0,66.0,6.0,0.0,23.0,1.0,4.0,16.0,0.0,1.0,0.0,1.0,0.0,0.0,0.0,16.0,2.0,0.0,0.0,1.0,1.0,13.0,0.0,0.0,1.0,7.0,3.0,1.0,52.0,7.0
31,2024,9,1.0,27.0,52.0,6.0,0.0,29.0,0.0,2.0,14.0,0.0,0.0,0.0,2.0,0.0,1.0,1.0,20.0,1.0,0.0,0.0,1.0,0.0,23.0,0.0,0.0,1.0,8.0,1.0,1.0,62.0,6.0
31,2024,10,0.0,25.0,58.0,6.0,1.0,27.0,1.0,5.0,8.0,0.0,0.0,0.0,0.0,1.0,0.0,0.0,17.0,4.0,0.0,0.0,3.0,0.0,8.0,0.0,1.0,2.0,7.0,6.0,3.0,70.0,11.0
31,2024,11,0.0,16.0,35.0,8.0,0.0,23.0,0.0,1.0,11.0,0.0,1.0,0.0,0.0,0.0,0.0,0.0,10.0,3.0,0.0,0.0,1.0,0.0,14.0,0.0,0.0,0.0,15.0,0.0,0.0,67.0,2.0
31,2024,12,0.0,22.0,56.0,10.0,0.0,24.0,1.0,3.0,12.0,0.0,1.0,0.0,0.0,0.0,0.0,0.0,18.0,1.0,0.0,0.0,1.0,0.0,19.0,0.0,0.0,2.0,11.0,0.0,0.0,51.0,10.0
31,2025,1,0.0,28.0,37.0,15.0,1.0,16.0,0.0,5.0,20.0,0.0,0.0,0.0,0.0,0.0,0.0,0.0,11.0,0.0,0.0,0.0,0.0,0.0,9.0,0.0,0.0,1.0,2.0,2.0,0.0,48.0,5.0
31,2025,2,1.0,13.0,39.0,5.0,0.0,15.0,2.0,5.0,12.0,0.0,0.0,0.0,0.0,0.0,0.0,0.0,11.0,1.0,0.0,0.0,3.0,0.0,8.0,0.0,0.0,1.0,5.0,0.0,0.0,49.0,3.0
31,2025,3,1.0,19.0,32.0,4.0,1.0,19.0,0.0,8.0,9.0,0.0,1.0,0.0,0.0,0.0,0.0,1.0,9.0,2.0,0.0,0.0,1.0,0.0,14.0,0.0,0.0,1.0,2.0,1.0,0.0,34.0,5.0
31,2025,4,0.0,11.0,17.0,7.0,0.0,13.0,0.0,2.0,6.0,0.0,0.0,0.0,0.0,0.0,0.0,0.0,4.0,0.0,0.0,0.0,0.0,0.0,6.0,0.0,0.0,0.0,2.0,0.0,0.0,24.0,1.0
31,2025,5,0.0,26.0,57.0,13.0,0.0,27.0,3.0,9.0,10.0,0.0,0.0,0.0,1.0,2.0,0.0,0.0,27.0,2.0,0.0,0.0,0.0,0.0,16.0,0.0,0.0,2.0,8.0,4.0,0.0,59.0,4.0
31,2025,6,2.0,44.0,85.0,17.0,2.0,36.0,2.0,0.0,22.0,0.0,0.0,0.0,0.0,0.0,0.0,0.0,19.0,6.0,0.0,0.0,2.0,0.0,12.0,0.0,0.0,16.0,11.0,3.0,0.0,89.0,10.0
31,2025,7,0.0,19.0,56.0,8.0,0.0,41.0,2.0,9.0,17.0,0.0,0.0,0.0,0.0,0.0,0.0,0.0,21.0,4.0,0.0,0.0,2.0,0.0,16.0,0.0,0.0,3.0,10.0,0.0,0.0,58.0,2.0
31,2025,8,0.0,23.0,39.0,7.0,0.0,19.0,0.0,7.0,13.0,0.0,0.0,0.0,0.0,0.0,0.0,0.0,13.0,1.0,0.0,0.0,0.0,0.0,7.0,0.0,0.0,1.0,8.0,1.0,1.0,42.0,2.0
31,2025,9,0.0,22.0,37.0,16.0,1.0,32.0,4.0,3.0,8.0,0.0,0.0,0.0,1.0,1.0,0.0,0.0,10.0,4.0,0.0,0.0,1.0,0.0,7.0,0.0,0.0,2.0,4.0,1.0,0.0,45.0,5.0
31,2025,10,1.0,47.0,64.0,15.0,0.0,34.0,3.0,10.0,21.0,0.0,0.0,0.0,1.0,2.0,0.0,1.0,22.0,3.0,0.0,0.0,1.0,0.0,18.0,0.0,0.0,1.0,6.0,7.0,2.0,69.0,2.0
31,2025,11,0.0,22.0,51.0,8.0,0.0,22.0,1.0,6.0,16.0,0.0,1.0,0.0,0.0,1.0,0.0,0.0,22.0,1.0,0.0,0.0,2.0,0.0,13.0,0.0,0.0,1.0,5.0,8.0,2.0,59.0,2.0
31,2025,12,1.0,17.0,26.0,15.0,0.0,16.0,1.0,13.0,7.0,0.0,0.0,0.0,0.0,0.0,0.0,0.0,7.0,2.0,0.0,0.0,3.0,0.0,15.0,0.0,0.0,1.0,4.0,1.0,0.0,51.0,0.0
31,2026,1,0.0,19.0,38.0,10.0,0.0,13.0,2.0,11.0,7.0,0.0,1.0,0.0,0.0,1.0,0.0,0.0,9.0,4.0,0.0,0.0,0.0,0.0,8.0,0.0,0.0,3.0,2.0,3.0,0.0,61.0,4.0
31,2026,2,0.0,23.0,58.0,14.0,0.0,16.0,6.0,7.0,9.0,0.0,0.0,0.0,1.0,0.0,0.0,0.0,30.0,1.0,0.0,0.0,2.0,0.0,25.0,0.0,0.0,0.0,9.0,0.0,0.0,63.0,10.0
31,2026,3,0.0,25.0,43.0,20.0,0.0,29.0,3.0,15.0,12.0,0.0,0.0,0.0,0.0,0.0,0.0,1.0,31.0,4.0,0.0,0.0,2.0,0.0,10.0,0.0,0.0,2.0,6.0,0.0,0.0,51.0,9.0
31,2026,4,0.0,4.0,5.0,0.0,0.0,2.0,0.0,2.0,3.0,0.0,0.0,0.0,0.0,0.0,0.0,0.0,3.0,0.0,0.0,0.0,0.0,0.0,1.0,0.0,0.0,0.0,0.0,0.0,0.0,6.0,0.0
32,2024,1,1.0,42.0,91.0,5.0,0.0,42.0,3.0,20.0,101.0,0.0,3.0,0.0,3.0,6.0,0.0,1.0,40.0,19.0,0.0,0.0,1.0,0.0,31.0,0.0,0.0,3.0,9.0,1.0,0.0,256.0,11.0
32,2024,2,1.0,34.0,87.0,12.0,0.0,39.0,2.0,25.0,94.0,0.0,0.0,0.0,8.0,0.0,1.0,0.0,48.0,29.0,0.0,0.0,1.0,0.0,29.0,0.0,0.0,9.0,23.0,3.0,1.0,253.0,5.0
32,2024,3,1.0,34.0,113.0,9.0,0.0,57.0,3.0,26.0,84.0,1.0,0.0,0.0,8.0,0.0,0.0,1.0,54.0,29.0,0.0,0.0,0.0,0.0,30.0,0.0,0.0,7.0,14.0,4.0,2.0,267.0,13.0
32,2024,4,2.0,37.0,111.0,8.0,1.0,52.0,3.0,22.0,87.0,1.0,0.0,0.0,6.0,0.0,0.0,0.0,36.0,28.0,0.0,0.0,2.0,0.0,22.0,0.0,2.0,6.0,32.0,4.0,1.0,254.0,14.0
32,2024,5,1.0,33.0,123.0,11.0,1.0,79.0,2.0,28.0,85.0,1.0,0.0,0.0,3.0,2.0,0.0,1.0,53.0,15.0,0.0,1.0,3.0,0.0,20.0,0.0,0.0,8.0,33.0,8.0,0.0,322.0,13.0
32,2024,6,1.0,33.0,126.0,4.0,0.0,50.0,1.0,36.0,90.0,0.0,0.0,0.0,5.0,0.0,0.0,0.0,50.0,23.0,0.0,0.0,0.0,0.0,26.0,1.0,0.0,10.0,33.0,3.0,1.0,347.0,15.0
32,2024,7,0.0,50.0,99.0,9.0,2.0,69.0,4.0,34.0,71.0,1.0,0.0,0.0,6.0,1.0,0.0,0.0,39.0,27.0,0.0,0.0,0.0,0.0,26.0,0.0,0.0,5.0,31.0,4.0,1.0,400.0,14.0
32,2024,8,1.0,39.0,108.0,8.0,1.0,47.0,4.0,29.0,85.0,0.0,0.0,0.0,4.0,1.0,0.0,0.0,47.0,19.0,0.0,0.0,0.0,0.0,22.0,0.0,0.0,10.0,38.0,1.0,2.0,434.0,13.0
32,2024,9,0.0,53.0,91.0,9.0,1.0,59.0,2.0,17.0,85.0,0.0,1.0,0.0,5.0,1.0,0.0,0.0,29.0,26.0,0.0,0.0,2.0,0.0,34.0,0.0,0.0,6.0,27.0,4.0,2.0,299.0,12.0
32,2024,10,0.0,54.0,80.0,17.0,3.0,65.0,5.0,36.0,98.0,0.0,0.0,0.0,3.0,0.0,0.0,0.0,48.0,22.0,0.0,0.0,0.0,0.0,41.0,0.0,0.0,7.0,27.0,1.0,0.0,343.0,6.0
32,2024,11,1.0,34.0,78.0,18.0,1.0,38.0,6.0,28.0,75.0,0.0,0.0,0.0,7.0,0.0,0.0,0.0,29.0,23.0,0.0,0.0,0.0,0.0,30.0,0.0,0.0,5.0,27.0,2.0,1.0,266.0,3.0
32,2024,12,1.0,32.0,83.0,15.0,0.0,46.0,5.0,38.0,63.0,1.0,0.0,0.0,5.0,1.0,0.0,1.0,34.0,20.0,0.0,0.0,0.0,0.0,26.0,0.0,0.0,2.0,17.0,3.0,0.0,233.0,12.0
32,2025,1,1.0,29.0,82.0,17.0,2.0,37.0,1.0,36.0,61.0,0.0,0.0,0.0,8.0,0.0,1.0,1.0,23.0,34.0,1.0,0.0,0.0,0.0,28.0,0.0,1.0,7.0,16.0,3.0,1.0,205.0,10.0
32,2025,2,1.0,42.0,63.0,14.0,0.0,29.0,3.0,30.0,48.0,0.0,0.0,0.0,7.0,1.0,0.0,2.0,22.0,28.0,0.0,0.0,2.0,0.0,26.0,0.0,0.0,10.0,16.0,4.0,2.0,245.0,14.0
32,2025,3,1.0,35.0,87.0,12.0,1.0,58.0,9.0,29.0,65.0,0.0,0.0,0.0,3.0,0.0,0.0,0.0,22.0,20.0,0.0,0.0,0.0,0.0,28.0,0.0,0.0,11.0,15.0,9.0,0.0,267.0,8.0
32,2025,4,0.0,16.0,34.0,11.0,0.0,20.0,1.0,19.0,29.0,0.0,0.0,0.0,3.0,0.0,0.0,0.0,12.0,10.0,0.0,0.0,0.0,0.0,12.0,0.0,0.0,2.0,5.0,3.0,0.0,132.0,3.0
32,2025,5,0.0,41.0,81.0,15.0,2.0,36.0,1.0,17.0,62.0,0.0,0.0,0.0,6.0,0.0,0.0,0.0,29.0,15.0,0.0,0.0,0.0,1.0,36.0,0.0,0.0,7.0,21.0,10.0,0.0,324.0,12.0
32,2025,6,2.0,75.0,202.0,30.0,0.0,132.0,8.0,52.0,106.0,2.0,0.0,0.0,12.0,2.0,0.0,0.0,59.0,27.0,0.0,0.0,0.0,3.0,40.0,0.0,0.0,21.0,32.0,7.0,1.0,554.0,18.0
32,2025,7,0.0,41.0,124.0,32.0,3.0,74.0,4.0,36.0,83.0,0.0,1.0,0.0,14.0,2.0,0.0,2.0,37.0,42.0,0.0,0.0,0.0,0.0,40.0,0.0,0.0,5.0,17.0,0.0,1.0,332.0,15.0
32,2025,8,2.0,36.0,113.0,13.0,3.0,40.0,4.0,23.0,65.0,0.0,0.0,0.0,10.0,0.0,1.0,5.0,37.0,26.0,0.0,0.0,1.0,0.0,40.0,0.0,0.0,13.0,30.0,4.0,2.0,261.0,3.0
32,2025,9,1.0,36.0,82.0,14.0,0.0,43.0,4.0,13.0,49.0,0.0,0.0,0.0,7.0,0.0,0.0,1.0,43.0,8.0,0.0,0.0,2.0,0.0,21.0,0.0,0.0,4.0,24.0,2.0,3.0,220.0,8.0
32,2025,10,0.0,54.0,130.0,13.0,0.0,44.0,6.0,44.0,93.0,0.0,0.0,0.0,11.0,0.0,0.0,2.0,53.0,29.0,0.0,1.0,0.0,0.0,30.0,0.0,0.0,7.0,23.0,6.0,3.0,342.0,6.0
32,2025,11,4.0,34.0,97.0,12.0,1.0,35.0,1.0,20.0,54.0,0.0,2.0,0.0,7.0,2.0,0.0,0.0,30.0,11.0,0.0,0.0,0.0,1.0,45.0,0.0,1.0,11.0,15.0,2.0,1.0,287.0,12.0
32,2025,12,1.0,36.0,61.0,18.0,0.0,33.0,4.0,25.0,56.0,0.0,1.0,0.0,8.0,0.0,1.0,0.0,27.0,5.0,0.0,0.0,1.0,0.0,18.0,0.0,0.0,5.0,16.0,4.0,2.0,247.0,5.0
32,2026,1,0.0,33.0,82.0,16.0,0.0,26.0,3.0,28.0,48.0,0.0,1.0,0.0,9.0,0.0,0.0,1.0,33.0,16.0,0.0,0.0,2.0,0.0,16.0,0.0,0.0,3.0,15.0,4.0,1.0,201.0,11.0
32,2026,2,1.0,46.0,98.0,25.0,2.0,57.0,5.0,32.0,46.0,0.0,0.0,0.0,8.0,1.0,0.0,0.0,55.0,18.0,0.0,0.0,1.0,0.0,42.0,0.0,1.0,12.0,25.0,1.0,1.0,290.0,6.0
32,2026,3,1.0,45.0,135.0,41.0,0.0,67.0,13.0,32.0,54.0,0.0,0.0,0.0,5.0,0.0,0.0,1.0,37.0,16.0,0.0,0.0,0.0,0.0,26.0,0.0,1.0,11.0,13.0,6.0,0.0,295.0,11.0
32,2026,4,1.0,6.0,10.0,4.0,0.0,7.0,0.0,2.0,4.0,0.0,0.0,0.0,0.0,0.0,0.0,0.0,2.0,1.0,0.0,0.0,0.0,0.0,6.0,0.0,0.0,0.0,1.0,1.0,0.0,29.0,1.0
33,2024,1,1.0,18.0,27.0,2.0,1.0,15.0,2.0,6.0,20.0,0.0,0.0,0.0,0.0,1.0,0.0,0.0,16.0,0.0,0.0,0.0,0.0,0.0,11.0,0.0,0.0,1.0,3.0,2.0,0.0,54.0,5.0
33,2024,2,0.0,17.0,34.0,6.0,0.0,28.0,3.0,3.0,20.0,0.0,0.0,0.0,0.0,0.0,0.0,0.0,22.0,4.0,0.0,0.0,1.0,0.0,10.0,0.0,0.0,2.0,3.0,3.0,0.0,44.0,3.0
33,2024,3,0.0,18.0,38.0,1.0,1.0,17.0,2.0,8.0,22.0,0.0,0.0,0.0,3.0,0.0,0.0,0.0,26.0,3.0,0.0,0.0,2.0,0.0,17.0,0.0,0.0,2.0,7.0,1.0,0.0,35.0,7.0
33,2024,4,0.0,19.0,35.0,3.0,0.0,23.0,0.0,8.0,15.0,0.0,0.0,0.0,0.0,0.0,0.0,0.0,21.0,3.0,0.0,0.0,0.0,0.0,10.0,0.0,0.0,1.0,5.0,0.0,0.0,48.0,3.0
33,2024,5,0.0,17.0,41.0,2.0,0.0,24.0,0.0,9.0,17.0,1.0,0.0,0.0,0.0,0.0,0.0,0.0,24.0,2.0,0.0,0.0,0.0,0.0,14.0,0.0,0.0,1.0,6.0,2.0,1.0,44.0,4.0
33,2024,6,0.0,9.0,44.0,3.0,0.0,29.0,3.0,7.0,18.0,0.0,0.0,0.0,0.0,0.0,0.0,0.0,22.0,3.0,0.0,0.0,3.0,0.0,5.0,0.0,0.0,1.0,8.0,1.0,0.0,62.0,3.0
33,2024,7,0.0,14.0,45.0,9.0,2.0,37.0,3.0,6.0,11.0,0.0,1.0,0.0,4.0,0.0,0.0,0.0,24.0,5.0,0.0,1.0,1.0,0.0,18.0,1.0,0.0,2.0,6.0,2.0,0.0,78.0,9.0
33,2024,8,0.0,16.0,53.0,5.0,0.0,31.0,3.0,5.0,19.0,0.0,0.0,0.0,1.0,0.0,0.0,0.0,24.0,7.0,0.0,0.0,0.0,0.0,16.0,0.0,0.0,5.0,7.0,2.0,3.0,61.0,8.0
33,2024,9,0.0,16.0,38.0,14.0,0.0,36.0,2.0,6.0,11.0,0.0,0.0,0.0,1.0,0.0,0.0,0.0,29.0,5.0,0.0,1.0,1.0,0.0,21.0,0.0,0.0,4.0,3.0,1.0,0.0,67.0,9.0
33,2024,10,0.0,21.0,38.0,11.0,2.0,27.0,0.0,6.0,20.0,0.0,3.0,0.0,0.0,0.0,1.0,0.0,26.0,11.0,0.0,0.0,0.0,0.0,13.0,0.0,0.0,2.0,4.0,1.0,0.0,78.0,7.0
33,2024,11,0.0,11.0,26.0,9.0,0.0,16.0,1.0,6.0,19.0,0.0,0.0,0.0,2.0,0.0,0.0,0.0,22.0,9.0,0.0,0.0,0.0,0.0,11.0,0.0,0.0,1.0,0.0,4.0,0.0,66.0,9.0
33,2024,12,1.0,21.0,44.0,16.0,1.0,15.0,2.0,11.0,12.0,0.0,0.0,0.0,3.0,0.0,0.0,0.0,10.0,7.0,0.0,0.0,1.0,0.0,18.0,0.0,0.0,0.0,6.0,2.0,0.0,49.0,5.0
33,2025,1,0.0,22.0,32.0,9.0,0.0,10.0,3.0,7.0,17.0,0.0,1.0,0.0,2.0,0.0,0.0,0.0,14.0,9.0,0.0,1.0,2.0,0.0,14.0,0.0,0.0,1.0,2.0,2.0,0.0,46.0,3.0
33,2025,2,0.0,17.0,23.0,7.0,1.0,13.0,2.0,10.0,11.0,0.0,0.0,0.0,3.0,0.0,0.0,0.0,16.0,2.0,0.0,0.0,0.0,0.0,14.0,0.0,0.0,6.0,5.0,1.0,1.0,29.0,5.0
33,2025,3,0.0,10.0,19.0,6.0,0.0,31.0,1.0,9.0,17.0,0.0,1.0,0.0,2.0,0.0,1.0,0.0,21.0,6.0,0.0,0.0,1.0,0.0,12.0,0.0,0.0,2.0,0.0,0.0,0.0,34.0,7.0
33,2025,4,0.0,5.0,15.0,3.0,0.0,4.0,0.0,1.0,8.0,0.0,0.0,0.0,0.0,0.0,0.0,0.0,8.0,4.0,0.0,0.0,0.0,0.0,12.0,1.0,0.0,1.0,2.0,1.0,0.0,28.0,5.0
33,2025,5,0.0,17.0,30.0,4.0,0.0,30.0,0.0,13.0,19.0,1.0,0.0,0.0,3.0,0.0,0.0,1.0,18.0,4.0,0.0,0.0,1.0,0.0,18.0,0.0,0.0,1.0,1.0,0.0,0.0,61.0,5.0
33,2025,6,0.0,33.0,92.0,5.0,0.0,28.0,6.0,13.0,22.0,0.0,0.0,0.0,1.0,0.0,0.0,0.0,44.0,11.0,0.0,0.0,2.0,0.0,29.0,0.0,0.0,2.0,5.0,10.0,0.0,58.0,13.0
33,2025,7,0.0,13.0,29.0,12.0,4.0,11.0,1.0,3.0,19.0,0.0,0.0,0.0,1.0,1.0,0.0,2.0,28.0,15.0,0.0,0.0,2.0,0.0,19.0,0.0,0.0,7.0,9.0,0.0,0.0,37.0,12.0
33,2025,8,0.0,8.0,33.0,8.0,0.0,13.0,0.0,4.0,11.0,0.0,0.0,0.0,1.0,0.0,0.0,0.0,17.0,4.0,0.0,0.0,0.0,0.0,10.0,0.0,0.0,3.0,3.0,1.0,1.0,37.0,10.0
33,2025,9,0.0,17.0,25.0,6.0,0.0,21.0,1.0,4.0,20.0,0.0,2.0,0.0,2.0,0.0,0.0,0.0,16.0,4.0,0.0,1.0,1.0,0.0,18.0,0.0,0.0,4.0,1.0,2.0,0.0,42.0,2.0
33,2025,10,0.0,22.0,31.0,16.0,0.0,16.0,0.0,3.0,20.0,0.0,0.0,0.0,1.0,0.0,0.0,0.0,26.0,3.0,0.0,0.0,1.0,0.0,16.0,0.0,0.0,3.0,4.0,2.0,0.0,52.0,5.0
33,2025,11,0.0,12.0,27.0,7.0,0.0,14.0,0.0,5.0,12.0,0.0,0.0,0.0,1.0,1.0,0.0,0.0,23.0,3.0,0.0,0.0,0.0,0.0,14.0,0.0,0.0,2.0,0.0,1.0,0.0,37.0,3.0
33,2025,12,0.0,9.0,24.0,9.0,0.0,12.0,0.0,11.0,16.0,0.0,0.0,0.0,1.0,0.0,1.0,0.0,16.0,4.0,0.0,0.0,1.0,0.0,9.0,0.0,0.0,0.0,2.0,0.0,0.0,42.0,5.0
33,2026,1,0.0,12.0,34.0,5.0,0.0,19.0,0.0,15.0,18.0,0.0,0.0,0.0,3.0,0.0,0.0,0.0,8.0,3.0,0.0,0.0,3.0,0.0,21.0,0.0,0.0,0.0,4.0,0.0,2.0,23.0,5.0
33,2026,2,0.0,12.0,40.0,15.0,1.0,17.0,2.0,9.0,20.0,0.0,0.0,0.0,2.0,0.0,2.0,0.0,18.0,2.0,0.0,0.0,1.0,0.0,22.0,0.0,0.0,0.0,3.0,0.0,0.0,62.0,10.0
33,2026,3,0.0,13.0,37.0,7.0,0.0,18.0,3.0,14.0,19.0,0.0,0.0,0.0,2.0,0.0,0.0,0.0,14.0,3.0,0.0,0.0,1.0,0.0,19.0,0.0,0.0,6.0,5.0,1.0,0.0,46.0,4.0
33,2026,4,0.0,3.0,6.0,3.0,0.0,1.0,0.0,0.0,0.0,0.0,0.0,0.0,0.0,0.0,0.0,0.0,0.0,0.0,0.0,0.0,0.0,0.0,3.0,0.0,0.0,0.0,0.0,0.0,0.0,3.0,0.0
34,2024,1,0.0,5.0,9.0,3.0,0.0,11.0,0.0,0.0,5.0,0.0,0.0,0.0,0.0,0.0,0.0,0.0,7.0,1.0,0.0,0.0,0.0,0.0,2.0,0.0,0.0,1.0,4.0,0.0,0.0,24.0,0.0
34,2024,2,0.0,7.0,20.0,2.0,0.0,9.0,0.0,0.0,4.0,0.0,0.0,0.0,0.0,0.0,1.0,0.0,6.0,1.0,0.0,0.0,1.0,0.0,4.0,0.0,0.0,0.0,7.0,0.0,0.0,16.0,0.0
34,2024,3,0.0,8.0,16.0,3.0,0.0,6.0,0.0,1.0,4.0,0.0,0.0,0.0,0.0,0.0,0.0,0.0,6.0,1.0,0.0,0.0,0.0,0.0,4.0,0.0,0.0,0.0,4.0,0.0,0.0,20.0,4.0
34,2024,4,1.0,9.0,15.0,2.0,0.0,10.0,0.0,2.0,7.0,0.0,0.0,0.0,1.0,0.0,0.0,0.0,4.0,0.0,0.0,0.0,0.0,0.0,1.0,0.0,0.0,0.0,2.0,1.0,0.0,26.0,0.0
34,2024,5,0.0,6.0,14.0,1.0,0.0,7.0,0.0,1.0,7.0,0.0,0.0,0.0,0.0,0.0,0.0,1.0,4.0,0.0,0.0,0.0,1.0,0.0,4.0,0.0,0.0,0.0,4.0,0.0,0.0,26.0,0.0
34,2024,6,0.0,8.0,30.0,6.0,0.0,12.0,0.0,3.0,3.0,0.0,0.0,0.0,0.0,0.0,0.0,0.0,13.0,0.0,0.0,0.0,0.0,0.0,6.0,1.0,0.0,1.0,8.0,0.0,0.0,33.0,1.0
34,2024,7,0.0,8.0,11.0,3.0,0.0,13.0,0.0,4.0,5.0,0.0,1.0,0.0,1.0,0.0,0.0,0.0,2.0,3.0,0.0,0.0,0.0,0.0,3.0,0.0,0.0,2.0,13.0,0.0,1.0,29.0,0.0
34,2024,8,0.0,6.0,17.0,4.0,1.0,8.0,0.0,1.0,11.0,0.0,2.0,0.0,0.0,0.0,0.0,1.0,6.0,1.0,0.0,0.0,1.0,0.0,3.0,0.0,0.0,2.0,13.0,0.0,1.0,22.0,5.0
34,2024,9,0.0,11.0,20.0,3.0,1.0,5.0,1.0,0.0,7.0,0.0,0.0,0.0,0.0,0.0,0.0,0.0,11.0,0.0,0.0,0.0,0.0,0.0,7.0,0.0,0.0,3.0,11.0,1.0,0.0,17.0,3.0
34,2024,10,0.0,7.0,19.0,0.0,0.0,7.0,0.0,1.0,6.0,0.0,0.0,0.0,1.0,0.0,0.0,0.0,9.0,2.0,0.0,0.0,0.0,0.0,7.0,0.0,0.0,1.0,8.0,1.0,0.0,28.0,3.0
34,2024,11,0.0,8.0,14.0,2.0,0.0,12.0,0.0,3.0,14.0,0.0,2.0,0.0,0.0,0.0,0.0,0.0,11.0,1.0,0.0,0.0,1.0,0.0,2.0,2.0,0.0,0.0,13.0,1.0,0.0,20.0,3.0
34,2024,12,0.0,5.0,5.0,8.0,0.0,4.0,1.0,3.0,3.0,0.0,0.0,0.0,0.0,0.0,0.0,0.0,6.0,0.0,0.0,0.0,1.0,0.0,3.0,0.0,0.0,0.0,8.0,0.0,0.0,26.0,3.0
34,2025,1,0.0,8.0,8.0,3.0,0.0,4.0,0.0,1.0,5.0,0.0,0.0,0.0,0.0,0.0,0.0,0.0,9.0,0.0,0.0,0.0,0.0,0.0,3.0,0.0,0.0,1.0,5.0,0.0,0.0,29.0,0.0
34,2025,2,0.0,10.0,10.0,5.0,0.0,7.0,0.0,1.0,7.0,0.0,0.0,0.0,0.0,0.0,0.0,1.0,8.0,2.0,0.0,0.0,0.0,0.0,5.0,0.0,0.0,0.0,2.0,0.0,0.0,21.0,3.0
34,2025,3,0.0,9.0,13.0,7.0,0.0,14.0,0.0,3.0,7.0,0.0,0.0,0.0,0.0,0.0,0.0,0.0,5.0,1.0,0.0,0.0,0.0,0.0,4.0,0.0,0.0,0.0,8.0,0.0,0.0,22.0,0.0
34,2025,4,0.0,4.0,4.0,1.0,0.0,9.0,0.0,0.0,3.0,0.0,0.0,0.0,0.0,0.0,0.0,0.0,2.0,0.0,0.0,0.0,0.0,0.0,2.0,0.0,0.0,0.0,4.0,0.0,0.0,6.0,1.0
34,2025,5,0.0,11.0,17.0,2.0,0.0,4.0,2.0,4.0,10.0,0.0,0.0,0.0,2.0,0.0,0.0,0.0,6.0,2.0,0.0,0.0,1.0,0.0,1.0,0.0,0.0,0.0,6.0,1.0,0.0,21.0,1.0
34,2025,6,0.0,16.0,34.0,1.0,0.0,26.0,5.0,3.0,8.0,0.0,0.0,0.0,2.0,0.0,0.0,0.0,16.0,2.0,0.0,0.0,2.0,0.0,4.0,0.0,0.0,6.0,16.0,2.0,0.0,26.0,10.0
34,2025,7,0.0,6.0,16.0,4.0,0.0,14.0,2.0,0.0,4.0,0.0,0.0,0.0,2.0,0.0,0.0,0.0,6.0,3.0,0.0,0.0,1.0,0.0,5.0,0.0,0.0,1.0,5.0,2.0,0.0,29.0,2.0
34,2025,8,0.0,8.0,15.0,5.0,0.0,10.0,0.0,2.0,9.0,0.0,0.0,0.0,1.0,0.0,0.0,0.0,8.0,1.0,0.0,0.0,0.0,0.0,2.0,0.0,0.0,1.0,4.0,0.0,0.0,26.0,4.0
34,2025,9,0.0,4.0,12.0,5.0,0.0,18.0,2.0,0.0,9.0,0.0,0.0,0.0,0.0,0.0,0.0,0.0,6.0,3.0,0.0,0.0,0.0,0.0,3.0,1.0,0.0,0.0,2.0,0.0,0.0,19.0,2.0
34,2025,10,0.0,14.0,17.0,7.0,0.0,11.0,0.0,7.0,5.0,0.0,1.0,0.0,0.0,0.0,0.0,0.0,6.0,4.0,0.0,0.0,0.0,0.0,3.0,0.0,0.0,0.0,9.0,0.0,2.0,18.0,0.0
34,2025,11,0.0,8.0,17.0,3.0,1.0,19.0,0.0,3.0,9.0,0.0,0.0,0.0,0.0,0.0,0.0,0.0,15.0,0.0,0.0,0.0,0.0,0.0,1.0,0.0,0.0,0.0,6.0,1.0,0.0,33.0,3.0
34,2025,12,0.0,9.0,14.0,8.0,0.0,15.0,0.0,0.0,6.0,0.0,0.0,0.0,0.0,1.0,0.0,0.0,6.0,0.0,0.0,0.0,0.0,0.0,2.0,0.0,0.0,0.0,3.0,2.0,0.0,20.0,3.0
34,2026,1,0.0,2.0,16.0,7.0,0.0,10.0,1.0,0.0,7.0,0.0,0.0,1.0,1.0,0.0,0.0,0.0,7.0,1.0,0.0,0.0,1.0,0.0,2.0,0.0,0.0,0.0,0.0,1.0,0.0,30.0,1.0
34,2026,2,0.0,9.0,20.0,6.0,0.0,8.0,1.0,4.0,12.0,0.0,1.0,0.0,0.0,0.0,0.0,0.0,10.0,0.0,0.0,0.0,0.0,0.0,2.0,0.0,0.0,0.0,11.0,1.0,0.0,31.0,1.0
34,2026,3,0.0,3.0,14.0,7.0,0.0,13.0,1.0,2.0,7.0,0.0,0.0,0.0,0.0,0.0,0.0,0.0,16.0,0.0,0.0,0.0,1.0,0.0,2.0,2.0,0.0,2.0,2.0,0.0,0.0,28.0,2.0
34,2026,4,0.0,0.0,2.0,13.0,0.0,0.0,0.0,0.0,1.0,0.0,0.0,0.0,0.0,0.0,0.0,0.0,1.0,0.0,0.0,0.0,0.0,0.0,0.0,0.0,0.0,0.0,0.0,0.0,0.0,3.0,1.0
35,2024,1,0.0,27.0,36.0,2.0,0.0,33.0,2.0,6.0,15.0,0.0,0.0,0.0,0.0,0.0,0.0,0.0,24.0,4.0,0.0,1.0,1.0,0.0,11.0,0.0,0.0,0.0,5.0,1.0,0.0,41.0,2.0
35,2024,2,0.0,26.0,32.0,4.0,0.0,22.0,2.0,7.0,15.0,0.0,0.0,0.0,0.0,0.0,0.0,0.0,20.0,3.0,0.0,0.0,1.0,0.0,13.0,0.0,0.0,4.0,2.0,2.0,0.0,42.0,10.0
35,2024,3,0.0,21.0,41.0,2.0,0.0,33.0,1.0,2.0,7.0,0.0,0.0,0.0,0.0,1.0,0.0,0.0,30.0,2.0,0.0,0.0,1.0,0.0,16.0,0.0,0.0,1.0,3.0,0.0,0.0,42.0,7.0
35,2024,4,0.0,26.0,41.0,6.0,0.0,33.0,1.0,3.0,12.0,0.0,0.0,0.0,1.0,0.0,0.0,0.0,12.0,4.0,0.0,0.0,0.0,0.0,5.0,0.0,0.0,2.0,7.0,0.0,0.0,53.0,1.0
35,2024,5,0.0,35.0,58.0,6.0,0.0,27.0,1.0,7.0,14.0,0.0,1.0,0.0,2.0,0.0,0.0,0.0,23.0,5.0,0.0,0.0,0.0,0.0,16.0,0.0,0.0,0.0,3.0,0.0,1.0,60.0,14.0
35,2024,6,0.0,20.0,58.0,6.0,0.0,24.0,2.0,7.0,13.0,0.0,4.0,0.0,3.0,0.0,0.0,0.0,19.0,11.0,0.0,0.0,0.0,0.0,17.0,0.0,0.0,12.0,9.0,2.0,0.0,65.0,17.0
35,2024,7,0.0,16.0,57.0,8.0,1.0,29.0,2.0,4.0,19.0,0.0,2.0,0.0,0.0,0.0,0.0,0.0,27.0,0.0,0.0,0.0,2.0,0.0,12.0,0.0,0.0,2.0,10.0,0.0,2.0,66.0,10.0
35,2024,8,3.0,27.0,41.0,8.0,0.0,29.0,1.0,13.0,11.0,0.0,0.0,0.0,0.0,0.0,0.0,0.0,29.0,3.0,0.0,0.0,1.0,0.0,13.0,0.0,0.0,2.0,11.0,0.0,1.0,85.0,9.0
35,2024,9,0.0,26.0,45.0,6.0,1.0,29.0,0.0,4.0,8.0,0.0,2.0,0.0,1.0,0.0,1.0,0.0,24.0,1.0,0.0,0.0,2.0,0.0,10.0,0.0,0.0,1.0,5.0,1.0,0.0,66.0,10.0
35,2024,10,0.0,19.0,56.0,9.0,1.0,40.0,1.0,2.0,17.0,0.0,0.0,0.0,1.0,1.0,0.0,0.0,31.0,4.0,0.0,0.0,2.0,0.0,10.0,0.0,0.0,1.0,5.0,2.0,0.0,75.0,13.0
35,2024,11,0.0,19.0,38.0,5.0,0.0,19.0,1.0,9.0,18.0,0.0,0.0,0.0,0.0,1.0,0.0,0.0,19.0,4.0,0.0,0.0,3.0,0.0,13.0,0.0,0.0,0.0,9.0,1.0,1.0,41.0,1.0
35,2024,12,0.0,21.0,49.0,6.0,0.0,14.0,2.0,3.0,10.0,0.0,0.0,0.0,0.0,0.0,0.0,0.0,22.0,3.0,0.0,0.0,0.0,0.0,22.0,0.0,0.0,0.0,3.0,1.0,0.0,49.0,7.0
35,2025,1,0.0,27.0,44.0,2.0,0.0,21.0,4.0,7.0,11.0,0.0,1.0,0.0,0.0,1.0,0.0,0.0,16.0,4.0,0.0,1.0,2.0,0.0,18.0,0.0,0.0,0.0,2.0,0.0,1.0,46.0,6.0
35,2025,2,0.0,27.0,34.0,3.0,0.0,23.0,1.0,10.0,11.0,0.0,0.0,0.0,0.0,0.0,0.0,0.0,25.0,2.0,0.0,1.0,1.0,0.0,16.0,0.0,0.0,3.0,3.0,1.0,0.0,40.0,3.0
35,2025,3,1.0,23.0,39.0,3.0,0.0,21.0,2.0,3.0,15.0,0.0,0.0,0.0,1.0,0.0,0.0,0.0,19.0,8.0,0.0,0.0,1.0,0.0,13.0,0.0,0.0,1.0,3.0,1.0,0.0,34.0,2.0
35,2025,4,0.0,17.0,17.0,5.0,0.0,11.0,1.0,1.0,4.0,0.0,0.0,0.0,1.0,0.0,0.0,0.0,14.0,6.0,0.0,0.0,1.0,0.0,6.0,0.0,0.0,0.0,1.0,1.0,1.0,21.0,2.0
35,2025,5,0.0,30.0,43.0,9.0,0.0,41.0,2.0,3.0,17.0,0.0,1.0,0.0,1.0,0.0,0.0,0.0,28.0,4.0,0.0,0.0,0.0,0.0,17.0,0.0,0.0,3.0,4.0,0.0,0.0,69.0,6.0
35,2025,6,0.0,36.0,98.0,20.0,2.0,55.0,0.0,11.0,23.0,0.0,0.0,0.0,2.0,0.0,0.0,0.0,55.0,8.0,0.0,0.0,4.0,0.0,30.0,0.0,0.0,1.0,18.0,2.0,2.0,76.0,59.0
35,2025,7,0.0,17.0,50.0,20.0,0.0,38.0,1.0,0.0,17.0,0.0,0.0,0.0,0.0,0.0,0.0,0.0,31.0,0.0,0.0,1.0,1.0,0.0,16.0,0.0,0.0,0.0,14.0,1.0,0.0,76.0,4.0
35,2025,8,0.0,19.0,34.0,3.0,1.0,38.0,3.0,6.0,12.0,0.0,0.0,0.0,4.0,0.0,0.0,0.0,32.0,3.0,0.0,0.0,0.0,0.0,11.0,0.0,0.0,1.0,8.0,2.0,0.0,51.0,1.0
35,2025,9,0.0,19.0,39.0,8.0,0.0,26.0,0.0,2.0,16.0,0.0,1.0,0.0,0.0,0.0,0.0,0.0,21.0,1.0,0.0,0.0,1.0,0.0,12.0,0.0,0.0,0.0,4.0,0.0,0.0,49.0,9.0
35,2025,10,0.0,27.0,45.0,17.0,0.0,30.0,2.0,6.0,17.0,0.0,0.0,0.0,0.0,0.0,0.0,0.0,45.0,4.0,0.0,0.0,0.0,0.0,15.0,0.0,0.0,2.0,3.0,0.0,0.0,73.0,3.0
35,2025,11,0.0,29.0,37.0,6.0,1.0,21.0,1.0,2.0,10.0,0.0,0.0,0.0,0.0,0.0,0.0,0.0,39.0,2.0,0.0,0.0,0.0,0.0,9.0,0.0,0.0,0.0,2.0,2.0,1.0,60.0,4.0
35,2025,12,0.0,16.0,36.0,12.0,0.0,35.0,4.0,7.0,11.0,0.0,0.0,0.0,0.0,0.0,0.0,0.0,33.0,1.0,0.0,0.0,1.0,0.0,7.0,0.0,0.0,0.0,5.0,1.0,0.0,51.0,1.0
35,2026,1,0.0,20.0,36.0,14.0,0.0,44.0,5.0,5.0,8.0,0.0,0.0,0.0,2.0,0.0,0.0,0.0,43.0,4.0,0.0,0.0,4.0,0.0,16.0,0.0,0.0,0.0,3.0,2.0,0.0,51.0,3.0
35,2026,2,0.0,20.0,47.0,11.0,0.0,94.0,1.0,15.0,5.0,0.0,0.0,0.0,2.0,0.0,0.0,1.0,46.0,3.0,0.0,0.0,0.0,0.0,28.0,0.0,0.0,1.0,8.0,0.0,0.0,53.0,7.0
35,2026,3,0.0,22.0,53.0,12.0,0.0,33.0,2.0,5.0,11.0,0.0,1.0,0.0,0.0,0.0,0.0,0.0,31.0,1.0,0.0,0.0,3.0,0.0,14.0,0.0,0.0,1.0,2.0,3.0,0.0,55.0,4.0
35,2026,4,0.0,3.0,2.0,2.0,0.0,0.0,0.0,1.0,1.0,0.0,0.0,0.0,0.0,0.0,0.0,0.0,6.0,0.0,0.0,0.0,1.0,0.0,3.0,0.0,0.0,0.0,1.0,1.0,0.0,4.0,1.0
36,2024,1,0.0,10.0,7.0,2.0,0.0,15.0,0.0,0.0,6.0,0.0,0.0,0.0,0.0,1.0,0.0,0.0,17.0,0.0,0.0,0.0,1.0,0.0,9.0,0.0,0.0,0.0,0.0,0.0,0.0,13.0,0.0
36,2024,2,0.0,9.0,3.0,3.0,0.0,11.0,0.0,3.0,3.0,0.0,0.0,0.0,0.0,0.0,0.0,0.0,15.0,1.0,0.0,0.0,2.0,0.0,7.0,0.0,0.0,0.0,1.0,0.0,0.0,8.0,4.0
36,2024,3,0.0,6.0,8.0,0.0,0.0,12.0,0.0,0.0,4.0,0.0,0.0,0.0,0.0,0.0,0.0,0.0,5.0,0.0,0.0,0.0,0.0,0.0,4.0,0.0,0.0,1.0,1.0,0.0,0.0,21.0,5.0
36,2024,4,0.0,7.0,15.0,0.0,0.0,9.0,0.0,0.0,8.0,0.0,0.0,0.0,0.0,0.0,0.0,0.0,9.0,0.0,0.0,0.0,1.0,0.0,6.0,0.0,0.0,0.0,2.0,0.0,0.0,11.0,2.0
36,2024,5,0.0,10.0,13.0,0.0,0.0,12.0,1.0,3.0,4.0,0.0,0.0,0.0,0.0,0.0,0.0,0.0,8.0,1.0,0.0,0.0,0.0,0.0,8.0,0.0,0.0,0.0,4.0,0.0,1.0,7.0,1.0
36,2024,6,0.0,9.0,19.0,2.0,0.0,8.0,0.0,0.0,2.0,0.0,0.0,0.0,0.0,0.0,0.0,0.0,9.0,0.0,0.0,0.0,0.0,0.0,3.0,0.0,0.0,0.0,0.0,1.0,0.0,12.0,2.0
36,2024,7,0.0,7.0,23.0,3.0,0.0,10.0,0.0,1.0,4.0,0.0,0.0,0.0,0.0,0.0,0.0,0.0,12.0,0.0,0.0,0.0,0.0,0.0,4.0,0.0,0.0,0.0,6.0,0.0,2.0,16.0,4.0
36,2024,8,0.0,8.0,9.0,2.0,0.0,15.0,0.0,1.0,2.0,0.0,1.0,0.0,0.0,0.0,0.0,0.0,12.0,0.0,0.0,1.0,1.0,0.0,4.0,0.0,0.0,0.0,2.0,0.0,0.0,15.0,3.0
36,2024,9,0.0,3.0,13.0,3.0,1.0,6.0,0.0,1.0,9.0,0.0,0.0,0.0,0.0,1.0,0.0,0.0,8.0,0.0,0.0,0.0,2.0,0.0,8.0,0.0,0.0,0.0,2.0,1.0,1.0,17.0,2.0
36,2024,10,0.0,8.0,14.0,3.0,0.0,12.0,0.0,1.0,1.0,0.0,1.0,0.0,1.0,0.0,0.0,0.0,8.0,0.0,0.0,0.0,0.0,0.0,5.0,0.0,0.0,0.0,3.0,0.0,1.0,17.0,1.0
36,2024,11,0.0,8.0,11.0,1.0,0.0,9.0,0.0,1.0,5.0,0.0,0.0,0.0,0.0,0.0,0.0,0.0,6.0,1.0,0.0,0.0,2.0,0.0,10.0,0.0,0.0,0.0,2.0,0.0,0.0,15.0,1.0
36,2024,12,0.0,6.0,8.0,1.0,0.0,10.0,0.0,2.0,2.0,0.0,0.0,0.0,0.0,0.0,1.0,0.0,9.0,0.0,0.0,0.0,0.0,0.0,3.0,0.0,0.0,0.0,1.0,0.0,0.0,19.0,2.0
36,2025,1,0.0,6.0,7.0,1.0,0.0,4.0,0.0,1.0,2.0,0.0,0.0,0.0,0.0,0.0,0.0,0.0,7.0,1.0,0.0,0.0,2.0,0.0,1.0,0.0,0.0,0.0,2.0,0.0,0.0,10.0,2.0
36,2025,2,0.0,2.0,8.0,0.0,0.0,8.0,0.0,0.0,3.0,0.0,0.0,0.0,0.0,0.0,0.0,0.0,9.0,1.0,0.0,0.0,0.0,0.0,3.0,0.0,0.0,0.0,1.0,0.0,0.0,13.0,2.0
36,2025,3,0.0,3.0,15.0,0.0,0.0,9.0,0.0,1.0,1.0,0.0,0.0,0.0,0.0,0.0,0.0,0.0,7.0,2.0,0.0,0.0,0.0,0.0,3.0,0.0,0.0,0.0,0.0,0.0,0.0,9.0,2.0
36,2025,4,0.0,6.0,3.0,0.0,0.0,6.0,0.0,0.0,2.0,0.0,0.0,0.0,0.0,0.0,0.0,0.0,8.0,0.0,0.0,0.0,0.0,0.0,4.0,0.0,0.0,0.0,1.0,1.0,0.0,8.0,2.0
36,2025,5,0.0,9.0,14.0,1.0,0.0,15.0,0.0,0.0,0.0,0.0,0.0,0.0,0.0,0.0,0.0,0.0,13.0,0.0,0.0,0.0,2.0,0.0,1.0,0.0,0.0,0.0,1.0,0.0,0.0,14.0,3.0
36,2025,6,0.0,16.0,22.0,2.0,0.0,20.0,0.0,0.0,8.0,0.0,0.0,0.0,0.0,0.0,0.0,0.0,17.0,0.0,0.0,0.0,0.0,0.0,4.0,0.0,0.0,0.0,4.0,0.0,0.0,31.0,9.0
36,2025,7,0.0,3.0,21.0,4.0,0.0,19.0,0.0,3.0,3.0,0.0,0.0,0.0,0.0,0.0,0.0,0.0,16.0,0.0,0.0,0.0,0.0,0.0,7.0,0.0,0.0,1.0,1.0,1.0,0.0,20.0,7.0
36,2025,8,0.0,4.0,5.0,4.0,0.0,11.0,0.0,1.0,6.0,0.0,0.0,0.0,0.0,0.0,0.0,0.0,10.0,0.0,0.0,0.0,0.0,0.0,2.0,0.0,0.0,0.0,1.0,0.0,0.0,12.0,3.0
36,2025,9,0.0,6.0,13.0,3.0,0.0,5.0,0.0,1.0,3.0,0.0,0.0,0.0,1.0,0.0,0.0,0.0,3.0,0.0,0.0,0.0,1.0,0.0,5.0,0.0,0.0,0.0,0.0,0.0,0.0,11.0,0.0
36,2025,10,0.0,8.0,10.0,3.0,0.0,18.0,1.0,3.0,7.0,0.0,0.0,0.0,0.0,0.0,0.0,0.0,11.0,0.0,0.0,0.0,0.0,0.0,5.0,0.0,0.0,2.0,1.0,0.0,0.0,13.0,3.0
36,2025,11,0.0,10.0,15.0,3.0,0.0,5.0,0.0,1.0,7.0,0.0,0.0,0.0,0.0,0.0,0.0,0.0,7.0,0.0,0.0,0.0,1.0,0.0,1.0,0.0,0.0,0.0,3.0,2.0,2.0,5.0,0.0
36,2025,12,0.0,1.0,16.0,3.0,0.0,7.0,0.0,0.0,3.0,0.0,0.0,0.0,0.0,0.0,0.0,0.0,10.0,0.0,0.0,0.0,0.0,0.0,5.0,0.0,0.0,0.0,0.0,0.0,0.0,10.0,0.0
36,2026,1,0.0,7.0,16.0,3.0,0.0,20.0,1.0,1.0,7.0,0.0,0.0,0.0,0.0,0.0,0.0,0.0,18.0,0.0,0.0,0.0,0.0,0.0,2.0,0.0,0.0,0.0,2.0,0.0,1.0,9.0,1.0
36,2026,2,2.0,3.0,15.0,6.0,0.0,11.0,0.0,0.0,2.0,0.0,2.0,0.0,0.0,0.0,0.0,0.0,19.0,0.0,0.0,0.0,0.0,0.0,6.0,0.0,0.0,0.0,0.0,1.0,0.0,14.0,0.0
36,2026,3,0.0,5.0,19.0,2.0,0.0,6.0,0.0,0.0,4.0,0.0,0.0,0.0,0.0,0.0,0.0,0.0,14.0,0.0,0.0,0.0,1.0,0.0,6.0,0.0,0.0,0.0,1.0,0.0,0.0,18.0,3.0
36,2026,4,0.0,1.0,1.0,0.0,0.0,1.0,1.0,1.0,0.0,0.0,0.0,0.0,0.0,0.0,0.0,0.0,0.0,0.0,0.0,0.0,0.0,0.0,1.0,0.0,0.0,0.0,0.0,0.0,0.0,1.0,1.0
37,2024,1,0.0,2.0,10.0,1.0,0.0,4.0,0.0,1.0,2.0,0.0,0.0,0.0,0.0,0.0,0.0,0.0,4.0,0.0,0.0,0.0,2.0,0.0,0.0,0.0,0.0,0.0,5.0,0.0,1.0,4.0,6.0
37,2024,2,0.0,3.0,10.0,4.0,0.0,5.0,0.0,0.0,1.0,0.0,0.0,0.0,0.0,0.0,0.0,0.0,3.0,1.0,0.0,0.0,0.0,0.0,4.0,0.0,0.0,2.0,4.0,0.0,0.0,6.0,4.0
37,2024,3,0.0,12.0,16.0,0.0,0.0,5.0,0.0,1.0,3.0,0.0,0.0,0.0,0.0,0.0,0.0,0.0,3.0,0.0,0.0,0.0,0.0,0.0,4.0,0.0,0.0,0.0,2.0,0.0,0.0,6.0,3.0
37,2024,4,0.0,5.0,16.0,0.0,0.0,3.0,0.0,0.0,6.0,0.0,1.0,0.0,0.0,0.0,0.0,0.0,4.0,0.0,0.0,0.0,0.0,0.0,1.0,0.0,0.0,0.0,3.0,0.0,1.0,10.0,4.0
37,2024,5,0.0,8.0,12.0,1.0,0.0,10.0,0.0,1.0,2.0,0.0,0.0,0.0,0.0,0.0,0.0,0.0,5.0,1.0,0.0,0.0,0.0,0.0,5.0,0.0,0.0,0.0,6.0,0.0,0.0,15.0,4.0
37,2024,6,0.0,6.0,23.0,3.0,1.0,5.0,0.0,1.0,5.0,0.0,1.0,0.0,0.0,0.0,0.0,0.0,4.0,1.0,0.0,0.0,1.0,0.0,7.0,0.0,0.0,1.0,2.0,0.0,0.0,6.0,4.0
37,2024,7,0.0,8.0,16.0,3.0,0.0,9.0,0.0,2.0,2.0,0.0,1.0,0.0,0.0,1.0,0.0,0.0,4.0,0.0,0.0,0.0,1.0,0.0,3.0,0.0,0.0,0.0,8.0,0.0,0.0,16.0,2.0
37,2024,8,1.0,6.0,18.0,1.0,0.0,8.0,0.0,2.0,2.0,0.0,0.0,0.0,0.0,0.0,0.0,0.0,6.0,1.0,0.0,0.0,0.0,0.0,0.0,0.0,0.0,1.0,7.0,0.0,0.0,12.0,5.0
37,2024,9,0.0,9.0,12.0,3.0,0.0,7.0,0.0,3.0,4.0,0.0,0.0,0.0,0.0,0.0,0.0,0.0,4.0,4.0,0.0,0.0,1.0,0.0,6.0,0.0,0.0,1.0,7.0,0.0,0.0,10.0,3.0
37,2024,10,0.0,5.0,11.0,2.0,0.0,3.0,0.0,4.0,2.0,0.0,0.0,0.0,0.0,0.0,1.0,0.0,0.0,2.0,0.0,0.0,0.0,0.0,2.0,0.0,0.0,0.0,4.0,0.0,1.0,4.0,3.0
37,2024,11,0.0,5.0,16.0,2.0,0.0,4.0,0.0,2.0,3.0,0.0,0.0,0.0,0.0,0.0,0.0,0.0,3.0,3.0,0.0,0.0,0.0,0.0,5.0,0.0,0.0,1.0,10.0,0.0,0.0,6.0,1.0
37,2024,12,0.0,3.0,4.0,1.0,0.0,5.0,1.0,1.0,0.0,0.0,0.0,0.0,0.0,0.0,0.0,0.0,6.0,2.0,0.0,0.0,1.0,0.0,1.0,0.0,0.0,0.0,5.0,0.0,0.0,8.0,3.0
37,2025,1,0.0,6.0,6.0,2.0,0.0,6.0,0.0,2.0,1.0,0.0,0.0,0.0,0.0,0.0,0.0,0.0,4.0,2.0,0.0,0.0,0.0,0.0,4.0,0.0,0.0,1.0,6.0,0.0,0.0,9.0,2.0
37,2025,2,0.0,6.0,6.0,1.0,0.0,5.0,0.0,0.0,2.0,0.0,0.0,0.0,0.0,0.0,0.0,0.0,4.0,0.0,0.0,0.0,0.0,0.0,2.0,0.0,0.0,0.0,2.0,0.0,0.0,9.0,2.0
37,2025,3,0.0,2.0,13.0,0.0,0.0,0.0,0.0,0.0,2.0,0.0,0.0,0.0,0.0,0.0,0.0,0.0,3.0,2.0,0.0,0.0,0.0,0.0,3.0,0.0,0.0,0.0,7.0,0.0,0.0,3.0,3.0
37,2025,4,0.0,2.0,3.0,1.0,0.0,3.0,0.0,1.0,1.0,0.0,0.0,0.0,2.0,0.0,0.0,0.0,0.0,1.0,0.0,0.0,0.0,0.0,2.0,0.0,0.0,0.0,2.0,0.0,0.0,2.0,2.0
37,2025,5,0.0,4.0,13.0,1.0,0.0,5.0,0.0,0.0,0.0,0.0,0.0,0.0,1.0,0.0,0.0,0.0,7.0,4.0,0.0,0.0,0.0,0.0,2.0,0.0,0.0,0.0,8.0,0.0,0.0,8.0,2.0
37,2025,6,0.0,13.0,23.0,4.0,0.0,15.0,2.0,3.0,4.0,0.0,0.0,0.0,2.0,0.0,0.0,0.0,12.0,5.0,0.0,0.0,3.0,0.0,9.0,0.0,0.0,0.0,17.0,0.0,2.0,28.0,8.0
37,2025,7,2.0,7.0,11.0,2.0,0.0,6.0,2.0,0.0,3.0,0.0,0.0,0.0,1.0,0.0,0.0,0.0,5.0,2.0,0.0,0.0,3.0,0.0,1.0,0.0,0.0,1.0,2.0,0.0,0.0,7.0,6.0
37,2025,8,0.0,5.0,16.0,1.0,0.0,5.0,0.0,1.0,0.0,0.0,0.0,0.0,0.0,0.0,0.0,0.0,4.0,1.0,0.0,0.0,1.0,0.0,5.0,0.0,0.0,0.0,2.0,0.0,0.0,13.0,2.0
37,2025,9,0.0,1.0,12.0,1.0,0.0,8.0,0.0,0.0,1.0,0.0,0.0,0.0,0.0,0.0,0.0,0.0,3.0,1.0,0.0,0.0,0.0,0.0,6.0,0.0,0.0,1.0,5.0,0.0,1.0,7.0,4.0
37,2025,10,0.0,5.0,10.0,0.0,0.0,5.0,0.0,0.0,3.0,0.0,2.0,0.0,1.0,0.0,0.0,0.0,9.0,1.0,0.0,0.0,1.0,0.0,6.0,0.0,0.0,0.0,3.0,0.0,0.0,8.0,3.0
37,2025,11,0.0,8.0,12.0,3.0,0.0,3.0,1.0,1.0,1.0,0.0,0.0,0.0,1.0,0.0,0.0,0.0,6.0,4.0,0.0,0.0,1.0,0.0,3.0,0.0,0.0,1.0,5.0,2.0,0.0,9.0,4.0
37,2025,12,0.0,5.0,7.0,2.0,0.0,4.0,0.0,2.0,1.0,0.0,0.0,0.0,0.0,0.0,0.0,0.0,6.0,2.0,0.0,0.0,0.0,0.0,4.0,0.0,0.0,0.0,1.0,0.0,0.0,16.0,3.0
37,2026,1,0.0,6.0,7.0,0.0,0.0,3.0,1.0,0.0,0.0,0.0,0.0,0.0,1.0,0.0,0.0,0.0,5.0,0.0,0.0,0.0,1.0,0.0,3.0,0.0,0.0,1.0,7.0,0.0,0.0,11.0,1.0
37,2026,2,0.0,7.0,9.0,2.0,2.0,4.0,0.0,0.0,6.0,0.0,0.0,0.0,2.0,0.0,0.0,0.0,5.0,1.0,0.0,0.0,0.0,0.0,3.0,0.0,0.0,1.0,8.0,2.0,0.0,2.0,0.0
37,2026,3,0.0,6.0,11.0,1.0,0.0,10.0,0.0,1.0,2.0,0.0,0.0,0.0,2.0,0.0,0.0,0.0,3.0,3.0,0.0,0.0,0.0,0.0,8.0,0.0,0.0,2.0,2.0,0.0,0.0,5.0,3.0
37,2026,4,0.0,1.0,0.0,0.0,0.0,3.0,0.0,0.0,0.0,0.0,0.0,0.0,0.0,0.0,0.0,0.0,1.0,0.0,0.0,0.0,0.0,0.0,0.0,0.0,0.0,0.0,0.0,0.0,0.0,0.0,0.0
38,2024,1,0.0,24.0,67.0,7.0,0.0,40.0,1.0,6.0,13.0,0.0,0.0,0.0,1.0,0.0,0.0,0.0,32.0,3.0,0.0,0.0,0.0,0.0,20.0,0.0,0.0,0.0,5.0,1.0,0.0,47.0,5.0
38,2024,2,0.0,22.0,53.0,4.0,0.0,46.0,4.0,3.0,16.0,0.0,0.0,0.0,1.0,0.0,0.0,0.0,34.0,2.0,0.0,0.0,1.0,0.0,12.0,0.0,0.0,0.0,4.0,2.0,2.0,39.0,11.0
38,2024,3,3.0,36.0,60.0,11.0,0.0,43.0,3.0,5.0,15.0,0.0,0.0,0.0,1.0,0.0,0.0,0.0,35.0,3.0,0.0,0.0,1.0,0.0,21.0,0.0,0.0,1.0,3.0,2.0,0.0,52.0,9.0
38,2024,4,0.0,36.0,55.0,13.0,0.0,41.0,0.0,5.0,17.0,0.0,0.0,0.0,0.0,0.0,0.0,0.0,33.0,3.0,0.0,0.0,0.0,0.0,20.0,0.0,0.0,1.0,11.0,0.0,2.0,60.0,17.0
38,2024,5,0.0,39.0,58.0,11.0,0.0,39.0,4.0,3.0,14.0,0.0,0.0,0.0,0.0,0.0,0.0,0.0,42.0,4.0,0.0,0.0,2.0,0.0,26.0,0.0,0.0,0.0,7.0,1.0,3.0,59.0,9.0
38,2024,6,0.0,33.0,51.0,9.0,0.0,52.0,3.0,5.0,11.0,0.0,2.0,0.0,1.0,0.0,0.0,1.0,40.0,1.0,0.0,0.0,0.0,0.0,22.0,0.0,0.0,3.0,11.0,0.0,0.0,70.0,11.0
38,2024,7,0.0,39.0,45.0,11.0,0.0,44.0,2.0,12.0,11.0,1.0,2.0,0.0,1.0,0.0,0.0,2.0,48.0,2.0,0.0,0.0,3.0,0.0,20.0,0.0,0.0,4.0,13.0,1.0,1.0,77.0,9.0
38,2024,8,0.0,35.0,64.0,15.0,2.0,79.0,2.0,4.0,12.0,0.0,1.0,0.0,1.0,0.0,0.0,0.0,53.0,4.0,0.0,0.0,2.0,0.0,19.0,0.0,0.0,4.0,8.0,2.0,1.0,93.0,25.0
38,2024,9,0.0,27.0,55.0,14.0,0.0,53.0,3.0,6.0,9.0,0.0,0.0,0.0,0.0,0.0,0.0,1.0,41.0,4.0,0.0,0.0,2.0,0.0,19.0,0.0,0.0,0.0,5.0,2.0,2.0,71.0,7.0
38,2024,10,0.0,26.0,52.0,10.0,0.0,44.0,0.0,5.0,13.0,0.0,1.0,0.0,0.0,0.0,0.0,0.0,33.0,2.0,0.0,1.0,4.0,0.0,18.0,0.0,0.0,1.0,10.0,1.0,2.0,74.0,20.0
38,2024,11,0.0,33.0,64.0,12.0,0.0,29.0,1.0,5.0,9.0,0.0,1.0,0.0,0.0,0.0,0.0,0.0,31.0,2.0,0.0,0.0,2.0,0.0,17.0,0.0,0.0,1.0,10.0,2.0,0.0,84.0,8.0
38,2024,12,0.0,24.0,56.0,14.0,0.0,26.0,0.0,3.0,11.0,1.0,1.0,0.0,0.0,0.0,0.0,0.0,44.0,4.0,0.0,0.0,2.0,0.0,24.0,0.0,0.0,0.0,4.0,1.0,0.0,75.0,15.0
38,2025,1,0.0,37.0,45.0,5.0,1.0,34.0,2.0,6.0,14.0,0.0,0.0,0.0,1.0,1.0,0.0,0.0,34.0,8.0,0.0,0.0,3.0,0.0,24.0,2.0,0.0,2.0,9.0,2.0,3.0,52.0,14.0
38,2025,2,0.0,24.0,47.0,7.0,0.0,14.0,1.0,6.0,12.0,0.0,0.0,0.0,0.0,0.0,0.0,0.0,27.0,4.0,0.0,0.0,3.0,0.0,18.0,2.0,0.0,1.0,6.0,0.0,1.0,36.0,7.0
38,2025,3,0.0,30.0,35.0,3.0,0.0,19.0,1.0,3.0,14.0,0.0,1.0,0.0,0.0,0.0,0.0,0.0,21.0,5.0,0.0,0.0,1.0,0.0,19.0,0.0,0.0,0.0,3.0,1.0,1.0,35.0,8.0
38,2025,4,0.0,8.0,13.0,3.0,0.0,8.0,1.0,1.0,12.0,0.0,0.0,0.0,1.0,0.0,0.0,0.0,14.0,3.0,0.0,0.0,3.0,0.0,7.0,0.0,0.0,0.0,0.0,0.0,0.0,25.0,5.0
38,2025,5,0.0,29.0,37.0,5.0,0.0,42.0,5.0,5.0,28.0,0.0,0.0,0.0,0.0,0.0,0.0,0.0,43.0,1.0,0.0,0.0,1.0,0.0,32.0,0.0,0.0,0.0,4.0,0.0,0.0,61.0,11.0
38,2025,6,0.0,48.0,97.0,18.0,0.0,63.0,2.0,6.0,16.0,0.0,0.0,0.0,0.0,0.0,0.0,0.0,75.0,2.0,0.0,0.0,7.0,0.0,38.0,0.0,0.0,0.0,18.0,4.0,2.0,98.0,14.0
38,2025,7,0.0,43.0,54.0,16.0,0.0,37.0,0.0,5.0,17.0,0.0,0.0,0.0,3.0,0.0,0.0,0.0,50.0,6.0,0.0,0.0,1.0,0.0,17.0,0.0,0.0,2.0,7.0,0.0,3.0,68.0,16.0
38,2025,8,1.0,18.0,38.0,6.0,0.0,32.0,2.0,2.0,17.0,0.0,0.0,0.0,2.0,0.0,0.0,0.0,30.0,3.0,0.0,0.0,0.0,0.0,14.0,0.0,0.0,3.0,4.0,1.0,0.0,50.0,9.0
38,2025,9,0.0,27.0,52.0,9.0,1.0,29.0,1.0,6.0,6.0,0.0,0.0,0.0,0.0,0.0,0.0,0.0,36.0,7.0,0.0,0.0,1.0,0.0,17.0,0.0,0.0,2.0,3.0,3.0,0.0,42.0,4.0
38,2025,10,0.0,33.0,57.0,10.0,0.0,74.0,5.0,6.0,11.0,0.0,1.0,0.0,0.0,0.0,0.0,0.0,50.0,3.0,0.0,0.0,6.0,0.0,21.0,0.0,0.0,3.0,1.0,0.0,0.0,83.0,8.0
38,2025,11,0.0,29.0,50.0,12.0,0.0,68.0,1.0,7.0,6.0,0.0,1.0,0.0,1.0,0.0,0.0,0.0,29.0,2.0,0.0,0.0,2.0,0.0,10.0,0.0,0.0,0.0,7.0,2.0,1.0,48.0,10.0
38,2025,12,0.0,16.0,56.0,18.0,0.0,55.0,2.0,3.0,13.0,0.0,0.0,0.0,0.0,0.0,0.0,0.0,33.0,3.0,0.0,0.0,3.0,0.0,20.0,0.0,0.0,0.0,4.0,1.0,0.0,44.0,3.0
38,2026,1,0.0,23.0,28.0,9.0,0.0,29.0,0.0,6.0,12.0,0.0,0.0,0.0,2.0,0.0,1.0,0.0,33.0,7.0,0.0,1.0,3.0,0.0,20.0,0.0,0.0,3.0,1.0,2.0,1.0,40.0,4.0
38,2026,2,2.0,28.0,68.0,14.0,0.0,57.0,1.0,2.0,12.0,0.0,0.0,0.0,0.0,0.0,1.0,0.0,35.0,18.0,0.0,0.0,5.0,0.0,21.0,0.0,0.0,1.0,3.0,1.0,0.0,66.0,7.0
38,2026,3,2.0,28.0,56.0,26.0,0.0,59.0,4.0,1.0,14.0,0.0,0.0,0.0,1.0,1.0,0.0,0.0,46.0,15.0,0.0,0.0,2.0,0.0,23.0,0.0,0.0,1.0,5.0,3.0,1.0,46.0,4.0
38,2026,4,0.0,4.0,4.0,1.0,0.0,5.0,0.0,1.0,2.0,0.0,0.0,0.0,0.0,1.0,0.0,0.0,4.0,3.0,0.0,0.0,0.0,0.0,3.0,0.0,0.0,0.0,1.0,0.0,0.0,4.0,0.0
39,2024,1,0.0,11.0,16.0,4.0,0.0,28.0,1.0,3.0,12.0,0.0,0.0,0.0,0.0,0.0,0.0,0.0,19.0,0.0,0.0,0.0,1.0,0.0,14.0,0.0,0.0,0.0,5.0,0.0,0.0,41.0,3.0
39,2024,2,0.0,15.0,27.0,4.0,0.0,20.0,1.0,1.0,10.0,0.0,1.0,0.0,0.0,0.0,0.0,0.0,29.0,0.0,0.0,0.0,3.0,0.0,12.0,0.0,0.0,1.0,3.0,0.0,0.0,42.0,1.0
39,2024,3,0.0,12.0,29.0,4.0,0.0,13.0,1.0,2.0,6.0,0.0,0.0,0.0,0.0,0.0,0.0,0.0,21.0,1.0,0.0,0.0,2.0,0.0,13.0,0.0,0.0,0.0,2.0,0.0,1.0,32.0,3.0
39,2024,4,0.0,15.0,20.0,2.0,0.0,19.0,0.0,3.0,15.0,0.0,0.0,0.0,0.0,0.0,0.0,1.0,13.0,1.0,0.0,0.0,1.0,0.0,9.0,0.0,0.0,0.0,4.0,1.0,0.0,30.0,2.0
39,2024,5,0.0,15.0,32.0,3.0,0.0,19.0,0.0,1.0,11.0,0.0,0.0,0.0,0.0,0.0,0.0,0.0,16.0,0.0,0.0,0.0,2.0,0.0,6.0,0.0,0.0,1.0,1.0,0.0,1.0,43.0,4.0
39,2024,6,0.0,22.0,25.0,8.0,0.0,17.0,1.0,3.0,9.0,0.0,0.0,0.0,0.0,0.0,0.0,0.0,30.0,0.0,0.0,0.0,3.0,0.0,13.0,0.0,0.0,1.0,11.0,3.0,0.0,46.0,4.0
39,2024,7,0.0,16.0,26.0,1.0,0.0,17.0,0.0,2.0,15.0,0.0,0.0,0.0,0.0,0.0,0.0,0.0,38.0,0.0,0.0,0.0,0.0,0.0,9.0,0.0,0.0,0.0,7.0,2.0,0.0,39.0,3.0
39,2024,8,0.0,19.0,27.0,7.0,0.0,31.0,5.0,3.0,10.0,0.0,0.0,0.0,0.0,0.0,0.0,0.0,37.0,0.0,0.0,0.0,0.0,0.0,11.0,0.0,0.0,1.0,7.0,2.0,0.0,37.0,0.0
39,2024,9,0.0,22.0,29.0,3.0,0.0,30.0,2.0,1.0,9.0,0.0,1.0,0.0,0.0,1.0,1.0,0.0,20.0,1.0,0.0,0.0,0.0,0.0,11.0,0.0,0.0,0.0,3.0,1.0,1.0,51.0,4.0
39,2024,10,0.0,19.0,25.0,8.0,0.0,32.0,0.0,4.0,8.0,0.0,0.0,0.0,0.0,0.0,2.0,0.0,29.0,2.0,0.0,0.0,4.0,0.0,17.0,0.0,0.0,1.0,1.0,3.0,1.0,58.0,3.0
39,2024,11,0.0,16.0,30.0,7.0,0.0,26.0,2.0,2.0,6.0,0.0,0.0,0.0,0.0,0.0,0.0,0.0,9.0,1.0,0.0,0.0,2.0,0.0,11.0,0.0,0.0,0.0,6.0,3.0,1.0,47.0,3.0
39,2024,12,0.0,16.0,35.0,11.0,0.0,27.0,2.0,1.0,10.0,0.0,0.0,0.0,1.0,1.0,0.0,0.0,19.0,2.0,0.0,0.0,1.0,0.0,11.0,0.0,0.0,0.0,9.0,0.0,0.0,38.0,6.0
39,2025,1,1.0,19.0,20.0,2.0,0.0,19.0,1.0,3.0,9.0,0.0,0.0,0.0,2.0,0.0,0.0,0.0,10.0,1.0,0.0,0.0,2.0,0.0,16.0,0.0,0.0,0.0,1.0,0.0,1.0,39.0,2.0
39,2025,2,0.0,11.0,18.0,6.0,0.0,12.0,1.0,1.0,7.0,0.0,0.0,0.0,0.0,1.0,0.0,0.0,6.0,1.0,0.0,0.0,3.0,0.0,11.0,0.0,0.0,1.0,2.0,0.0,0.0,29.0,1.0
39,2025,3,0.0,14.0,25.0,7.0,0.0,20.0,1.0,3.0,11.0,0.0,0.0,0.0,0.0,0.0,0.0,0.0,11.0,1.0,0.0,0.0,3.0,0.0,7.0,0.0,0.0,0.0,2.0,1.0,1.0,31.0,2.0
39,2025,4,0.0,6.0,15.0,2.0,0.0,19.0,1.0,2.0,7.0,0.0,0.0,0.0,1.0,0.0,0.0,0.0,12.0,1.0,0.0,0.0,0.0,0.0,2.0,0.0,0.0,0.0,1.0,0.0,0.0,21.0,2.0
39,2025,5,0.0,18.0,25.0,10.0,0.0,32.0,0.0,1.0,13.0,0.0,0.0,0.0,0.0,0.0,0.0,0.0,19.0,0.0,0.0,0.0,3.0,0.0,13.0,0.0,0.0,0.0,6.0,2.0,0.0,54.0,3.0
39,2025,6,0.0,25.0,63.0,8.0,0.0,43.0,2.0,4.0,14.0,0.0,0.0,0.0,1.0,0.0,0.0,0.0,32.0,0.0,0.0,0.0,2.0,0.0,11.0,0.0,0.0,0.0,5.0,0.0,0.0,66.0,0.0
39,2025,7,0.0,21.0,42.0,6.0,0.0,41.0,0.0,3.0,9.0,0.0,0.0,0.0,0.0,0.0,1.0,0.0,22.0,2.0,0.0,0.0,1.0,0.0,7.0,0.0,0.0,0.0,6.0,0.0,1.0,64.0,5.0
39,2025,8,1.0,13.0,27.0,4.0,0.0,20.0,2.0,3.0,7.0,0.0,0.0,0.0,0.0,0.0,0.0,0.0,9.0,2.0,0.0,0.0,1.0,0.0,12.0,0.0,0.0,0.0,1.0,1.0,0.0,46.0,7.0
39,2025,9,1.0,11.0,20.0,8.0,0.0,15.0,0.0,1.0,5.0,0.0,0.0,0.0,0.0,0.0,0.0,0.0,7.0,3.0,0.0,0.0,2.0,0.0,13.0,0.0,0.0,0.0,0.0,0.0,0.0,41.0,1.0
39,2025,10,1.0,20.0,24.0,8.0,0.0,49.0,0.0,2.0,9.0,0.0,0.0,0.0,0.0,0.0,0.0,0.0,31.0,2.0,0.0,0.0,3.0,0.0,22.0,0.0,0.0,4.0,1.0,1.0,1.0,52.0,2.0
39,2025,11,0.0,17.0,31.0,6.0,0.0,16.0,2.0,2.0,12.0,0.0,0.0,0.0,0.0,0.0,0.0,0.0,16.0,0.0,0.0,0.0,1.0,0.0,11.0,0.0,0.0,1.0,4.0,1.0,0.0,42.0,2.0
39,2025,12,2.0,8.0,29.0,11.0,0.0,33.0,0.0,0.0,9.0,0.0,0.0,0.0,0.0,0.0,0.0,0.0,14.0,3.0,0.0,0.0,0.0,0.0,11.0,0.0,0.0,0.0,1.0,0.0,0.0,30.0,0.0
39,2026,1,0.0,11.0,37.0,3.0,0.0,13.0,0.0,5.0,4.0,0.0,0.0,0.0,0.0,1.0,0.0,0.0,17.0,1.0,0.0,0.0,1.0,0.0,8.0,0.0,0.0,0.0,1.0,1.0,0.0,28.0,4.0
39,2026,2,0.0,23.0,26.0,9.0,0.0,31.0,2.0,0.0,8.0,0.0,0.0,0.0,1.0,0.0,0.0,0.0,14.0,3.0,0.0,0.0,1.0,0.0,13.0,0.0,0.0,0.0,0.0,2.0,1.0,28.0,3.0
39,2026,3,0.0,25.0,27.0,16.0,0.0,34.0,0.0,3.0,10.0,0.0,0.0,0.0,0.0,0.0,0.0,0.0,25.0,1.0,0.0,0.0,2.0,0.0,7.0,0.0,0.0,0.0,1.0,1.0,2.0,45.0,0.0
39,2026,4,0.0,2.0,4.0,0.0,0.0,1.0,0.0,1.0,2.0,0.0,1.0,0.0,1.0,0.0,0.0,0.0,1.0,0.0,0.0,0.0,0.0,0.0,1.0,0.0,0.0,0.0,0.0,1.0,0.0,2.0,1.0
40,2024,1,0.0,20.0,32.0,11.0,0.0,26.0,0.0,1.0,9.0,0.0,0.0,0.0,0.0,0.0,0.0,0.0,23.0,6.0,0.0,1.0,2.0,0.0,19.0,0.0,0.0,0.0,4.0,0.0,1.0,24.0,8.0
40,2024,2,0.0,18.0,45.0,2.0,0.0,18.0,1.0,7.0,8.0,0.0,0.0,0.0,0.0,0.0,0.0,0.0,18.0,6.0,0.0,0.0,3.0,0.0,18.0,0.0,0.0,1.0,7.0,1.0,0.0,27.0,6.0
40,2024,3,1.0,14.0,37.0,5.0,0.0,24.0,2.0,2.0,4.0,0.0,0.0,0.0,0.0,0.0,0.0,0.0,26.0,1.0,0.0,0.0,3.0,0.0,11.0,0.0,0.0,1.0,2.0,1.0,2.0,33.0,7.0
40,2024,4,0.0,23.0,45.0,5.0,0.0,24.0,0.0,2.0,7.0,0.0,1.0,0.0,0.0,0.0,0.0,0.0,23.0,1.0,0.0,0.0,2.0,0.0,13.0,0.0,0.0,1.0,5.0,0.0,1.0,25.0,10.0
40,2024,5,0.0,31.0,62.0,1.0,0.0,23.0,0.0,0.0,12.0,0.0,1.0,0.0,0.0,0.0,0.0,0.0,22.0,0.0,0.0,0.0,2.0,0.0,24.0,0.0,0.0,1.0,9.0,2.0,0.0,25.0,11.0
40,2024,6,0.0,26.0,53.0,3.0,0.0,25.0,1.0,4.0,8.0,0.0,0.0,0.0,0.0,1.0,0.0,0.0,26.0,3.0,0.0,0.0,2.0,0.0,11.0,0.0,0.0,1.0,10.0,0.0,0.0,39.0,16.0
40,2024,7,0.0,21.0,55.0,4.0,0.0,25.0,2.0,6.0,11.0,0.0,1.0,0.0,0.0,0.0,0.0,0.0,21.0,5.0,0.0,0.0,4.0,0.0,17.0,0.0,0.0,0.0,4.0,0.0,0.0,39.0,13.0
40,2024,8,0.0,23.0,52.0,3.0,0.0,35.0,2.0,2.0,10.0,0.0,0.0,0.0,0.0,0.0,0.0,0.0,37.0,3.0,0.0,0.0,0.0,0.0,9.0,0.0,0.0,1.0,7.0,1.0,0.0,29.0,18.0
40,2024,9,0.0,20.0,60.0,4.0,0.0,25.0,1.0,1.0,5.0,1.0,2.0,0.0,0.0,1.0,0.0,0.0,23.0,3.0,0.0,0.0,2.0,0.0,13.0,0.0,0.0,1.0,4.0,1.0,0.0,35.0,11.0
40,2024,10,0.0,24.0,53.0,5.0,0.0,20.0,2.0,1.0,10.0,1.0,1.0,0.0,1.0,1.0,0.0,0.0,28.0,2.0,0.0,0.0,4.0,0.0,16.0,0.0,0.0,0.0,4.0,0.0,2.0,35.0,14.0
40,2024,11,0.0,16.0,43.0,3.0,0.0,17.0,5.0,3.0,8.0,0.0,1.0,0.0,0.0,0.0,0.0,0.0,12.0,0.0,0.0,0.0,3.0,0.0,10.0,0.0,0.0,0.0,6.0,0.0,0.0,30.0,6.0
40,2024,12,0.0,26.0,39.0,5.0,1.0,27.0,3.0,4.0,5.0,0.0,3.0,0.0,0.0,0.0,0.0,0.0,21.0,3.0,0.0,0.0,2.0,0.0,17.0,0.0,0.0,0.0,2.0,1.0,0.0,34.0,10.0
40,2025,1,0.0,15.0,42.0,3.0,1.0,21.0,3.0,4.0,6.0,0.0,3.0,0.0,1.0,0.0,1.0,0.0,16.0,3.0,0.0,0.0,1.0,0.0,23.0,0.0,0.0,0.0,4.0,0.0,4.0,15.0,8.0
40,2025,2,1.0,12.0,35.0,2.0,0.0,15.0,1.0,8.0,9.0,0.0,0.0,0.0,2.0,0.0,0.0,0.0,15.0,1.0,0.0,0.0,0.0,0.0,9.0,0.0,0.0,1.0,3.0,0.0,0.0,22.0,5.0
40,2025,3,2.0,22.0,44.0,8.0,0.0,34.0,1.0,3.0,9.0,0.0,0.0,0.0,1.0,0.0,0.0,0.0,15.0,2.0,0.0,0.0,1.0,0.0,15.0,0.0,0.0,1.0,3.0,0.0,0.0,28.0,7.0
40,2025,4,0.0,17.0,20.0,2.0,0.0,11.0,1.0,1.0,3.0,0.0,0.0,0.0,0.0,0.0,0.0,0.0,12.0,4.0,0.0,0.0,3.0,0.0,6.0,0.0,0.0,0.0,4.0,0.0,1.0,12.0,4.0
40,2025,5,0.0,27.0,50.0,4.0,0.0,23.0,1.0,3.0,6.0,0.0,0.0,0.0,0.0,1.0,0.0,0.0,18.0,3.0,0.0,0.0,1.0,0.0,13.0,0.0,0.0,1.0,4.0,1.0,0.0,41.0,6.0
40,2025,6,0.0,48.0,122.0,10.0,0.0,89.0,1.0,4.0,6.0,0.0,2.0,0.0,4.0,0.0,0.0,0.0,47.0,12.0,0.0,0.0,5.0,0.0,24.0,0.0,0.0,6.0,12.0,0.0,1.0,49.0,17.0
40,2025,7,1.0,42.0,60.0,8.0,0.0,49.0,3.0,2.0,5.0,0.0,0.0,0.0,3.0,0.0,0.0,0.0,42.0,3.0,0.0,0.0,2.0,0.0,13.0,0.0,0.0,2.0,2.0,0.0,1.0,35.0,13.0
40,2025,8,0.0,18.0,35.0,4.0,0.0,17.0,1.0,2.0,5.0,1.0,0.0,0.0,1.0,0.0,0.0,0.0,18.0,1.0,0.0,0.0,1.0,0.0,14.0,0.0,0.0,1.0,2.0,0.0,0.0,25.0,5.0
40,2025,9,0.0,19.0,40.0,4.0,0.0,17.0,0.0,7.0,3.0,0.0,0.0,0.0,1.0,0.0,0.0,1.0,8.0,8.0,0.0,0.0,2.0,0.0,20.0,0.0,0.0,2.0,2.0,0.0,2.0,23.0,4.0
40,2025,10,0.0,34.0,41.0,9.0,0.0,20.0,0.0,1.0,12.0,0.0,1.0,0.0,1.0,0.0,0.0,0.0,14.0,12.0,0.0,0.0,2.0,0.0,14.0,0.0,0.0,4.0,3.0,0.0,2.0,34.0,9.0
40,2025,11,0.0,27.0,42.0,7.0,0.0,17.0,2.0,1.0,7.0,0.0,0.0,0.0,1.0,0.0,0.0,0.0,12.0,3.0,0.0,0.0,2.0,0.0,11.0,0.0,0.0,0.0,3.0,0.0,1.0,29.0,10.0
40,2025,12,0.0,22.0,37.0,3.0,0.0,22.0,2.0,0.0,8.0,0.0,0.0,0.0,1.0,0.0,0.0,1.0,20.0,4.0,0.0,0.0,0.0,0.0,9.0,0.0,0.0,1.0,4.0,0.0,2.0,33.0,7.0
40,2026,1,1.0,18.0,41.0,8.0,0.0,27.0,1.0,3.0,4.0,0.0,1.0,0.0,0.0,0.0,0.0,0.0,21.0,6.0,0.0,0.0,2.0,0.0,16.0,0.0,0.0,3.0,3.0,1.0,0.0,16.0,9.0
40,2026,2,1.0,29.0,53.0,8.0,0.0,19.0,3.0,1.0,12.0,0.0,0.0,0.0,3.0,0.0,0.0,0.0,19.0,7.0,0.0,0.0,3.0,0.0,12.0,0.0,0.0,3.0,5.0,1.0,1.0,24.0,5.0
40,2026,3,0.0,30.0,53.0,6.0,0.0,18.0,1.0,6.0,6.0,0.0,0.0,0.0,1.0,0.0,0.0,0.0,22.0,10.0,0.0,0.0,2.0,0.0,15.0,0.0,0.0,0.0,6.0,2.0,5.0,32.0,15.0
40,2026,4,0.0,4.0,10.0,3.0,0.0,1.0,0.0,0.0,0.0,0.0,0.0,0.0,0.0,0.0,0.0,0.0,2.0,0.0,0.0,0.0,0.0,0.0,3.0,0.0,0.0,0.0,0.0,0.0,0.0,4.0,1.0
41,2024,1,0.0,14.0,15.0,21.0,0.0,20.0,2.0,2.0,17.0,0.0,0.0,0.0,0.0,0.0,0.0,0.0,12.0,0.0,0.0,0.0,1.0,0.0,11.0,0.0,0.0,0.0,8.0,1.0,1.0,60.0,0.0
41,2024,2,0.0,16.0,27.0,6.0,0.0,24.0,2.0,1.0,15.0,0.0,0.0,0.0,0.0,0.0,0.0,0.0,23.0,0.0,0.0,0.0,0.0,0.0,9.0,0.0,0.0,0.0,8.0,0.0,1.0,55.0,2.0
41,2024,3,0.0,15.0,22.0,6.0,0.0,18.0,4.0,4.0,23.0,0.0,0.0,0.0,0.0,0.0,0.0,0.0,21.0,0.0,0.0,0.0,0.0,0.0,13.0,0.0,0.0,0.0,13.0,1.0,1.0,55.0,4.0
41,2024,4,0.0,25.0,28.0,1.0,0.0,15.0,0.0,4.0,15.0,0.0,0.0,0.0,0.0,0.0,0.0,0.0,20.0,1.0,0.0,0.0,0.0,0.0,12.0,0.0,0.0,0.0,6.0,4.0,0.0,55.0,3.0
41,2024,5,1.0,11.0,29.0,4.0,0.0,17.0,2.0,4.0,16.0,0.0,0.0,0.0,0.0,0.0,0.0,0.0,13.0,1.0,0.0,0.0,0.0,0.0,8.0,0.0,0.0,0.0,5.0,0.0,2.0,60.0,3.0
41,2024,6,0.0,19.0,25.0,2.0,0.0,24.0,5.0,5.0,14.0,0.0,0.0,0.0,0.0,0.0,0.0,0.0,26.0,1.0,0.0,0.0,2.0,0.0,10.0,0.0,0.0,0.0,16.0,3.0,1.0,70.0,3.0
41,2024,7,0.0,10.0,28.0,7.0,0.0,17.0,3.0,4.0,21.0,0.0,0.0,0.0,0.0,0.0,0.0,0.0,20.0,0.0,0.0,0.0,0.0,0.0,12.0,0.0,0.0,0.0,9.0,3.0,2.0,89.0,4.0
41,2024,8,0.0,12.0,15.0,4.0,0.0,26.0,5.0,2.0,11.0,0.0,1.0,0.0,0.0,0.0,0.0,0.0,26.0,1.0,0.0,0.0,0.0,0.0,6.0,0.0,0.0,0.0,5.0,1.0,0.0,73.0,3.0
41,2024,9,1.0,15.0,21.0,7.0,0.0,21.0,1.0,4.0,9.0,0.0,1.0,0.0,1.0,0.0,0.0,0.0,20.0,1.0,0.0,1.0,3.0,0.0,11.0,0.0,0.0,0.0,6.0,1.0,0.0,95.0,1.0
41,2024,10,0.0,13.0,26.0,11.0,0.0,23.0,3.0,1.0,15.0,0.0,0.0,0.0,0.0,0.0,0.0,0.0,26.0,0.0,0.0,0.0,1.0,0.0,14.0,0.0,0.0,0.0,2.0,0.0,1.0,90.0,3.0
41,2024,11,0.0,17.0,21.0,15.0,0.0,20.0,1.0,0.0,16.0,0.0,0.0,0.0,0.0,0.0,0.0,0.0,15.0,0.0,0.0,0.0,0.0,0.0,11.0,0.0,0.0,0.0,7.0,0.0,0.0,76.0,3.0
41,2024,12,0.0,19.0,21.0,10.0,0.0,20.0,1.0,2.0,15.0,0.0,0.0,0.0,0.0,0.0,0.0,0.0,8.0,0.0,0.0,0.0,0.0,0.0,10.0,0.0,0.0,0.0,3.0,3.0,1.0,77.0,3.0
41,2025,1,0.0,21.0,17.0,10.0,0.0,23.0,2.0,3.0,21.0,0.0,0.0,0.0,0.0,0.0,0.0,0.0,18.0,1.0,0.0,0.0,1.0,0.0,11.0,0.0,0.0,0.0,3.0,1.0,0.0,93.0,2.0
41,2025,2,0.0,4.0,14.0,4.0,0.0,17.0,1.0,5.0,19.0,0.0,0.0,0.0,0.0,0.0,0.0,0.0,10.0,0.0,0.0,0.0,0.0,0.0,9.0,0.0,0.0,0.0,3.0,1.0,1.0,91.0,1.0
41,2025,3,0.0,7.0,12.0,6.0,0.0,8.0,5.0,5.0,16.0,0.0,0.0,0.0,0.0,0.0,0.0,0.0,4.0,0.0,0.0,0.0,1.0,0.0,10.0,0.0,0.0,0.0,3.0,0.0,1.0,61.0,0.0
41,2025,4,0.0,4.0,9.0,10.0,0.0,2.0,2.0,1.0,10.0,0.0,0.0,0.0,0.0,0.0,0.0,2.0,3.0,2.0,0.0,0.0,0.0,0.0,7.0,0.0,0.0,0.0,3.0,1.0,1.0,39.0,1.0
41,2025,5,0.0,17.0,23.0,11.0,0.0,26.0,1.0,0.0,17.0,0.0,0.0,0.0,0.0,0.0,0.0,0.0,19.0,1.0,0.0,0.0,1.0,0.0,8.0,0.0,0.0,0.0,4.0,2.0,2.0,113.0,6.0
41,2025,6,0.0,26.0,49.0,13.0,2.0,57.0,2.0,5.0,28.0,0.0,0.0,0.0,0.0,0.0,0.0,0.0,43.0,0.0,0.0,0.0,4.0,0.0,18.0,0.0,0.0,0.0,9.0,4.0,0.0,188.0,10.0
41,2025,7,0.0,18.0,43.0,4.0,0.0,21.0,1.0,4.0,6.0,0.0,0.0,0.0,0.0,0.0,0.0,0.0,21.0,0.0,0.0,0.0,1.0,0.0,6.0,0.0,0.0,0.0,8.0,1.0,0.0,99.0,3.0
41,2025,8,0.0,13.0,30.0,7.0,0.0,10.0,1.0,3.0,6.0,0.0,0.0,0.0,0.0,0.0,0.0,0.0,17.0,1.0,0.0,0.0,2.0,0.0,11.0,0.0,0.0,1.0,2.0,1.0,0.0,53.0,1.0
41,2025,9,0.0,8.0,18.0,5.0,0.0,21.0,1.0,4.0,16.0,0.0,0.0,0.0,0.0,0.0,0.0,0.0,15.0,0.0,0.0,0.0,1.0,0.0,10.0,0.0,0.0,0.0,1.0,1.0,0.0,64.0,1.0
41,2025,10,0.0,13.0,32.0,15.0,0.0,35.0,1.0,2.0,22.0,0.0,0.0,0.0,1.0,1.0,0.0,0.0,13.0,1.0,0.0,0.0,3.0,0.0,6.0,0.0,0.0,2.0,8.0,1.0,0.0,90.0,3.0
41,2025,11,0.0,10.0,22.0,14.0,0.0,27.0,3.0,11.0,18.0,0.0,0.0,0.0,1.0,0.0,0.0,0.0,27.0,0.0,0.0,0.0,2.0,0.0,8.0,0.0,0.0,0.0,0.0,0.0,2.0,87.0,1.0
41,2025,12,0.0,8.0,16.0,7.0,0.0,36.0,4.0,1.0,13.0,0.0,0.0,0.0,0.0,0.0,0.0,0.0,18.0,0.0,0.0,0.0,3.0,0.0,3.0,0.0,0.0,0.0,4.0,1.0,2.0,80.0,0.0
41,2026,1,0.0,6.0,24.0,12.0,0.0,39.0,2.0,4.0,16.0,0.0,0.0,1.0,0.0,1.0,0.0,0.0,10.0,0.0,0.0,0.0,1.0,0.0,5.0,0.0,0.0,1.0,2.0,0.0,0.0,59.0,2.0
41,2026,2,0.0,29.0,39.0,11.0,0.0,79.0,3.0,10.0,9.0,0.0,0.0,0.0,0.0,0.0,0.0,0.0,21.0,0.0,0.0,0.0,3.0,0.0,12.0,0.0,1.0,0.0,1.0,1.0,0.0,56.0,3.0
41,2026,3,0.0,22.0,34.0,13.0,0.0,32.0,4.0,8.0,9.0,0.0,0.0,0.0,1.0,0.0,0.0,0.0,16.0,0.0,0.0,0.0,1.0,0.0,19.0,0.0,0.0,2.0,2.0,5.0,1.0,82.0,2.0
41,2026,4,0.0,1.0,6.0,2.0,0.0,0.0,0.0,0.0,1.0,0.0,0.0,0.0,0.0,0.0,0.0,0.0,0.0,0.0,0.0,0.0,0.0,0.0,0.0,0.0,0.0,0.0,0.0,1.0,0.0,4.0,1.0
42,2024,1,0.0,36.0,61.0,4.0,0.0,37.0,1.0,8.0,16.0,0.0,2.0,1.0,1.0,0.0,0.0,0.0,20.0,4.0,0.0,0.0,2.0,0.0,24.0,0.0,0.0,0.0,14.0,1.0,0.0,50.0,14.0
42,2024,2,1.0,34.0,58.0,8.0,0.0,33.0,3.0,5.0,22.0,0.0,2.0,0.0,1.0,0.0,0.0,0.0,28.0,7.0,0.0,1.0,4.0,0.0,26.0,0.0,0.0,0.0,8.0,3.0,1.0,54.0,20.0
42,2024,3,1.0,38.0,70.0,7.0,0.0,34.0,0.0,4.0,12.0,0.0,0.0,0.0,0.0,2.0,0.0,0.0,33.0,2.0,0.0,0.0,3.0,0.0,24.0,0.0,0.0,1.0,15.0,1.0,0.0,35.0,15.0
42,2024,4,1.0,29.0,75.0,15.0,0.0,43.0,2.0,9.0,10.0,0.0,0.0,0.0,2.0,0.0,0.0,0.0,22.0,2.0,0.0,1.0,2.0,0.0,27.0,0.0,0.0,2.0,6.0,0.0,0.0,51.0,17.0
42,2024,5,1.0,35.0,85.0,13.0,0.0,41.0,4.0,2.0,9.0,0.0,2.0,0.0,0.0,1.0,0.0,0.0,31.0,8.0,0.0,0.0,8.0,0.0,19.0,0.0,0.0,1.0,10.0,2.0,0.0,62.0,29.0
42,2024,6,0.0,30.0,80.0,8.0,0.0,40.0,2.0,5.0,7.0,0.0,3.0,0.0,0.0,1.0,0.0,0.0,36.0,1.0,0.0,0.0,2.0,0.0,32.0,0.0,0.0,0.0,4.0,0.0,1.0,51.0,16.0
42,2024,7,1.0,37.0,61.0,13.0,0.0,50.0,1.0,8.0,14.0,0.0,1.0,0.0,0.0,0.0,0.0,0.0,38.0,2.0,0.0,0.0,3.0,0.0,22.0,0.0,0.0,1.0,9.0,0.0,0.0,69.0,26.0
42,2024,8,0.0,32.0,72.0,15.0,0.0,42.0,2.0,4.0,11.0,0.0,0.0,0.0,1.0,1.0,0.0,0.0,25.0,1.0,0.0,0.0,1.0,0.0,18.0,0.0,0.0,0.0,14.0,0.0,0.0,56.0,17.0
42,2024,9,0.0,40.0,57.0,6.0,1.0,39.0,0.0,6.0,17.0,0.0,1.0,0.0,2.0,0.0,0.0,0.0,18.0,1.0,0.0,0.0,2.0,0.0,13.0,0.0,0.0,0.0,6.0,0.0,1.0,84.0,28.0
42,2024,10,1.0,42.0,75.0,15.0,0.0,46.0,2.0,9.0,12.0,0.0,1.0,0.0,0.0,0.0,0.0,0.0,33.0,6.0,0.0,0.0,1.0,0.0,27.0,0.0,0.0,0.0,12.0,0.0,0.0,64.0,20.0
42,2024,11,0.0,32.0,62.0,11.0,0.0,27.0,0.0,4.0,9.0,0.0,0.0,0.0,0.0,0.0,0.0,0.0,17.0,3.0,0.0,0.0,4.0,0.0,23.0,0.0,0.0,0.0,7.0,2.0,0.0,50.0,12.0
42,2024,12,1.0,26.0,46.0,8.0,1.0,34.0,1.0,7.0,12.0,0.0,1.0,0.0,1.0,0.0,0.0,0.0,24.0,0.0,0.0,0.0,1.0,0.0,10.0,0.0,0.0,0.0,8.0,0.0,1.0,77.0,12.0
42,2025,1,0.0,40.0,64.0,7.0,0.0,23.0,3.0,8.0,14.0,0.0,0.0,0.0,1.0,0.0,0.0,1.0,17.0,0.0,0.0,1.0,2.0,0.0,31.0,0.0,0.0,0.0,6.0,1.0,0.0,53.0,11.0
42,2025,2,0.0,20.0,42.0,8.0,1.0,21.0,2.0,2.0,32.0,0.0,1.0,0.0,1.0,0.0,0.0,0.0,17.0,11.0,0.0,0.0,2.0,0.0,17.0,0.0,0.0,1.0,1.0,5.0,0.0,53.0,8.0
42,2025,3,0.0,24.0,56.0,2.0,0.0,26.0,4.0,8.0,18.0,0.0,0.0,0.0,0.0,0.0,1.0,0.0,18.0,3.0,0.0,0.0,2.0,0.0,25.0,0.0,0.0,1.0,4.0,0.0,0.0,40.0,9.0
42,2025,4,0.0,11.0,26.0,2.0,0.0,14.0,2.0,1.0,12.0,0.0,0.0,0.0,0.0,0.0,0.0,1.0,15.0,2.0,0.0,0.0,1.0,0.0,7.0,0.0,0.0,0.0,2.0,2.0,0.0,25.0,4.0
42,2025,5,1.0,28.0,63.0,11.0,2.0,42.0,4.0,7.0,25.0,0.0,1.0,0.0,1.0,0.0,0.0,0.0,24.0,5.0,0.0,0.0,4.0,0.0,22.0,0.0,0.0,1.0,13.0,1.0,1.0,55.0,27.0
42,2025,6,2.0,56.0,124.0,24.0,2.0,70.0,4.0,9.0,17.0,0.0,1.0,0.0,3.0,0.0,0.0,0.0,24.0,8.0,0.0,0.0,3.0,0.0,33.0,0.0,0.0,0.0,14.0,3.0,1.0,95.0,14.0
42,2025,7,0.0,33.0,81.0,13.0,2.0,39.0,3.0,10.0,16.0,0.0,0.0,0.0,3.0,0.0,0.0,0.0,44.0,7.0,0.0,0.0,0.0,0.0,29.0,0.0,0.0,2.0,4.0,2.0,0.0,78.0,21.0
42,2025,8,1.0,39.0,62.0,11.0,0.0,32.0,1.0,7.0,11.0,0.0,0.0,0.0,0.0,0.0,1.0,0.0,24.0,4.0,0.0,0.0,5.0,0.0,14.0,0.0,0.0,0.0,6.0,0.0,0.0,62.0,6.0
42,2025,9,0.0,35.0,50.0,9.0,0.0,38.0,2.0,3.0,11.0,0.0,0.0,0.0,0.0,0.0,1.0,0.0,25.0,2.0,0.0,0.0,0.0,0.0,26.0,0.0,0.0,0.0,10.0,1.0,2.0,59.0,7.0
42,2025,10,1.0,39.0,82.0,16.0,0.0,61.0,1.0,8.0,14.0,0.0,0.0,0.0,1.0,0.0,0.0,0.0,40.0,7.0,0.0,0.0,5.0,0.0,27.0,0.0,0.0,0.0,11.0,1.0,1.0,97.0,8.0
42,2025,11,0.0,41.0,61.0,14.0,0.0,45.0,1.0,10.0,13.0,0.0,1.0,0.0,1.0,0.0,0.0,0.0,29.0,6.0,0.0,0.0,1.0,0.0,14.0,0.0,0.0,0.0,4.0,3.0,0.0,57.0,11.0
42,2025,12,0.0,25.0,47.0,16.0,0.0,33.0,1.0,7.0,14.0,0.0,0.0,0.0,1.0,1.0,0.0,0.0,22.0,4.0,0.0,0.0,2.0,0.0,17.0,0.0,0.0,0.0,4.0,0.0,1.0,54.0,7.0
42,2026,1,0.0,36.0,62.0,11.0,0.0,44.0,2.0,7.0,11.0,0.0,2.0,0.0,0.0,0.0,0.0,0.0,27.0,7.0,0.0,0.0,3.0,0.0,20.0,0.0,0.0,1.0,5.0,3.0,0.0,61.0,7.0
42,2026,2,1.0,33.0,74.0,9.0,0.0,48.0,0.0,5.0,18.0,0.0,0.0,0.0,0.0,1.0,0.0,1.0,23.0,6.0,0.0,0.0,0.0,0.0,24.0,0.0,0.0,1.0,13.0,2.0,0.0,63.0,10.0
42,2026,3,0.0,26.0,65.0,16.0,0.0,49.0,0.0,8.0,16.0,0.0,3.0,0.0,1.0,0.0,0.0,0.0,33.0,8.0,0.0,0.0,5.0,0.0,26.0,0.0,0.0,3.0,6.0,2.0,5.0,77.0,12.0
42,2026,4,0.0,2.0,7.0,1.0,0.0,6.0,0.0,0.0,0.0,0.0,0.0,0.0,0.0,1.0,0.0,0.0,4.0,0.0,0.0,0.0,0.0,0.0,3.0,0.0,0.0,0.0,1.0,1.0,0.0,6.0,1.0
43,2024,1,4.0,87.0,170.0,32.0,0.0,83.0,7.0,11.0,26.0,0.0,1.0,0.0,1.0,0.0,0.0,0.0,39.0,13.0,0.0,0.0,2.0,0.0,51.0,0.0,0.0,4.0,22.0,1.0,2.0,94.0,24.0
43,2024,2,0.0,72.0,152.0,33.0,0.0,96.0,5.0,12.0,26.0,0.0,1.0,0.0,0.0,0.0,0.0,0.0,57.0,12.0,0.0,0.0,8.0,0.0,46.0,0.0,0.0,0.0,20.0,3.0,1.0,102.0,21.0
43,2024,3,1.0,80.0,119.0,35.0,0.0,80.0,6.0,13.0,34.0,0.0,2.0,1.0,1.0,0.0,0.0,0.0,73.0,6.0,0.0,0.0,7.0,0.0,46.0,0.0,0.0,0.0,32.0,5.0,0.0,109.0,36.0
43,2024,4,1.0,87.0,145.0,40.0,0.0,77.0,3.0,4.0,44.0,0.0,2.0,0.0,0.0,2.0,0.0,0.0,57.0,2.0,0.0,0.0,5.0,0.0,64.0,0.0,0.0,0.0,19.0,0.0,4.0,112.0,29.0
43,2024,5,4.0,115.0,184.0,55.0,1.0,72.0,5.0,12.0,33.0,0.0,6.0,0.0,0.0,1.0,0.0,0.0,49.0,6.0,0.0,0.0,9.0,0.0,49.0,0.0,0.0,2.0,19.0,5.0,1.0,110.0,23.0
43,2024,6,2.0,69.0,145.0,34.0,0.0,92.0,6.0,12.0,40.0,0.0,5.0,0.0,1.0,0.0,1.0,0.0,65.0,2.0,0.0,0.0,6.0,0.0,42.0,0.0,0.0,2.0,28.0,0.0,1.0,127.0,36.0
43,2024,7,2.0,83.0,187.0,43.0,0.0,119.0,8.0,4.0,34.0,0.0,6.0,0.0,1.0,1.0,0.0,0.0,62.0,6.0,0.0,0.0,4.0,0.0,41.0,0.0,0.0,2.0,31.0,4.0,2.0,143.0,36.0
43,2024,8,0.0,85.0,152.0,41.0,1.0,106.0,10.0,21.0,40.0,0.0,2.0,0.0,1.0,1.0,0.0,0.0,48.0,5.0,0.0,0.0,3.0,0.0,50.0,0.0,0.0,1.0,41.0,1.0,2.0,130.0,28.0
43,2024,9,4.0,80.0,141.0,43.0,0.0,87.0,5.0,13.0,24.0,0.0,3.0,0.0,0.0,0.0,0.0,1.0,53.0,9.0,0.0,0.0,6.0,0.0,46.0,0.0,0.0,3.0,28.0,3.0,3.0,151.0,34.0
43,2024,10,0.0,97.0,160.0,32.0,0.0,81.0,1.0,10.0,27.0,0.0,1.0,0.0,0.0,0.0,0.0,0.0,38.0,5.0,0.0,0.0,5.0,0.0,48.0,3.0,0.0,0.0,25.0,6.0,1.0,126.0,18.0
43,2024,11,2.0,77.0,133.0,25.0,0.0,62.0,2.0,11.0,29.0,0.0,1.0,0.0,1.0,1.0,1.0,0.0,51.0,12.0,0.0,0.0,6.0,0.0,46.0,0.0,0.0,1.0,26.0,3.0,2.0,112.0,23.0
43,2024,12,0.0,77.0,169.0,31.0,0.0,82.0,3.0,15.0,31.0,0.0,3.0,0.0,1.0,0.0,1.0,0.0,48.0,4.0,0.0,1.0,8.0,0.0,49.0,0.0,0.0,2.0,26.0,4.0,0.0,123.0,12.0
43,2025,1,3.0,83.0,139.0,19.0,0.0,83.0,5.0,12.0,29.0,0.0,2.0,0.0,1.0,0.0,0.0,0.0,31.0,14.0,0.0,0.0,6.0,0.0,53.0,0.0,0.0,0.0,18.0,2.0,2.0,111.0,26.0
43,2025,2,0.0,62.0,128.0,22.0,0.0,61.0,3.0,4.0,19.0,0.0,0.0,0.0,2.0,0.0,0.0,0.0,27.0,8.0,0.0,0.0,2.0,0.0,41.0,0.0,0.0,1.0,12.0,3.0,4.0,118.0,18.0
43,2025,3,1.0,73.0,124.0,22.0,0.0,64.0,4.0,9.0,21.0,0.0,2.0,1.0,1.0,0.0,0.0,0.0,39.0,11.0,0.0,0.0,5.0,0.0,49.0,0.0,0.0,1.0,13.0,3.0,1.0,99.0,11.0
43,2025,4,0.0,40.0,76.0,24.0,0.0,36.0,7.0,4.0,22.0,0.0,2.0,0.0,0.0,0.0,0.0,0.0,22.0,4.0,0.0,0.0,1.0,0.0,21.0,0.0,0.0,1.0,8.0,1.0,2.0,55.0,5.0
43,2025,5,0.0,80.0,158.0,14.0,0.0,89.0,6.0,6.0,30.0,0.0,2.0,0.0,3.0,0.0,0.0,0.0,82.0,9.0,0.0,0.0,9.0,0.0,52.0,0.0,0.0,2.0,28.0,4.0,0.0,112.0,29.0
43,2025,6,0.0,133.0,276.0,70.0,2.0,161.0,8.0,22.0,44.0,0.0,3.0,0.0,1.0,0.0,0.0,0.0,94.0,12.0,0.0,0.0,11.0,0.0,78.0,0.0,0.0,2.0,50.0,3.0,5.0,164.0,41.0
43,2025,7,2.0,112.0,192.0,40.0,0.0,104.0,5.0,9.0,32.0,0.0,1.0,0.0,0.0,0.0,0.0,0.0,83.0,19.0,0.0,0.0,6.0,0.0,66.0,1.0,0.0,2.0,30.0,4.0,4.0,149.0,27.0
43,2025,8,0.0,73.0,143.0,33.0,0.0,69.0,1.0,13.0,19.0,0.0,0.0,0.0,1.0,0.0,0.0,0.0,41.0,7.0,0.0,0.0,8.0,0.0,35.0,0.0,0.0,0.0,12.0,0.0,2.0,80.0,16.0
43,2025,9,1.0,65.0,149.0,22.0,0.0,112.0,1.0,14.0,32.0,0.0,3.0,0.0,0.0,0.0,0.0,1.0,33.0,6.0,0.0,0.0,8.0,0.0,52.0,2.0,0.0,0.0,11.0,1.0,3.0,84.0,19.0
43,2025,10,2.0,91.0,161.0,35.0,0.0,97.0,5.0,21.0,29.0,0.0,0.0,0.0,2.0,2.0,0.0,0.0,63.0,19.0,0.0,0.0,9.0,0.0,56.0,0.0,0.0,3.0,20.0,5.0,8.0,130.0,23.0
43,2025,11,1.0,90.0,150.0,31.0,1.0,107.0,4.0,16.0,29.0,0.0,1.0,0.0,2.0,1.0,1.0,0.0,62.0,11.0,0.0,1.0,4.0,0.0,45.0,1.0,0.0,3.0,14.0,1.0,1.0,119.0,21.0
43,2025,12,3.0,47.0,121.0,37.0,0.0,82.0,5.0,16.0,31.0,0.0,1.0,0.0,3.0,0.0,1.0,0.0,50.0,5.0,0.0,0.0,3.0,0.0,46.0,0.0,0.0,1.0,23.0,0.0,1.0,90.0,19.0
43,2026,1,0.0,68.0,122.0,30.0,0.0,92.0,2.0,26.0,22.0,0.0,2.0,1.0,2.0,0.0,0.0,0.0,41.0,14.0,0.0,0.0,7.0,0.0,59.0,0.0,0.0,5.0,14.0,3.0,1.0,80.0,18.0
43,2026,2,4.0,98.0,171.0,38.0,0.0,79.0,9.0,21.0,39.0,0.0,0.0,0.0,4.0,0.0,2.0,0.0,82.0,8.0,0.0,0.0,6.0,0.0,72.0,2.0,0.0,5.0,10.0,7.0,0.0,120.0,23.0
43,2026,3,0.0,106.0,157.0,46.0,0.0,118.0,2.0,17.0,30.0,0.0,3.0,0.0,1.0,0.0,0.0,0.0,89.0,8.0,0.0,0.0,9.0,0.0,45.0,0.0,0.0,1.0,19.0,1.0,2.0,125.0,25.0
43,2026,4,1.0,8.0,21.0,6.0,0.0,13.0,1.0,2.0,2.0,0.0,0.0,0.0,0.0,0.0,1.0,0.0,12.0,1.0,0.0,0.0,2.0,0.0,10.0,0.0,0.0,1.0,2.0,0.0,0.0,7.0,1.0
44,2024,1,3.0,38.0,94.0,13.0,0.0,48.0,1.0,12.0,25.0,0.0,1.0,0.0,2.0,0.0,0.0,1.0,58.0,12.0,0.0,0.0,2.0,0.0,41.0,0.0,0.0,1.0,16.0,1.0,1.0,88.0,17.0
44,2024,2,1.0,52.0,95.0,18.0,0.0,63.0,3.0,3.0,22.0,0.0,5.0,0.0,0.0,1.0,0.0,0.0,44.0,5.0,0.0,0.0,6.0,0.0,42.0,0.0,0.0,6.0,14.0,1.0,1.0,86.0,19.0
44,2024,3,1.0,57.0,114.0,22.0,0.0,58.0,0.0,10.0,16.0,0.0,2.0,0.0,2.0,0.0,1.0,1.0,61.0,6.0,0.0,0.0,2.0,0.0,53.0,0.0,0.0,2.0,31.0,1.0,2.0,84.0,15.0
44,2024,4,2.0,63.0,92.0,17.0,0.0,53.0,3.0,13.0,21.0,0.0,4.0,0.0,2.0,0.0,0.0,0.0,48.0,2.0,0.0,0.0,6.0,0.0,22.0,0.0,0.0,1.0,25.0,2.0,1.0,80.0,23.0
44,2024,5,2.0,82.0,123.0,23.0,0.0,65.0,6.0,8.0,21.0,0.0,2.0,0.0,5.0,1.0,0.0,0.0,39.0,5.0,0.0,0.0,5.0,0.0,47.0,0.0,0.0,3.0,35.0,2.0,1.0,102.0,32.0
44,2024,6,8.0,67.0,109.0,21.0,0.0,56.0,2.0,9.0,22.0,0.0,0.0,0.0,1.0,0.0,1.0,0.0,46.0,2.0,0.0,0.0,1.0,0.0,41.0,0.0,0.0,3.0,25.0,1.0,0.0,77.0,19.0
44,2024,7,1.0,41.0,82.0,18.0,0.0,73.0,5.0,4.0,21.0,0.0,2.0,0.0,3.0,0.0,2.0,0.0,51.0,6.0,0.0,0.0,3.0,0.0,42.0,0.0,0.0,6.0,29.0,1.0,0.0,96.0,17.0
44,2024,8,0.0,54.0,89.0,20.0,0.0,62.0,1.0,10.0,15.0,0.0,2.0,0.0,2.0,0.0,0.0,0.0,38.0,3.0,0.0,0.0,2.0,0.0,29.0,0.0,0.0,2.0,23.0,2.0,0.0,99.0,19.0
44,2024,9,0.0,55.0,89.0,18.0,0.0,65.0,4.0,10.0,15.0,0.0,1.0,0.0,1.0,0.0,0.0,0.0,37.0,4.0,0.0,0.0,1.0,0.0,38.0,0.0,0.0,0.0,24.0,6.0,2.0,75.0,18.0
44,2024,10,1.0,60.0,92.0,15.0,0.0,63.0,3.0,8.0,20.0,0.0,1.0,0.0,3.0,0.0,0.0,0.0,46.0,6.0,0.0,0.0,2.0,0.0,36.0,0.0,0.0,1.0,30.0,3.0,3.0,73.0,12.0
44,2024,11,2.0,52.0,84.0,12.0,0.0,62.0,0.0,4.0,25.0,0.0,3.0,0.0,2.0,0.0,2.0,0.0,23.0,4.0,0.0,0.0,3.0,0.0,38.0,0.0,0.0,2.0,17.0,0.0,1.0,91.0,3.0
44,2024,12,0.0,51.0,82.0,13.0,0.0,48.0,2.0,5.0,16.0,0.0,2.0,0.0,1.0,0.0,0.0,0.0,23.0,3.0,0.0,0.0,4.0,0.0,35.0,0.0,0.0,0.0,22.0,1.0,2.0,95.0,10.0
44,2025,1,1.0,44.0,60.0,18.0,0.0,50.0,2.0,8.0,18.0,0.0,1.0,0.0,1.0,0.0,0.0,0.0,24.0,3.0,0.0,0.0,2.0,0.0,41.0,0.0,0.0,0.0,20.0,0.0,0.0,89.0,10.0
44,2025,2,0.0,27.0,70.0,17.0,0.0,41.0,3.0,7.0,23.0,0.0,1.0,0.0,5.0,0.0,0.0,0.0,27.0,4.0,0.0,0.0,2.0,1.0,25.0,0.0,0.0,0.0,16.0,2.0,0.0,126.0,11.0
44,2025,3,1.0,49.0,79.0,14.0,1.0,45.0,1.0,2.0,20.0,0.0,0.0,0.0,3.0,0.0,0.0,0.0,26.0,5.0,0.0,0.0,2.0,0.0,39.0,0.0,0.0,1.0,9.0,2.0,0.0,97.0,9.0
44,2025,4,1.0,18.0,27.0,4.0,1.0,17.0,0.0,8.0,7.0,0.0,0.0,0.0,1.0,0.0,1.0,0.0,22.0,1.0,0.0,0.0,1.0,0.0,30.0,0.0,0.0,0.0,6.0,0.0,0.0,39.0,4.0
44,2025,5,0.0,45.0,115.0,19.0,0.0,53.0,0.0,9.0,16.0,0.0,0.0,0.0,3.0,0.0,1.0,0.0,42.0,7.0,0.0,0.0,4.0,0.0,51.0,0.0,0.0,2.0,19.0,2.0,0.0,95.0,14.0
44,2025,6,0.0,111.0,169.0,54.0,0.0,94.0,8.0,16.0,26.0,0.0,0.0,0.0,3.0,0.0,0.0,0.0,79.0,2.0,0.0,0.0,7.0,0.0,42.0,0.0,0.0,0.0,38.0,4.0,0.0,137.0,18.0
44,2025,7,2.0,64.0,133.0,15.0,0.0,70.0,1.0,15.0,26.0,0.0,1.0,0.0,1.0,0.0,0.0,0.0,50.0,5.0,0.0,0.0,4.0,0.0,51.0,0.0,0.0,1.0,17.0,0.0,0.0,119.0,16.0
44,2025,8,0.0,41.0,69.0,20.0,0.0,50.0,1.0,8.0,23.0,0.0,0.0,0.0,2.0,0.0,0.0,0.0,29.0,6.0,0.0,0.0,1.0,0.0,37.0,0.0,0.0,0.0,12.0,1.0,0.0,90.0,7.0
44,2025,9,1.0,41.0,77.0,18.0,0.0,48.0,4.0,4.0,14.0,0.0,3.0,0.0,2.0,0.0,0.0,0.0,18.0,4.0,0.0,0.0,4.0,0.0,15.0,0.0,0.0,0.0,7.0,0.0,0.0,59.0,5.0
44,2025,10,0.0,56.0,112.0,30.0,0.0,71.0,3.0,9.0,20.0,0.0,0.0,0.0,3.0,0.0,0.0,0.0,44.0,9.0,0.0,0.0,5.0,0.0,55.0,0.0,0.0,4.0,19.0,1.0,2.0,107.0,10.0
44,2025,11,2.0,37.0,92.0,24.0,0.0,49.0,3.0,11.0,17.0,0.0,0.0,0.0,2.0,0.0,0.0,0.0,41.0,3.0,0.0,0.0,6.0,0.0,28.0,0.0,0.0,2.0,10.0,3.0,0.0,86.0,8.0
44,2025,12,1.0,44.0,82.0,18.0,0.0,43.0,3.0,8.0,18.0,0.0,1.0,0.0,3.0,1.0,0.0,0.0,34.0,5.0,0.0,0.0,3.0,0.0,29.0,0.0,0.0,2.0,18.0,3.0,0.0,61.0,12.0
44,2026,1,0.0,41.0,86.0,12.0,0.0,33.0,1.0,6.0,28.0,0.0,0.0,0.0,4.0,0.0,0.0,1.0,30.0,9.0,0.0,0.0,4.0,0.0,50.0,0.0,0.0,2.0,15.0,3.0,0.0,67.0,15.0
44,2026,2,5.0,65.0,93.0,19.0,0.0,58.0,2.0,11.0,19.0,0.0,2.0,0.0,1.0,0.0,0.0,0.0,47.0,11.0,0.0,0.0,4.0,0.0,47.0,0.0,0.0,3.0,9.0,2.0,1.0,90.0,9.0
44,2026,3,2.0,44.0,121.0,15.0,0.0,61.0,3.0,12.0,14.0,0.0,0.0,0.0,5.0,0.0,1.0,0.0,59.0,3.0,0.0,0.0,3.0,0.0,29.0,0.0,0.0,2.0,10.0,1.0,2.0,85.0,3.0
44,2026,4,0.0,6.0,14.0,0.0,0.0,3.0,0.0,0.0,1.0,0.0,0.0,0.0,0.0,0.0,0.0,0.0,2.0,1.0,0.0,0.0,1.0,0.0,1.0,0.0,0.0,0.0,2.0,0.0,0.0,10.0,0.0
45,2024,1,0.0,8.0,15.0,1.0,0.0,8.0,0.0,0.0,8.0,0.0,0.0,0.0,0.0,0.0,0.0,0.0,7.0,0.0,0.0,0.0,0.0,0.0,9.0,0.0,0.0,0.0,3.0,0.0,0.0,14.0,4.0
45,2024,2,0.0,16.0,24.0,3.0,0.0,2.0,1.0,1.0,10.0,0.0,1.0,0.0,0.0,0.0,0.0,0.0,6.0,1.0,0.0,0.0,0.0,0.0,8.0,0.0,0.0,1.0,1.0,0.0,0.0,13.0,6.0
45,2024,3,0.0,12.0,10.0,3.0,0.0,14.0,0.0,1.0,8.0,0.0,1.0,0.0,0.0,0.0,0.0,0.0,16.0,0.0,0.0,0.0,1.0,0.0,10.0,0.0,0.0,0.0,1.0,0.0,0.0,15.0,4.0
45,2024,4,1.0,7.0,14.0,4.0,0.0,13.0,2.0,2.0,7.0,0.0,0.0,0.0,0.0,0.0,0.0,0.0,11.0,1.0,0.0,0.0,1.0,0.0,5.0,0.0,0.0,0.0,3.0,0.0,1.0,18.0,2.0
45,2024,5,0.0,9.0,19.0,7.0,0.0,9.0,1.0,2.0,6.0,0.0,0.0,0.0,0.0,0.0,0.0,0.0,10.0,1.0,0.0,0.0,1.0,0.0,7.0,0.0,0.0,0.0,3.0,0.0,0.0,21.0,5.0
45,2024,6,0.0,6.0,19.0,4.0,0.0,17.0,0.0,1.0,5.0,0.0,0.0,0.0,0.0,0.0,0.0,0.0,14.0,0.0,0.0,0.0,1.0,0.0,6.0,0.0,0.0,0.0,4.0,0.0,0.0,21.0,8.0
45,2024,7,0.0,15.0,14.0,3.0,0.0,15.0,1.0,5.0,1.0,0.0,0.0,0.0,1.0,0.0,0.0,0.0,12.0,0.0,0.0,0.0,1.0,0.0,6.0,0.0,0.0,0.0,4.0,1.0,0.0,23.0,5.0
45,2024,8,0.0,11.0,12.0,5.0,0.0,8.0,1.0,3.0,6.0,0.0,0.0,0.0,0.0,0.0,0.0,0.0,14.0,1.0,0.0,0.0,2.0,0.0,6.0,0.0,0.0,1.0,1.0,0.0,1.0,17.0,4.0
45,2024,9,1.0,9.0,11.0,2.0,0.0,6.0,2.0,0.0,4.0,0.0,1.0,0.0,1.0,0.0,0.0,0.0,9.0,0.0,0.0,0.0,2.0,0.0,3.0,0.0,0.0,0.0,7.0,0.0,0.0,20.0,3.0
45,2024,10,0.0,17.0,24.0,9.0,0.0,8.0,1.0,4.0,2.0,0.0,0.0,0.0,0.0,0.0,0.0,0.0,8.0,1.0,0.0,0.0,0.0,0.0,3.0,0.0,0.0,0.0,4.0,2.0,0.0,28.0,1.0
45,2024,11,0.0,13.0,17.0,2.0,0.0,13.0,0.0,1.0,2.0,0.0,0.0,0.0,0.0,0.0,0.0,0.0,2.0,2.0,0.0,0.0,1.0,0.0,7.0,0.0,0.0,0.0,4.0,1.0,0.0,13.0,2.0
45,2024,12,0.0,8.0,14.0,6.0,1.0,11.0,0.0,0.0,7.0,0.0,0.0,0.0,0.0,0.0,0.0,0.0,11.0,0.0,0.0,0.0,0.0,0.0,5.0,0.0,0.0,0.0,3.0,0.0,1.0,18.0,3.0
45,2025,1,1.0,6.0,14.0,6.0,0.0,19.0,1.0,0.0,9.0,0.0,0.0,0.0,1.0,0.0,0.0,0.0,2.0,1.0,0.0,0.0,1.0,0.0,6.0,0.0,0.0,0.0,0.0,2.0,0.0,11.0,1.0
45,2025,2,0.0,11.0,14.0,3.0,0.0,9.0,0.0,2.0,4.0,0.0,0.0,0.0,0.0,0.0,0.0,0.0,13.0,0.0,0.0,0.0,1.0,0.0,11.0,0.0,0.0,1.0,7.0,0.0,1.0,9.0,0.0
45,2025,3,0.0,12.0,11.0,2.0,0.0,2.0,1.0,3.0,0.0,0.0,0.0,0.0,0.0,0.0,0.0,0.0,6.0,0.0,0.0,0.0,0.0,0.0,5.0,0.0,0.0,0.0,1.0,0.0,1.0,15.0,2.0
45,2025,4,0.0,4.0,8.0,1.0,0.0,5.0,0.0,2.0,5.0,0.0,0.0,0.0,0.0,0.0,0.0,0.0,6.0,0.0,0.0,0.0,0.0,0.0,3.0,0.0,0.0,0.0,0.0,0.0,0.0,6.0,1.0
45,2025,5,0.0,11.0,21.0,2.0,0.0,15.0,0.0,0.0,5.0,0.0,0.0,0.0,1.0,0.0,0.0,0.0,8.0,2.0,0.0,0.0,0.0,0.0,5.0,0.0,0.0,0.0,5.0,0.0,0.0,16.0,1.0
45,2025,6,0.0,15.0,27.0,12.0,0.0,31.0,0.0,3.0,14.0,0.0,1.0,0.0,0.0,0.0,0.0,0.0,10.0,0.0,0.0,0.0,6.0,0.0,6.0,0.0,0.0,0.0,6.0,0.0,0.0,18.0,7.0
45,2025,7,0.0,14.0,14.0,3.0,0.0,20.0,0.0,2.0,9.0,0.0,1.0,0.0,0.0,0.0,0.0,0.0,10.0,0.0,0.0,0.0,1.0,0.0,7.0,0.0,0.0,0.0,1.0,1.0,0.0,20.0,0.0
45,2025,8,0.0,7.0,15.0,3.0,1.0,7.0,0.0,1.0,6.0,0.0,0.0,0.0,0.0,0.0,0.0,0.0,9.0,1.0,0.0,0.0,1.0,0.0,3.0,0.0,0.0,0.0,3.0,0.0,0.0,10.0,2.0
45,2025,9,0.0,7.0,15.0,4.0,0.0,5.0,0.0,3.0,6.0,0.0,0.0,0.0,0.0,0.0,0.0,0.0,4.0,0.0,0.0,0.0,1.0,0.0,8.0,0.0,0.0,0.0,2.0,0.0,0.0,12.0,3.0
45,2025,10,4.0,7.0,28.0,8.0,0.0,14.0,4.0,0.0,8.0,0.0,0.0,0.0,2.0,0.0,0.0,0.0,5.0,1.0,0.0,0.0,0.0,0.0,4.0,0.0,0.0,0.0,2.0,2.0,0.0,16.0,1.0
45,2025,11,0.0,5.0,17.0,8.0,0.0,13.0,1.0,2.0,3.0,0.0,0.0,0.0,0.0,0.0,0.0,0.0,4.0,4.0,0.0,0.0,0.0,0.0,10.0,0.0,0.0,0.0,1.0,0.0,0.0,24.0,1.0
45,2025,12,0.0,7.0,21.0,8.0,0.0,13.0,0.0,2.0,7.0,0.0,0.0,0.0,1.0,0.0,0.0,0.0,13.0,1.0,0.0,0.0,0.0,0.0,1.0,0.0,0.0,0.0,4.0,0.0,0.0,10.0,2.0
45,2026,1,0.0,8.0,14.0,0.0,0.0,12.0,0.0,2.0,3.0,0.0,1.0,0.0,0.0,1.0,0.0,0.0,12.0,2.0,0.0,0.0,0.0,0.0,4.0,0.0,0.0,0.0,7.0,0.0,0.0,12.0,3.0
45,2026,2,0.0,8.0,15.0,4.0,0.0,10.0,2.0,0.0,4.0,0.0,0.0,0.0,0.0,0.0,0.0,0.0,7.0,0.0,0.0,0.0,3.0,0.0,12.0,0.0,0.0,0.0,3.0,0.0,0.0,11.0,2.0
45,2026,3,0.0,19.0,22.0,0.0,0.0,19.0,0.0,1.0,2.0,0.0,1.0,0.0,0.0,0.0,0.0,0.0,4.0,4.0,0.0,0.0,1.0,0.0,6.0,0.0,0.0,0.0,3.0,0.0,1.0,21.0,3.0
45,2026,4,0.0,2.0,1.0,0.0,0.0,3.0,0.0,0.0,2.0,0.0,0.0,0.0,1.0,0.0,0.0,0.0,0.0,0.0,0.0,0.0,0.0,0.0,1.0,0.0,0.0,0.0,1.0,0.0,0.0,2.0,0.0
46,2024,1,2.0,42.0,61.0,7.0,0.0,40.0,2.0,4.0,12.0,0.0,1.0,0.0,3.0,1.0,0.0,0.0,28.0,2.0,0.0,0.0,2.0,0.0,32.0,0.0,0.0,0.0,2.0,0.0,0.0,62.0,16.0
46,2024,2,1.0,36.0,60.0,7.0,0.0,31.0,1.0,3.0,16.0,0.0,0.0,0.0,0.0,1.0,0.0,1.0,31.0,5.0,0.0,0.0,5.0,0.0,20.0,0.0,0.0,1.0,8.0,0.0,0.0,42.0,13.0
46,2024,3,1.0,36.0,70.0,6.0,0.0,35.0,3.0,5.0,21.0,0.0,0.0,0.0,0.0,0.0,0.0,1.0,29.0,2.0,0.0,0.0,2.0,0.0,25.0,0.0,0.0,1.0,15.0,2.0,0.0,57.0,26.0
46,2024,4,0.0,33.0,82.0,10.0,0.0,48.0,4.0,4.0,9.0,1.0,4.0,0.0,1.0,0.0,0.0,1.0,24.0,0.0,0.0,0.0,3.0,0.0,16.0,0.0,0.0,0.0,13.0,3.0,1.0,63.0,22.0
46,2024,5,0.0,41.0,81.0,12.0,0.0,46.0,4.0,1.0,12.0,0.0,0.0,0.0,0.0,0.0,1.0,0.0,31.0,3.0,0.0,0.0,4.0,0.0,20.0,0.0,0.0,0.0,16.0,3.0,0.0,54.0,17.0
46,2024,6,3.0,34.0,76.0,12.0,0.0,48.0,3.0,5.0,12.0,0.0,0.0,0.0,1.0,0.0,0.0,0.0,32.0,1.0,0.0,0.0,2.0,0.0,22.0,0.0,0.0,0.0,11.0,0.0,1.0,53.0,12.0
46,2024,7,1.0,54.0,68.0,22.0,0.0,43.0,1.0,2.0,10.0,0.0,2.0,0.0,3.0,0.0,1.0,1.0,27.0,2.0,0.0,0.0,4.0,0.0,20.0,0.0,0.0,1.0,13.0,0.0,0.0,70.0,20.0
46,2024,8,2.0,48.0,78.0,18.0,0.0,45.0,2.0,3.0,5.0,0.0,3.0,0.0,1.0,0.0,1.0,0.0,31.0,0.0,0.0,0.0,2.0,0.0,24.0,0.0,0.0,0.0,18.0,1.0,0.0,59.0,21.0
46,2024,9,0.0,52.0,65.0,9.0,0.0,42.0,1.0,7.0,17.0,0.0,0.0,0.0,1.0,0.0,0.0,0.0,24.0,3.0,0.0,0.0,2.0,0.0,25.0,0.0,0.0,0.0,14.0,2.0,1.0,46.0,15.0
46,2024,10,0.0,46.0,71.0,9.0,0.0,45.0,1.0,7.0,10.0,0.0,2.0,0.0,1.0,0.0,0.0,0.0,27.0,5.0,0.0,0.0,4.0,0.0,28.0,0.0,0.0,0.0,9.0,4.0,0.0,59.0,5.0
46,2024,11,1.0,36.0,53.0,11.0,0.0,46.0,1.0,2.0,12.0,0.0,0.0,0.0,0.0,0.0,0.0,0.0,28.0,5.0,0.0,0.0,1.0,0.0,42.0,0.0,0.0,0.0,8.0,2.0,1.0,39.0,12.0
46,2024,12,1.0,30.0,58.0,10.0,0.0,36.0,1.0,3.0,25.0,0.0,4.0,0.0,0.0,0.0,0.0,0.0,17.0,4.0,0.0,0.0,3.0,0.0,24.0,0.0,0.0,0.0,14.0,1.0,0.0,37.0,7.0
46,2025,1,4.0,31.0,55.0,11.0,0.0,38.0,1.0,2.0,10.0,0.0,2.0,0.0,2.0,0.0,0.0,0.0,27.0,6.0,0.0,1.0,3.0,0.0,19.0,0.0,0.0,0.0,8.0,1.0,1.0,32.0,9.0
46,2025,2,0.0,23.0,50.0,13.0,1.0,35.0,0.0,4.0,15.0,0.0,1.0,0.0,0.0,0.0,0.0,0.0,24.0,2.0,0.0,0.0,2.0,1.0,23.0,0.0,0.0,1.0,8.0,0.0,0.0,34.0,4.0
46,2025,3,0.0,31.0,62.0,5.0,0.0,25.0,2.0,5.0,9.0,0.0,0.0,0.0,3.0,0.0,0.0,0.0,31.0,4.0,0.0,0.0,2.0,0.0,35.0,0.0,0.0,1.0,7.0,1.0,0.0,28.0,7.0
46,2025,4,0.0,12.0,16.0,2.0,0.0,23.0,1.0,1.0,6.0,0.0,0.0,0.0,1.0,0.0,0.0,0.0,19.0,2.0,0.0,0.0,0.0,0.0,12.0,0.0,0.0,0.0,6.0,0.0,0.0,16.0,5.0
46,2025,5,1.0,39.0,76.0,15.0,0.0,42.0,2.0,2.0,15.0,0.0,2.0,0.0,1.0,0.0,0.0,0.0,37.0,7.0,0.0,0.0,3.0,0.0,32.0,0.0,0.0,1.0,8.0,2.0,0.0,55.0,6.0
46,2025,6,6.0,91.0,110.0,38.0,0.0,86.0,4.0,10.0,17.0,0.0,0.0,0.0,2.0,0.0,0.0,2.0,86.0,9.0,0.0,0.0,0.0,0.0,43.0,0.0,0.0,1.0,23.0,0.0,0.0,55.0,19.0
46,2025,7,0.0,34.0,75.0,13.0,1.0,71.0,1.0,4.0,28.0,0.0,0.0,0.0,1.0,0.0,0.0,0.0,48.0,3.0,0.0,0.0,1.0,0.0,29.0,0.0,0.0,0.0,6.0,3.0,1.0,50.0,19.0
46,2025,8,0.0,26.0,57.0,20.0,0.0,77.0,2.0,5.0,3.0,0.0,0.0,0.0,0.0,0.0,0.0,2.0,24.0,1.0,0.0,0.0,0.0,0.0,18.0,0.0,0.0,0.0,10.0,2.0,0.0,47.0,8.0
46,2025,9,0.0,22.0,61.0,14.0,0.0,45.0,0.0,3.0,11.0,0.0,1.0,0.0,2.0,0.0,0.0,0.0,21.0,3.0,0.0,0.0,1.0,0.0,27.0,0.0,0.0,0.0,6.0,1.0,0.0,35.0,12.0
46,2025,10,0.0,42.0,78.0,15.0,0.0,53.0,1.0,7.0,18.0,0.0,1.0,0.0,0.0,0.0,0.0,0.0,32.0,8.0,0.0,0.0,2.0,0.0,45.0,0.0,0.0,0.0,5.0,2.0,0.0,37.0,17.0
46,2025,11,2.0,30.0,67.0,13.0,0.0,49.0,0.0,12.0,10.0,0.0,0.0,0.0,3.0,1.0,1.0,0.0,10.0,3.0,0.0,0.0,4.0,0.0,12.0,0.0,0.0,0.0,10.0,0.0,0.0,42.0,11.0
46,2025,12,1.0,27.0,52.0,8.0,0.0,32.0,5.0,7.0,13.0,0.0,0.0,0.0,0.0,1.0,0.0,0.0,29.0,5.0,0.0,0.0,3.0,0.0,12.0,0.0,0.0,1.0,10.0,2.0,0.0,30.0,9.0
46,2026,1,2.0,25.0,52.0,10.0,0.0,42.0,1.0,8.0,17.0,0.0,0.0,0.0,4.0,0.0,0.0,0.0,24.0,8.0,0.0,0.0,1.0,0.0,19.0,0.0,0.0,1.0,10.0,1.0,0.0,32.0,11.0
46,2026,2,0.0,49.0,80.0,10.0,0.0,47.0,2.0,11.0,12.0,0.0,0.0,0.0,0.0,0.0,0.0,0.0,25.0,10.0,0.0,0.0,1.0,0.0,27.0,0.0,0.0,1.0,6.0,1.0,0.0,34.0,7.0
46,2026,3,1.0,37.0,87.0,9.0,0.0,40.0,3.0,7.0,6.0,0.0,0.0,0.0,1.0,0.0,2.0,0.0,38.0,7.0,0.0,0.0,8.0,0.0,39.0,0.0,0.0,0.0,13.0,1.0,0.0,42.0,3.0
46,2026,4,0.0,2.0,9.0,2.0,0.0,3.0,0.0,2.0,2.0,0.0,0.0,0.0,0.0,0.0,0.0,0.0,7.0,1.0,0.0,0.0,0.0,0.0,4.0,0.0,0.0,0.0,0.0,0.0,0.0,6.0,0.0
47,2024,1,0.0,2.0,4.0,0.0,0.0,2.0,0.0,0.0,0.0,0.0,0.0,0.0,0.0,0.0,0.0,0.0,0.0,0.0,0.0,0.0,1.0,0.0,3.0,0.0,0.0,0.0,1.0,0.0,0.0,4.0,1.0
47,2024,2,1.0,2.0,3.0,0.0,0.0,2.0,0.0,0.0,1.0,0.0,0.0,0.0,0.0,0.0,0.0,0.0,1.0,0.0,0.0,0.0,2.0,0.0,2.0,0.0,0.0,0.0,1.0,0.0,0.0,1.0,3.0
47,2024,3,1.0,4.0,8.0,1.0,0.0,4.0,0.0,0.0,0.0,0.0,0.0,0.0,0.0,0.0,0.0,1.0,2.0,1.0,0.0,0.0,0.0,0.0,0.0,0.0,0.0,0.0,0.0,0.0,0.0,2.0,2.0
47,2024,4,0.0,4.0,3.0,1.0,0.0,4.0,0.0,0.0,3.0,0.0,0.0,0.0,0.0,0.0,0.0,0.0,6.0,0.0,0.0,0.0,0.0,0.0,3.0,0.0,0.0,0.0,1.0,1.0,0.0,2.0,2.0
47,2024,5,0.0,5.0,4.0,0.0,0.0,4.0,1.0,1.0,0.0,0.0,0.0,0.0,0.0,0.0,0.0,0.0,3.0,1.0,0.0,0.0,0.0,0.0,5.0,0.0,0.0,0.0,0.0,0.0,0.0,2.0,2.0
47,2024,6,1.0,0.0,5.0,2.0,0.0,8.0,0.0,1.0,0.0,0.0,0.0,0.0,0.0,0.0,0.0,0.0,4.0,0.0,0.0,0.0,0.0,0.0,1.0,0.0,0.0,0.0,2.0,0.0,0.0,1.0,2.0
47,2024,7,0.0,1.0,8.0,0.0,0.0,1.0,1.0,1.0,2.0,0.0,0.0,0.0,0.0,0.0,0.0,0.0,0.0,0.0,0.0,0.0,0.0,0.0,2.0,0.0,0.0,0.0,2.0,0.0,0.0,6.0,1.0
47,2024,8,0.0,3.0,6.0,0.0,0.0,4.0,1.0,1.0,2.0,0.0,0.0,0.0,0.0,0.0,0.0,0.0,3.0,0.0,0.0,0.0,1.0,0.0,3.0,0.0,0.0,0.0,0.0,0.0,0.0,2.0,1.0
47,2024,9,0.0,3.0,1.0,2.0,0.0,6.0,0.0,2.0,2.0,0.0,0.0,0.0,0.0,0.0,0.0,0.0,1.0,0.0,0.0,0.0,0.0,0.0,5.0,0.0,0.0,1.0,3.0,0.0,0.0,3.0,0.0
47,2024,10,0.0,4.0,2.0,0.0,0.0,4.0,0.0,1.0,0.0,0.0,0.0,0.0,0.0,0.0,0.0,0.0,0.0,0.0,0.0,0.0,0.0,0.0,3.0,0.0,0.0,1.0,1.0,0.0,1.0,5.0,1.0
47,2024,11,0.0,1.0,1.0,1.0,0.0,2.0,0.0,0.0,0.0,0.0,0.0,0.0,0.0,0.0,0.0,0.0,5.0,0.0,0.0,0.0,0.0,0.0,2.0,0.0,0.0,0.0,2.0,0.0,0.0,2.0,0.0
47,2024,12,0.0,3.0,5.0,2.0,0.0,2.0,0.0,2.0,3.0,0.0,0.0,0.0,0.0,0.0,0.0,0.0,2.0,0.0,0.0,0.0,0.0,0.0,4.0,0.0,0.0,0.0,0.0,0.0,0.0,2.0,0.0
47,2025,1,0.0,0.0,7.0,1.0,0.0,2.0,0.0,1.0,0.0,0.0,0.0,0.0,0.0,0.0,0.0,0.0,1.0,0.0,0.0,0.0,1.0,0.0,3.0,0.0,0.0,0.0,1.0,0.0,0.0,2.0,1.0
47,2025,2,0.0,3.0,4.0,0.0,0.0,0.0,1.0,0.0,0.0,0.0,0.0,0.0,0.0,0.0,0.0,0.0,2.0,0.0,0.0,0.0,1.0,0.0,2.0,0.0,0.0,1.0,1.0,1.0,0.0,1.0,0.0
47,2025,3,0.0,2.0,2.0,0.0,0.0,2.0,0.0,1.0,0.0,0.0,0.0,0.0,0.0,0.0,0.0,0.0,0.0,0.0,0.0,0.0,0.0,0.0,1.0,0.0,0.0,0.0,0.0,0.0,0.0,1.0,0.0
47,2025,4,0.0,0.0,1.0,0.0,0.0,0.0,0.0,0.0,0.0,0.0,0.0,0.0,0.0,0.0,0.0,0.0,2.0,0.0,0.0,0.0,0.0,0.0,1.0,0.0,0.0,0.0,1.0,0.0,0.0,4.0,1.0
47,2025,5,0.0,2.0,1.0,0.0,0.0,2.0,0.0,0.0,2.0,0.0,1.0,0.0,0.0,0.0,0.0,0.0,1.0,0.0,0.0,0.0,0.0,0.0,2.0,0.0,0.0,0.0,1.0,0.0,0.0,5.0,1.0
47,2025,6,0.0,3.0,9.0,3.0,0.0,5.0,0.0,0.0,1.0,0.0,1.0,0.0,0.0,0.0,0.0,0.0,8.0,0.0,0.0,0.0,0.0,0.0,2.0,0.0,0.0,0.0,2.0,2.0,0.0,10.0,2.0
47,2025,7,0.0,3.0,7.0,0.0,0.0,3.0,0.0,0.0,1.0,0.0,0.0,0.0,0.0,0.0,0.0,0.0,4.0,0.0,0.0,0.0,0.0,0.0,1.0,0.0,0.0,0.0,3.0,0.0,0.0,9.0,0.0
47,2025,8,0.0,6.0,6.0,2.0,0.0,2.0,0.0,0.0,1.0,0.0,0.0,0.0,0.0,0.0,0.0,0.0,2.0,0.0,0.0,0.0,0.0,0.0,1.0,0.0,0.0,0.0,0.0,0.0,0.0,2.0,1.0
47,2025,9,0.0,1.0,1.0,0.0,0.0,1.0,0.0,0.0,0.0,0.0,0.0,0.0,0.0,0.0,0.0,0.0,0.0,0.0,0.0,1.0,0.0,0.0,1.0,0.0,0.0,0.0,0.0,0.0,0.0,1.0,0.0
47,2025,10,0.0,2.0,8.0,0.0,0.0,2.0,0.0,0.0,1.0,0.0,0.0,0.0,0.0,0.0,0.0,0.0,1.0,1.0,0.0,0.0,0.0,0.0,0.0,0.0,0.0,0.0,0.0,0.0,0.0,5.0,0.0
47,2025,11,0.0,1.0,4.0,0.0,0.0,5.0,0.0,0.0,0.0,0.0,0.0,0.0,1.0,0.0,0.0,0.0,3.0,2.0,0.0,0.0,0.0,0.0,4.0,0.0,0.0,0.0,1.0,0.0,0.0,4.0,0.0
47,2025,12,0.0,1.0,4.0,0.0,0.0,1.0,0.0,0.0,0.0,0.0,0.0,0.0,0.0,0.0,0.0,0.0,0.0,0.0,0.0,0.0,0.0,0.0,0.0,0.0,0.0,0.0,0.0,0.0,1.0,2.0,1.0
47,2026,1,0.0,1.0,3.0,0.0,0.0,3.0,0.0,0.0,2.0,0.0,0.0,0.0,0.0,0.0,0.0,0.0,4.0,0.0,0.0,0.0,0.0,0.0,3.0,0.0,0.0,0.0,0.0,0.0,0.0,4.0,0.0
47,2026,2,0.0,1.0,5.0,2.0,0.0,9.0,0.0,0.0,1.0,0.0,0.0,0.0,0.0,0.0,0.0,0.0,3.0,1.0,0.0,0.0,0.0,0.0,3.0,0.0,0.0,0.0,1.0,0.0,0.0,2.0,0.0
47,2026,3,0.0,0.0,3.0,1.0,0.0,1.0,0.0,1.0,1.0,0.0,0.0,0.0,0.0,0.0,0.0,0.0,1.0,0.0,0.0,0.0,0.0,0.0,4.0,0.0,0.0,0.0,0.0,0.0,0.0,2.0,2.0
47,2026,4,0.0,0.0,1.0,0.0,0.0,2.0,0.0,1.0,0.0,0.0,0.0,0.0,0.0,0.0,0.0,0.0,1.0,1.0,0.0,0.0,0.0,0.0,0.0,0.0,0.0,0.0,0.0,0.0,0.0,0.0,0.0
48,2024,1,0.0,12.0,21.0,2.0,0.0,14.0,4.0,1.0,7.0,0.0,0.0,0.0,0.0,0.0,0.0,0.0,18.0,0.0,0.0,0.0,2.0,0.0,9.0,0.0,0.0,0.0,2.0,1.0,0.0,22.0,10.0
48,2024,2,0.0,16.0,13.0,4.0,0.0,15.0,2.0,1.0,10.0,0.0,0.0,0.0,0.0,0.0,0.0,0.0,19.0,0.0,0.0,0.0,1.0,0.0,7.0,0.0,0.0,0.0,4.0,1.0,0.0,26.0,11.0
48,2024,3,1.0,6.0,19.0,4.0,0.0,14.0,1.0,4.0,5.0,0.0,1.0,0.0,0.0,0.0,0.0,0.0,15.0,1.0,0.0,0.0,0.0,0.0,11.0,0.0,0.0,0.0,4.0,0.0,1.0,17.0,5.0
48,2024,4,0.0,8.0,21.0,4.0,0.0,10.0,1.0,1.0,6.0,0.0,0.0,0.0,0.0,0.0,0.0,0.0,17.0,0.0,0.0,0.0,1.0,0.0,6.0,0.0,0.0,0.0,0.0,0.0,0.0,22.0,7.0
48,2024,5,0.0,11.0,20.0,2.0,0.0,12.0,2.0,0.0,10.0,0.0,2.0,0.0,0.0,0.0,0.0,1.0,13.0,0.0,0.0,0.0,0.0,0.0,7.0,0.0,0.0,0.0,6.0,0.0,0.0,27.0,7.0
48,2024,6,0.0,12.0,12.0,7.0,0.0,15.0,2.0,3.0,9.0,0.0,0.0,0.0,0.0,0.0,0.0,0.0,12.0,0.0,0.0,0.0,0.0,0.0,10.0,0.0,0.0,0.0,2.0,0.0,0.0,19.0,2.0
48,2024,7,0.0,11.0,20.0,6.0,0.0,10.0,0.0,2.0,4.0,0.0,0.0,0.0,1.0,0.0,0.0,0.0,12.0,0.0,0.0,0.0,0.0,0.0,8.0,0.0,0.0,0.0,11.0,1.0,0.0,23.0,6.0
48,2024,8,1.0,16.0,15.0,8.0,0.0,6.0,2.0,3.0,7.0,0.0,0.0,0.0,0.0,0.0,0.0,0.0,14.0,0.0,0.0,0.0,3.0,0.0,7.0,0.0,0.0,0.0,3.0,0.0,0.0,13.0,2.0
48,2024,9,0.0,11.0,18.0,0.0,0.0,20.0,0.0,3.0,5.0,0.0,0.0,0.0,0.0,0.0,0.0,0.0,15.0,1.0,0.0,0.0,0.0,0.0,13.0,0.0,0.0,0.0,2.0,1.0,0.0,14.0,3.0
48,2024,10,1.0,9.0,15.0,10.0,0.0,15.0,1.0,0.0,6.0,0.0,0.0,0.0,0.0,0.0,0.0,0.0,21.0,0.0,0.0,0.0,1.0,0.0,10.0,0.0,0.0,0.0,4.0,0.0,0.0,19.0,1.0
48,2024,11,1.0,10.0,22.0,5.0,0.0,17.0,0.0,3.0,6.0,0.0,0.0,0.0,0.0,0.0,0.0,0.0,30.0,1.0,0.0,0.0,2.0,0.0,8.0,0.0,0.0,0.0,5.0,1.0,0.0,16.0,0.0
48,2024,12,0.0,10.0,13.0,5.0,0.0,8.0,2.0,2.0,4.0,0.0,1.0,0.0,0.0,0.0,0.0,0.0,17.0,0.0,0.0,0.0,0.0,0.0,7.0,0.0,0.0,0.0,2.0,0.0,0.0,24.0,2.0
48,2025,1,0.0,8.0,19.0,0.0,0.0,12.0,0.0,0.0,7.0,0.0,0.0,0.0,1.0,0.0,0.0,0.0,13.0,0.0,0.0,0.0,1.0,0.0,6.0,0.0,0.0,0.0,2.0,2.0,2.0,21.0,2.0
48,2025,2,0.0,8.0,22.0,0.0,0.0,24.0,0.0,2.0,5.0,0.0,0.0,0.0,0.0,0.0,0.0,0.0,26.0,0.0,0.0,1.0,0.0,0.0,7.0,0.0,0.0,0.0,1.0,2.0,1.0,18.0,1.0
48,2025,3,0.0,8.0,11.0,3.0,1.0,18.0,4.0,1.0,6.0,0.0,0.0,0.0,0.0,0.0,0.0,0.0,14.0,0.0,0.0,0.0,0.0,0.0,2.0,0.0,0.0,0.0,1.0,1.0,0.0,15.0,3.0
48,2025,4,1.0,5.0,1.0,4.0,0.0,11.0,0.0,0.0,3.0,0.0,0.0,0.0,0.0,0.0,0.0,0.0,3.0,0.0,0.0,0.0,0.0,0.0,5.0,0.0,0.0,0.0,2.0,1.0,0.0,10.0,1.0
48,2025,5,0.0,15.0,19.0,5.0,0.0,15.0,0.0,0.0,4.0,0.0,0.0,0.0,0.0,0.0,0.0,0.0,12.0,1.0,0.0,0.0,4.0,0.0,7.0,0.0,0.0,0.0,4.0,0.0,0.0,18.0,4.0
48,2025,6,0.0,30.0,33.0,11.0,0.0,42.0,2.0,2.0,8.0,0.0,2.0,0.0,1.0,0.0,0.0,0.0,17.0,2.0,0.0,0.0,2.0,0.0,14.0,0.0,0.0,0.0,5.0,4.0,0.0,27.0,8.0
48,2025,7,0.0,10.0,21.0,11.0,0.0,16.0,4.0,0.0,7.0,0.0,0.0,0.0,0.0,0.0,0.0,0.0,15.0,2.0,0.0,0.0,1.0,0.0,5.0,0.0,0.0,0.0,4.0,0.0,0.0,34.0,5.0
48,2025,8,1.0,11.0,14.0,4.0,0.0,29.0,1.0,3.0,11.0,0.0,0.0,0.0,0.0,0.0,0.0,0.0,16.0,0.0,0.0,0.0,1.0,0.0,5.0,0.0,0.0,1.0,0.0,0.0,0.0,21.0,2.0
48,2025,9,0.0,13.0,18.0,2.0,0.0,7.0,0.0,5.0,5.0,0.0,0.0,0.0,0.0,0.0,0.0,0.0,6.0,4.0,0.0,0.0,0.0,0.0,5.0,0.0,0.0,0.0,1.0,0.0,0.0,10.0,2.0
48,2025,10,1.0,6.0,23.0,8.0,0.0,16.0,2.0,3.0,6.0,0.0,0.0,0.0,0.0,0.0,0.0,0.0,22.0,2.0,0.0,0.0,2.0,0.0,6.0,0.0,0.0,0.0,0.0,0.0,0.0,18.0,5.0
48,2025,11,0.0,12.0,14.0,5.0,0.0,12.0,2.0,3.0,5.0,0.0,0.0,0.0,0.0,0.0,0.0,0.0,17.0,3.0,0.0,0.0,1.0,0.0,7.0,0.0,0.0,0.0,2.0,0.0,1.0,15.0,2.0
48,2025,12,0.0,7.0,15.0,3.0,0.0,10.0,1.0,0.0,4.0,0.0,1.0,0.0,0.0,0.0,0.0,0.0,20.0,0.0,0.0,0.0,4.0,0.0,3.0,0.0,0.0,0.0,2.0,1.0,0.0,20.0,2.0
48,2026,1,0.0,12.0,16.0,5.0,0.0,13.0,0.0,2.0,5.0,0.0,0.0,1.0,0.0,0.0,1.0,0.0,17.0,1.0,0.0,0.0,0.0,0.0,8.0,0.0,0.0,0.0,4.0,2.0,0.0,9.0,3.0
48,2026,2,2.0,9.0,12.0,1.0,0.0,4.0,1.0,0.0,9.0,0.0,0.0,0.0,0.0,1.0,0.0,0.0,11.0,0.0,0.0,2.0,0.0,0.0,11.0,0.0,0.0,0.0,2.0,3.0,0.0,17.0,6.0
48,2026,3,0.0,14.0,17.0,7.0,0.0,14.0,0.0,2.0,6.0,0.0,0.0,0.0,0.0,0.0,0.0,0.0,22.0,1.0,0.0,0.0,0.0,0.0,6.0,0.0,0.0,0.0,1.0,0.0,0.0,18.0,1.0
48,2026,4,0.0,4.0,0.0,0.0,0.0,1.0,0.0,0.0,0.0,0.0,0.0,0.0,0.0,0.0,0.0,0.0,5.0,0.0,0.0,0.0,0.0,0.0,1.0,0.0,0.0,0.0,0.0,0.0,0.0,0.0,2.0
49,2024,1,1.0,39.0,92.0,11.0,0.0,87.0,4.0,2.0,19.0,0.0,1.0,0.0,0.0,0.0,0.0,0.0,38.0,8.0,0.0,0.0,3.0,0.0,41.0,0.0,0.0,1.0,17.0,0.0,0.0,59.0,27.0
49,2024,2,1.0,54.0,77.0,15.0,0.0,59.0,4.0,5.0,17.0,0.0,0.0,0.0,3.0,0.0,0.0,0.0,46.0,11.0,0.0,0.0,1.0,0.0,50.0,0.0,0.0,1.0,6.0,5.0,1.0,63.0,22.0
49,2024,3,0.0,50.0,95.0,7.0,0.0,76.0,3.0,11.0,16.0,0.0,3.0,0.0,3.0,1.0,0.0,0.0,33.0,13.0,0.0,0.0,5.0,0.0,43.0,0.0,0.0,1.0,7.0,5.0,0.0,96.0,16.0
49,2024,4,0.0,50.0,99.0,21.0,0.0,52.0,1.0,7.0,30.0,0.0,1.0,0.0,6.0,0.0,1.0,0.0,32.0,10.0,0.0,0.0,7.0,0.0,39.0,5.0,0.0,1.0,17.0,1.0,0.0,78.0,20.0
49,2024,5,3.0,74.0,100.0,16.0,0.0,55.0,1.0,6.0,27.0,0.0,4.0,0.0,2.0,0.0,0.0,0.0,46.0,7.0,0.0,0.0,3.0,0.0,38.0,0.0,0.0,1.0,10.0,1.0,1.0,69.0,20.0
49,2024,6,0.0,57.0,94.0,17.0,0.0,68.0,9.0,4.0,20.0,1.0,1.0,0.0,2.0,0.0,0.0,0.0,56.0,11.0,0.0,0.0,8.0,0.0,36.0,0.0,0.0,1.0,24.0,1.0,2.0,69.0,15.0
49,2024,7,0.0,54.0,88.0,20.0,2.0,70.0,2.0,9.0,15.0,0.0,7.0,0.0,4.0,0.0,0.0,0.0,47.0,9.0,0.0,0.0,9.0,0.0,34.0,0.0,0.0,1.0,16.0,6.0,2.0,87.0,37.0
49,2024,8,6.0,51.0,90.0,15.0,0.0,62.0,4.0,9.0,23.0,1.0,0.0,0.0,3.0,0.0,0.0,0.0,67.0,10.0,0.0,1.0,7.0,0.0,47.0,0.0,0.0,1.0,16.0,1.0,1.0,79.0,16.0
49,2024,9,1.0,48.0,96.0,10.0,0.0,58.0,1.0,4.0,19.0,0.0,0.0,0.0,1.0,0.0,0.0,0.0,61.0,14.0,0.0,0.0,6.0,0.0,39.0,15.0,0.0,0.0,20.0,3.0,2.0,79.0,30.0
49,2024,10,1.0,61.0,85.0,9.0,0.0,80.0,3.0,9.0,18.0,0.0,4.0,1.0,2.0,0.0,0.0,0.0,44.0,6.0,0.0,0.0,6.0,0.0,36.0,6.0,0.0,0.0,12.0,2.0,1.0,83.0,19.0
49,2024,11,1.0,34.0,89.0,4.0,0.0,58.0,4.0,8.0,22.0,0.0,0.0,0.0,1.0,1.0,2.0,0.0,36.0,4.0,0.0,0.0,1.0,0.0,36.0,0.0,0.0,0.0,18.0,2.0,0.0,54.0,12.0
49,2024,12,0.0,36.0,69.0,12.0,0.0,75.0,2.0,4.0,22.0,0.0,3.0,0.0,3.0,1.0,0.0,0.0,35.0,7.0,0.0,0.0,5.0,0.0,42.0,0.0,0.0,1.0,15.0,3.0,0.0,53.0,7.0
49,2025,1,1.0,33.0,94.0,15.0,0.0,69.0,4.0,5.0,19.0,0.0,2.0,0.0,6.0,1.0,0.0,0.0,53.0,9.0,0.0,0.0,3.0,0.0,61.0,3.0,0.0,0.0,9.0,4.0,0.0,73.0,12.0
49,2025,2,1.0,34.0,66.0,10.0,0.0,49.0,4.0,3.0,29.0,0.0,3.0,0.0,0.0,0.0,0.0,0.0,37.0,6.0,0.0,0.0,7.0,0.0,45.0,1.0,0.0,1.0,10.0,2.0,0.0,59.0,12.0
49,2025,3,1.0,40.0,74.0,9.0,0.0,49.0,2.0,5.0,25.0,0.0,2.0,0.0,4.0,0.0,0.0,0.0,23.0,5.0,0.0,0.0,4.0,0.0,36.0,0.0,0.0,1.0,7.0,0.0,0.0,63.0,13.0
49,2025,4,0.0,16.0,27.0,7.0,0.0,17.0,2.0,2.0,16.0,0.0,1.0,0.0,0.0,0.0,0.0,0.0,18.0,2.0,0.0,0.0,4.0,0.0,19.0,0.0,0.0,3.0,4.0,2.0,0.0,40.0,4.0
49,2025,5,2.0,42.0,116.0,14.0,0.0,53.0,3.0,9.0,16.0,0.0,3.0,0.0,4.0,0.0,2.0,0.0,40.0,13.0,0.0,0.0,9.0,0.0,44.0,0.0,0.0,0.0,8.0,2.0,1.0,70.0,14.0
49,2025,6,0.0,93.0,164.0,9.0,0.0,95.0,3.0,23.0,23.0,0.0,0.0,0.0,12.0,0.0,0.0,0.0,63.0,9.0,0.0,0.0,7.0,0.0,84.0,0.0,0.0,0.0,12.0,3.0,3.0,129.0,15.0
49,2025,7,0.0,62.0,115.0,13.0,0.0,59.0,4.0,12.0,35.0,0.0,0.0,2.0,8.0,0.0,0.0,0.0,49.0,11.0,0.0,0.0,7.0,0.0,48.0,0.0,0.0,1.0,17.0,7.0,0.0,61.0,22.0
49,2025,8,0.0,46.0,86.0,23.0,0.0,56.0,2.0,9.0,16.0,0.0,0.0,0.0,9.0,0.0,1.0,0.0,27.0,13.0,0.0,0.0,6.0,0.0,28.0,0.0,0.0,1.0,12.0,3.0,0.0,68.0,9.0
49,2025,9,0.0,40.0,74.0,9.0,0.0,56.0,4.0,7.0,18.0,1.0,2.0,0.0,9.0,0.0,0.0,0.0,35.0,17.0,0.0,0.0,2.0,0.0,35.0,0.0,0.0,2.0,12.0,3.0,1.0,65.0,10.0
49,2025,10,1.0,65.0,84.0,23.0,2.0,68.0,2.0,18.0,18.0,0.0,1.0,0.0,4.0,0.0,0.0,0.0,41.0,16.0,0.0,0.0,1.0,0.0,65.0,0.0,0.0,4.0,37.0,3.0,1.0,84.0,12.0
49,2025,11,2.0,50.0,82.0,14.0,1.0,61.0,1.0,12.0,16.0,0.0,2.0,0.0,4.0,0.0,0.0,0.0,39.0,9.0,0.0,0.0,2.0,0.0,31.0,0.0,0.0,2.0,21.0,5.0,0.0,68.0,8.0
49,2025,12,0.0,28.0,74.0,15.0,1.0,59.0,3.0,6.0,8.0,0.0,1.0,0.0,4.0,0.0,0.0,0.0,31.0,10.0,0.0,0.0,1.0,0.0,35.0,1.0,0.0,1.0,7.0,2.0,0.0,51.0,6.0
49,2026,1,0.0,38.0,75.0,6.0,0.0,44.0,3.0,12.0,28.0,0.0,2.0,0.0,10.0,0.0,0.0,0.0,23.0,20.0,0.0,1.0,2.0,0.0,46.0,0.0,0.0,2.0,9.0,5.0,0.0,63.0,15.0
49,2026,2,1.0,40.0,116.0,17.0,0.0,57.0,1.0,5.0,22.0,0.0,1.0,0.0,9.0,0.0,0.0,0.0,44.0,24.0,0.0,0.0,3.0,0.0,53.0,0.0,0.0,1.0,10.0,0.0,0.0,77.0,16.0
49,2026,3,0.0,39.0,99.0,11.0,0.0,49.0,0.0,9.0,15.0,0.0,2.0,0.0,5.0,0.0,0.0,0.0,32.0,22.0,0.0,0.0,5.0,0.0,43.0,0.0,0.0,8.0,11.0,0.0,1.0,48.0,18.0
49,2026,4,0.0,4.0,11.0,1.0,0.0,7.0,0.0,3.0,3.0,0.0,0.0,0.0,1.0,0.0,0.0,0.0,1.0,5.0,0.0,0.0,0.0,0.0,4.0,0.0,0.0,1.0,2.0,0.0,0.0,7.0,1.0
50,2024,1,0.0,7.0,14.0,2.0,0.0,8.0,1.0,2.0,3.0,0.0,0.0,0.0,1.0,0.0,0.0,0.0,12.0,3.0,0.0,0.0,1.0,0.0,6.0,0.0,0.0,0.0,1.0,0.0,1.0,22.0,5.0
50,2024,2,0.0,12.0,13.0,1.0,0.0,4.0,1.0,1.0,2.0,0.0,1.0,0.0,0.0,0.0,0.0,0.0,8.0,4.0,0.0,0.0,0.0,0.0,6.0,0.0,0.0,0.0,3.0,0.0,0.0,17.0,2.0
50,2024,3,0.0,14.0,15.0,1.0,0.0,14.0,1.0,1.0,5.0,0.0,0.0,0.0,2.0,0.0,0.0,0.0,7.0,3.0,0.0,0.0,1.0,0.0,8.0,0.0,0.0,0.0,2.0,0.0,0.0,19.0,3.0
50,2024,4,0.0,15.0,22.0,2.0,1.0,4.0,0.0,1.0,6.0,0.0,2.0,0.0,1.0,0.0,0.0,0.0,5.0,2.0,0.0,0.0,1.0,0.0,7.0,0.0,0.0,0.0,0.0,0.0,1.0,19.0,8.0
50,2024,5,0.0,16.0,19.0,2.0,0.0,10.0,1.0,2.0,1.0,0.0,0.0,0.0,1.0,0.0,0.0,0.0,5.0,0.0,0.0,0.0,0.0,0.0,4.0,0.0,0.0,0.0,2.0,0.0,1.0,32.0,5.0
50,2024,6,0.0,9.0,15.0,2.0,0.0,9.0,0.0,0.0,3.0,0.0,0.0,0.0,0.0,0.0,0.0,0.0,11.0,1.0,0.0,0.0,2.0,0.0,4.0,0.0,0.0,0.0,0.0,0.0,0.0,31.0,6.0
50,2024,7,0.0,14.0,16.0,3.0,0.0,14.0,0.0,2.0,3.0,0.0,1.0,0.0,1.0,0.0,0.0,0.0,9.0,1.0,0.0,0.0,1.0,0.0,11.0,0.0,0.0,0.0,4.0,0.0,0.0,27.0,7.0
50,2024,8,0.0,8.0,9.0,0.0,1.0,12.0,1.0,1.0,4.0,0.0,1.0,0.0,0.0,0.0,0.0,0.0,11.0,0.0,0.0,0.0,1.0,0.0,7.0,0.0,0.0,1.0,3.0,0.0,1.0,17.0,1.0
50,2024,9,0.0,8.0,20.0,3.0,0.0,6.0,0.0,0.0,10.0,0.0,0.0,0.0,0.0,0.0,0.0,0.0,8.0,0.0,0.0,0.0,1.0,0.0,8.0,0.0,0.0,0.0,1.0,0.0,0.0,25.0,6.0
50,2024,10,0.0,11.0,20.0,2.0,0.0,12.0,1.0,0.0,6.0,0.0,0.0,0.0,0.0,0.0,0.0,0.0,14.0,0.0,0.0,0.0,1.0,0.0,4.0,0.0,0.0,0.0,1.0,0.0,0.0,32.0,3.0
50,2024,11,0.0,12.0,6.0,4.0,0.0,11.0,0.0,3.0,3.0,0.0,0.0,0.0,0.0,0.0,1.0,0.0,12.0,0.0,0.0,0.0,1.0,0.0,3.0,0.0,0.0,2.0,2.0,0.0,0.0,21.0,0.0
50,2024,12,0.0,15.0,15.0,4.0,0.0,4.0,0.0,3.0,3.0,0.0,0.0,0.0,0.0,0.0,0.0,0.0,10.0,0.0,0.0,0.0,4.0,0.0,9.0,0.0,0.0,0.0,1.0,0.0,0.0,18.0,3.0
50,2025,1,0.0,12.0,13.0,1.0,0.0,6.0,1.0,2.0,5.0,0.0,0.0,0.0,0.0,0.0,0.0,0.0,8.0,1.0,0.0,0.0,2.0,0.0,6.0,0.0,0.0,0.0,0.0,0.0,0.0,31.0,0.0
50,2025,2,0.0,16.0,11.0,0.0,0.0,6.0,0.0,4.0,2.0,0.0,0.0,0.0,2.0,0.0,0.0,0.0,7.0,2.0,0.0,0.0,0.0,0.0,11.0,0.0,0.0,0.0,0.0,0.0,0.0,38.0,5.0
50,2025,3,0.0,8.0,21.0,0.0,0.0,13.0,2.0,2.0,5.0,0.0,0.0,0.0,2.0,0.0,0.0,0.0,5.0,0.0,0.0,0.0,0.0,0.0,9.0,0.0,0.0,0.0,1.0,0.0,0.0,20.0,1.0
50,2025,4,0.0,6.0,3.0,0.0,0.0,4.0,0.0,1.0,1.0,0.0,0.0,0.0,0.0,0.0,0.0,0.0,2.0,0.0,0.0,0.0,0.0,0.0,6.0,0.0,0.0,0.0,0.0,0.0,0.0,6.0,0.0
50,2025,5,0.0,4.0,18.0,2.0,0.0,11.0,0.0,1.0,9.0,0.0,0.0,0.0,1.0,0.0,0.0,0.0,6.0,0.0,0.0,0.0,0.0,0.0,6.0,0.0,0.0,0.0,1.0,1.0,0.0,26.0,3.0
50,2025,6,0.0,17.0,33.0,6.0,0.0,25.0,0.0,4.0,1.0,0.0,0.0,0.0,0.0,0.0,0.0,0.0,11.0,0.0,0.0,0.0,0.0,0.0,10.0,0.0,0.0,0.0,2.0,0.0,0.0,44.0,1.0
50,2025,7,0.0,8.0,13.0,3.0,0.0,15.0,3.0,2.0,3.0,0.0,0.0,0.0,1.0,0.0,0.0,0.0,7.0,0.0,0.0,0.0,0.0,0.0,5.0,0.0,0.0,0.0,1.0,1.0,1.0,15.0,1.0
50,2025,8,0.0,14.0,20.0,2.0,0.0,5.0,1.0,1.0,6.0,0.0,0.0,0.0,0.0,0.0,0.0,0.0,4.0,5.0,0.0,0.0,1.0,0.0,8.0,0.0,0.0,1.0,0.0,0.0,2.0,16.0,1.0
50,2025,9,0.0,11.0,9.0,2.0,0.0,7.0,2.0,0.0,5.0,0.0,0.0,0.0,1.0,1.0,0.0,0.0,0.0,1.0,0.0,0.0,0.0,0.0,11.0,0.0,0.0,0.0,0.0,1.0,1.0,16.0,3.0
50,2025,10,1.0,15.0,19.0,1.0,0.0,14.0,0.0,2.0,4.0,0.0,0.0,0.0,2.0,0.0,0.0,0.0,8.0,0.0,0.0,0.0,0.0,0.0,16.0,0.0,0.0,3.0,4.0,0.0,1.0,19.0,8.0
50,2025,11,0.0,8.0,17.0,2.0,0.0,8.0,0.0,1.0,4.0,0.0,0.0,0.0,0.0,0.0,0.0,0.0,7.0,1.0,0.0,0.0,0.0,0.0,11.0,0.0,0.0,0.0,2.0,0.0,2.0,13.0,2.0
50,2025,12,0.0,2.0,12.0,4.0,0.0,5.0,1.0,3.0,6.0,0.0,0.0,0.0,0.0,0.0,0.0,0.0,6.0,0.0,0.0,0.0,1.0,0.0,5.0,0.0,0.0,0.0,0.0,1.0,0.0,31.0,0.0
50,2026,1,0.0,6.0,14.0,2.0,0.0,5.0,0.0,4.0,6.0,0.0,0.0,0.0,0.0,0.0,0.0,0.0,5.0,2.0,0.0,0.0,2.0,0.0,6.0,0.0,0.0,0.0,0.0,0.0,0.0,23.0,3.0
50,2026,2,0.0,8.0,16.0,4.0,0.0,12.0,0.0,0.0,5.0,0.0,0.0,0.0,0.0,0.0,0.0,0.0,9.0,0.0,0.0,0.0,0.0,0.0,8.0,0.0,0.0,0.0,0.0,0.0,0.0,29.0,0.0
50,2026,3,0.0,8.0,15.0,3.0,0.0,13.0,0.0,4.0,3.0,0.0,0.0,0.0,0.0,0.0,0.0,0.0,7.0,2.0,0.0,0.0,0.0,0.0,1.0,0.0,0.0,0.0,1.0,0.0,0.0,29.0,1.0
50,2026,4,0.0,0.0,3.0,0.0,0.0,1.0,0.0,0.0,0.0,0.0,0.0,0.0,0.0,0.0,0.0,0.0,1.0,0.0,0.0,0.0,0.0,0.0,1.0,0.0,0.0,0.0,1.0,0.0,0.0,4.0,0.0
51,2024,1,0.0,15.0,20.0,2.0,0.0,22.0,0.0,1.0,10.0,0.0,0.0,0.0,0.0,0.0,0.0,0.0,18.0,0.0,0.0,0.0,0.0,0.0,7.0,0.0,0.0,0.0,3.0,2.0,0.0,33.0,5.0
51,2024,2,0.0,17.0,24.0,5.0,0.0,31.0,1.0,1.0,7.0,0.0,0.0,0.0,1.0,0.0,0.0,0.0,14.0,2.0,0.0,0.0,4.0,0.0,19.0,0.0,0.0,0.0,4.0,1.0,0.0,33.0,4.0
51,2024,3,0.0,12.0,19.0,1.0,0.0,25.0,1.0,2.0,6.0,0.0,0.0,0.0,0.0,0.0,0.0,0.0,20.0,1.0,0.0,0.0,0.0,0.0,7.0,0.0,0.0,0.0,4.0,0.0,0.0,30.0,7.0
51,2024,4,0.0,17.0,27.0,1.0,0.0,20.0,2.0,4.0,7.0,0.0,0.0,0.0,0.0,0.0,0.0,0.0,16.0,1.0,0.0,0.0,5.0,0.0,11.0,0.0,0.0,0.0,1.0,0.0,0.0,29.0,10.0
51,2024,5,0.0,13.0,30.0,5.0,0.0,29.0,1.0,3.0,9.0,0.0,1.0,0.0,0.0,0.0,0.0,0.0,8.0,0.0,0.0,0.0,2.0,0.0,10.0,0.0,0.0,0.0,3.0,1.0,0.0,47.0,6.0
51,2024,6,1.0,16.0,38.0,2.0,0.0,24.0,1.0,2.0,8.0,0.0,0.0,0.0,0.0,1.0,0.0,0.0,22.0,1.0,0.0,0.0,1.0,0.0,13.0,0.0,0.0,1.0,4.0,0.0,0.0,33.0,6.0
51,2024,7,0.0,22.0,28.0,6.0,0.0,22.0,0.0,4.0,7.0,0.0,0.0,0.0,1.0,0.0,0.0,1.0,16.0,1.0,0.0,0.0,0.0,0.0,10.0,0.0,0.0,2.0,3.0,1.0,0.0,39.0,9.0
51,2024,8,0.0,21.0,31.0,6.0,0.0,19.0,1.0,2.0,6.0,0.0,1.0,0.0,0.0,0.0,0.0,0.0,17.0,0.0,0.0,0.0,0.0,0.0,7.0,0.0,0.0,1.0,3.0,2.0,0.0,34.0,4.0
51,2024,9,0.0,20.0,34.0,5.0,0.0,26.0,1.0,2.0,9.0,0.0,0.0,0.0,2.0,1.0,0.0,0.0,18.0,0.0,0.0,0.0,1.0,0.0,12.0,0.0,0.0,0.0,2.0,0.0,0.0,24.0,12.0
51,2024,10,0.0,15.0,29.0,6.0,0.0,19.0,0.0,5.0,7.0,0.0,0.0,0.0,1.0,0.0,0.0,0.0,13.0,2.0,0.0,0.0,4.0,0.0,11.0,0.0,0.0,0.0,3.0,0.0,0.0,41.0,2.0
51,2024,11,0.0,12.0,22.0,2.0,0.0,15.0,0.0,2.0,9.0,0.0,0.0,0.0,2.0,1.0,0.0,0.0,20.0,0.0,0.0,0.0,2.0,0.0,9.0,0.0,0.0,0.0,3.0,0.0,0.0,35.0,1.0
51,2024,12,0.0,11.0,30.0,3.0,0.0,31.0,0.0,3.0,14.0,0.0,0.0,0.0,0.0,0.0,0.0,0.0,15.0,1.0,0.0,0.0,0.0,0.0,9.0,0.0,0.0,1.0,11.0,1.0,0.0,28.0,6.0
51,2025,1,1.0,12.0,31.0,2.0,0.0,15.0,0.0,3.0,6.0,0.0,0.0,0.0,0.0,0.0,0.0,0.0,12.0,2.0,0.0,0.0,1.0,0.0,6.0,0.0,1.0,0.0,3.0,1.0,0.0,42.0,4.0
51,2025,2,0.0,8.0,23.0,0.0,0.0,21.0,0.0,2.0,12.0,0.0,0.0,0.0,1.0,0.0,0.0,0.0,5.0,3.0,0.0,0.0,4.0,0.0,7.0,0.0,0.0,2.0,4.0,1.0,0.0,25.0,4.0
51,2025,3,0.0,26.0,27.0,2.0,0.0,31.0,1.0,5.0,12.0,0.0,0.0,0.0,0.0,0.0,1.0,1.0,20.0,0.0,0.0,0.0,1.0,0.0,8.0,0.0,0.0,0.0,4.0,1.0,0.0,25.0,2.0
51,2025,4,1.0,7.0,13.0,3.0,0.0,5.0,0.0,2.0,4.0,0.0,0.0,0.0,0.0,0.0,0.0,0.0,4.0,1.0,0.0,0.0,2.0,0.0,1.0,0.0,0.0,1.0,2.0,0.0,0.0,15.0,1.0
51,2025,5,0.0,18.0,35.0,3.0,0.0,22.0,0.0,0.0,7.0,0.0,0.0,0.0,0.0,0.0,0.0,0.0,21.0,2.0,0.0,0.0,4.0,0.0,11.0,0.0,0.0,1.0,4.0,0.0,1.0,26.0,1.0
51,2025,6,0.0,28.0,41.0,8.0,0.0,47.0,0.0,2.0,19.0,0.0,0.0,0.0,0.0,0.0,0.0,0.0,32.0,1.0,0.0,0.0,1.0,0.0,23.0,0.0,0.0,0.0,6.0,4.0,0.0,54.0,5.0
51,2025,7,2.0,17.0,29.0,3.0,0.0,45.0,2.0,3.0,5.0,0.0,2.0,0.0,0.0,0.0,0.0,0.0,20.0,5.0,0.0,0.0,2.0,0.0,18.0,0.0,0.0,0.0,10.0,0.0,0.0,37.0,3.0
51,2025,8,0.0,15.0,37.0,6.0,0.0,7.0,0.0,0.0,4.0,0.0,0.0,0.0,0.0,0.0,0.0,0.0,19.0,0.0,0.0,0.0,3.0,0.0,7.0,0.0,0.0,0.0,9.0,0.0,0.0,27.0,4.0
51,2025,9,0.0,8.0,16.0,5.0,0.0,12.0,0.0,2.0,6.0,0.0,0.0,0.0,0.0,0.0,0.0,0.0,11.0,4.0,0.0,0.0,5.0,0.0,14.0,0.0,0.0,0.0,4.0,0.0,0.0,28.0,5.0
51,2025,10,0.0,18.0,30.0,6.0,0.0,20.0,0.0,2.0,8.0,0.0,0.0,0.0,0.0,1.0,0.0,0.0,24.0,1.0,0.0,0.0,1.0,0.0,17.0,0.0,0.0,0.0,6.0,0.0,0.0,42.0,7.0
51,2025,11,0.0,15.0,34.0,3.0,0.0,20.0,0.0,3.0,9.0,0.0,0.0,0.0,0.0,0.0,0.0,0.0,15.0,2.0,0.0,0.0,2.0,0.0,3.0,0.0,0.0,0.0,5.0,0.0,0.0,33.0,2.0
51,2025,12,0.0,21.0,18.0,6.0,0.0,17.0,0.0,1.0,6.0,0.0,2.0,0.0,1.0,0.0,0.0,0.0,13.0,6.0,0.0,1.0,1.0,0.0,8.0,0.0,0.0,0.0,1.0,0.0,0.0,24.0,4.0
51,2026,1,0.0,8.0,21.0,5.0,0.0,14.0,0.0,0.0,4.0,0.0,0.0,0.0,1.0,0.0,0.0,0.0,11.0,2.0,0.0,0.0,1.0,0.0,10.0,0.0,0.0,1.0,2.0,0.0,0.0,24.0,2.0
51,2026,2,0.0,26.0,27.0,3.0,0.0,11.0,0.0,2.0,2.0,0.0,1.0,0.0,1.0,0.0,0.0,0.0,26.0,0.0,0.0,0.0,1.0,0.0,15.0,0.0,0.0,0.0,2.0,1.0,1.0,30.0,6.0
51,2026,3,0.0,20.0,20.0,3.0,0.0,17.0,2.0,4.0,9.0,0.0,0.0,0.0,2.0,0.0,0.0,0.0,22.0,0.0,0.0,0.0,2.0,0.0,17.0,0.0,0.0,1.0,3.0,0.0,0.0,22.0,5.0
51,2026,4,0.0,2.0,2.0,0.0,0.0,4.0,0.0,1.0,1.0,0.0,0.0,0.0,0.0,0.0,1.0,0.0,3.0,1.0,0.0,0.0,0.0,0.0,2.0,0.0,0.0,0.0,0.0,0.0,0.0,3.0,0.0
52,2024,1,1.0,4.0,20.0,1.0,0.0,14.0,2.0,0.0,6.0,0.0,1.0,0.0,0.0,0.0,0.0,0.0,5.0,2.0,0.0,0.0,2.0,0.0,10.0,0.0,0.0,0.0,0.0,0.0,0.0,16.0,6.0
52,2024,2,0.0,13.0,22.0,1.0,0.0,13.0,0.0,2.0,0.0,0.0,0.0,0.0,0.0,0.0,0.0,0.0,11.0,0.0,0.0,0.0,5.0,0.0,6.0,0.0,0.0,1.0,1.0,0.0,0.0,11.0,6.0
52,2024,3,0.0,12.0,10.0,1.0,0.0,8.0,1.0,2.0,7.0,0.0,0.0,0.0,0.0,0.0,0.0,0.0,13.0,1.0,0.0,0.0,2.0,0.0,10.0,0.0,0.0,0.0,2.0,1.0,0.0,8.0,4.0
52,2024,4,0.0,6.0,16.0,6.0,0.0,17.0,0.0,2.0,7.0,0.0,0.0,0.0,0.0,0.0,0.0,0.0,8.0,0.0,0.0,0.0,1.0,0.0,16.0,0.0,0.0,0.0,0.0,1.0,0.0,21.0,4.0
52,2024,5,0.0,7.0,16.0,8.0,0.0,14.0,0.0,2.0,3.0,0.0,0.0,0.0,0.0,0.0,0.0,0.0,14.0,0.0,0.0,0.0,0.0,0.0,6.0,0.0,0.0,0.0,4.0,2.0,0.0,12.0,5.0
52,2024,6,1.0,11.0,25.0,8.0,0.0,21.0,0.0,1.0,0.0,0.0,0.0,0.0,0.0,0.0,0.0,0.0,8.0,2.0,0.0,0.0,5.0,0.0,10.0,0.0,0.0,0.0,2.0,2.0,0.0,18.0,2.0
52,2024,7,2.0,14.0,28.0,7.0,0.0,17.0,1.0,0.0,3.0,0.0,1.0,0.0,1.0,0.0,0.0,0.0,23.0,0.0,0.0,0.0,1.0,0.0,10.0,0.0,0.0,0.0,7.0,0.0,0.0,17.0,2.0
52,2024,8,1.0,13.0,12.0,3.0,0.0,8.0,1.0,1.0,6.0,0.0,0.0,0.0,0.0,0.0,0.0,0.0,16.0,0.0,0.0,0.0,0.0,0.0,14.0,0.0,0.0,0.0,3.0,0.0,0.0,21.0,7.0
52,2024,9,0.0,14.0,20.0,2.0,0.0,22.0,1.0,2.0,2.0,0.0,1.0,0.0,0.0,0.0,0.0,0.0,19.0,1.0,0.0,0.0,2.0,0.0,20.0,0.0,0.0,1.0,2.0,1.0,0.0,23.0,2.0
52,2024,10,1.0,15.0,24.0,2.0,0.0,22.0,0.0,1.0,5.0,0.0,0.0,0.0,0.0,0.0,0.0,1.0,22.0,1.0,0.0,0.0,0.0,0.0,11.0,0.0,0.0,0.0,0.0,1.0,0.0,22.0,2.0
52,2024,11,0.0,10.0,23.0,9.0,0.0,23.0,0.0,2.0,4.0,0.0,0.0,0.0,0.0,0.0,0.0,0.0,17.0,2.0,0.0,0.0,1.0,0.0,5.0,0.0,0.0,0.0,0.0,1.0,0.0,14.0,3.0
52,2024,12,0.0,9.0,21.0,4.0,0.0,18.0,0.0,1.0,3.0,0.0,0.0,0.0,0.0,0.0,0.0,0.0,22.0,0.0,0.0,0.0,1.0,0.0,4.0,0.0,0.0,2.0,2.0,0.0,0.0,13.0,6.0
52,2025,1,0.0,13.0,15.0,0.0,0.0,11.0,0.0,2.0,2.0,0.0,0.0,0.0,1.0,0.0,0.0,1.0,14.0,3.0,0.0,0.0,3.0,0.0,12.0,0.0,0.0,0.0,1.0,0.0,0.0,25.0,3.0
52,2025,2,0.0,9.0,21.0,3.0,0.0,7.0,0.0,2.0,2.0,0.0,0.0,0.0,0.0,0.0,0.0,0.0,7.0,1.0,0.0,0.0,1.0,0.0,6.0,0.0,0.0,1.0,0.0,0.0,0.0,21.0,0.0
52,2025,3,0.0,4.0,16.0,1.0,0.0,21.0,0.0,1.0,6.0,0.0,0.0,0.0,0.0,0.0,0.0,0.0,33.0,1.0,0.0,0.0,2.0,0.0,12.0,0.0,0.0,0.0,1.0,0.0,0.0,12.0,5.0
52,2025,4,0.0,5.0,12.0,3.0,0.0,6.0,0.0,0.0,2.0,0.0,0.0,0.0,0.0,0.0,0.0,0.0,12.0,0.0,0.0,0.0,0.0,0.0,4.0,0.0,0.0,0.0,1.0,0.0,0.0,9.0,2.0
52,2025,5,0.0,16.0,26.0,2.0,0.0,21.0,0.0,0.0,3.0,0.0,1.0,0.0,0.0,0.0,0.0,1.0,21.0,1.0,0.0,0.0,1.0,0.0,7.0,0.0,0.0,0.0,2.0,2.0,0.0,16.0,3.0
52,2025,6,0.0,21.0,39.0,3.0,0.0,29.0,0.0,3.0,4.0,0.0,0.0,0.0,0.0,0.0,0.0,0.0,41.0,2.0,0.0,0.0,0.0,0.0,16.0,0.0,0.0,2.0,0.0,0.0,0.0,28.0,2.0
52,2025,7,0.0,24.0,24.0,8.0,0.0,15.0,0.0,0.0,4.0,0.0,0.0,0.0,0.0,0.0,0.0,0.0,10.0,2.0,0.0,0.0,4.0,0.0,9.0,0.0,0.0,0.0,3.0,0.0,0.0,19.0,6.0
52,2025,8,0.0,15.0,21.0,5.0,0.0,25.0,0.0,0.0,9.0,0.0,0.0,0.0,0.0,0.0,0.0,0.0,12.0,0.0,0.0,0.0,0.0,0.0,10.0,0.0,0.0,0.0,1.0,1.0,0.0,16.0,3.0
52,2025,9,0.0,16.0,19.0,1.0,0.0,13.0,0.0,3.0,3.0,0.0,2.0,0.0,0.0,0.0,0.0,0.0,10.0,0.0,0.0,0.0,0.0,0.0,8.0,0.0,0.0,1.0,3.0,1.0,0.0,10.0,8.0
52,2025,10,0.0,23.0,23.0,6.0,0.0,14.0,0.0,4.0,6.0,0.0,2.0,0.0,0.0,0.0,0.0,0.0,22.0,0.0,0.0,0.0,1.0,0.0,24.0,0.0,0.0,0.0,1.0,1.0,0.0,20.0,4.0
52,2025,11,0.0,12.0,24.0,1.0,0.0,28.0,0.0,3.0,6.0,0.0,0.0,0.0,2.0,0.0,0.0,0.0,17.0,2.0,0.0,0.0,3.0,0.0,13.0,0.0,0.0,2.0,0.0,0.0,0.0,14.0,5.0
52,2025,12,0.0,11.0,18.0,8.0,0.0,15.0,0.0,0.0,7.0,0.0,1.0,0.0,0.0,0.0,0.0,0.0,10.0,3.0,0.0,1.0,1.0,0.0,8.0,0.0,0.0,0.0,2.0,0.0,0.0,16.0,1.0
52,2026,1,0.0,10.0,14.0,3.0,0.0,15.0,0.0,2.0,6.0,0.0,0.0,0.0,1.0,0.0,0.0,0.0,16.0,1.0,0.0,0.0,1.0,0.0,5.0,0.0,0.0,0.0,0.0,1.0,0.0,14.0,4.0
52,2026,2,0.0,11.0,10.0,4.0,0.0,15.0,1.0,3.0,8.0,0.0,1.0,0.0,0.0,0.0,0.0,0.0,18.0,2.0,0.0,0.0,2.0,0.0,10.0,2.0,0.0,0.0,0.0,0.0,2.0,17.0,1.0
52,2026,3,0.0,5.0,19.0,5.0,0.0,18.0,1.0,0.0,8.0,0.0,1.0,0.0,2.0,0.0,0.0,0.0,16.0,1.0,0.0,0.0,0.0,0.0,9.0,0.0,0.0,0.0,8.0,1.0,0.0,19.0,6.0
52,2026,4,0.0,1.0,0.0,0.0,0.0,0.0,0.0,0.0,0.0,0.0,0.0,0.0,0.0,0.0,0.0,0.0,0.0,0.0,0.0,0.0,1.0,0.0,1.0,0.0,0.0,0.0,1.0,0.0,0.0,1.0,0.0
53,2024,1,1.0,34.0,52.0,5.0,0.0,39.0,2.0,3.0,21.0,0.0,0.0,0.0,0.0,0.0,0.0,0.0,24.0,4.0,0.0,0.0,5.0,0.0,30.0,0.0,0.0,1.0,13.0,0.0,0.0,62.0,18.0
53,2024,2,1.0,29.0,31.0,10.0,1.0,37.0,2.0,11.0,24.0,0.0,1.0,0.0,0.0,0.0,0.0,0.0,20.0,17.0,0.0,0.0,1.0,0.0,32.0,0.0,0.0,2.0,6.0,0.0,1.0,35.0,22.0
53,2024,3,0.0,24.0,54.0,10.0,0.0,36.0,2.0,6.0,17.0,0.0,2.0,0.0,2.0,0.0,0.0,0.0,20.0,7.0,0.0,0.0,2.0,0.0,24.0,0.0,0.0,1.0,10.0,2.0,0.0,37.0,17.0
53,2024,4,0.0,39.0,53.0,6.0,0.0,50.0,0.0,6.0,17.0,0.0,0.0,0.0,0.0,0.0,0.0,0.0,22.0,14.0,0.0,0.0,2.0,0.0,19.0,0.0,0.0,1.0,9.0,2.0,1.0,38.0,26.0
53,2024,5,3.0,32.0,81.0,10.0,0.0,40.0,3.0,5.0,19.0,0.0,0.0,0.0,1.0,0.0,0.0,0.0,16.0,3.0,0.0,0.0,1.0,0.0,27.0,0.0,0.0,1.0,9.0,0.0,0.0,48.0,17.0
53,2024,6,4.0,49.0,73.0,5.0,0.0,57.0,2.0,1.0,14.0,0.0,6.0,0.0,2.0,1.0,1.0,1.0,26.0,3.0,0.0,0.0,2.0,0.0,41.0,0.0,0.0,1.0,8.0,1.0,0.0,53.0,12.0
53,2024,7,2.0,45.0,62.0,12.0,0.0,56.0,1.0,3.0,20.0,0.0,2.0,0.0,0.0,0.0,0.0,2.0,39.0,4.0,0.0,0.0,1.0,0.0,25.0,0.0,0.0,3.0,13.0,1.0,0.0,50.0,27.0
53,2024,8,0.0,27.0,56.0,14.0,0.0,53.0,0.0,4.0,14.0,0.0,1.0,0.0,2.0,0.0,0.0,0.0,34.0,4.0,0.0,0.0,1.0,0.0,24.0,0.0,0.0,0.0,5.0,3.0,0.0,58.0,16.0
53,2024,9,2.0,24.0,67.0,11.0,0.0,60.0,1.0,2.0,17.0,0.0,2.0,0.0,1.0,2.0,0.0,0.0,50.0,4.0,1.0,0.0,0.0,0.0,32.0,0.0,0.0,0.0,6.0,2.0,0.0,38.0,11.0
53,2024,10,0.0,30.0,53.0,10.0,0.0,59.0,1.0,4.0,11.0,0.0,1.0,0.0,0.0,0.0,0.0,0.0,32.0,6.0,0.0,0.0,3.0,0.0,24.0,0.0,0.0,1.0,11.0,0.0,1.0,48.0,6.0
53,2024,11,1.0,30.0,43.0,7.0,1.0,34.0,2.0,2.0,22.0,0.0,2.0,0.0,2.0,0.0,0.0,1.0,28.0,7.0,0.0,0.0,4.0,0.0,22.0,0.0,0.0,1.0,11.0,1.0,2.0,47.0,5.0
53,2024,12,2.0,37.0,42.0,8.0,0.0,39.0,1.0,5.0,11.0,0.0,2.0,0.0,3.0,0.0,0.0,0.0,20.0,3.0,0.0,0.0,0.0,0.0,24.0,0.0,0.0,0.0,9.0,0.0,0.0,45.0,7.0
53,2025,1,1.0,25.0,35.0,6.0,0.0,46.0,3.0,4.0,24.0,0.0,0.0,0.0,4.0,0.0,0.0,0.0,23.0,8.0,0.0,0.0,2.0,0.0,33.0,0.0,0.0,0.0,5.0,0.0,2.0,39.0,7.0
53,2025,2,2.0,30.0,51.0,7.0,0.0,27.0,0.0,4.0,20.0,0.0,2.0,0.0,4.0,0.0,1.0,0.0,16.0,5.0,0.0,0.0,1.0,0.0,27.0,0.0,0.0,1.0,4.0,2.0,0.0,40.0,8.0
53,2025,3,2.0,22.0,45.0,9.0,0.0,35.0,0.0,7.0,13.0,0.0,1.0,0.0,3.0,0.0,0.0,0.0,17.0,1.0,0.0,0.0,1.0,0.0,25.0,0.0,0.0,0.0,6.0,1.0,0.0,34.0,4.0
53,2025,4,0.0,11.0,26.0,3.0,0.0,8.0,3.0,2.0,8.0,0.0,1.0,0.0,1.0,0.0,0.0,0.0,6.0,2.0,0.0,0.0,1.0,0.0,10.0,0.0,0.0,0.0,2.0,0.0,0.0,11.0,2.0
53,2025,5,0.0,38.0,54.0,12.0,0.0,31.0,1.0,6.0,9.0,0.0,0.0,0.0,2.0,0.0,0.0,0.0,27.0,10.0,0.0,0.0,4.0,0.0,20.0,0.0,0.0,0.0,3.0,1.0,2.0,38.0,4.0
53,2025,6,4.0,53.0,107.0,42.0,0.0,93.0,2.0,5.0,19.0,0.0,1.0,0.0,8.0,0.0,0.0,0.0,32.0,10.0,0.0,0.0,7.0,0.0,47.0,0.0,0.0,2.0,14.0,4.0,2.0,56.0,16.0
53,2025,7,0.0,48.0,68.0,23.0,0.0,54.0,0.0,4.0,11.0,0.0,1.0,0.0,3.0,0.0,0.0,0.0,35.0,5.0,0.0,0.0,4.0,0.0,33.0,1.0,0.0,0.0,12.0,3.0,0.0,61.0,11.0
53,2025,8,2.0,25.0,33.0,15.0,1.0,28.0,1.0,2.0,6.0,0.0,0.0,0.0,2.0,1.0,0.0,0.0,22.0,7.0,0.0,0.0,3.0,0.0,21.0,0.0,0.0,0.0,6.0,0.0,2.0,32.0,6.0
53,2025,9,1.0,27.0,41.0,9.0,1.0,21.0,1.0,4.0,15.0,0.0,1.0,0.0,1.0,0.0,0.0,0.0,27.0,4.0,0.0,0.0,3.0,0.0,16.0,0.0,0.0,0.0,6.0,1.0,1.0,30.0,5.0
53,2025,10,0.0,26.0,64.0,16.0,0.0,56.0,1.0,3.0,14.0,0.0,0.0,0.0,2.0,0.0,0.0,0.0,36.0,8.0,0.0,0.0,0.0,0.0,32.0,0.0,0.0,0.0,15.0,1.0,3.0,43.0,12.0
53,2025,11,0.0,34.0,53.0,19.0,1.0,42.0,2.0,1.0,13.0,0.0,0.0,0.0,3.0,0.0,2.0,0.0,22.0,6.0,0.0,0.0,0.0,0.0,22.0,0.0,0.0,0.0,9.0,4.0,1.0,56.0,10.0
53,2025,12,0.0,7.0,37.0,9.0,0.0,31.0,2.0,6.0,8.0,0.0,0.0,0.0,1.0,0.0,1.0,0.0,16.0,4.0,0.0,0.0,2.0,0.0,18.0,0.0,0.0,1.0,3.0,4.0,0.0,36.0,2.0
53,2026,1,0.0,23.0,49.0,13.0,0.0,26.0,0.0,5.0,8.0,0.0,1.0,0.0,3.0,0.0,0.0,0.0,17.0,2.0,0.0,0.0,1.0,0.0,32.0,0.0,0.0,0.0,6.0,5.0,1.0,23.0,3.0
53,2026,2,1.0,30.0,55.0,11.0,0.0,39.0,1.0,7.0,13.0,0.0,0.0,0.0,3.0,0.0,0.0,0.0,40.0,7.0,0.0,0.0,2.0,0.0,40.0,0.0,0.0,1.0,6.0,5.0,0.0,38.0,8.0
53,2026,3,1.0,34.0,63.0,18.0,1.0,27.0,1.0,4.0,13.0,0.0,1.0,0.0,3.0,0.0,0.0,0.0,31.0,7.0,0.0,0.0,8.0,0.0,28.0,0.0,0.0,2.0,3.0,1.0,1.0,40.0,17.0
53,2026,4,0.0,3.0,3.0,3.0,0.0,6.0,1.0,1.0,0.0,0.0,0.0,0.0,0.0,0.0,0.0,0.0,2.0,1.0,0.0,0.0,1.0,0.0,2.0,0.0,0.0,0.0,0.0,1.0,0.0,5.0,0.0
54,2024,1,0.0,10.0,21.0,1.0,0.0,11.0,0.0,0.0,2.0,0.0,0.0,0.0,0.0,0.0,0.0,0.0,8.0,0.0,0.0,0.0,2.0,0.0,3.0,0.0,0.0,0.0,4.0,0.0,0.0,10.0,2.0
54,2024,2,0.0,18.0,23.0,2.0,0.0,9.0,0.0,0.0,3.0,0.0,0.0,0.0,0.0,0.0,0.0,0.0,6.0,0.0,0.0,0.0,1.0,0.0,11.0,0.0,0.0,1.0,0.0,1.0,0.0,20.0,3.0
54,2024,3,0.0,15.0,27.0,2.0,0.0,12.0,2.0,1.0,4.0,1.0,0.0,0.0,0.0,0.0,0.0,0.0,4.0,0.0,0.0,0.0,0.0,0.0,6.0,0.0,0.0,1.0,1.0,0.0,0.0,12.0,1.0
54,2024,4,1.0,22.0,29.0,0.0,0.0,18.0,2.0,1.0,4.0,0.0,0.0,0.0,0.0,0.0,0.0,0.0,7.0,0.0,0.0,0.0,5.0,0.0,6.0,0.0,0.0,0.0,1.0,0.0,1.0,14.0,4.0
54,2024,5,0.0,16.0,37.0,3.0,0.0,24.0,0.0,2.0,3.0,0.0,0.0,0.0,0.0,0.0,0.0,0.0,4.0,0.0,0.0,0.0,1.0,0.0,5.0,0.0,0.0,1.0,1.0,0.0,1.0,11.0,5.0
54,2024,6,0.0,14.0,26.0,3.0,0.0,18.0,2.0,2.0,2.0,0.0,0.0,0.0,0.0,0.0,0.0,0.0,3.0,0.0,0.0,0.0,3.0,0.0,6.0,0.0,0.0,0.0,5.0,0.0,0.0,9.0,2.0
54,2024,7,2.0,17.0,42.0,0.0,0.0,22.0,0.0,2.0,2.0,0.0,0.0,0.0,0.0,0.0,0.0,0.0,13.0,2.0,0.0,0.0,0.0,0.0,11.0,0.0,0.0,1.0,2.0,0.0,0.0,14.0,6.0
54,2024,8,1.0,19.0,34.0,0.0,0.0,10.0,0.0,2.0,7.0,0.0,1.0,0.0,0.0,0.0,0.0,0.0,13.0,0.0,0.0,0.0,1.0,0.0,5.0,0.0,0.0,1.0,0.0,0.0,0.0,7.0,4.0
54,2024,9,0.0,13.0,23.0,3.0,0.0,16.0,2.0,0.0,2.0,0.0,0.0,0.0,0.0,1.0,0.0,0.0,14.0,0.0,0.0,0.0,0.0,0.0,3.0,0.0,0.0,0.0,1.0,1.0,0.0,15.0,5.0
54,2024,10,0.0,12.0,24.0,1.0,0.0,16.0,1.0,3.0,1.0,0.0,0.0,0.0,0.0,0.0,0.0,0.0,12.0,0.0,0.0,0.0,2.0,0.0,5.0,0.0,0.0,0.0,2.0,2.0,0.0,15.0,2.0
54,2024,11,0.0,5.0,17.0,1.0,0.0,13.0,0.0,1.0,2.0,0.0,0.0,0.0,1.0,0.0,0.0,0.0,6.0,1.0,0.0,0.0,1.0,0.0,8.0,0.0,0.0,0.0,3.0,0.0,0.0,10.0,1.0
54,2024,12,1.0,15.0,16.0,2.0,0.0,10.0,0.0,1.0,1.0,0.0,0.0,0.0,1.0,0.0,0.0,0.0,10.0,0.0,0.0,0.0,0.0,0.0,6.0,0.0,0.0,0.0,6.0,2.0,0.0,13.0,4.0
54,2025,1,1.0,10.0,26.0,1.0,0.0,8.0,0.0,1.0,1.0,0.0,1.0,0.0,0.0,0.0,0.0,0.0,12.0,1.0,0.0,0.0,2.0,0.0,6.0,0.0,0.0,1.0,1.0,0.0,0.0,11.0,2.0
54,2025,2,1.0,5.0,17.0,1.0,0.0,7.0,1.0,0.0,2.0,0.0,0.0,0.0,0.0,0.0,0.0,0.0,12.0,0.0,0.0,0.0,2.0,0.0,6.0,0.0,0.0,0.0,4.0,0.0,0.0,12.0,4.0
54,2025,3,0.0,11.0,17.0,1.0,0.0,12.0,0.0,3.0,1.0,0.0,0.0,0.0,0.0,0.0,0.0,0.0,5.0,1.0,0.0,0.0,0.0,0.0,5.0,0.0,0.0,0.0,1.0,0.0,0.0,25.0,1.0
54,2025,4,0.0,9.0,8.0,0.0,0.0,6.0,0.0,0.0,3.0,0.0,0.0,0.0,0.0,0.0,1.0,0.0,8.0,0.0,0.0,0.0,0.0,0.0,4.0,0.0,0.0,1.0,3.0,0.0,0.0,5.0,0.0
54,2025,5,2.0,18.0,23.0,2.0,0.0,14.0,0.0,2.0,2.0,0.0,0.0,0.0,1.0,0.0,0.0,0.0,7.0,0.0,0.0,0.0,2.0,0.0,9.0,0.0,0.0,0.0,2.0,0.0,0.0,9.0,2.0
54,2025,6,1.0,24.0,55.0,2.0,0.0,16.0,0.0,0.0,5.0,0.0,0.0,0.0,2.0,0.0,0.0,0.0,17.0,0.0,0.0,0.0,4.0,0.0,19.0,0.0,0.0,0.0,0.0,0.0,0.0,23.0,4.0
54,2025,7,0.0,20.0,27.0,3.0,0.0,19.0,1.0,2.0,5.0,0.0,0.0,0.0,1.0,0.0,1.0,0.0,4.0,1.0,0.0,0.0,1.0,0.0,7.0,0.0,0.0,0.0,4.0,0.0,0.0,12.0,7.0
54,2025,8,0.0,13.0,22.0,1.0,0.0,11.0,0.0,2.0,0.0,0.0,0.0,0.0,0.0,0.0,0.0,0.0,2.0,0.0,0.0,0.0,0.0,0.0,4.0,0.0,0.0,0.0,5.0,1.0,0.0,5.0,5.0
54,2025,9,0.0,14.0,14.0,1.0,0.0,11.0,1.0,0.0,1.0,0.0,1.0,0.0,0.0,0.0,1.0,0.0,2.0,1.0,0.0,0.0,0.0,0.0,8.0,0.0,0.0,0.0,3.0,0.0,0.0,3.0,3.0
54,2025,10,0.0,22.0,34.0,4.0,0.0,18.0,0.0,0.0,4.0,0.0,0.0,0.0,0.0,0.0,0.0,0.0,6.0,1.0,0.0,0.0,3.0,0.0,19.0,0.0,0.0,0.0,3.0,0.0,0.0,11.0,4.0
54,2025,11,1.0,19.0,16.0,1.0,0.0,8.0,2.0,3.0,0.0,0.0,0.0,0.0,0.0,0.0,0.0,0.0,8.0,0.0,0.0,0.0,0.0,0.0,14.0,0.0,0.0,0.0,3.0,0.0,0.0,6.0,3.0
54,2025,12,0.0,5.0,23.0,2.0,0.0,8.0,0.0,2.0,0.0,0.0,1.0,0.0,1.0,0.0,0.0,0.0,2.0,0.0,0.0,0.0,0.0,0.0,7.0,0.0,0.0,0.0,3.0,0.0,0.0,4.0,3.0
54,2026,1,0.0,13.0,21.0,5.0,0.0,16.0,1.0,0.0,1.0,0.0,0.0,0.0,0.0,0.0,0.0,0.0,3.0,1.0,0.0,0.0,0.0,0.0,8.0,0.0,0.0,0.0,2.0,0.0,0.0,14.0,2.0
54,2026,2,0.0,11.0,24.0,7.0,0.0,3.0,0.0,2.0,8.0,0.0,1.0,0.0,0.0,0.0,0.0,0.0,4.0,2.0,0.0,0.0,1.0,0.0,10.0,0.0,0.0,0.0,3.0,0.0,0.0,8.0,1.0
54,2026,3,0.0,7.0,27.0,6.0,0.0,12.0,2.0,0.0,2.0,0.0,0.0,0.0,1.0,0.0,0.0,0.0,11.0,1.0,0.0,0.0,2.0,0.0,11.0,0.0,0.0,0.0,1.0,0.0,0.0,9.0,9.0
54,2026,4,0.0,1.0,2.0,0.0,0.0,1.0,0.0,0.0,0.0,0.0,0.0,0.0,0.0,0.0,0.0,0.0,0.0,0.0,0.0,0.0,0.0,0.0,2.0,0.0,0.0,0.0,0.0,0.0,0.0,3.0,0.0
55,2024,1,0.0,7.0,13.0,2.0,0.0,7.0,0.0,1.0,7.0,0.0,0.0,0.0,0.0,0.0,0.0,0.0,10.0,1.0,0.0,0.0,1.0,0.0,13.0,0.0,0.0,0.0,0.0,0.0,0.0,6.0,2.0
55,2024,2,0.0,4.0,7.0,2.0,0.0,12.0,0.0,1.0,9.0,0.0,0.0,0.0,0.0,0.0,1.0,0.0,12.0,0.0,0.0,0.0,0.0,0.0,16.0,0.0,0.0,0.0,0.0,0.0,0.0,21.0,3.0
55,2024,3,0.0,5.0,5.0,1.0,0.0,8.0,0.0,3.0,9.0,0.0,0.0,0.0,0.0,0.0,0.0,0.0,5.0,1.0,0.0,0.0,0.0,0.0,6.0,0.0,0.0,0.0,2.0,0.0,0.0,11.0,2.0
55,2024,4,0.0,13.0,8.0,2.0,0.0,10.0,0.0,2.0,13.0,0.0,0.0,0.0,0.0,0.0,0.0,0.0,7.0,0.0,0.0,0.0,0.0,0.0,9.0,0.0,0.0,0.0,0.0,0.0,0.0,19.0,4.0
55,2024,5,0.0,8.0,12.0,2.0,0.0,7.0,2.0,0.0,8.0,0.0,0.0,0.0,0.0,0.0,0.0,0.0,9.0,0.0,0.0,0.0,0.0,0.0,3.0,0.0,0.0,0.0,2.0,0.0,0.0,10.0,3.0
55,2024,6,0.0,4.0,11.0,5.0,0.0,9.0,0.0,1.0,1.0,0.0,0.0,0.0,0.0,0.0,0.0,0.0,8.0,0.0,0.0,0.0,1.0,0.0,3.0,0.0,0.0,0.0,2.0,0.0,0.0,18.0,1.0
55,2024,7,0.0,5.0,16.0,3.0,0.0,8.0,0.0,1.0,1.0,0.0,0.0,0.0,0.0,0.0,0.0,0.0,5.0,0.0,0.0,0.0,0.0,0.0,10.0,0.0,0.0,0.0,0.0,0.0,0.0,20.0,4.0
55,2024,8,0.0,5.0,11.0,2.0,0.0,9.0,0.0,1.0,2.0,0.0,0.0,0.0,0.0,0.0,0.0,0.0,6.0,0.0,0.0,0.0,1.0,0.0,7.0,0.0,0.0,0.0,0.0,0.0,0.0,11.0,1.0
55,2024,9,0.0,9.0,10.0,1.0,0.0,6.0,0.0,2.0,4.0,0.0,0.0,0.0,0.0,0.0,0.0,1.0,10.0,0.0,0.0,0.0,1.0,0.0,11.0,0.0,0.0,0.0,2.0,0.0,0.0,21.0,0.0
55,2024,10,0.0,8.0,11.0,1.0,0.0,6.0,0.0,0.0,4.0,0.0,0.0,0.0,0.0,0.0,0.0,0.0,14.0,0.0,0.0,0.0,0.0,0.0,6.0,0.0,0.0,0.0,1.0,2.0,0.0,11.0,1.0
55,2024,11,0.0,9.0,8.0,0.0,0.0,5.0,0.0,2.0,3.0,0.0,0.0,0.0,0.0,0.0,0.0,0.0,6.0,1.0,0.0,0.0,0.0,0.0,7.0,0.0,0.0,0.0,1.0,1.0,1.0,10.0,1.0
55,2024,12,0.0,5.0,5.0,2.0,0.0,4.0,0.0,1.0,1.0,0.0,0.0,0.0,0.0,0.0,0.0,0.0,8.0,0.0,0.0,0.0,0.0,0.0,2.0,0.0,0.0,0.0,0.0,0.0,0.0,17.0,3.0
55,2025,1,0.0,7.0,12.0,1.0,0.0,6.0,0.0,0.0,4.0,0.0,0.0,0.0,0.0,0.0,0.0,0.0,8.0,0.0,0.0,0.0,0.0,0.0,9.0,0.0,0.0,0.0,1.0,1.0,0.0,17.0,3.0
55,2025,2,0.0,4.0,6.0,2.0,0.0,11.0,0.0,1.0,1.0,0.0,0.0,0.0,0.0,0.0,1.0,0.0,12.0,0.0,0.0,0.0,0.0,0.0,1.0,0.0,0.0,0.0,0.0,1.0,0.0,12.0,0.0
55,2025,3,0.0,4.0,5.0,0.0,0.0,11.0,0.0,2.0,3.0,0.0,1.0,0.0,0.0,0.0,0.0,0.0,12.0,0.0,0.0,0.0,3.0,0.0,5.0,0.0,0.0,0.0,0.0,0.0,0.0,17.0,1.0
55,2025,4,0.0,3.0,3.0,0.0,0.0,3.0,0.0,2.0,7.0,0.0,1.0,0.0,0.0,0.0,0.0,0.0,5.0,1.0,0.0,0.0,0.0,0.0,6.0,0.0,0.0,0.0,1.0,0.0,1.0,4.0,1.0
55,2025,5,0.0,7.0,12.0,4.0,0.0,6.0,0.0,3.0,2.0,0.0,0.0,0.0,0.0,0.0,0.0,0.0,8.0,0.0,0.0,0.0,0.0,0.0,14.0,0.0,0.0,0.0,2.0,1.0,0.0,10.0,0.0
55,2025,6,0.0,8.0,18.0,6.0,0.0,26.0,1.0,10.0,4.0,0.0,0.0,0.0,0.0,0.0,0.0,0.0,31.0,0.0,0.0,0.0,4.0,0.0,5.0,0.0,0.0,0.0,1.0,0.0,1.0,34.0,0.0
55,2025,7,0.0,5.0,14.0,0.0,0.0,4.0,0.0,2.0,3.0,0.0,0.0,0.0,0.0,0.0,0.0,0.0,3.0,0.0,0.0,0.0,1.0,0.0,3.0,0.0,0.0,0.0,3.0,0.0,1.0,7.0,3.0
55,2025,8,0.0,2.0,7.0,0.0,0.0,9.0,0.0,0.0,1.0,0.0,0.0,0.0,0.0,0.0,0.0,0.0,6.0,0.0,0.0,0.0,0.0,0.0,2.0,0.0,0.0,0.0,1.0,0.0,1.0,11.0,2.0
55,2025,9,0.0,6.0,6.0,1.0,0.0,3.0,0.0,0.0,0.0,0.0,0.0,0.0,0.0,0.0,0.0,0.0,3.0,0.0,0.0,0.0,0.0,0.0,2.0,0.0,0.0,0.0,0.0,0.0,0.0,6.0,0.0
55,2025,10,0.0,7.0,15.0,2.0,0.0,46.0,0.0,0.0,1.0,0.0,0.0,0.0,0.0,0.0,0.0,0.0,11.0,0.0,0.0,0.0,0.0,0.0,1.0,0.0,0.0,0.0,1.0,0.0,0.0,9.0,0.0
55,2025,11,0.0,6.0,7.0,5.0,0.0,23.0,0.0,1.0,1.0,0.0,0.0,0.0,0.0,0.0,0.0,0.0,10.0,0.0,0.0,0.0,1.0,0.0,3.0,0.0,0.0,0.0,0.0,0.0,0.0,7.0,1.0
55,2025,12,0.0,2.0,6.0,2.0,0.0,5.0,1.0,3.0,4.0,0.0,0.0,0.0,0.0,0.0,0.0,0.0,8.0,0.0,0.0,0.0,0.0,0.0,6.0,0.0,0.0,0.0,1.0,0.0,0.0,8.0,0.0
55,2026,1,0.0,2.0,18.0,2.0,0.0,8.0,1.0,1.0,0.0,0.0,0.0,0.0,0.0,0.0,0.0,0.0,9.0,1.0,0.0,0.0,1.0,0.0,7.0,0.0,0.0,0.0,2.0,1.0,1.0,10.0,1.0
55,2026,2,0.0,4.0,17.0,6.0,0.0,33.0,0.0,5.0,0.0,0.0,0.0,0.0,0.0,0.0,0.0,0.0,4.0,0.0,0.0,0.0,0.0,0.0,3.0,0.0,0.0,0.0,1.0,0.0,0.0,26.0,1.0
55,2026,3,0.0,3.0,8.0,0.0,0.0,11.0,0.0,2.0,3.0,0.0,0.0,0.0,0.0,0.0,0.0,0.0,9.0,1.0,0.0,0.0,0.0,0.0,4.0,0.0,0.0,0.0,1.0,0.0,1.0,4.0,0.0
55,2026,4,0.0,1.0,1.0,0.0,0.0,0.0,0.0,0.0,0.0,0.0,0.0,0.0,0.0,0.0,0.0,0.0,0.0,0.0,0.0,0.0,0.0,0.0,2.0,0.0,0.0,0.0,0.0,0.0,0.0,1.0,0.0
56,2024,1,0.0,11.0,22.0,7.0,3.0,21.0,1.0,3.0,24.0,0.0,1.0,0.0,1.0,0.0,0.0,0.0,26.0,3.0,0.0,0.0,0.0,0.0,15.0,2.0,0.0,0.0,4.0,0.0,0.0,41.0,7.0
56,2024,2,0.0,7.0,22.0,3.0,1.0,23.0,2.0,6.0,14.0,0.0,1.0,0.0,0.0,0.0,0.0,0.0,39.0,2.0,0.0,0.0,0.0,0.0,15.0,5.0,0.0,1.0,4.0,0.0,0.0,35.0,8.0
56,2024,3,0.0,15.0,25.0,9.0,1.0,32.0,0.0,3.0,18.0,0.0,1.0,0.0,1.0,0.0,0.0,0.0,43.0,3.0,0.0,0.0,2.0,0.0,15.0,5.0,0.0,1.0,3.0,1.0,2.0,30.0,3.0
56,2024,4,0.0,9.0,22.0,4.0,2.0,27.0,0.0,2.0,21.0,0.0,0.0,0.0,1.0,0.0,0.0,0.0,28.0,4.0,0.0,0.0,2.0,0.0,15.0,0.0,0.0,3.0,3.0,2.0,0.0,26.0,2.0
56,2024,5,2.0,15.0,20.0,14.0,1.0,22.0,0.0,4.0,15.0,0.0,0.0,0.0,1.0,0.0,0.0,0.0,29.0,3.0,0.0,0.0,2.0,0.0,6.0,20.0,0.0,1.0,3.0,4.0,0.0,29.0,5.0
56,2024,6,0.0,16.0,25.0,3.0,2.0,28.0,0.0,6.0,18.0,0.0,0.0,0.0,0.0,0.0,0.0,0.0,33.0,2.0,0.0,0.0,1.0,0.0,18.0,6.0,0.0,2.0,4.0,1.0,0.0,30.0,9.0
56,2024,7,1.0,27.0,22.0,7.0,2.0,40.0,1.0,5.0,21.0,0.0,0.0,0.0,0.0,0.0,0.0,0.0,27.0,5.0,0.0,0.0,1.0,0.0,11.0,22.0,0.0,0.0,6.0,2.0,0.0,55.0,8.0
56,2024,8,0.0,23.0,27.0,3.0,1.0,38.0,1.0,3.0,16.0,0.0,0.0,0.0,0.0,1.0,0.0,0.0,31.0,2.0,0.0,0.0,1.0,0.0,8.0,9.0,0.0,3.0,6.0,1.0,0.0,32.0,14.0
56,2024,9,0.0,21.0,23.0,2.0,0.0,35.0,0.0,3.0,18.0,0.0,0.0,0.0,2.0,0.0,0.0,1.0,22.0,5.0,0.0,0.0,0.0,0.0,16.0,6.0,0.0,3.0,2.0,1.0,1.0,26.0,7.0
56,2024,10,0.0,11.0,24.0,8.0,2.0,25.0,0.0,6.0,12.0,0.0,0.0,0.0,0.0,0.0,0.0,0.0,22.0,5.0,0.0,0.0,3.0,0.0,17.0,10.0,0.0,0.0,3.0,0.0,2.0,42.0,2.0
56,2024,11,0.0,18.0,32.0,3.0,1.0,37.0,0.0,3.0,16.0,0.0,1.0,0.0,0.0,0.0,1.0,0.0,27.0,4.0,0.0,0.0,1.0,0.0,13.0,1.0,0.0,0.0,3.0,0.0,3.0,23.0,4.0
56,2024,12,0.0,12.0,17.0,12.0,1.0,40.0,0.0,7.0,18.0,0.0,0.0,0.0,1.0,0.0,0.0,1.0,16.0,3.0,0.0,0.0,0.0,0.0,8.0,1.0,0.0,1.0,3.0,0.0,0.0,34.0,5.0
56,2025,1,0.0,7.0,17.0,4.0,3.0,32.0,0.0,1.0,17.0,0.0,0.0,0.0,1.0,0.0,0.0,1.0,17.0,4.0,0.0,0.0,1.0,0.0,17.0,0.0,0.0,2.0,8.0,1.0,2.0,28.0,3.0
56,2025,2,1.0,10.0,23.0,3.0,0.0,25.0,1.0,4.0,15.0,0.0,0.0,0.0,1.0,0.0,0.0,0.0,10.0,3.0,0.0,0.0,2.0,0.0,10.0,1.0,0.0,1.0,1.0,0.0,0.0,16.0,2.0
56,2025,3,0.0,13.0,26.0,2.0,3.0,21.0,0.0,4.0,13.0,0.0,0.0,0.0,0.0,0.0,0.0,0.0,8.0,2.0,0.0,0.0,2.0,0.0,17.0,3.0,1.0,0.0,2.0,0.0,2.0,26.0,2.0
56,2025,4,0.0,6.0,10.0,5.0,1.0,14.0,1.0,1.0,15.0,0.0,0.0,1.0,0.0,0.0,0.0,0.0,5.0,0.0,0.0,0.0,1.0,0.0,9.0,0.0,0.0,0.0,1.0,0.0,0.0,15.0,1.0
56,2025,5,0.0,12.0,26.0,11.0,2.0,29.0,1.0,4.0,37.0,0.0,0.0,0.0,0.0,0.0,0.0,0.0,12.0,7.0,0.0,0.0,1.0,0.0,11.0,2.0,0.0,1.0,5.0,1.0,2.0,31.0,3.0
56,2025,6,0.0,33.0,47.0,16.0,2.0,35.0,2.0,7.0,26.0,0.0,0.0,0.0,0.0,0.0,0.0,0.0,21.0,3.0,0.0,0.0,3.0,0.0,26.0,0.0,0.0,0.0,11.0,2.0,0.0,73.0,9.0
56,2025,7,0.0,17.0,28.0,4.0,1.0,31.0,0.0,7.0,18.0,0.0,0.0,0.0,0.0,0.0,0.0,1.0,18.0,4.0,0.0,0.0,0.0,0.0,15.0,24.0,0.0,3.0,1.0,2.0,0.0,35.0,7.0
56,2025,8,1.0,16.0,25.0,6.0,1.0,23.0,0.0,3.0,12.0,0.0,0.0,0.0,0.0,0.0,0.0,0.0,13.0,4.0,0.0,0.0,0.0,0.0,11.0,14.0,0.0,0.0,0.0,0.0,0.0,34.0,1.0
56,2025,9,1.0,11.0,22.0,5.0,0.0,21.0,1.0,6.0,13.0,0.0,0.0,0.0,2.0,0.0,0.0,0.0,9.0,2.0,0.0,0.0,0.0,0.0,5.0,6.0,0.0,1.0,2.0,1.0,1.0,26.0,5.0
56,2025,10,0.0,11.0,29.0,15.0,3.0,28.0,1.0,6.0,15.0,0.0,0.0,0.0,2.0,0.0,0.0,0.0,16.0,6.0,0.0,0.0,2.0,0.0,10.0,17.0,0.0,3.0,1.0,3.0,1.0,36.0,4.0
56,2025,11,0.0,15.0,28.0,4.0,2.0,16.0,0.0,10.0,15.0,0.0,1.0,0.0,1.0,0.0,0.0,0.0,10.0,9.0,0.0,0.0,1.0,0.0,18.0,7.0,0.0,0.0,3.0,1.0,0.0,24.0,4.0
56,2025,12,1.0,10.0,24.0,5.0,4.0,27.0,0.0,3.0,13.0,0.0,0.0,0.0,0.0,0.0,0.0,0.0,11.0,1.0,0.0,0.0,1.0,0.0,8.0,0.0,0.0,0.0,0.0,1.0,0.0,28.0,4.0
56,2026,1,0.0,3.0,23.0,1.0,2.0,10.0,0.0,4.0,10.0,0.0,1.0,0.0,0.0,0.0,0.0,0.0,11.0,1.0,0.0,0.0,1.0,0.0,13.0,0.0,0.0,0.0,2.0,2.0,0.0,13.0,7.0
56,2026,2,0.0,12.0,15.0,7.0,2.0,17.0,0.0,12.0,17.0,0.0,0.0,0.0,1.0,0.0,0.0,0.0,13.0,4.0,0.0,0.0,3.0,0.0,12.0,0.0,0.0,5.0,0.0,0.0,0.0,26.0,2.0
56,2026,3,0.0,11.0,33.0,7.0,1.0,31.0,2.0,6.0,5.0,0.0,0.0,0.0,0.0,1.0,0.0,0.0,17.0,5.0,0.0,0.0,3.0,0.0,16.0,0.0,0.0,1.0,0.0,1.0,0.0,25.0,4.0
56,2026,4,0.0,2.0,2.0,0.0,0.0,4.0,0.0,0.0,5.0,0.0,0.0,0.0,0.0,0.0,0.0,0.0,5.0,1.0,0.0,0.0,0.0,0.0,0.0,0.0,0.0,0.0,0.0,0.0,0.0,5.0,0.0
57,2024,1,0.0,4.0,11.0,1.0,0.0,2.0,0.0,2.0,1.0,0.0,0.0,0.0,2.0,0.0,0.0,0.0,9.0,0.0,0.0,0.0,0.0,0.0,7.0,0.0,0.0,0.0,3.0,0.0,0.0,19.0,2.0
57,2024,2,0.0,10.0,13.0,4.0,0.0,10.0,0.0,0.0,8.0,0.0,0.0,0.0,0.0,0.0,0.0,0.0,14.0,0.0,0.0,1.0,0.0,0.0,4.0,0.0,0.0,0.0,3.0,0.0,0.0,15.0,3.0
57,2024,3,0.0,11.0,15.0,5.0,0.0,5.0,1.0,1.0,6.0,0.0,0.0,0.0,0.0,0.0,0.0,0.0,15.0,4.0,0.0,0.0,1.0,0.0,5.0,0.0,0.0,2.0,5.0,0.0,0.0,22.0,3.0
57,2024,4,0.0,6.0,12.0,2.0,0.0,6.0,0.0,0.0,4.0,0.0,0.0,0.0,0.0,0.0,0.0,0.0,6.0,0.0,0.0,0.0,0.0,0.0,5.0,0.0,0.0,0.0,0.0,0.0,0.0,19.0,2.0
57,2024,5,1.0,7.0,16.0,6.0,0.0,5.0,1.0,0.0,4.0,0.0,0.0,0.0,0.0,1.0,0.0,0.0,8.0,2.0,0.0,0.0,0.0,0.0,7.0,0.0,0.0,0.0,4.0,1.0,0.0,29.0,2.0
57,2024,6,0.0,9.0,7.0,0.0,0.0,6.0,2.0,1.0,8.0,0.0,0.0,0.0,0.0,0.0,0.0,0.0,7.0,1.0,0.0,0.0,1.0,0.0,2.0,0.0,0.0,0.0,2.0,0.0,0.0,31.0,3.0
57,2024,7,0.0,8.0,11.0,9.0,0.0,8.0,0.0,2.0,6.0,0.0,0.0,0.0,0.0,0.0,0.0,0.0,12.0,0.0,0.0,0.0,1.0,0.0,5.0,0.0,0.0,0.0,6.0,1.0,0.0,44.0,3.0
57,2024,8,1.0,9.0,11.0,5.0,0.0,10.0,1.0,2.0,9.0,0.0,0.0,0.0,0.0,1.0,0.0,0.0,10.0,0.0,0.0,0.0,0.0,0.0,3.0,0.0,0.0,0.0,3.0,0.0,0.0,36.0,4.0
57,2024,9,1.0,8.0,20.0,6.0,0.0,9.0,0.0,1.0,4.0,0.0,0.0,0.0,0.0,0.0,0.0,0.0,13.0,0.0,0.0,0.0,2.0,0.0,7.0,0.0,0.0,2.0,4.0,0.0,0.0,40.0,11.0
57,2024,10,0.0,4.0,20.0,1.0,0.0,6.0,1.0,1.0,11.0,0.0,0.0,0.0,0.0,0.0,0.0,0.0,10.0,0.0,0.0,0.0,0.0,0.0,11.0,0.0,0.0,0.0,1.0,1.0,0.0,32.0,1.0
57,2024,11,0.0,10.0,5.0,3.0,0.0,10.0,0.0,3.0,9.0,0.0,0.0,0.0,0.0,0.0,1.0,0.0,6.0,2.0,0.0,0.0,0.0,0.0,10.0,0.0,0.0,0.0,3.0,0.0,0.0,28.0,1.0
57,2024,12,0.0,10.0,15.0,5.0,0.0,8.0,0.0,0.0,2.0,0.0,0.0,0.0,0.0,1.0,0.0,0.0,3.0,0.0,0.0,0.0,1.0,0.0,6.0,0.0,0.0,1.0,4.0,0.0,0.0,36.0,0.0
57,2025,1,0.0,4.0,7.0,3.0,0.0,4.0,0.0,2.0,8.0,0.0,0.0,0.0,0.0,0.0,0.0,0.0,9.0,0.0,0.0,0.0,1.0,0.0,6.0,0.0,0.0,0.0,4.0,0.0,0.0,38.0,1.0
57,2025,2,0.0,4.0,15.0,5.0,0.0,6.0,0.0,2.0,11.0,0.0,0.0,0.0,0.0,0.0,0.0,0.0,9.0,2.0,0.0,0.0,0.0,0.0,6.0,0.0,0.0,0.0,1.0,1.0,0.0,34.0,3.0
57,2025,3,0.0,6.0,12.0,1.0,0.0,9.0,0.0,1.0,12.0,0.0,0.0,0.0,0.0,0.0,0.0,0.0,4.0,2.0,0.0,0.0,0.0,0.0,7.0,0.0,0.0,1.0,0.0,2.0,0.0,32.0,3.0
57,2025,4,0.0,3.0,5.0,2.0,0.0,4.0,0.0,0.0,3.0,0.0,0.0,0.0,0.0,0.0,0.0,0.0,1.0,1.0,0.0,0.0,0.0,0.0,2.0,0.0,0.0,0.0,0.0,0.0,0.0,13.0,0.0
57,2025,5,0.0,9.0,12.0,6.0,1.0,7.0,0.0,0.0,5.0,0.0,0.0,0.0,1.0,0.0,0.0,0.0,4.0,2.0,0.0,0.0,0.0,0.0,7.0,0.0,0.0,0.0,4.0,0.0,0.0,18.0,1.0
57,2025,6,0.0,12.0,20.0,2.0,0.0,13.0,1.0,1.0,13.0,0.0,0.0,0.0,0.0,0.0,0.0,0.0,7.0,4.0,0.0,0.0,0.0,0.0,23.0,0.0,0.0,0.0,7.0,0.0,0.0,42.0,0.0
57,2025,7,0.0,11.0,14.0,5.0,0.0,15.0,0.0,1.0,15.0,0.0,0.0,0.0,0.0,0.0,0.0,0.0,5.0,0.0,0.0,0.0,0.0,0.0,9.0,0.0,0.0,0.0,3.0,2.0,0.0,45.0,5.0
57,2025,8,0.0,4.0,9.0,1.0,0.0,3.0,1.0,0.0,2.0,0.0,0.0,0.0,0.0,0.0,0.0,0.0,7.0,1.0,0.0,0.0,0.0,0.0,5.0,0.0,0.0,0.0,1.0,0.0,0.0,33.0,2.0
57,2025,9,0.0,8.0,16.0,3.0,0.0,6.0,0.0,0.0,5.0,0.0,0.0,0.0,1.0,0.0,0.0,0.0,6.0,0.0,0.0,0.0,0.0,0.0,6.0,0.0,0.0,1.0,2.0,0.0,0.0,41.0,1.0
57,2025,10,0.0,5.0,14.0,9.0,0.0,3.0,0.0,2.0,1.0,0.0,0.0,0.0,0.0,0.0,0.0,0.0,11.0,0.0,0.0,0.0,0.0,0.0,9.0,0.0,0.0,0.0,0.0,0.0,1.0,44.0,2.0
57,2025,11,0.0,5.0,9.0,2.0,0.0,5.0,0.0,2.0,8.0,0.0,1.0,0.0,2.0,0.0,0.0,0.0,4.0,2.0,0.0,0.0,0.0,0.0,2.0,0.0,0.0,0.0,0.0,0.0,0.0,33.0,0.0
57,2025,12,0.0,5.0,8.0,2.0,0.0,9.0,2.0,2.0,2.0,0.0,0.0,0.0,0.0,0.0,0.0,0.0,6.0,1.0,0.0,0.0,0.0,0.0,3.0,0.0,0.0,0.0,4.0,1.0,1.0,28.0,0.0
57,2026,1,0.0,7.0,5.0,0.0,0.0,6.0,0.0,2.0,8.0,0.0,0.0,0.0,0.0,0.0,0.0,0.0,4.0,0.0,0.0,0.0,0.0,0.0,4.0,1.0,0.0,0.0,2.0,1.0,2.0,28.0,2.0
57,2026,2,0.0,12.0,11.0,3.0,0.0,7.0,0.0,5.0,6.0,0.0,0.0,0.0,0.0,0.0,0.0,0.0,11.0,2.0,0.0,0.0,2.0,0.0,6.0,0.0,0.0,1.0,1.0,0.0,0.0,33.0,0.0
57,2026,3,0.0,4.0,15.0,4.0,0.0,9.0,1.0,2.0,10.0,0.0,0.0,0.0,2.0,1.0,0.0,0.0,7.0,0.0,0.0,0.0,1.0,0.0,9.0,0.0,0.0,0.0,2.0,0.0,0.0,25.0,3.0
57,2026,4,0.0,2.0,3.0,1.0,0.0,2.0,0.0,0.0,1.0,0.0,0.0,0.0,0.0,0.0,0.0,0.0,0.0,1.0,0.0,0.0,0.0,0.0,1.0,0.0,0.0,0.0,0.0,0.0,0.0,6.0,0.0
58,2024,1,2.0,16.0,25.0,3.0,0.0,14.0,0.0,0.0,11.0,0.0,0.0,0.0,0.0,0.0,0.0,0.0,19.0,2.0,0.0,1.0,2.0,0.0,9.0,0.0,0.0,1.0,8.0,1.0,0.0,32.0,3.0
58,2024,2,0.0,16.0,35.0,5.0,0.0,23.0,4.0,4.0,11.0,0.0,0.0,0.0,1.0,0.0,0.0,1.0,19.0,1.0,0.0,1.0,3.0,0.0,10.0,0.0,0.0,1.0,7.0,1.0,0.0,45.0,11.0
58,2024,3,4.0,19.0,34.0,4.0,0.0,21.0,0.0,1.0,14.0,0.0,2.0,0.0,3.0,0.0,0.0,0.0,18.0,0.0,0.0,0.0,2.0,0.0,15.0,0.0,0.0,0.0,6.0,0.0,1.0,29.0,6.0
58,2024,4,1.0,20.0,44.0,5.0,0.0,20.0,0.0,2.0,10.0,0.0,1.0,0.0,1.0,0.0,0.0,0.0,12.0,0.0,0.0,0.0,2.0,0.0,18.0,0.0,0.0,2.0,8.0,3.0,0.0,33.0,8.0
58,2024,5,0.0,28.0,60.0,4.0,0.0,15.0,0.0,3.0,14.0,0.0,0.0,0.0,0.0,0.0,0.0,0.0,10.0,1.0,0.0,1.0,3.0,0.0,21.0,0.0,0.0,0.0,7.0,2.0,0.0,28.0,4.0
58,2024,6,0.0,20.0,31.0,6.0,0.0,22.0,1.0,4.0,11.0,0.0,0.0,0.0,0.0,0.0,0.0,0.0,17.0,0.0,0.0,0.0,5.0,0.0,12.0,0.0,0.0,1.0,7.0,0.0,2.0,27.0,7.0
58,2024,7,1.0,25.0,59.0,8.0,0.0,29.0,1.0,7.0,19.0,0.0,2.0,0.0,0.0,0.0,0.0,0.0,25.0,3.0,0.0,0.0,1.0,0.0,18.0,0.0,0.0,1.0,7.0,3.0,0.0,25.0,8.0
58,2024,8,0.0,20.0,44.0,5.0,0.0,14.0,0.0,1.0,18.0,0.0,0.0,0.0,1.0,0.0,0.0,0.0,17.0,0.0,0.0,0.0,6.0,0.0,3.0,0.0,0.0,0.0,9.0,1.0,0.0,35.0,10.0
58,2024,9,2.0,23.0,35.0,10.0,0.0,16.0,1.0,2.0,10.0,0.0,0.0,0.0,0.0,0.0,0.0,0.0,10.0,2.0,0.0,0.0,5.0,0.0,11.0,0.0,0.0,0.0,9.0,2.0,0.0,34.0,12.0
58,2024,10,0.0,24.0,44.0,5.0,0.0,19.0,1.0,2.0,13.0,0.0,0.0,0.0,0.0,0.0,0.0,1.0,13.0,1.0,0.0,0.0,1.0,0.0,12.0,0.0,0.0,1.0,6.0,0.0,1.0,33.0,10.0
58,2024,11,0.0,17.0,36.0,11.0,0.0,14.0,1.0,3.0,14.0,0.0,0.0,0.0,0.0,0.0,1.0,0.0,8.0,0.0,0.0,0.0,2.0,0.0,10.0,0.0,0.0,0.0,4.0,1.0,1.0,42.0,6.0
58,2024,12,2.0,21.0,39.0,10.0,0.0,15.0,2.0,1.0,16.0,0.0,0.0,0.0,0.0,0.0,0.0,0.0,13.0,2.0,0.0,0.0,2.0,0.0,17.0,0.0,0.0,0.0,5.0,3.0,0.0,34.0,3.0
58,2025,1,0.0,12.0,26.0,6.0,0.0,22.0,0.0,1.0,14.0,0.0,0.0,0.0,0.0,0.0,0.0,0.0,12.0,1.0,0.0,0.0,4.0,0.0,10.0,0.0,0.0,1.0,2.0,0.0,0.0,28.0,5.0
58,2025,2,0.0,11.0,33.0,3.0,1.0,15.0,0.0,4.0,11.0,0.0,0.0,0.0,0.0,0.0,0.0,0.0,10.0,1.0,0.0,0.0,0.0,0.0,17.0,0.0,0.0,0.0,1.0,0.0,0.0,22.0,2.0
58,2025,3,0.0,13.0,34.0,4.0,0.0,19.0,0.0,5.0,15.0,0.0,0.0,0.0,1.0,0.0,0.0,0.0,8.0,3.0,0.0,0.0,2.0,0.0,11.0,0.0,0.0,1.0,2.0,2.0,0.0,33.0,8.0
58,2025,4,0.0,7.0,15.0,3.0,0.0,10.0,0.0,0.0,6.0,0.0,0.0,0.0,0.0,0.0,0.0,0.0,10.0,0.0,0.0,0.0,1.0,0.0,2.0,0.0,0.0,0.0,0.0,0.0,0.0,11.0,4.0
58,2025,5,1.0,16.0,29.0,8.0,0.0,17.0,3.0,5.0,11.0,0.0,0.0,0.0,0.0,0.0,1.0,0.0,11.0,0.0,0.0,0.0,4.0,0.0,10.0,0.0,0.0,1.0,5.0,2.0,0.0,34.0,3.0
58,2025,6,2.0,44.0,57.0,12.0,0.0,37.0,3.0,11.0,18.0,0.0,1.0,0.0,0.0,0.0,0.0,0.0,13.0,0.0,0.0,0.0,0.0,0.0,30.0,0.0,0.0,0.0,8.0,2.0,0.0,75.0,11.0
58,2025,7,0.0,12.0,48.0,14.0,0.0,27.0,3.0,4.0,18.0,0.0,0.0,0.0,0.0,1.0,0.0,0.0,8.0,1.0,0.0,0.0,3.0,0.0,9.0,0.0,0.0,0.0,1.0,0.0,0.0,33.0,5.0
58,2025,8,0.0,12.0,36.0,7.0,0.0,22.0,2.0,5.0,10.0,0.0,0.0,0.0,1.0,0.0,0.0,0.0,7.0,2.0,0.0,0.0,3.0,0.0,14.0,0.0,0.0,0.0,4.0,0.0,0.0,36.0,1.0
58,2025,9,0.0,13.0,30.0,5.0,0.0,12.0,0.0,1.0,12.0,0.0,0.0,0.0,0.0,0.0,0.0,0.0,5.0,4.0,0.0,0.0,4.0,0.0,14.0,0.0,0.0,1.0,4.0,0.0,0.0,18.0,0.0
58,2025,10,0.0,26.0,43.0,14.0,0.0,33.0,2.0,4.0,7.0,0.0,1.0,0.0,0.0,0.0,0.0,2.0,22.0,4.0,0.0,0.0,2.0,0.0,21.0,2.0,0.0,0.0,5.0,1.0,0.0,34.0,6.0
58,2025,11,0.0,11.0,31.0,11.0,0.0,27.0,0.0,7.0,11.0,0.0,0.0,0.0,1.0,0.0,0.0,0.0,10.0,1.0,0.0,0.0,4.0,0.0,19.0,0.0,0.0,0.0,0.0,3.0,0.0,26.0,8.0
58,2025,12,1.0,22.0,33.0,10.0,0.0,20.0,2.0,7.0,10.0,0.0,0.0,0.0,0.0,1.0,0.0,0.0,11.0,0.0,0.0,0.0,3.0,0.0,14.0,0.0,0.0,1.0,4.0,0.0,1.0,19.0,2.0
58,2026,1,1.0,24.0,35.0,15.0,0.0,22.0,0.0,4.0,14.0,0.0,0.0,0.0,0.0,0.0,0.0,0.0,13.0,3.0,0.0,0.0,0.0,0.0,13.0,0.0,0.0,1.0,1.0,3.0,0.0,21.0,4.0
58,2026,2,0.0,33.0,40.0,21.0,0.0,23.0,1.0,4.0,7.0,0.0,1.0,0.0,0.0,3.0,0.0,0.0,22.0,0.0,0.0,0.0,4.0,0.0,20.0,0.0,0.0,0.0,4.0,4.0,1.0,37.0,12.0
58,2026,3,2.0,21.0,38.0,9.0,0.0,27.0,0.0,5.0,11.0,0.0,1.0,1.0,1.0,1.0,0.0,0.0,14.0,4.0,0.0,0.0,0.0,0.0,14.0,0.0,0.0,0.0,4.0,1.0,0.0,41.0,2.0
58,2026,4,0.0,2.0,3.0,2.0,0.0,4.0,0.0,2.0,1.0,0.0,0.0,0.0,0.0,0.0,0.0,0.0,1.0,0.0,0.0,0.0,0.0,0.0,2.0,0.0,0.0,0.0,1.0,0.0,1.0,3.0,0.0
59,2024,1,2.0,4.0,8.0,8.0,0.0,8.0,0.0,2.0,5.0,0.0,1.0,0.0,0.0,0.0,0.0,0.0,8.0,2.0,0.0,0.0,0.0,0.0,8.0,0.0,0.0,0.0,3.0,0.0,0.0,14.0,2.0
59,2024,2,0.0,3.0,12.0,1.0,0.0,4.0,0.0,1.0,3.0,0.0,0.0,0.0,0.0,0.0,0.0,0.0,12.0,0.0,0.0,0.0,0.0,0.0,5.0,0.0,0.0,0.0,2.0,0.0,0.0,24.0,7.0
59,2024,3,0.0,12.0,11.0,7.0,0.0,6.0,0.0,1.0,3.0,0.0,0.0,0.0,0.0,0.0,0.0,0.0,7.0,1.0,0.0,0.0,0.0,0.0,4.0,0.0,0.0,0.0,2.0,0.0,1.0,23.0,2.0
59,2024,4,0.0,5.0,12.0,3.0,0.0,18.0,0.0,2.0,5.0,0.0,0.0,0.0,0.0,0.0,0.0,0.0,8.0,0.0,0.0,0.0,0.0,0.0,3.0,0.0,0.0,0.0,6.0,0.0,0.0,30.0,2.0
59,2024,5,0.0,7.0,12.0,3.0,0.0,8.0,0.0,2.0,7.0,0.0,0.0,0.0,0.0,0.0,0.0,0.0,5.0,1.0,0.0,0.0,0.0,0.0,4.0,0.0,0.0,0.0,8.0,0.0,0.0,25.0,1.0
59,2024,6,0.0,9.0,17.0,3.0,0.0,9.0,1.0,1.0,4.0,0.0,0.0,0.0,0.0,0.0,0.0,0.0,5.0,0.0,0.0,0.0,0.0,0.0,8.0,0.0,0.0,0.0,3.0,0.0,2.0,31.0,2.0
59,2024,7,0.0,9.0,14.0,5.0,0.0,7.0,1.0,2.0,10.0,0.0,0.0,1.0,0.0,0.0,0.0,0.0,5.0,1.0,0.0,0.0,0.0,0.0,8.0,0.0,0.0,0.0,3.0,0.0,0.0,52.0,0.0
59,2024,8,0.0,6.0,12.0,2.0,0.0,8.0,1.0,0.0,4.0,0.0,0.0,0.0,0.0,0.0,0.0,1.0,8.0,1.0,0.0,0.0,0.0,0.0,2.0,0.0,0.0,1.0,6.0,1.0,0.0,30.0,4.0
59,2024,9,0.0,7.0,20.0,0.0,0.0,12.0,1.0,0.0,3.0,0.0,0.0,0.0,0.0,0.0,0.0,0.0,3.0,1.0,0.0,0.0,1.0,0.0,6.0,0.0,0.0,0.0,3.0,0.0,0.0,21.0,3.0
59,2024,10,0.0,15.0,11.0,6.0,0.0,8.0,1.0,0.0,4.0,0.0,1.0,0.0,0.0,0.0,0.0,0.0,3.0,0.0,0.0,0.0,1.0,0.0,2.0,0.0,0.0,0.0,3.0,0.0,0.0,23.0,3.0
59,2024,11,0.0,6.0,11.0,4.0,0.0,9.0,0.0,2.0,1.0,0.0,0.0,0.0,0.0,0.0,0.0,0.0,7.0,0.0,0.0,0.0,0.0,0.0,2.0,0.0,0.0,0.0,4.0,0.0,0.0,27.0,1.0
59,2024,12,0.0,5.0,12.0,7.0,0.0,6.0,1.0,0.0,1.0,0.0,0.0,0.0,0.0,0.0,0.0,0.0,8.0,2.0,0.0,0.0,1.0,0.0,3.0,0.0,0.0,0.0,6.0,0.0,0.0,30.0,0.0
59,2025,1,0.0,8.0,12.0,7.0,0.0,7.0,1.0,0.0,8.0,0.0,0.0,0.0,0.0,0.0,0.0,1.0,7.0,0.0,0.0,0.0,0.0,0.0,4.0,0.0,0.0,0.0,5.0,0.0,0.0,32.0,3.0
59,2025,2,0.0,6.0,8.0,1.0,0.0,2.0,0.0,2.0,7.0,0.0,0.0,0.0,0.0,0.0,0.0,0.0,2.0,1.0,0.0,0.0,1.0,0.0,2.0,0.0,0.0,0.0,0.0,0.0,0.0,16.0,4.0
59,2025,3,0.0,7.0,12.0,2.0,0.0,4.0,1.0,1.0,3.0,0.0,0.0,0.0,0.0,0.0,0.0,0.0,2.0,0.0,0.0,0.0,0.0,0.0,4.0,0.0,0.0,0.0,2.0,0.0,0.0,27.0,1.0
59,2025,4,0.0,1.0,2.0,3.0,0.0,0.0,0.0,0.0,4.0,0.0,0.0,0.0,1.0,0.0,0.0,0.0,3.0,0.0,0.0,0.0,0.0,0.0,2.0,0.0,0.0,0.0,0.0,0.0,0.0,12.0,0.0
59,2025,5,0.0,11.0,11.0,2.0,0.0,9.0,0.0,1.0,3.0,0.0,0.0,0.0,0.0,0.0,0.0,0.0,8.0,1.0,0.0,0.0,1.0,0.0,3.0,0.0,0.0,0.0,0.0,0.0,0.0,21.0,1.0
59,2025,6,0.0,9.0,18.0,5.0,0.0,21.0,0.0,4.0,6.0,0.0,0.0,0.0,0.0,0.0,0.0,0.0,7.0,2.0,0.0,0.0,0.0,0.0,17.0,0.0,0.0,0.0,4.0,0.0,0.0,31.0,3.0
59,2025,7,0.0,5.0,16.0,2.0,0.0,15.0,0.0,2.0,7.0,0.0,0.0,0.0,1.0,0.0,0.0,0.0,3.0,0.0,0.0,0.0,0.0,0.0,5.0,1.0,0.0,0.0,1.0,0.0,2.0,17.0,3.0
59,2025,8,0.0,7.0,14.0,4.0,0.0,8.0,0.0,0.0,6.0,0.0,0.0,0.0,0.0,0.0,0.0,0.0,4.0,1.0,0.0,0.0,0.0,0.0,11.0,0.0,0.0,0.0,1.0,0.0,0.0,16.0,0.0
59,2025,9,1.0,3.0,18.0,2.0,0.0,14.0,5.0,5.0,10.0,0.0,1.0,0.0,0.0,0.0,0.0,0.0,4.0,0.0,0.0,0.0,0.0,0.0,4.0,0.0,0.0,0.0,1.0,0.0,0.0,24.0,2.0
59,2025,10,1.0,3.0,16.0,4.0,2.0,9.0,2.0,0.0,9.0,0.0,0.0,1.0,0.0,0.0,0.0,0.0,9.0,0.0,0.0,0.0,0.0,0.0,5.0,0.0,0.0,0.0,1.0,0.0,0.0,33.0,3.0
59,2025,11,1.0,5.0,11.0,10.0,0.0,6.0,0.0,2.0,4.0,0.0,0.0,0.0,0.0,0.0,0.0,0.0,4.0,2.0,0.0,0.0,0.0,0.0,9.0,0.0,0.0,0.0,1.0,1.0,0.0,22.0,1.0
59,2025,12,0.0,8.0,12.0,7.0,0.0,6.0,1.0,2.0,7.0,0.0,0.0,0.0,0.0,0.0,0.0,0.0,3.0,0.0,0.0,0.0,0.0,0.0,4.0,0.0,0.0,0.0,1.0,0.0,0.0,28.0,0.0
59,2026,1,1.0,7.0,14.0,3.0,0.0,1.0,0.0,3.0,5.0,0.0,0.0,0.0,0.0,0.0,0.0,0.0,5.0,0.0,0.0,0.0,0.0,0.0,3.0,1.0,0.0,0.0,0.0,0.0,0.0,22.0,0.0
59,2026,2,2.0,11.0,11.0,6.0,0.0,12.0,0.0,2.0,4.0,0.0,0.0,0.0,0.0,1.0,0.0,0.0,7.0,2.0,0.0,0.0,0.0,0.0,10.0,0.0,0.0,1.0,2.0,2.0,0.0,21.0,4.0
59,2026,3,0.0,8.0,18.0,4.0,0.0,8.0,0.0,5.0,2.0,0.0,0.0,0.0,0.0,0.0,0.0,0.0,9.0,2.0,0.0,0.0,0.0,0.0,4.0,0.0,0.0,0.0,2.0,0.0,2.0,18.0,0.0
59,2026,4,0.0,2.0,1.0,0.0,0.0,0.0,0.0,0.0,2.0,0.0,0.0,0.0,0.0,0.0,0.0,0.0,0.0,0.0,0.0,0.0,0.0,0.0,1.0,0.0,0.0,0.0,0.0,0.0,0.0,1.0,0.0
60,2024,1,0.0,14.0,26.0,10.0,0.0,23.0,1.0,6.0,18.0,0.0,0.0,0.0,1.0,1.0,0.0,1.0,4.0,3.0,0.0,0.0,2.0,0.0,11.0,0.0,0.0,0.0,10.0,0.0,0.0,34.0,2.0
60,2024,2,0.0,11.0,19.0,6.0,0.0,17.0,0.0,3.0,10.0,0.0,0.0,0.0,0.0,0.0,0.0,1.0,6.0,0.0,0.0,0.0,2.0,0.0,7.0,0.0,0.0,1.0,0.0,0.0,0.0,21.0,4.0
60,2024,3,0.0,18.0,21.0,7.0,0.0,17.0,1.0,2.0,15.0,0.0,0.0,0.0,0.0,0.0,0.0,0.0,7.0,1.0,0.0,0.0,0.0,0.0,5.0,0.0,0.0,0.0,5.0,0.0,0.0,24.0,4.0
60,2024,4,0.0,15.0,27.0,5.0,0.0,13.0,2.0,5.0,11.0,0.0,0.0,0.0,0.0,0.0,0.0,0.0,12.0,0.0,0.0,0.0,0.0,0.0,8.0,1.0,0.0,0.0,4.0,0.0,1.0,29.0,5.0
60,2024,5,0.0,12.0,24.0,5.0,0.0,16.0,0.0,2.0,11.0,0.0,1.0,0.0,0.0,0.0,0.0,0.0,9.0,1.0,0.0,0.0,1.0,0.0,12.0,0.0,0.0,0.0,1.0,1.0,1.0,31.0,4.0
60,2024,6,1.0,14.0,28.0,7.0,0.0,26.0,0.0,5.0,7.0,0.0,1.0,0.0,0.0,0.0,0.0,0.0,11.0,3.0,0.0,0.0,1.0,0.0,7.0,0.0,0.0,0.0,5.0,1.0,0.0,33.0,3.0
60,2024,7,1.0,14.0,27.0,9.0,0.0,21.0,1.0,4.0,4.0,0.0,0.0,0.0,0.0,1.0,0.0,0.0,21.0,0.0,0.0,0.0,2.0,0.0,10.0,0.0,0.0,1.0,8.0,2.0,0.0,30.0,3.0
60,2024,8,1.0,15.0,25.0,5.0,0.0,16.0,0.0,6.0,22.0,0.0,0.0,0.0,0.0,0.0,0.0,0.0,9.0,2.0,0.0,0.0,0.0,0.0,5.0,0.0,0.0,0.0,4.0,1.0,0.0,41.0,6.0
60,2024,9,0.0,9.0,23.0,1.0,0.0,8.0,0.0,1.0,7.0,0.0,1.0,1.0,2.0,0.0,0.0,0.0,7.0,1.0,0.0,0.0,0.0,0.0,7.0,0.0,0.0,0.0,4.0,2.0,0.0,30.0,6.0
60,2024,10,0.0,9.0,30.0,10.0,0.0,12.0,0.0,4.0,13.0,0.0,0.0,0.0,0.0,0.0,0.0,0.0,20.0,2.0,0.0,0.0,0.0,0.0,7.0,0.0,0.0,1.0,1.0,1.0,0.0,33.0,2.0
60,2024,11,0.0,7.0,20.0,3.0,0.0,17.0,0.0,2.0,11.0,0.0,0.0,0.0,1.0,0.0,0.0,0.0,15.0,0.0,0.0,0.0,1.0,0.0,10.0,0.0,0.0,2.0,0.0,0.0,0.0,34.0,0.0
60,2024,12,1.0,9.0,15.0,10.0,0.0,13.0,0.0,1.0,9.0,0.0,0.0,0.0,0.0,0.0,0.0,0.0,23.0,1.0,0.0,0.0,1.0,0.0,12.0,0.0,0.0,0.0,5.0,0.0,0.0,26.0,1.0
60,2025,1,0.0,7.0,21.0,8.0,0.0,18.0,0.0,2.0,12.0,0.0,0.0,0.0,0.0,0.0,0.0,0.0,11.0,4.0,0.0,0.0,1.0,0.0,7.0,0.0,0.0,1.0,3.0,0.0,0.0,30.0,2.0
60,2025,2,0.0,6.0,21.0,5.0,0.0,11.0,1.0,4.0,6.0,0.0,0.0,0.0,0.0,0.0,0.0,0.0,6.0,0.0,0.0,0.0,0.0,0.0,9.0,0.0,0.0,0.0,1.0,0.0,0.0,25.0,2.0
60,2025,3,0.0,18.0,13.0,1.0,0.0,15.0,0.0,3.0,11.0,0.0,0.0,0.0,0.0,0.0,0.0,0.0,13.0,1.0,0.0,0.0,0.0,0.0,9.0,0.0,0.0,0.0,3.0,1.0,0.0,18.0,3.0
60,2025,4,0.0,9.0,12.0,1.0,0.0,7.0,1.0,0.0,3.0,0.0,1.0,0.0,0.0,0.0,0.0,0.0,0.0,0.0,0.0,0.0,0.0,0.0,5.0,0.0,0.0,0.0,0.0,0.0,0.0,14.0,1.0
60,2025,5,0.0,18.0,30.0,6.0,0.0,19.0,2.0,5.0,18.0,0.0,0.0,0.0,0.0,2.0,0.0,0.0,10.0,1.0,0.0,0.0,3.0,0.0,17.0,0.0,0.0,1.0,2.0,2.0,0.0,44.0,2.0
60,2025,6,2.0,27.0,28.0,8.0,0.0,46.0,2.0,7.0,13.0,0.0,0.0,0.0,2.0,0.0,0.0,0.0,6.0,9.0,0.0,0.0,2.0,0.0,20.0,0.0,0.0,6.0,4.0,4.0,0.0,55.0,8.0
60,2025,7,1.0,24.0,20.0,6.0,0.0,28.0,3.0,5.0,15.0,0.0,0.0,0.0,0.0,0.0,0.0,0.0,19.0,0.0,0.0,0.0,1.0,0.0,8.0,0.0,0.0,0.0,3.0,1.0,0.0,51.0,1.0
60,2025,8,0.0,18.0,15.0,12.0,0.0,22.0,0.0,4.0,12.0,0.0,0.0,0.0,0.0,0.0,0.0,0.0,16.0,0.0,0.0,0.0,0.0,0.0,6.0,1.0,0.0,0.0,2.0,1.0,1.0,44.0,0.0
60,2025,9,0.0,10.0,20.0,6.0,0.0,13.0,0.0,6.0,7.0,0.0,0.0,0.0,0.0,1.0,0.0,0.0,9.0,0.0,0.0,0.0,0.0,0.0,8.0,0.0,0.0,0.0,2.0,0.0,0.0,24.0,2.0
60,2025,10,0.0,27.0,29.0,9.0,0.0,16.0,0.0,9.0,13.0,0.0,1.0,0.0,0.0,1.0,0.0,0.0,16.0,6.0,0.0,0.0,0.0,0.0,15.0,0.0,0.0,0.0,3.0,2.0,0.0,41.0,1.0
60,2025,11,0.0,18.0,14.0,15.0,0.0,17.0,0.0,3.0,13.0,0.0,0.0,0.0,1.0,0.0,0.0,0.0,6.0,0.0,0.0,0.0,0.0,0.0,10.0,0.0,0.0,0.0,2.0,0.0,0.0,32.0,2.0
60,2025,12,0.0,9.0,8.0,10.0,0.0,11.0,0.0,3.0,12.0,0.0,0.0,0.0,0.0,0.0,0.0,0.0,7.0,0.0,0.0,0.0,0.0,0.0,5.0,0.0,0.0,0.0,3.0,1.0,1.0,33.0,0.0
60,2026,1,0.0,13.0,18.0,11.0,0.0,8.0,1.0,3.0,13.0,0.0,0.0,0.0,0.0,0.0,0.0,0.0,6.0,0.0,0.0,0.0,0.0,0.0,9.0,0.0,0.0,1.0,0.0,0.0,0.0,23.0,1.0
60,2026,2,0.0,7.0,28.0,10.0,0.0,13.0,1.0,7.0,15.0,0.0,0.0,0.0,0.0,0.0,0.0,0.0,11.0,0.0,0.0,0.0,1.0,0.0,14.0,0.0,0.0,0.0,0.0,0.0,0.0,55.0,4.0
60,2026,3,0.0,16.0,18.0,11.0,0.0,10.0,0.0,4.0,10.0,0.0,0.0,0.0,0.0,0.0,0.0,0.0,8.0,4.0,0.0,0.0,0.0,0.0,8.0,0.0,0.0,0.0,4.0,0.0,0.0,34.0,0.0
60,2026,4,0.0,2.0,4.0,17.0,0.0,2.0,0.0,0.0,1.0,0.0,0.0,0.0,0.0,0.0,0.0,0.0,4.0,0.0,0.0,0.0,0.0,0.0,2.0,0.0,0.0,0.0,0.0,0.0,0.0,3.0,0.0
61,2024,1,2.0,26.0,61.0,5.0,0.0,19.0,0.0,8.0,9.0,0.0,2.0,0.0,2.0,1.0,0.0,1.0,29.0,4.0,0.0,1.0,4.0,0.0,26.0,0.0,0.0,0.0,29.0,2.0,1.0,50.0,10.0
61,2024,2,1.0,37.0,64.0,13.0,0.0,38.0,1.0,7.0,15.0,0.0,0.0,0.0,2.0,0.0,0.0,0.0,20.0,6.0,0.0,0.0,3.0,0.0,28.0,0.0,0.0,0.0,23.0,2.0,0.0,42.0,19.0
61,2024,3,3.0,35.0,64.0,6.0,0.0,42.0,0.0,10.0,17.0,0.0,0.0,0.0,0.0,1.0,0.0,0.0,14.0,5.0,0.0,0.0,6.0,0.0,19.0,0.0,0.0,1.0,14.0,2.0,0.0,42.0,26.0
61,2024,4,2.0,45.0,92.0,9.0,0.0,33.0,2.0,5.0,14.0,0.0,2.0,0.0,1.0,0.0,1.0,0.0,16.0,7.0,0.0,1.0,5.0,0.0,23.0,0.0,0.0,0.0,15.0,2.0,0.0,57.0,20.0
61,2024,5,1.0,49.0,87.0,7.0,0.0,31.0,3.0,7.0,12.0,0.0,1.0,0.0,0.0,0.0,1.0,0.0,22.0,0.0,0.0,0.0,4.0,0.0,27.0,0.0,0.0,0.0,17.0,1.0,0.0,54.0,15.0
61,2024,6,3.0,43.0,76.0,5.0,0.0,47.0,2.0,2.0,24.0,0.0,2.0,0.0,2.0,0.0,0.0,0.0,23.0,4.0,0.0,0.0,3.0,0.0,30.0,0.0,0.0,0.0,27.0,1.0,0.0,44.0,26.0
61,2024,7,1.0,47.0,92.0,21.0,0.0,31.0,1.0,14.0,16.0,0.0,2.0,1.0,1.0,0.0,0.0,0.0,26.0,4.0,0.0,0.0,1.0,0.0,21.0,0.0,0.0,1.0,17.0,3.0,0.0,81.0,29.0
61,2024,8,2.0,42.0,76.0,13.0,0.0,44.0,2.0,8.0,14.0,0.0,4.0,0.0,3.0,0.0,0.0,0.0,41.0,3.0,0.0,0.0,1.0,0.0,23.0,0.0,0.0,1.0,13.0,3.0,0.0,61.0,30.0
61,2024,9,0.0,46.0,73.0,12.0,0.0,39.0,5.0,6.0,17.0,0.0,0.0,0.0,0.0,0.0,0.0,1.0,20.0,1.0,0.0,0.0,1.0,0.0,24.0,0.0,0.0,0.0,23.0,1.0,1.0,79.0,17.0
61,2024,10,2.0,32.0,64.0,18.0,1.0,32.0,0.0,5.0,13.0,0.0,2.0,0.0,1.0,0.0,0.0,0.0,15.0,1.0,0.0,0.0,1.0,0.0,35.0,0.0,0.0,2.0,22.0,2.0,0.0,55.0,18.0
61,2024,11,0.0,37.0,68.0,10.0,0.0,28.0,6.0,8.0,18.0,0.0,0.0,0.0,0.0,0.0,0.0,0.0,23.0,4.0,0.0,0.0,3.0,0.0,21.0,0.0,0.0,1.0,24.0,2.0,1.0,64.0,13.0
61,2024,12,1.0,25.0,66.0,13.0,0.0,33.0,4.0,7.0,11.0,0.0,0.0,0.0,1.0,0.0,0.0,0.0,27.0,5.0,0.0,0.0,0.0,0.0,32.0,0.0,0.0,1.0,13.0,2.0,0.0,53.0,18.0
61,2025,1,1.0,29.0,50.0,11.0,0.0,25.0,2.0,8.0,22.0,0.0,1.0,0.0,0.0,0.0,0.0,0.0,18.0,5.0,0.0,0.0,1.0,0.0,25.0,1.0,0.0,0.0,13.0,1.0,0.0,43.0,13.0
61,2025,2,1.0,30.0,53.0,8.0,0.0,25.0,0.0,3.0,31.0,0.0,0.0,0.0,1.0,0.0,0.0,1.0,17.0,3.0,0.0,0.0,2.0,0.0,13.0,1.0,0.0,0.0,7.0,1.0,0.0,44.0,9.0
61,2025,3,1.0,26.0,59.0,11.0,2.0,31.0,0.0,8.0,17.0,0.0,0.0,0.0,2.0,0.0,0.0,0.0,14.0,3.0,0.0,0.0,2.0,0.0,23.0,0.0,0.0,0.0,5.0,0.0,0.0,59.0,17.0
61,2025,4,1.0,18.0,30.0,3.0,0.0,11.0,3.0,3.0,7.0,0.0,1.0,0.0,0.0,0.0,0.0,0.0,7.0,2.0,0.0,0.0,1.0,0.0,17.0,0.0,0.0,0.0,3.0,2.0,0.0,16.0,4.0
61,2025,5,1.0,29.0,76.0,7.0,0.0,31.0,0.0,6.0,8.0,0.0,0.0,0.0,2.0,0.0,0.0,0.0,34.0,4.0,0.0,0.0,5.0,0.0,20.0,0.0,0.0,0.0,10.0,5.0,2.0,59.0,14.0
61,2025,6,0.0,76.0,146.0,37.0,2.0,74.0,6.0,7.0,22.0,0.0,1.0,0.0,2.0,0.0,0.0,0.0,49.0,7.0,0.0,0.0,4.0,0.0,14.0,0.0,0.0,4.0,36.0,1.0,0.0,84.0,13.0
61,2025,7,0.0,44.0,78.0,11.0,1.0,51.0,2.0,3.0,18.0,0.0,0.0,0.0,1.0,0.0,0.0,0.0,29.0,9.0,0.0,0.0,8.0,0.0,32.0,0.0,0.0,0.0,13.0,4.0,1.0,63.0,21.0
61,2025,8,2.0,39.0,68.0,11.0,0.0,42.0,1.0,4.0,9.0,0.0,0.0,0.0,1.0,0.0,0.0,0.0,15.0,4.0,0.0,0.0,2.0,0.0,20.0,0.0,0.0,1.0,10.0,1.0,0.0,54.0,8.0
61,2025,9,0.0,37.0,63.0,18.0,0.0,19.0,4.0,12.0,13.0,0.0,0.0,0.0,0.0,1.0,0.0,0.0,9.0,2.0,0.0,0.0,2.0,0.0,14.0,0.0,0.0,0.0,2.0,1.0,0.0,44.0,7.0
61,2025,10,2.0,45.0,83.0,21.0,0.0,30.0,1.0,5.0,10.0,0.0,0.0,0.0,0.0,0.0,0.0,0.0,13.0,6.0,0.0,0.0,3.0,0.0,31.0,0.0,0.0,1.0,8.0,0.0,0.0,54.0,9.0
61,2025,11,2.0,33.0,72.0,10.0,0.0,35.0,1.0,5.0,15.0,0.0,0.0,0.0,2.0,0.0,0.0,0.0,19.0,7.0,0.0,0.0,3.0,0.0,23.0,0.0,0.0,0.0,7.0,2.0,1.0,42.0,5.0
61,2025,12,2.0,42.0,58.0,5.0,0.0,27.0,3.0,5.0,18.0,0.0,0.0,1.0,0.0,2.0,0.0,0.0,14.0,7.0,0.0,0.0,2.0,0.0,22.0,0.0,0.0,1.0,7.0,1.0,0.0,49.0,8.0
61,2026,1,0.0,29.0,56.0,5.0,0.0,18.0,3.0,12.0,21.0,0.0,0.0,0.0,1.0,0.0,0.0,0.0,17.0,7.0,0.0,0.0,2.0,0.0,20.0,0.0,0.0,0.0,7.0,1.0,0.0,37.0,13.0
61,2026,2,3.0,45.0,83.0,21.0,0.0,42.0,0.0,6.0,17.0,0.0,0.0,0.0,4.0,0.0,0.0,1.0,17.0,9.0,0.0,0.0,1.0,0.0,30.0,2.0,0.0,2.0,12.0,3.0,0.0,67.0,12.0
61,2026,3,2.0,46.0,85.0,12.0,1.0,43.0,0.0,7.0,13.0,0.0,2.0,0.0,3.0,0.0,0.0,0.0,12.0,11.0,0.0,0.0,2.0,0.0,38.0,0.0,0.0,1.0,9.0,0.0,1.0,41.0,4.0
61,2026,4,0.0,2.0,8.0,2.0,0.0,4.0,0.0,0.0,0.0,0.0,0.0,0.0,1.0,0.0,0.0,0.0,3.0,0.0,0.0,0.0,0.0,0.0,3.0,0.0,0.0,0.0,0.0,1.0,0.0,4.0,1.0
62,2024,1,0.0,3.0,13.0,1.0,1.0,9.0,1.0,0.0,5.0,0.0,0.0,0.0,0.0,0.0,0.0,0.0,8.0,1.0,0.0,0.0,1.0,0.0,10.0,0.0,0.0,0.0,6.0,1.0,0.0,15.0,2.0
62,2024,2,0.0,10.0,14.0,1.0,0.0,9.0,0.0,1.0,10.0,0.0,0.0,0.0,0.0,0.0,0.0,0.0,7.0,1.0,0.0,0.0,0.0,0.0,7.0,0.0,0.0,1.0,5.0,1.0,0.0,11.0,4.0
62,2024,3,0.0,11.0,13.0,5.0,0.0,8.0,0.0,0.0,11.0,0.0,0.0,0.0,0.0,1.0,0.0,0.0,4.0,1.0,0.0,0.0,0.0,0.0,11.0,0.0,0.0,0.0,6.0,1.0,0.0,9.0,1.0
62,2024,4,0.0,10.0,10.0,3.0,0.0,7.0,0.0,1.0,3.0,0.0,0.0,0.0,0.0,0.0,0.0,0.0,3.0,0.0,0.0,1.0,0.0,0.0,14.0,0.0,0.0,0.0,1.0,1.0,0.0,10.0,3.0
62,2024,5,0.0,6.0,9.0,3.0,0.0,11.0,0.0,2.0,6.0,0.0,0.0,0.0,0.0,0.0,0.0,0.0,8.0,1.0,0.0,0.0,2.0,0.0,8.0,0.0,0.0,1.0,2.0,0.0,0.0,6.0,2.0
62,2024,6,0.0,7.0,17.0,3.0,0.0,6.0,0.0,1.0,9.0,0.0,1.0,0.0,0.0,0.0,0.0,0.0,10.0,1.0,0.0,0.0,1.0,0.0,12.0,0.0,0.0,0.0,4.0,1.0,0.0,10.0,2.0
62,2024,7,1.0,10.0,10.0,3.0,0.0,10.0,0.0,2.0,6.0,0.0,0.0,0.0,0.0,0.0,0.0,0.0,11.0,2.0,0.0,0.0,0.0,0.0,8.0,0.0,0.0,0.0,9.0,0.0,0.0,25.0,3.0
62,2024,8,0.0,9.0,14.0,4.0,0.0,15.0,0.0,2.0,7.0,0.0,0.0,0.0,0.0,0.0,0.0,0.0,13.0,1.0,0.0,0.0,1.0,0.0,9.0,0.0,0.0,3.0,3.0,0.0,0.0,15.0,2.0
62,2024,9,0.0,15.0,12.0,4.0,0.0,12.0,1.0,2.0,6.0,0.0,0.0,0.0,0.0,0.0,0.0,0.0,13.0,0.0,0.0,0.0,0.0,0.0,10.0,0.0,0.0,1.0,6.0,1.0,0.0,18.0,6.0
62,2024,10,0.0,10.0,21.0,7.0,1.0,7.0,1.0,3.0,8.0,0.0,0.0,0.0,0.0,0.0,0.0,0.0,15.0,2.0,0.0,0.0,0.0,0.0,10.0,0.0,0.0,1.0,2.0,0.0,0.0,20.0,3.0
62,2024,11,0.0,8.0,18.0,7.0,0.0,9.0,0.0,1.0,6.0,0.0,0.0,0.0,0.0,1.0,0.0,0.0,11.0,0.0,0.0,0.0,0.0,0.0,10.0,0.0,0.0,0.0,2.0,1.0,0.0,23.0,1.0
62,2024,12,0.0,8.0,20.0,4.0,0.0,7.0,2.0,2.0,6.0,0.0,0.0,0.0,0.0,0.0,0.0,0.0,3.0,1.0,0.0,0.0,1.0,0.0,5.0,0.0,0.0,0.0,4.0,1.0,0.0,11.0,2.0
62,2025,1,0.0,5.0,18.0,4.0,1.0,7.0,0.0,3.0,8.0,0.0,0.0,0.0,0.0,0.0,0.0,0.0,0.0,0.0,0.0,0.0,1.0,0.0,8.0,0.0,0.0,0.0,0.0,1.0,0.0,17.0,2.0
62,2025,2,2.0,7.0,12.0,2.0,0.0,11.0,0.0,1.0,8.0,0.0,0.0,0.0,0.0,0.0,0.0,0.0,8.0,1.0,0.0,0.0,1.0,0.0,1.0,0.0,0.0,0.0,1.0,0.0,0.0,15.0,3.0
62,2025,3,0.0,4.0,15.0,2.0,0.0,12.0,0.0,2.0,7.0,0.0,0.0,0.0,0.0,0.0,0.0,0.0,8.0,1.0,0.0,0.0,1.0,0.0,7.0,0.0,0.0,1.0,3.0,0.0,0.0,7.0,2.0
62,2025,4,0.0,1.0,10.0,1.0,0.0,3.0,0.0,0.0,6.0,0.0,0.0,0.0,0.0,0.0,0.0,0.0,4.0,0.0,0.0,0.0,1.0,0.0,5.0,0.0,0.0,0.0,0.0,0.0,0.0,4.0,0.0
62,2025,5,0.0,6.0,19.0,1.0,0.0,16.0,0.0,1.0,9.0,0.0,0.0,0.0,0.0,0.0,0.0,0.0,8.0,0.0,0.0,0.0,2.0,0.0,5.0,0.0,0.0,0.0,1.0,0.0,0.0,20.0,2.0
62,2025,6,0.0,21.0,25.0,12.0,0.0,24.0,0.0,0.0,7.0,0.0,0.0,0.0,0.0,0.0,0.0,0.0,15.0,0.0,0.0,0.0,0.0,0.0,10.0,0.0,0.0,0.0,6.0,4.0,0.0,29.0,2.0
62,2025,7,0.0,7.0,16.0,2.0,0.0,14.0,0.0,1.0,8.0,0.0,0.0,0.0,0.0,0.0,0.0,0.0,2.0,0.0,0.0,0.0,0.0,0.0,13.0,0.0,0.0,0.0,2.0,0.0,0.0,13.0,4.0
62,2025,8,0.0,5.0,7.0,2.0,0.0,8.0,1.0,1.0,4.0,0.0,0.0,0.0,0.0,0.0,0.0,0.0,4.0,0.0,0.0,0.0,0.0,0.0,3.0,0.0,0.0,0.0,2.0,2.0,0.0,9.0,2.0
62,2025,9,0.0,7.0,13.0,6.0,0.0,3.0,0.0,1.0,1.0,0.0,0.0,0.0,0.0,0.0,0.0,0.0,3.0,2.0,0.0,0.0,0.0,0.0,12.0,0.0,0.0,0.0,4.0,0.0,0.0,10.0,0.0
62,2025,10,0.0,7.0,15.0,1.0,0.0,7.0,0.0,4.0,7.0,0.0,0.0,0.0,1.0,0.0,0.0,0.0,9.0,0.0,0.0,0.0,0.0,0.0,12.0,0.0,0.0,0.0,2.0,2.0,0.0,12.0,3.0
62,2025,11,3.0,11.0,13.0,4.0,0.0,14.0,0.0,2.0,8.0,0.0,0.0,0.0,1.0,0.0,0.0,0.0,9.0,1.0,0.0,0.0,0.0,0.0,7.0,0.0,0.0,0.0,3.0,0.0,0.0,17.0,0.0
62,2025,12,2.0,7.0,15.0,4.0,0.0,8.0,0.0,1.0,4.0,0.0,0.0,0.0,0.0,0.0,0.0,0.0,3.0,0.0,0.0,0.0,0.0,0.0,1.0,0.0,0.0,0.0,2.0,1.0,0.0,3.0,1.0
62,2026,1,1.0,6.0,16.0,2.0,0.0,7.0,2.0,0.0,8.0,0.0,0.0,0.0,1.0,0.0,0.0,0.0,6.0,0.0,0.0,0.0,1.0,0.0,6.0,0.0,0.0,0.0,1.0,0.0,0.0,14.0,1.0
62,2026,2,0.0,10.0,20.0,5.0,1.0,11.0,0.0,0.0,6.0,0.0,0.0,0.0,2.0,0.0,0.0,0.0,11.0,1.0,0.0,0.0,0.0,0.0,4.0,0.0,0.0,0.0,0.0,0.0,0.0,27.0,2.0
62,2026,3,0.0,6.0,15.0,6.0,0.0,18.0,0.0,3.0,3.0,0.0,0.0,0.0,1.0,0.0,0.0,0.0,14.0,0.0,0.0,0.0,1.0,0.0,13.0,0.0,0.0,0.0,0.0,1.0,0.0,15.0,1.0
62,2026,4,0.0,1.0,2.0,0.0,0.0,2.0,1.0,0.0,1.0,0.0,0.0,0.0,0.0,0.0,0.0,0.0,2.0,0.0,0.0,0.0,0.0,0.0,0.0,0.0,0.0,0.0,0.0,0.0,0.0,1.0,0.0
63,2024,1,2.0,28.0,37.0,0.0,0.0,34.0,1.0,6.0,6.0,0.0,0.0,0.0,0.0,0.0,0.0,0.0,25.0,4.0,0.0,0.0,2.0,0.0,16.0,0.0,0.0,0.0,9.0,3.0,1.0,41.0,5.0
63,2024,2,0.0,15.0,42.0,1.0,0.0,22.0,0.0,3.0,8.0,0.0,0.0,0.0,0.0,0.0,0.0,0.0,23.0,1.0,0.0,0.0,1.0,0.0,26.0,0.0,0.0,3.0,6.0,2.0,0.0,38.0,13.0
63,2024,3,0.0,14.0,33.0,2.0,1.0,28.0,0.0,3.0,18.0,0.0,3.0,0.0,1.0,0.0,0.0,1.0,19.0,2.0,0.0,0.0,2.0,0.0,20.0,0.0,0.0,2.0,11.0,2.0,0.0,45.0,10.0
63,2024,4,0.0,18.0,36.0,7.0,0.0,9.0,1.0,2.0,8.0,0.0,1.0,0.0,0.0,0.0,0.0,0.0,14.0,4.0,0.0,0.0,5.0,0.0,19.0,0.0,0.0,0.0,10.0,2.0,0.0,26.0,4.0
63,2024,5,0.0,33.0,47.0,5.0,0.0,12.0,0.0,4.0,7.0,0.0,1.0,0.0,1.0,0.0,0.0,1.0,19.0,2.0,0.0,0.0,2.0,0.0,31.0,0.0,0.0,0.0,8.0,2.0,2.0,46.0,9.0
63,2024,6,0.0,27.0,43.0,3.0,0.0,18.0,1.0,3.0,11.0,0.0,0.0,0.0,0.0,1.0,1.0,1.0,15.0,2.0,0.0,0.0,3.0,0.0,19.0,0.0,0.0,1.0,7.0,2.0,1.0,44.0,7.0
63,2024,7,1.0,26.0,39.0,9.0,0.0,24.0,2.0,6.0,7.0,0.0,0.0,0.0,0.0,0.0,0.0,0.0,13.0,2.0,0.0,0.0,1.0,0.0,18.0,0.0,0.0,1.0,20.0,1.0,0.0,50.0,12.0
63,2024,8,1.0,31.0,47.0,12.0,0.0,15.0,0.0,2.0,8.0,0.0,0.0,0.0,0.0,0.0,0.0,1.0,20.0,1.0,0.0,0.0,1.0,0.0,14.0,0.0,0.0,0.0,3.0,0.0,0.0,31.0,14.0
63,2024,9,1.0,25.0,53.0,11.0,1.0,27.0,1.0,4.0,13.0,0.0,2.0,0.0,0.0,0.0,1.0,0.0,17.0,2.0,0.0,0.0,1.0,0.0,23.0,0.0,0.0,1.0,8.0,3.0,0.0,29.0,12.0
63,2024,10,0.0,28.0,37.0,3.0,0.0,22.0,0.0,1.0,11.0,0.0,1.0,0.0,1.0,0.0,0.0,1.0,14.0,2.0,0.0,0.0,1.0,0.0,20.0,0.0,0.0,1.0,9.0,1.0,0.0,33.0,8.0
63,2024,11,1.0,22.0,38.0,7.0,0.0,25.0,0.0,1.0,4.0,0.0,0.0,0.0,2.0,0.0,1.0,0.0,22.0,3.0,0.0,0.0,3.0,0.0,10.0,0.0,0.0,0.0,28.0,1.0,1.0,37.0,7.0
63,2024,12,0.0,13.0,41.0,5.0,2.0,19.0,1.0,2.0,12.0,0.0,1.0,0.0,1.0,0.0,0.0,0.0,9.0,0.0,0.0,0.0,2.0,0.0,24.0,0.0,0.0,1.0,11.0,0.0,0.0,27.0,9.0
63,2025,1,1.0,13.0,30.0,9.0,0.0,10.0,2.0,2.0,14.0,0.0,1.0,0.0,1.0,0.0,0.0,2.0,21.0,3.0,0.0,0.0,2.0,0.0,15.0,0.0,0.0,0.0,8.0,2.0,0.0,32.0,8.0
63,2025,2,0.0,10.0,23.0,4.0,0.0,14.0,0.0,2.0,15.0,0.0,0.0,0.0,0.0,0.0,1.0,0.0,21.0,1.0,0.0,0.0,1.0,0.0,17.0,0.0,0.0,2.0,6.0,1.0,1.0,32.0,11.0
63,2025,3,0.0,14.0,36.0,1.0,0.0,17.0,1.0,3.0,14.0,0.0,2.0,0.0,2.0,0.0,0.0,1.0,6.0,5.0,0.0,0.0,1.0,0.0,11.0,0.0,0.0,1.0,4.0,0.0,0.0,39.0,8.0
63,2025,4,0.0,3.0,12.0,3.0,0.0,10.0,0.0,0.0,3.0,0.0,0.0,0.0,0.0,0.0,0.0,0.0,5.0,2.0,0.0,0.0,1.0,0.0,7.0,0.0,0.0,0.0,4.0,0.0,1.0,22.0,2.0
63,2025,5,1.0,15.0,31.0,8.0,0.0,20.0,0.0,0.0,13.0,0.0,1.0,0.0,0.0,0.0,0.0,0.0,4.0,2.0,0.0,0.0,3.0,0.0,11.0,0.0,0.0,0.0,4.0,0.0,0.0,55.0,10.0
63,2025,6,0.0,36.0,86.0,3.0,0.0,32.0,0.0,3.0,14.0,0.0,0.0,0.0,2.0,0.0,0.0,0.0,22.0,2.0,0.0,0.0,4.0,0.0,21.0,0.0,0.0,0.0,9.0,3.0,0.0,75.0,1.0
63,2025,7,0.0,27.0,37.0,6.0,0.0,19.0,0.0,5.0,11.0,0.0,0.0,0.0,0.0,0.0,0.0,1.0,11.0,0.0,0.0,0.0,3.0,0.0,18.0,0.0,0.0,2.0,4.0,3.0,0.0,69.0,13.0
63,2025,8,1.0,18.0,31.0,3.0,0.0,16.0,0.0,5.0,9.0,0.0,0.0,0.0,0.0,0.0,0.0,0.0,7.0,2.0,0.0,0.0,3.0,0.0,15.0,0.0,0.0,0.0,3.0,3.0,0.0,51.0,4.0
63,2025,9,0.0,10.0,27.0,13.0,0.0,21.0,1.0,1.0,7.0,0.0,0.0,0.0,1.0,0.0,0.0,0.0,5.0,1.0,0.0,0.0,2.0,0.0,11.0,0.0,0.0,0.0,2.0,0.0,0.0,45.0,7.0
63,2025,10,0.0,29.0,40.0,8.0,0.0,18.0,1.0,0.0,10.0,0.0,0.0,0.0,0.0,0.0,1.0,0.0,12.0,2.0,0.0,1.0,1.0,0.0,19.0,0.0,0.0,1.0,0.0,0.0,0.0,70.0,7.0
63,2025,11,2.0,14.0,34.0,9.0,0.0,16.0,2.0,2.0,12.0,0.0,0.0,0.0,1.0,0.0,0.0,0.0,7.0,3.0,0.0,0.0,3.0,0.0,13.0,0.0,0.0,0.0,6.0,2.0,1.0,61.0,3.0
63,2025,12,0.0,11.0,36.0,9.0,0.0,15.0,2.0,1.0,4.0,0.0,0.0,0.0,0.0,0.0,0.0,0.0,10.0,0.0,0.0,0.0,1.0,0.0,13.0,0.0,0.0,0.0,6.0,1.0,0.0,40.0,1.0
63,2026,1,2.0,9.0,31.0,5.0,0.0,17.0,2.0,4.0,7.0,0.0,2.0,0.0,0.0,0.0,0.0,0.0,13.0,2.0,0.0,0.0,0.0,0.0,10.0,0.0,0.0,0.0,5.0,0.0,0.0,48.0,3.0
63,2026,2,1.0,14.0,25.0,1.0,0.0,16.0,1.0,2.0,19.0,0.0,0.0,0.0,0.0,2.0,0.0,0.0,17.0,1.0,0.0,0.0,3.0,0.0,12.0,0.0,0.0,0.0,5.0,1.0,0.0,96.0,2.0
63,2026,3,0.0,24.0,34.0,8.0,0.0,16.0,1.0,6.0,15.0,0.0,0.0,0.0,0.0,0.0,0.0,0.0,12.0,0.0,0.0,1.0,1.0,0.0,11.0,0.0,0.0,0.0,8.0,4.0,0.0,95.0,6.0
63,2026,4,0.0,0.0,5.0,1.0,0.0,3.0,0.0,0.0,0.0,0.0,0.0,0.0,0.0,0.0,0.0,0.0,1.0,0.0,0.0,0.0,0.0,0.0,2.0,0.0,0.0,0.0,0.0,0.0,0.0,6.0,0.0
64,2024,1,0.0,4.0,12.0,1.0,0.0,14.0,1.0,0.0,8.0,0.0,0.0,0.0,0.0,0.0,0.0,0.0,10.0,1.0,0.0,0.0,0.0,0.0,5.0,0.0,0.0,0.0,4.0,1.0,0.0,10.0,1.0
64,2024,2,1.0,7.0,9.0,3.0,0.0,8.0,0.0,2.0,10.0,0.0,0.0,0.0,0.0,0.0,0.0,0.0,12.0,0.0,0.0,1.0,3.0,0.0,12.0,1.0,0.0,0.0,0.0,0.0,0.0,15.0,2.0
64,2024,3,0.0,10.0,21.0,2.0,0.0,11.0,0.0,0.0,7.0,0.0,0.0,0.0,1.0,0.0,0.0,0.0,23.0,0.0,0.0,0.0,1.0,0.0,8.0,0.0,0.0,1.0,0.0,0.0,3.0,11.0,4.0
64,2024,4,1.0,11.0,13.0,3.0,0.0,10.0,0.0,2.0,6.0,0.0,0.0,0.0,0.0,0.0,0.0,0.0,6.0,1.0,0.0,0.0,0.0,0.0,17.0,0.0,0.0,0.0,0.0,2.0,0.0,13.0,3.0
64,2024,5,0.0,12.0,24.0,10.0,0.0,6.0,0.0,2.0,3.0,0.0,0.0,0.0,1.0,0.0,0.0,0.0,15.0,1.0,0.0,0.0,0.0,0.0,8.0,0.0,0.0,0.0,0.0,0.0,0.0,17.0,3.0
64,2024,6,1.0,11.0,19.0,3.0,0.0,22.0,0.0,3.0,4.0,0.0,0.0,0.0,0.0,0.0,0.0,0.0,13.0,0.0,0.0,0.0,0.0,0.0,10.0,0.0,0.0,0.0,2.0,1.0,3.0,21.0,1.0
64,2024,7,0.0,6.0,13.0,6.0,1.0,14.0,1.0,3.0,7.0,0.0,0.0,0.0,0.0,0.0,0.0,0.0,10.0,1.0,0.0,0.0,0.0,0.0,11.0,0.0,0.0,0.0,0.0,0.0,0.0,21.0,1.0
64,2024,8,1.0,12.0,12.0,3.0,0.0,10.0,0.0,2.0,3.0,0.0,0.0,0.0,0.0,0.0,0.0,0.0,10.0,0.0,0.0,0.0,0.0,0.0,8.0,0.0,0.0,0.0,1.0,0.0,0.0,19.0,2.0
64,2024,9,0.0,13.0,23.0,3.0,0.0,11.0,0.0,3.0,7.0,0.0,0.0,0.0,0.0,0.0,0.0,0.0,8.0,0.0,0.0,0.0,1.0,0.0,9.0,0.0,0.0,0.0,6.0,0.0,0.0,15.0,0.0
64,2024,10,1.0,12.0,18.0,4.0,0.0,10.0,0.0,1.0,7.0,0.0,0.0,0.0,0.0,0.0,0.0,0.0,14.0,0.0,0.0,0.0,0.0,0.0,11.0,0.0,0.0,0.0,1.0,1.0,0.0,9.0,0.0
64,2024,11,0.0,7.0,16.0,5.0,0.0,28.0,0.0,0.0,6.0,0.0,0.0,0.0,0.0,0.0,0.0,0.0,7.0,0.0,0.0,0.0,1.0,0.0,6.0,0.0,0.0,0.0,1.0,0.0,0.0,12.0,0.0
64,2024,12,0.0,4.0,19.0,3.0,0.0,8.0,0.0,1.0,10.0,0.0,0.0,0.0,0.0,0.0,0.0,0.0,4.0,0.0,0.0,0.0,1.0,0.0,9.0,0.0,0.0,0.0,4.0,0.0,0.0,15.0,0.0
64,2025,1,0.0,9.0,25.0,3.0,1.0,8.0,0.0,0.0,14.0,0.0,0.0,0.0,0.0,0.0,0.0,0.0,10.0,1.0,0.0,0.0,1.0,0.0,14.0,0.0,0.0,1.0,2.0,0.0,1.0,19.0,0.0
64,2025,2,0.0,5.0,10.0,3.0,0.0,15.0,1.0,2.0,1.0,0.0,0.0,0.0,0.0,0.0,0.0,0.0,9.0,0.0,0.0,0.0,0.0,0.0,10.0,0.0,0.0,0.0,0.0,0.0,0.0,10.0,1.0
64,2025,3,0.0,9.0,12.0,2.0,0.0,7.0,0.0,1.0,5.0,0.0,0.0,0.0,0.0,0.0,0.0,0.0,5.0,2.0,0.0,0.0,2.0,0.0,13.0,0.0,0.0,1.0,1.0,0.0,0.0,15.0,0.0
64,2025,4,0.0,2.0,8.0,2.0,0.0,3.0,0.0,1.0,4.0,0.0,0.0,0.0,0.0,0.0,0.0,0.0,5.0,0.0,0.0,0.0,1.0,0.0,5.0,0.0,0.0,0.0,1.0,0.0,0.0,6.0,0.0
64,2025,5,0.0,8.0,11.0,5.0,0.0,6.0,1.0,5.0,10.0,0.0,0.0,0.0,0.0,0.0,0.0,0.0,7.0,1.0,0.0,0.0,0.0,0.0,13.0,0.0,0.0,0.0,0.0,0.0,0.0,15.0,0.0
64,2025,6,2.0,13.0,32.0,8.0,0.0,19.0,0.0,3.0,12.0,0.0,0.0,0.0,0.0,0.0,0.0,0.0,11.0,1.0,0.0,0.0,7.0,0.0,21.0,0.0,0.0,0.0,0.0,3.0,0.0,31.0,0.0
64,2025,7,0.0,14.0,24.0,7.0,0.0,19.0,0.0,0.0,7.0,0.0,0.0,0.0,0.0,0.0,0.0,0.0,6.0,0.0,0.0,0.0,1.0,0.0,8.0,0.0,0.0,0.0,2.0,0.0,0.0,10.0,1.0
64,2025,8,0.0,10.0,15.0,3.0,0.0,8.0,2.0,2.0,9.0,0.0,0.0,0.0,1.0,0.0,0.0,0.0,6.0,0.0,0.0,0.0,2.0,0.0,12.0,0.0,0.0,1.0,0.0,1.0,0.0,14.0,0.0
64,2025,9,0.0,8.0,21.0,2.0,0.0,10.0,0.0,2.0,9.0,0.0,0.0,0.0,0.0,0.0,0.0,1.0,1.0,0.0,0.0,1.0,0.0,0.0,1.0,0.0,0.0,0.0,0.0,1.0,1.0,16.0,1.0
64,2025,10,0.0,8.0,12.0,5.0,0.0,21.0,0.0,0.0,7.0,0.0,1.0,0.0,0.0,0.0,0.0,0.0,8.0,0.0,0.0,0.0,0.0,0.0,8.0,0.0,0.0,2.0,1.0,0.0,0.0,12.0,2.0
64,2025,11,0.0,8.0,12.0,3.0,0.0,7.0,1.0,1.0,7.0,0.0,0.0,0.0,0.0,0.0,0.0,0.0,12.0,1.0,0.0,0.0,1.0,0.0,3.0,0.0,0.0,0.0,4.0,0.0,1.0,12.0,1.0
64,2025,12,1.0,5.0,12.0,5.0,0.0,10.0,0.0,1.0,8.0,0.0,0.0,0.0,0.0,0.0,0.0,0.0,11.0,1.0,0.0,0.0,0.0,0.0,9.0,0.0,0.0,0.0,0.0,0.0,0.0,12.0,0.0
64,2026,1,0.0,7.0,12.0,0.0,0.0,7.0,0.0,1.0,11.0,0.0,0.0,0.0,0.0,2.0,0.0,1.0,8.0,0.0,0.0,0.0,1.0,0.0,8.0,0.0,0.0,0.0,0.0,0.0,0.0,11.0,1.0
64,2026,2,0.0,5.0,9.0,7.0,0.0,8.0,0.0,2.0,6.0,0.0,0.0,0.0,0.0,1.0,0.0,0.0,10.0,0.0,0.0,0.0,0.0,0.0,18.0,0.0,0.0,1.0,0.0,2.0,3.0,18.0,1.0
64,2026,3,0.0,10.0,11.0,2.0,0.0,6.0,0.0,2.0,3.0,0.0,0.0,0.0,0.0,0.0,0.0,0.0,16.0,0.0,0.0,0.0,2.0,0.0,3.0,0.0,0.0,2.0,0.0,2.0,0.0,17.0,0.0
64,2026,4,0.0,1.0,3.0,1.0,0.0,0.0,0.0,0.0,1.0,0.0,0.0,0.0,0.0,0.0,0.0,0.0,0.0,0.0,0.0,0.0,0.0,0.0,1.0,0.0,0.0,0.0,0.0,0.0,0.0,2.0,0.0
65,2024,1,0.0,6.0,24.0,3.0,0.0,24.0,0.0,2.0,9.0,0.0,0.0,0.0,0.0,0.0,0.0,0.0,24.0,1.0,0.0,0.0,4.0,0.0,15.0,0.0,0.0,1.0,4.0,1.0,0.0,23.0,1.0
65,2024,2,0.0,6.0,30.0,6.0,0.0,17.0,0.0,1.0,14.0,0.0,0.0,0.0,0.0,0.0,0.0,0.0,28.0,3.0,0.0,0.0,1.0,0.0,13.0,0.0,0.0,0.0,3.0,0.0,0.0,35.0,2.0
65,2024,3,0.0,14.0,30.0,3.0,0.0,23.0,0.0,0.0,12.0,0.0,0.0,0.0,0.0,0.0,0.0,0.0,19.0,2.0,0.0,0.0,1.0,0.0,21.0,0.0,0.0,0.0,5.0,0.0,0.0,33.0,5.0
65,2024,4,0.0,8.0,20.0,6.0,0.0,17.0,1.0,0.0,8.0,0.0,0.0,0.0,0.0,0.0,0.0,0.0,18.0,0.0,0.0,0.0,1.0,0.0,11.0,0.0,0.0,1.0,3.0,3.0,1.0,30.0,5.0
65,2024,5,3.0,17.0,22.0,8.0,0.0,34.0,2.0,2.0,8.0,0.0,0.0,0.0,1.0,0.0,0.0,0.0,37.0,0.0,0.0,0.0,3.0,0.0,14.0,0.0,0.0,0.0,0.0,0.0,0.0,35.0,3.0
65,2024,6,1.0,14.0,35.0,3.0,0.0,17.0,0.0,1.0,8.0,0.0,0.0,0.0,0.0,0.0,0.0,0.0,30.0,0.0,0.0,0.0,0.0,0.0,3.0,0.0,0.0,0.0,1.0,2.0,0.0,45.0,2.0
65,2024,7,1.0,12.0,23.0,7.0,0.0,22.0,2.0,4.0,14.0,0.0,0.0,0.0,1.0,0.0,0.0,0.0,17.0,0.0,0.0,0.0,2.0,0.0,9.0,0.0,0.0,1.0,5.0,2.0,0.0,58.0,3.0
65,2024,8,0.0,15.0,19.0,3.0,0.0,27.0,2.0,2.0,13.0,0.0,0.0,0.0,0.0,0.0,0.0,0.0,40.0,0.0,0.0,0.0,0.0,0.0,18.0,0.0,0.0,1.0,5.0,0.0,0.0,40.0,8.0
65,2024,9,0.0,19.0,22.0,10.0,0.0,16.0,2.0,0.0,8.0,0.0,0.0,0.0,1.0,0.0,0.0,1.0,24.0,3.0,0.0,0.0,2.0,0.0,21.0,0.0,0.0,1.0,3.0,0.0,0.0,47.0,7.0
65,2024,10,0.0,12.0,23.0,5.0,0.0,16.0,0.0,3.0,7.0,0.0,0.0,0.0,0.0,0.0,0.0,1.0,20.0,1.0,0.0,0.0,4.0,0.0,14.0,0.0,0.0,2.0,5.0,5.0,1.0,45.0,3.0
65,2024,11,1.0,12.0,21.0,7.0,0.0,18.0,1.0,0.0,7.0,0.0,0.0,0.0,0.0,0.0,0.0,0.0,17.0,1.0,0.0,0.0,1.0,0.0,8.0,0.0,0.0,1.0,4.0,2.0,0.0,42.0,4.0
65,2024,12,0.0,13.0,34.0,10.0,0.0,17.0,2.0,3.0,7.0,0.0,0.0,0.0,0.0,0.0,0.0,0.0,13.0,2.0,0.0,0.0,0.0,0.0,14.0,0.0,0.0,1.0,4.0,0.0,0.0,39.0,3.0
65,2025,1,0.0,12.0,22.0,1.0,1.0,13.0,0.0,0.0,13.0,0.0,0.0,0.0,0.0,0.0,1.0,0.0,14.0,1.0,0.0,0.0,3.0,0.0,12.0,0.0,0.0,1.0,4.0,1.0,0.0,39.0,6.0
65,2025,2,0.0,8.0,15.0,5.0,0.0,17.0,1.0,4.0,11.0,0.0,1.0,0.0,0.0,0.0,0.0,0.0,16.0,1.0,0.0,0.0,1.0,0.0,17.0,0.0,0.0,1.0,1.0,1.0,0.0,41.0,1.0
65,2025,3,0.0,11.0,14.0,9.0,1.0,12.0,1.0,2.0,6.0,0.0,0.0,0.0,0.0,0.0,0.0,0.0,13.0,0.0,0.0,0.0,1.0,0.0,9.0,0.0,0.0,0.0,5.0,2.0,1.0,39.0,3.0
65,2025,4,1.0,4.0,8.0,4.0,1.0,9.0,2.0,4.0,5.0,0.0,0.0,0.0,0.0,0.0,0.0,0.0,3.0,0.0,0.0,1.0,4.0,0.0,5.0,0.0,0.0,0.0,0.0,0.0,0.0,27.0,0.0
65,2025,5,0.0,13.0,28.0,3.0,0.0,7.0,0.0,5.0,9.0,0.0,0.0,0.0,2.0,0.0,0.0,0.0,6.0,2.0,0.0,0.0,3.0,0.0,17.0,0.0,0.0,2.0,1.0,1.0,0.0,48.0,2.0
65,2025,6,0.0,23.0,49.0,11.0,0.0,25.0,0.0,6.0,4.0,0.0,0.0,0.0,0.0,0.0,0.0,0.0,18.0,1.0,0.0,0.0,0.0,0.0,6.0,0.0,0.0,0.0,11.0,1.0,0.0,54.0,2.0
65,2025,7,0.0,10.0,26.0,6.0,0.0,20.0,0.0,4.0,6.0,0.0,0.0,0.0,0.0,0.0,0.0,0.0,23.0,0.0,0.0,0.0,0.0,0.0,12.0,0.0,0.0,2.0,4.0,1.0,1.0,36.0,6.0
65,2025,8,0.0,10.0,20.0,6.0,0.0,16.0,1.0,1.0,7.0,0.0,0.0,0.0,1.0,0.0,0.0,0.0,10.0,1.0,0.0,0.0,0.0,0.0,10.0,0.0,0.0,0.0,2.0,1.0,0.0,42.0,4.0
65,2025,9,0.0,23.0,29.0,4.0,0.0,11.0,0.0,3.0,8.0,0.0,0.0,0.0,1.0,0.0,0.0,0.0,12.0,1.0,0.0,0.0,1.0,0.0,13.0,0.0,0.0,0.0,1.0,0.0,3.0,30.0,2.0
65,2025,10,0.0,11.0,21.0,9.0,0.0,8.0,0.0,3.0,10.0,0.0,0.0,0.0,0.0,0.0,0.0,1.0,19.0,2.0,0.0,0.0,2.0,0.0,10.0,0.0,0.0,0.0,4.0,1.0,0.0,47.0,1.0
65,2025,11,1.0,11.0,25.0,0.0,0.0,10.0,2.0,6.0,3.0,0.0,0.0,0.0,0.0,0.0,0.0,0.0,13.0,1.0,0.0,0.0,0.0,0.0,5.0,0.0,0.0,0.0,1.0,2.0,0.0,33.0,2.0
65,2025,12,0.0,13.0,23.0,4.0,0.0,23.0,0.0,0.0,4.0,0.0,0.0,0.0,1.0,0.0,0.0,0.0,12.0,5.0,0.0,0.0,3.0,0.0,9.0,0.0,0.0,0.0,1.0,0.0,0.0,45.0,2.0
65,2026,1,0.0,6.0,28.0,3.0,0.0,16.0,0.0,2.0,9.0,0.0,0.0,0.0,0.0,0.0,0.0,0.0,7.0,0.0,0.0,0.0,0.0,0.0,4.0,0.0,0.0,0.0,2.0,0.0,0.0,38.0,1.0
65,2026,2,0.0,17.0,16.0,9.0,0.0,11.0,0.0,1.0,10.0,0.0,0.0,0.0,3.0,0.0,0.0,0.0,15.0,1.0,0.0,0.0,1.0,0.0,13.0,0.0,0.0,0.0,1.0,2.0,0.0,48.0,4.0
65,2026,3,0.0,14.0,24.0,10.0,0.0,16.0,1.0,5.0,10.0,0.0,1.0,0.0,0.0,0.0,0.0,0.0,29.0,0.0,0.0,0.0,1.0,0.0,11.0,0.0,0.0,0.0,2.0,2.0,0.0,44.0,2.0
65,2026,4,0.0,0.0,1.0,2.0,0.0,2.0,0.0,0.0,3.0,0.0,0.0,0.0,0.0,0.0,0.0,0.0,0.0,0.0,0.0,0.0,0.0,0.0,1.0,0.0,0.0,0.0,0.0,0.0,0.0,6.0,0.0
66,2024,1,1.0,36.0,84.0,5.0,0.0,45.0,2.0,3.0,20.0,0.0,0.0,0.0,1.0,0.0,0.0,0.0,28.0,12.0,0.0,0.0,5.0,0.0,41.0,0.0,0.0,1.0,27.0,1.0,0.0,47.0,13.0
66,2024,2,3.0,43.0,82.0,9.0,0.0,57.0,1.0,3.0,27.0,0.0,0.0,0.0,1.0,0.0,0.0,2.0,58.0,8.0,0.0,1.0,5.0,0.0,55.0,0.0,0.0,0.0,12.0,4.0,1.0,45.0,19.0
66,2024,3,3.0,36.0,75.0,7.0,1.0,55.0,2.0,8.0,31.0,0.0,0.0,0.0,3.0,0.0,0.0,0.0,30.0,23.0,0.0,0.0,4.0,0.0,45.0,0.0,0.0,4.0,10.0,3.0,1.0,77.0,23.0
66,2024,4,1.0,55.0,93.0,7.0,0.0,43.0,1.0,5.0,26.0,0.0,0.0,0.0,1.0,0.0,0.0,0.0,33.0,21.0,0.0,0.0,7.0,0.0,50.0,0.0,0.0,0.0,14.0,3.0,0.0,62.0,21.0
66,2024,5,4.0,61.0,105.0,12.0,1.0,47.0,3.0,6.0,20.0,0.0,2.0,0.0,0.0,0.0,1.0,0.0,39.0,19.0,0.0,0.0,4.0,0.0,46.0,0.0,1.0,1.0,20.0,3.0,0.0,50.0,16.0
66,2024,6,1.0,61.0,108.0,13.0,0.0,49.0,2.0,11.0,20.0,0.0,0.0,0.0,0.0,0.0,0.0,1.0,31.0,10.0,0.0,0.0,3.0,0.0,37.0,0.0,0.0,4.0,9.0,2.0,1.0,65.0,24.0
66,2024,7,2.0,66.0,106.0,16.0,1.0,58.0,4.0,6.0,21.0,0.0,2.0,0.0,0.0,2.0,0.0,1.0,32.0,22.0,0.0,0.0,5.0,0.0,41.0,0.0,0.0,1.0,16.0,5.0,3.0,64.0,27.0
66,2024,8,0.0,56.0,98.0,12.0,0.0,57.0,4.0,10.0,30.0,0.0,2.0,0.0,0.0,1.0,1.0,1.0,41.0,13.0,0.0,0.0,3.0,0.0,43.0,0.0,0.0,2.0,19.0,4.0,0.0,69.0,24.0
66,2024,9,2.0,56.0,100.0,16.0,0.0,60.0,2.0,7.0,26.0,0.0,1.0,0.0,3.0,0.0,0.0,0.0,28.0,14.0,0.0,0.0,6.0,0.0,49.0,0.0,0.0,2.0,14.0,2.0,2.0,77.0,17.0
66,2024,10,1.0,66.0,103.0,15.0,0.0,71.0,3.0,5.0,18.0,0.0,0.0,0.0,3.0,1.0,0.0,1.0,29.0,13.0,0.0,0.0,4.0,0.0,32.0,0.0,0.0,2.0,14.0,0.0,0.0,74.0,18.0
66,2024,11,0.0,46.0,67.0,4.0,0.0,41.0,4.0,7.0,21.0,0.0,2.0,0.0,3.0,1.0,0.0,0.0,23.0,13.0,0.0,0.0,2.0,0.0,37.0,0.0,0.0,0.0,22.0,5.0,0.0,63.0,19.0
66,2024,12,2.0,43.0,83.0,7.0,0.0,36.0,2.0,7.0,19.0,0.0,3.0,0.0,1.0,0.0,1.0,1.0,28.0,15.0,0.0,0.0,1.0,0.0,37.0,0.0,0.0,0.0,19.0,1.0,6.0,62.0,11.0
66,2025,1,1.0,38.0,84.0,15.0,0.0,40.0,2.0,6.0,23.0,0.0,2.0,0.0,4.0,0.0,0.0,0.0,22.0,8.0,0.0,0.0,3.0,0.0,56.0,0.0,0.0,1.0,15.0,3.0,2.0,66.0,16.0
66,2025,2,1.0,34.0,58.0,11.0,2.0,31.0,1.0,4.0,24.0,0.0,0.0,0.0,3.0,0.0,0.0,0.0,17.0,22.0,0.0,0.0,1.0,0.0,39.0,0.0,0.0,0.0,15.0,2.0,0.0,54.0,17.0
66,2025,3,0.0,44.0,65.0,18.0,0.0,49.0,2.0,6.0,13.0,0.0,0.0,0.0,1.0,1.0,2.0,0.0,20.0,12.0,0.0,0.0,1.0,0.0,35.0,0.0,0.0,1.0,8.0,4.0,1.0,76.0,16.0
66,2025,4,3.0,13.0,31.0,5.0,0.0,18.0,0.0,1.0,8.0,0.0,0.0,0.0,0.0,0.0,0.0,0.0,14.0,1.0,0.0,0.0,2.0,0.0,20.0,0.0,0.0,0.0,3.0,4.0,0.0,33.0,6.0
66,2025,5,1.0,48.0,81.0,11.0,0.0,48.0,8.0,8.0,20.0,1.0,0.0,0.0,0.0,0.0,0.0,0.0,20.0,26.0,0.0,0.0,2.0,0.0,48.0,0.0,0.0,1.0,14.0,1.0,2.0,72.0,15.0
66,2025,6,2.0,93.0,160.0,16.0,0.0,99.0,11.0,7.0,24.0,0.0,0.0,0.0,0.0,0.0,0.0,0.0,51.0,20.0,0.0,2.0,1.0,0.0,67.0,0.0,0.0,0.0,20.0,7.0,1.0,112.0,18.0
66,2025,7,3.0,55.0,110.0,15.0,0.0,44.0,6.0,10.0,26.0,0.0,1.0,0.0,0.0,0.0,0.0,0.0,33.0,25.0,0.0,0.0,6.0,0.0,39.0,0.0,0.0,3.0,11.0,5.0,1.0,66.0,26.0
66,2025,8,0.0,38.0,82.0,8.0,0.0,44.0,6.0,10.0,20.0,0.0,1.0,0.0,3.0,0.0,0.0,0.0,26.0,18.0,0.0,0.0,2.0,0.0,33.0,0.0,0.0,0.0,17.0,0.0,2.0,48.0,10.0
66,2025,9,1.0,27.0,82.0,10.0,2.0,36.0,0.0,10.0,15.0,0.0,0.0,0.0,0.0,0.0,0.0,0.0,12.0,10.0,0.0,1.0,0.0,0.0,37.0,0.0,0.0,1.0,5.0,3.0,0.0,51.0,11.0
66,2025,10,0.0,58.0,88.0,15.0,0.0,69.0,4.0,6.0,13.0,0.0,1.0,0.0,3.0,0.0,0.0,0.0,30.0,19.0,0.0,0.0,2.0,0.0,50.0,0.0,0.0,1.0,5.0,2.0,0.0,63.0,11.0
66,2025,11,0.0,50.0,102.0,10.0,0.0,38.0,6.0,9.0,16.0,0.0,0.0,0.0,5.0,0.0,0.0,0.0,27.0,20.0,0.0,0.0,0.0,0.0,31.0,0.0,0.0,0.0,8.0,3.0,2.0,43.0,10.0
66,2025,12,4.0,37.0,76.0,13.0,0.0,53.0,2.0,7.0,18.0,0.0,2.0,0.0,3.0,0.0,0.0,0.0,30.0,14.0,0.0,0.0,2.0,0.0,25.0,0.0,0.0,2.0,2.0,3.0,1.0,47.0,11.0
66,2026,1,1.0,37.0,63.0,10.0,1.0,42.0,5.0,10.0,36.0,0.0,1.0,1.0,4.0,0.0,0.0,0.0,34.0,30.0,0.0,0.0,5.0,0.0,27.0,0.0,0.0,0.0,10.0,2.0,0.0,59.0,16.0
66,2026,2,1.0,33.0,107.0,19.0,1.0,38.0,4.0,8.0,37.0,0.0,1.0,0.0,6.0,0.0,0.0,0.0,29.0,31.0,0.0,0.0,5.0,0.0,34.0,0.0,0.0,0.0,8.0,0.0,2.0,56.0,10.0
66,2026,3,2.0,40.0,80.0,12.0,0.0,54.0,3.0,10.0,14.0,0.0,0.0,0.0,3.0,1.0,0.0,0.0,31.0,17.0,0.0,0.0,5.0,0.0,44.0,0.0,0.0,2.0,10.0,2.0,2.0,53.0,12.0
66,2026,4,0.0,6.0,17.0,1.0,0.0,9.0,1.0,3.0,3.0,0.0,0.0,0.0,0.0,0.0,0.0,0.0,5.0,2.0,0.0,0.0,0.0,0.0,2.0,0.0,0.0,0.0,0.0,0.0,0.0,9.0,1.0
67,2024,1,1.0,29.0,62.0,8.0,1.0,46.0,2.0,1.0,13.0,0.0,1.0,0.0,3.0,0.0,0.0,0.0,31.0,18.0,0.0,0.0,6.0,0.0,29.0,0.0,0.0,0.0,21.0,1.0,0.0,33.0,27.0
67,2024,2,0.0,35.0,70.0,1.0,0.0,50.0,3.0,0.0,11.0,0.0,1.0,0.0,1.0,0.0,0.0,0.0,28.0,22.0,0.0,0.0,4.0,0.0,31.0,0.0,0.0,1.0,12.0,2.0,0.0,49.0,21.0
67,2024,3,0.0,43.0,77.0,7.0,0.0,54.0,1.0,7.0,11.0,0.0,0.0,0.0,3.0,0.0,0.0,1.0,34.0,22.0,0.0,0.0,3.0,0.0,36.0,0.0,0.0,1.0,9.0,1.0,1.0,55.0,17.0
67,2024,4,0.0,35.0,81.0,3.0,0.0,48.0,4.0,4.0,18.0,0.0,1.0,0.0,3.0,0.0,0.0,0.0,22.0,12.0,0.0,0.0,4.0,0.0,25.0,0.0,0.0,1.0,17.0,0.0,0.0,49.0,23.0
67,2024,5,2.0,39.0,103.0,6.0,1.0,41.0,2.0,8.0,30.0,0.0,0.0,0.0,2.0,1.0,0.0,0.0,25.0,13.0,0.0,0.0,7.0,0.0,57.0,0.0,0.0,1.0,14.0,3.0,0.0,41.0,23.0
67,2024,6,0.0,50.0,95.0,8.0,0.0,46.0,3.0,6.0,14.0,0.0,4.0,0.0,1.0,0.0,0.0,0.0,39.0,9.0,0.0,0.0,5.0,0.0,40.0,0.0,0.0,0.0,9.0,4.0,0.0,50.0,38.0
67,2024,7,2.0,48.0,102.0,6.0,0.0,48.0,2.0,3.0,11.0,0.0,4.0,0.0,3.0,0.0,0.0,0.0,36.0,12.0,0.0,0.0,5.0,1.0,40.0,0.0,0.0,1.0,19.0,2.0,1.0,47.0,31.0
67,2024,8,6.0,51.0,98.0,12.0,0.0,42.0,2.0,1.0,14.0,0.0,1.0,0.0,9.0,0.0,0.0,0.0,45.0,5.0,0.0,0.0,2.0,0.0,34.0,0.0,0.0,1.0,19.0,1.0,2.0,56.0,28.0
67,2024,9,3.0,43.0,84.0,9.0,0.0,44.0,3.0,5.0,12.0,0.0,1.0,0.0,4.0,0.0,1.0,0.0,25.0,7.0,0.0,0.0,2.0,0.0,38.0,0.0,0.0,1.0,22.0,1.0,0.0,59.0,32.0
67,2024,10,1.0,46.0,85.0,13.0,0.0,53.0,2.0,9.0,12.0,0.0,1.0,0.0,6.0,0.0,0.0,0.0,29.0,20.0,0.0,0.0,3.0,0.0,47.0,0.0,0.0,2.0,29.0,0.0,0.0,63.0,20.0
67,2024,11,2.0,42.0,80.0,13.0,1.0,43.0,1.0,4.0,14.0,0.0,2.0,0.0,2.0,0.0,0.0,1.0,30.0,22.0,0.0,0.0,4.0,0.0,27.0,0.0,0.0,0.0,22.0,1.0,1.0,39.0,16.0
67,2024,12,1.0,33.0,71.0,8.0,1.0,50.0,1.0,3.0,15.0,0.0,1.0,0.0,2.0,0.0,1.0,0.0,22.0,11.0,0.0,0.0,5.0,0.0,27.0,0.0,0.0,0.0,21.0,3.0,1.0,44.0,17.0
67,2025,1,1.0,37.0,67.0,5.0,0.0,40.0,1.0,5.0,14.0,0.0,0.0,0.0,4.0,0.0,0.0,0.0,20.0,18.0,0.0,0.0,5.0,0.0,39.0,0.0,0.0,1.0,15.0,5.0,0.0,33.0,21.0
67,2025,2,1.0,29.0,62.0,4.0,1.0,40.0,1.0,3.0,16.0,0.0,0.0,0.0,7.0,0.0,0.0,0.0,26.0,21.0,0.0,0.0,3.0,0.0,23.0,0.0,0.0,1.0,5.0,0.0,0.0,35.0,24.0
67,2025,3,2.0,48.0,61.0,5.0,1.0,29.0,2.0,6.0,13.0,0.0,2.0,0.0,3.0,0.0,0.0,0.0,22.0,15.0,0.0,0.0,5.0,0.0,35.0,0.0,0.0,1.0,14.0,3.0,1.0,38.0,17.0
67,2025,4,0.0,23.0,24.0,1.0,0.0,21.0,4.0,0.0,4.0,0.0,0.0,0.0,1.0,0.0,1.0,0.0,11.0,10.0,0.0,0.0,2.0,0.0,14.0,0.0,0.0,0.0,3.0,0.0,0.0,25.0,6.0
67,2025,5,2.0,27.0,91.0,15.0,0.0,50.0,1.0,3.0,16.0,0.0,1.0,0.0,3.0,0.0,0.0,0.0,35.0,23.0,0.0,0.0,2.0,0.0,25.0,0.0,0.0,2.0,7.0,3.0,2.0,39.0,18.0
67,2025,6,0.0,71.0,184.0,20.0,0.0,95.0,8.0,16.0,22.0,0.0,0.0,0.0,3.0,0.0,2.0,0.0,43.0,27.0,0.0,0.0,10.0,0.0,47.0,0.0,0.0,4.0,21.0,1.0,0.0,84.0,37.0
67,2025,7,0.0,59.0,98.0,13.0,0.0,61.0,5.0,5.0,13.0,0.0,1.0,0.0,7.0,0.0,0.0,0.0,28.0,31.0,0.0,0.0,3.0,0.0,24.0,0.0,0.0,0.0,12.0,1.0,1.0,59.0,23.0
67,2025,8,1.0,30.0,77.0,7.0,0.0,46.0,2.0,1.0,15.0,0.0,0.0,0.0,1.0,1.0,0.0,0.0,14.0,9.0,0.0,0.0,2.0,0.0,27.0,0.0,0.0,0.0,10.0,0.0,1.0,37.0,15.0
67,2025,9,1.0,37.0,61.0,14.0,1.0,29.0,4.0,7.0,11.0,0.0,2.0,0.0,0.0,0.0,0.0,0.0,17.0,6.0,0.0,0.0,4.0,0.0,42.0,0.0,0.0,1.0,5.0,1.0,0.0,53.0,9.0
67,2025,10,1.0,40.0,102.0,7.0,0.0,48.0,8.0,7.0,11.0,0.0,0.0,0.0,3.0,0.0,0.0,2.0,40.0,26.0,0.0,1.0,1.0,0.0,34.0,0.0,0.0,1.0,10.0,7.0,2.0,66.0,12.0
67,2025,11,0.0,52.0,73.0,18.0,0.0,58.0,2.0,7.0,17.0,0.0,0.0,0.0,2.0,0.0,0.0,0.0,21.0,21.0,0.0,0.0,5.0,0.0,32.0,0.0,0.0,0.0,8.0,2.0,0.0,55.0,11.0
67,2025,12,0.0,42.0,77.0,6.0,1.0,25.0,2.0,4.0,11.0,0.0,0.0,1.0,3.0,1.0,0.0,0.0,16.0,26.0,0.0,0.0,1.0,0.0,23.0,0.0,0.0,1.0,3.0,2.0,2.0,50.0,8.0
67,2026,1,0.0,38.0,62.0,12.0,1.0,34.0,1.0,5.0,21.0,0.0,0.0,0.0,8.0,0.0,1.0,0.0,20.0,20.0,0.0,0.0,4.0,0.0,34.0,0.0,0.0,2.0,6.0,1.0,0.0,37.0,13.0
67,2026,2,3.0,47.0,87.0,11.0,0.0,42.0,1.0,6.0,8.0,0.0,0.0,0.0,2.0,0.0,2.0,0.0,33.0,19.0,0.0,0.0,5.0,0.0,30.0,0.0,0.0,3.0,16.0,2.0,1.0,74.0,10.0
67,2026,3,0.0,36.0,77.0,3.0,2.0,43.0,1.0,9.0,9.0,0.0,0.0,0.0,7.0,1.0,0.0,0.0,29.0,21.0,0.0,0.0,6.0,0.0,43.0,0.0,0.0,2.0,9.0,2.0,1.0,60.0,7.0
67,2026,4,1.0,6.0,11.0,0.0,0.0,7.0,0.0,1.0,1.0,0.0,0.0,0.0,0.0,0.0,0.0,0.0,5.0,1.0,0.0,0.0,0.0,0.0,5.0,0.0,0.0,0.0,2.0,1.0,0.0,6.0,1.0
68,2024,1,1.0,45.0,92.0,11.0,2.0,43.0,0.0,7.0,18.0,0.0,3.0,0.0,2.0,1.0,0.0,0.0,32.0,23.0,0.0,0.0,4.0,0.0,33.0,0.0,0.0,2.0,13.0,3.0,1.0,35.0,44.0
68,2024,2,1.0,32.0,86.0,7.0,0.0,46.0,6.0,1.0,12.0,0.0,1.0,0.0,2.0,0.0,1.0,0.0,39.0,16.0,0.0,0.0,9.0,0.0,23.0,0.0,0.0,1.0,19.0,1.0,0.0,53.0,17.0
68,2024,3,0.0,34.0,97.0,9.0,1.0,52.0,7.0,7.0,20.0,0.0,2.0,0.0,0.0,0.0,0.0,0.0,34.0,11.0,0.0,0.0,6.0,0.0,34.0,0.0,0.0,1.0,16.0,0.0,3.0,45.0,28.0
68,2024,4,3.0,50.0,95.0,8.0,0.0,37.0,4.0,4.0,18.0,0.0,2.0,0.0,5.0,0.0,0.0,1.0,34.0,11.0,0.0,0.0,4.0,0.0,27.0,0.0,0.0,3.0,25.0,1.0,1.0,61.0,24.0
68,2024,5,2.0,61.0,124.0,10.0,1.0,42.0,3.0,4.0,16.0,0.0,2.0,0.0,3.0,0.0,0.0,0.0,30.0,10.0,0.0,1.0,8.0,0.0,39.0,0.0,0.0,1.0,19.0,1.0,0.0,51.0,22.0
68,2024,6,2.0,50.0,108.0,11.0,2.0,71.0,2.0,4.0,18.0,0.0,3.0,0.0,5.0,0.0,0.0,0.0,58.0,10.0,0.0,0.0,2.0,0.0,41.0,0.0,0.0,5.0,17.0,6.0,0.0,53.0,26.0
68,2024,7,0.0,52.0,129.0,8.0,2.0,63.0,1.0,6.0,22.0,0.0,2.0,0.0,1.0,0.0,0.0,1.0,44.0,14.0,0.0,1.0,0.0,0.0,21.0,0.0,0.0,4.0,22.0,1.0,1.0,70.0,37.0
68,2024,8,3.0,53.0,105.0,16.0,1.0,50.0,6.0,2.0,9.0,0.0,1.0,0.0,3.0,2.0,0.0,0.0,55.0,12.0,0.0,0.0,2.0,0.0,27.0,0.0,0.0,2.0,15.0,5.0,0.0,67.0,29.0
68,2024,9,3.0,73.0,113.0,8.0,1.0,70.0,2.0,4.0,15.0,0.0,0.0,0.0,3.0,0.0,0.0,0.0,47.0,7.0,0.0,0.0,5.0,0.0,38.0,0.0,0.0,0.0,16.0,1.0,1.0,60.0,20.0
68,2024,10,1.0,56.0,101.0,10.0,0.0,45.0,2.0,7.0,16.0,0.0,2.0,0.0,7.0,0.0,0.0,0.0,30.0,17.0,0.0,0.0,7.0,0.0,26.0,0.0,0.0,3.0,18.0,1.0,2.0,56.0,28.0
68,2024,11,0.0,40.0,94.0,6.0,0.0,41.0,3.0,4.0,16.0,0.0,1.0,0.0,3.0,0.0,0.0,1.0,33.0,11.0,0.0,0.0,0.0,0.0,30.0,0.0,0.0,1.0,14.0,0.0,0.0,59.0,23.0
68,2024,12,2.0,49.0,83.0,9.0,0.0,53.0,1.0,7.0,14.0,0.0,2.0,1.0,3.0,0.0,0.0,0.0,26.0,12.0,0.0,0.0,1.0,0.0,37.0,0.0,1.0,4.0,24.0,1.0,1.0,56.0,18.0
68,2025,1,1.0,49.0,81.0,12.0,0.0,39.0,4.0,5.0,24.0,0.0,0.0,0.0,5.0,0.0,0.0,0.0,24.0,26.0,0.0,0.0,2.0,0.0,39.0,0.0,0.0,2.0,15.0,3.0,0.0,41.0,24.0
68,2025,2,1.0,41.0,63.0,9.0,1.0,31.0,1.0,2.0,8.0,0.0,1.0,0.0,3.0,0.0,0.0,0.0,25.0,14.0,0.0,0.0,3.0,0.0,27.0,0.0,0.0,2.0,3.0,2.0,0.0,53.0,21.0
68,2025,3,1.0,31.0,107.0,7.0,0.0,38.0,1.0,4.0,17.0,0.0,2.0,0.0,7.0,0.0,1.0,0.0,27.0,16.0,0.0,0.0,3.0,0.0,48.0,0.0,0.0,3.0,12.0,2.0,0.0,56.0,22.0
68,2025,4,0.0,29.0,52.0,4.0,0.0,20.0,2.0,1.0,11.0,0.0,1.0,0.0,3.0,0.0,0.0,0.0,18.0,8.0,0.0,0.0,5.0,0.0,16.0,0.0,0.0,0.0,1.0,2.0,0.0,26.0,5.0
68,2025,5,1.0,61.0,101.0,14.0,0.0,49.0,3.0,9.0,17.0,0.0,0.0,0.0,3.0,0.0,0.0,0.0,28.0,9.0,0.0,0.0,2.0,0.0,33.0,0.0,0.0,2.0,21.0,2.0,3.0,47.0,20.0
68,2025,6,0.0,95.0,192.0,24.0,0.0,91.0,3.0,6.0,16.0,0.0,1.0,0.0,7.0,0.0,0.0,0.0,65.0,16.0,0.0,0.0,7.0,0.0,66.0,0.0,0.0,13.0,32.0,5.0,0.0,111.0,37.0
68,2025,7,0.0,68.0,139.0,23.0,0.0,56.0,3.0,8.0,14.0,0.0,0.0,0.0,0.0,0.0,0.0,1.0,28.0,24.0,0.0,0.0,11.0,0.0,43.0,1.0,0.0,1.0,17.0,4.0,0.0,67.0,27.0
68,2025,8,2.0,38.0,92.0,9.0,0.0,49.0,2.0,8.0,13.0,0.0,0.0,0.0,3.0,2.0,0.0,2.0,39.0,11.0,0.0,0.0,8.0,0.0,33.0,0.0,0.0,2.0,20.0,1.0,0.0,53.0,14.0
68,2025,9,0.0,32.0,75.0,6.0,0.0,35.0,5.0,10.0,9.0,0.0,0.0,0.0,2.0,0.0,0.0,0.0,16.0,5.0,0.0,0.0,2.0,0.0,44.0,0.0,0.0,0.0,5.0,3.0,2.0,48.0,17.0
68,2025,10,1.0,60.0,134.0,21.0,0.0,69.0,5.0,17.0,14.0,0.0,1.0,0.0,4.0,0.0,0.0,0.0,39.0,18.0,0.0,0.0,2.0,0.0,29.0,0.0,0.0,1.0,24.0,1.0,1.0,69.0,17.0
68,2025,11,2.0,41.0,88.0,13.0,0.0,36.0,3.0,5.0,9.0,0.0,3.0,0.0,1.0,0.0,1.0,0.0,29.0,19.0,0.0,0.0,3.0,0.0,53.0,2.0,0.0,4.0,2.0,0.0,1.0,50.0,16.0
68,2025,12,0.0,43.0,89.0,10.0,0.0,40.0,3.0,5.0,12.0,0.0,1.0,0.0,2.0,0.0,1.0,0.0,24.0,19.0,0.0,0.0,2.0,0.0,33.0,0.0,0.0,0.0,8.0,2.0,1.0,42.0,12.0
68,2026,1,2.0,32.0,69.0,5.0,2.0,37.0,4.0,4.0,11.0,0.0,2.0,0.0,3.0,0.0,0.0,0.0,21.0,14.0,0.0,0.0,4.0,0.0,30.0,0.0,0.0,0.0,7.0,1.0,0.0,40.0,12.0
68,2026,2,1.0,50.0,86.0,5.0,0.0,43.0,2.0,3.0,9.0,0.0,1.0,0.0,3.0,1.0,0.0,0.0,30.0,22.0,0.0,0.0,7.0,0.0,42.0,0.0,0.0,4.0,10.0,2.0,0.0,48.0,10.0
68,2026,3,1.0,50.0,95.0,5.0,1.0,50.0,2.0,8.0,14.0,0.0,2.0,0.0,8.0,0.0,0.0,0.0,33.0,11.0,0.0,0.0,8.0,0.0,28.0,0.0,0.0,1.0,5.0,0.0,1.0,52.0,15.0
68,2026,4,0.0,5.0,12.0,0.0,0.0,3.0,0.0,0.0,3.0,0.0,0.0,0.0,0.0,0.0,0.0,0.0,4.0,1.0,0.0,0.0,0.0,0.0,8.0,0.0,0.0,0.0,0.0,0.0,0.0,7.0,2.0
69,2024,1,1.0,46.0,105.0,13.0,3.0,50.0,1.0,13.0,23.0,0.0,5.0,0.0,4.0,1.0,0.0,0.0,42.0,8.0,0.0,0.0,3.0,0.0,36.0,0.0,0.0,1.0,16.0,1.0,2.0,80.0,29.0
69,2024,2,3.0,37.0,103.0,17.0,0.0,62.0,4.0,11.0,23.0,0.0,2.0,0.0,5.0,0.0,1.0,1.0,56.0,13.0,0.0,0.0,5.0,0.0,34.0,0.0,0.0,0.0,23.0,1.0,0.0,55.0,33.0
69,2024,3,6.0,47.0,127.0,20.0,0.0,56.0,3.0,9.0,14.0,0.0,5.0,0.0,4.0,0.0,0.0,0.0,53.0,12.0,0.0,0.0,2.0,0.0,40.0,0.0,0.0,1.0,25.0,2.0,0.0,89.0,32.0
69,2024,4,6.0,57.0,140.0,18.0,0.0,50.0,3.0,8.0,13.0,0.0,1.0,0.0,1.0,0.0,0.0,0.0,51.0,4.0,0.0,0.0,4.0,0.0,44.0,0.0,0.0,2.0,12.0,4.0,0.0,71.0,31.0
69,2024,5,0.0,83.0,147.0,22.0,1.0,70.0,2.0,6.0,40.0,0.0,3.0,0.0,5.0,0.0,0.0,0.0,51.0,9.0,0.0,0.0,5.0,0.0,47.0,0.0,0.0,5.0,22.0,1.0,2.0,68.0,37.0
69,2024,6,0.0,80.0,133.0,22.0,1.0,76.0,6.0,6.0,12.0,0.0,5.0,0.0,0.0,0.0,0.0,0.0,51.0,6.0,0.0,0.0,4.0,0.0,52.0,0.0,0.0,2.0,24.0,1.0,1.0,81.0,55.0
69,2024,7,1.0,69.0,133.0,18.0,1.0,71.0,0.0,9.0,22.0,0.0,6.0,0.0,1.0,0.0,0.0,4.0,63.0,8.0,0.0,0.0,2.0,0.0,43.0,0.0,0.0,3.0,20.0,3.0,1.0,73.0,46.0
69,2024,8,2.0,74.0,106.0,29.0,0.0,64.0,7.0,7.0,22.0,0.0,2.0,0.0,4.0,1.0,2.0,0.0,51.0,5.0,0.0,0.0,2.0,0.0,46.0,0.0,0.0,3.0,22.0,2.0,2.0,90.0,37.0
69,2024,9,2.0,57.0,137.0,13.0,0.0,58.0,4.0,13.0,25.0,0.0,3.0,0.0,0.0,0.0,1.0,0.0,43.0,7.0,0.0,0.0,7.0,0.0,66.0,0.0,0.0,1.0,31.0,0.0,0.0,85.0,30.0
69,2024,10,2.0,56.0,115.0,18.0,0.0,74.0,3.0,14.0,19.0,0.0,2.0,0.0,0.0,1.0,0.0,0.0,54.0,10.0,0.0,0.0,2.0,0.0,48.0,0.0,0.0,4.0,26.0,1.0,1.0,106.0,25.0
69,2024,11,1.0,42.0,91.0,26.0,1.0,49.0,1.0,10.0,15.0,0.0,1.0,0.0,4.0,0.0,0.0,0.0,29.0,8.0,0.0,0.0,3.0,0.0,31.0,0.0,0.0,0.0,15.0,3.0,0.0,82.0,16.0
69,2024,12,0.0,44.0,107.0,24.0,0.0,48.0,2.0,11.0,19.0,0.0,1.0,0.0,2.0,0.0,0.0,0.0,39.0,9.0,0.0,0.0,2.0,0.0,35.0,0.0,0.0,3.0,17.0,2.0,1.0,81.0,21.0
69,2025,1,1.0,47.0,85.0,7.0,0.0,50.0,2.0,11.0,24.0,0.0,1.0,0.0,4.0,1.0,0.0,1.0,40.0,12.0,0.0,0.0,7.0,0.0,36.0,0.0,0.0,2.0,14.0,2.0,0.0,43.0,15.0
69,2025,2,2.0,45.0,89.0,12.0,0.0,36.0,2.0,6.0,20.0,0.0,3.0,0.0,4.0,0.0,0.0,0.0,35.0,13.0,0.0,1.0,5.0,0.0,39.0,0.0,1.0,0.0,18.0,1.0,2.0,49.0,24.0
69,2025,3,1.0,44.0,110.0,4.0,0.0,43.0,3.0,8.0,18.0,0.0,3.0,0.0,1.0,0.0,0.0,0.0,34.0,12.0,0.0,0.0,3.0,0.0,33.0,0.0,0.0,1.0,10.0,1.0,0.0,61.0,28.0
69,2025,4,2.0,28.0,43.0,5.0,0.0,22.0,2.0,0.0,9.0,0.0,0.0,0.0,2.0,0.0,0.0,0.0,15.0,3.0,0.0,0.0,2.0,0.0,15.0,0.0,0.0,0.0,4.0,0.0,0.0,35.0,10.0
69,2025,5,2.0,66.0,118.0,22.0,1.0,66.0,3.0,10.0,23.0,0.0,3.0,0.0,2.0,2.0,0.0,0.0,32.0,10.0,0.0,0.0,7.0,0.0,38.0,0.0,0.0,1.0,28.0,4.0,0.0,89.0,21.0
69,2025,6,0.0,125.0,264.0,36.0,3.0,118.0,4.0,15.0,45.0,0.0,2.0,0.0,6.0,0.0,0.0,0.0,79.0,22.0,0.0,0.0,2.0,0.0,58.0,0.0,0.0,4.0,30.0,4.0,1.0,159.0,24.0
69,2025,7,2.0,67.0,140.0,25.0,1.0,69.0,2.0,22.0,38.0,0.0,0.0,0.0,4.0,0.0,0.0,0.0,36.0,18.0,0.0,0.0,6.0,0.0,55.0,0.0,0.0,2.0,6.0,1.0,2.0,79.0,45.0
69,2025,8,0.0,58.0,98.0,12.0,0.0,54.0,1.0,9.0,12.0,0.0,0.0,0.0,1.0,1.0,0.0,0.0,31.0,8.0,0.0,0.0,3.0,0.0,35.0,0.0,0.0,2.0,18.0,0.0,0.0,56.0,20.0
69,2025,9,1.0,64.0,89.0,13.0,0.0,57.0,2.0,10.0,17.0,0.0,3.0,0.0,1.0,0.0,0.0,0.0,21.0,15.0,0.0,0.0,4.0,0.0,43.0,0.0,0.0,1.0,16.0,3.0,2.0,58.0,14.0
69,2025,10,0.0,74.0,145.0,18.0,1.0,102.0,1.0,18.0,22.0,0.0,1.0,0.0,8.0,0.0,0.0,1.0,46.0,16.0,0.0,0.0,7.0,0.0,36.0,0.0,0.0,3.0,16.0,3.0,1.0,95.0,14.0
69,2025,11,5.0,69.0,139.0,18.0,1.0,80.0,7.0,14.0,18.0,0.0,1.0,0.0,1.0,0.0,0.0,0.0,33.0,9.0,0.0,0.0,4.0,0.0,27.0,0.0,0.0,0.0,9.0,0.0,0.0,91.0,21.0
69,2025,12,0.0,62.0,82.0,36.0,0.0,43.0,8.0,20.0,13.0,0.0,2.0,0.0,0.0,0.0,0.0,1.0,28.0,9.0,0.0,0.0,9.0,0.0,18.0,0.0,0.0,1.0,15.0,2.0,1.0,54.0,13.0
69,2026,1,2.0,55.0,111.0,20.0,0.0,50.0,3.0,7.0,13.0,0.0,0.0,0.0,4.0,1.0,0.0,0.0,25.0,12.0,0.0,0.0,6.0,0.0,34.0,0.0,0.0,1.0,19.0,2.0,1.0,64.0,21.0
69,2026,2,1.0,55.0,131.0,15.0,1.0,46.0,6.0,12.0,18.0,0.0,0.0,0.0,6.0,0.0,0.0,1.0,44.0,11.0,0.0,0.0,9.0,0.0,47.0,0.0,0.0,1.0,11.0,0.0,1.0,64.0,28.0
69,2026,3,0.0,85.0,146.0,14.0,1.0,65.0,3.0,18.0,23.0,0.0,3.0,0.0,4.0,1.0,0.0,0.0,44.0,18.0,0.0,0.0,2.0,0.0,39.0,0.0,0.0,3.0,10.0,1.0,1.0,74.0,20.0
69,2026,4,0.0,3.0,17.0,1.0,0.0,6.0,1.0,0.0,3.0,0.0,1.0,0.0,1.0,0.0,0.0,0.0,6.0,0.0,0.0,0.0,2.0,0.0,3.0,0.0,0.0,2.0,0.0,0.0,1.0,11.0,0.0
70,2024,1,0.0,20.0,28.0,5.0,0.0,15.0,0.0,1.0,16.0,0.0,0.0,0.0,0.0,0.0,0.0,0.0,19.0,2.0,0.0,1.0,3.0,0.0,17.0,0.0,0.0,0.0,4.0,2.0,0.0,44.0,7.0
70,2024,2,0.0,14.0,24.0,8.0,0.0,23.0,1.0,3.0,14.0,0.0,0.0,0.0,0.0,0.0,0.0,0.0,20.0,0.0,0.0,1.0,1.0,0.0,15.0,0.0,0.0,0.0,4.0,1.0,1.0,37.0,2.0
70,2024,3,1.0,22.0,22.0,8.0,0.0,45.0,0.0,2.0,13.0,0.0,0.0,0.0,0.0,0.0,0.0,0.0,34.0,1.0,0.0,1.0,2.0,0.0,14.0,0.0,0.0,0.0,8.0,1.0,2.0,34.0,5.0
70,2024,4,1.0,19.0,40.0,8.0,0.0,29.0,0.0,1.0,14.0,0.0,1.0,0.0,0.0,0.0,0.0,0.0,31.0,1.0,0.0,0.0,3.0,0.0,15.0,0.0,0.0,0.0,2.0,1.0,0.0,20.0,3.0
70,2024,5,0.0,24.0,39.0,10.0,0.0,23.0,0.0,4.0,12.0,0.0,1.0,0.0,0.0,0.0,0.0,0.0,51.0,0.0,0.0,0.0,3.0,0.0,26.0,0.0,0.0,0.0,3.0,3.0,0.0,36.0,8.0
70,2024,6,2.0,21.0,36.0,9.0,0.0,30.0,2.0,5.0,17.0,0.0,1.0,0.0,0.0,0.0,0.0,0.0,27.0,1.0,0.0,0.0,0.0,0.0,12.0,0.0,0.0,0.0,1.0,0.0,0.0,37.0,7.0
70,2024,7,1.0,14.0,30.0,9.0,0.0,26.0,0.0,2.0,11.0,0.0,0.0,0.0,0.0,0.0,0.0,0.0,57.0,0.0,0.0,0.0,2.0,0.0,16.0,0.0,0.0,1.0,14.0,0.0,3.0,41.0,7.0
70,2024,8,0.0,11.0,29.0,12.0,0.0,16.0,1.0,5.0,14.0,0.0,0.0,0.0,0.0,0.0,0.0,0.0,32.0,1.0,0.0,1.0,1.0,0.0,9.0,0.0,0.0,1.0,3.0,0.0,1.0,32.0,5.0
70,2024,9,1.0,21.0,38.0,10.0,0.0,18.0,2.0,6.0,12.0,0.0,0.0,0.0,0.0,0.0,0.0,0.0,35.0,0.0,0.0,0.0,3.0,0.0,19.0,0.0,0.0,0.0,0.0,1.0,0.0,43.0,2.0
70,2024,10,0.0,30.0,39.0,2.0,0.0,33.0,1.0,4.0,21.0,0.0,2.0,0.0,0.0,0.0,0.0,0.0,27.0,2.0,0.0,0.0,2.0,0.0,17.0,0.0,0.0,0.0,6.0,1.0,0.0,36.0,3.0
70,2024,11,0.0,22.0,24.0,6.0,0.0,24.0,3.0,2.0,12.0,0.0,1.0,0.0,1.0,0.0,0.0,0.0,23.0,0.0,0.0,0.0,0.0,0.0,22.0,0.0,0.0,0.0,2.0,2.0,0.0,43.0,1.0
70,2024,12,0.0,24.0,27.0,5.0,0.0,15.0,0.0,1.0,14.0,0.0,0.0,0.0,0.0,1.0,0.0,0.0,34.0,1.0,0.0,1.0,0.0,0.0,20.0,0.0,0.0,1.0,3.0,1.0,0.0,27.0,6.0
70,2025,1,0.0,16.0,26.0,9.0,0.0,19.0,0.0,5.0,18.0,0.0,0.0,0.0,1.0,0.0,0.0,0.0,12.0,2.0,0.0,0.0,1.0,0.0,12.0,0.0,0.0,1.0,3.0,4.0,1.0,16.0,4.0
70,2025,2,0.0,12.0,23.0,12.0,0.0,17.0,0.0,3.0,16.0,0.0,0.0,0.0,0.0,0.0,0.0,0.0,11.0,0.0,0.0,0.0,1.0,0.0,6.0,0.0,0.0,1.0,0.0,0.0,0.0,21.0,3.0
70,2025,3,1.0,17.0,29.0,4.0,0.0,16.0,2.0,3.0,18.0,0.0,0.0,0.0,0.0,0.0,0.0,0.0,12.0,2.0,0.0,0.0,3.0,0.0,12.0,0.0,0.0,1.0,1.0,0.0,1.0,24.0,4.0
70,2025,4,0.0,12.0,13.0,6.0,0.0,8.0,0.0,1.0,5.0,0.0,0.0,0.0,0.0,0.0,0.0,0.0,9.0,0.0,0.0,0.0,2.0,0.0,7.0,0.0,0.0,0.0,1.0,2.0,0.0,7.0,0.0
70,2025,5,0.0,21.0,29.0,9.0,0.0,13.0,0.0,0.0,15.0,0.0,0.0,0.0,0.0,0.0,0.0,1.0,22.0,1.0,0.0,0.0,3.0,0.0,22.0,0.0,0.0,4.0,1.0,0.0,0.0,20.0,4.0
70,2025,6,0.0,37.0,56.0,0.0,0.0,22.0,3.0,4.0,25.0,0.0,1.0,0.0,4.0,0.0,0.0,0.0,41.0,0.0,0.0,2.0,3.0,0.0,24.0,0.0,0.0,0.0,9.0,2.0,4.0,50.0,10.0
70,2025,7,0.0,21.0,45.0,5.0,0.0,20.0,0.0,3.0,18.0,0.0,0.0,0.0,0.0,0.0,0.0,0.0,29.0,0.0,0.0,0.0,1.0,0.0,19.0,0.0,0.0,0.0,4.0,0.0,1.0,31.0,6.0
70,2025,8,0.0,13.0,23.0,7.0,1.0,18.0,3.0,6.0,14.0,0.0,0.0,0.0,1.0,0.0,0.0,0.0,19.0,1.0,0.0,0.0,0.0,0.0,18.0,0.0,0.0,1.0,0.0,1.0,0.0,32.0,1.0
70,2025,9,0.0,13.0,34.0,2.0,0.0,14.0,0.0,2.0,8.0,0.0,1.0,0.0,0.0,0.0,0.0,0.0,10.0,1.0,0.0,0.0,2.0,0.0,11.0,0.0,0.0,0.0,2.0,1.0,1.0,20.0,1.0
70,2025,10,0.0,28.0,48.0,8.0,0.0,30.0,2.0,4.0,19.0,0.0,0.0,0.0,0.0,0.0,0.0,0.0,34.0,1.0,0.0,1.0,6.0,0.0,11.0,0.0,0.0,1.0,7.0,2.0,0.0,38.0,3.0
70,2025,11,0.0,14.0,39.0,1.0,0.0,38.0,1.0,2.0,7.0,0.0,0.0,0.0,0.0,0.0,0.0,0.0,13.0,0.0,0.0,0.0,1.0,0.0,16.0,0.0,0.0,0.0,3.0,1.0,2.0,17.0,5.0
70,2025,12,0.0,21.0,29.0,4.0,0.0,19.0,1.0,1.0,16.0,0.0,0.0,0.0,0.0,0.0,0.0,0.0,20.0,0.0,0.0,0.0,1.0,0.0,11.0,0.0,0.0,0.0,0.0,0.0,0.0,27.0,1.0
70,2026,1,0.0,10.0,24.0,2.0,0.0,19.0,1.0,4.0,11.0,0.0,0.0,0.0,1.0,0.0,0.0,0.0,17.0,1.0,0.0,0.0,0.0,0.0,13.0,0.0,0.0,0.0,3.0,1.0,1.0,21.0,5.0
70,2026,2,0.0,29.0,39.0,7.0,0.0,21.0,1.0,0.0,26.0,0.0,0.0,0.0,0.0,1.0,0.0,0.0,20.0,2.0,0.0,1.0,1.0,0.0,19.0,0.0,0.0,0.0,3.0,4.0,0.0,47.0,13.0
70,2026,3,0.0,27.0,29.0,6.0,0.0,23.0,2.0,1.0,12.0,0.0,0.0,0.0,0.0,0.0,0.0,0.0,17.0,3.0,0.0,0.0,2.0,0.0,12.0,0.0,0.0,0.0,3.0,0.0,2.0,24.0,7.0
70,2026,4,0.0,1.0,1.0,1.0,0.0,0.0,0.0,0.0,3.0,0.0,0.0,0.0,0.0,0.0,0.0,0.0,0.0,0.0,0.0,0.0,0.0,0.0,1.0,0.0,0.0,0.0,0.0,0.0,0.0,4.0,1.0
71,2024,1,0.0,50.0,98.0,14.0,1.0,79.0,3.0,6.0,21.0,0.0,2.0,0.0,1.0,0.0,0.0,0.0,53.0,4.0,0.0,0.0,4.0,0.0,54.0,0.0,0.0,3.0,11.0,1.0,4.0,65.0,17.0
71,2024,2,0.0,50.0,104.0,10.0,0.0,70.0,2.0,8.0,23.0,0.0,2.0,0.0,1.0,0.0,0.0,1.0,50.0,5.0,0.0,0.0,3.0,0.0,45.0,0.0,1.0,1.0,21.0,1.0,0.0,71.0,24.0
71,2024,3,1.0,63.0,112.0,21.0,0.0,106.0,1.0,12.0,20.0,0.0,3.0,0.0,2.0,0.0,1.0,0.0,47.0,7.0,0.0,0.0,6.0,0.0,52.0,0.0,0.0,0.0,12.0,3.0,1.0,81.0,18.0
71,2024,4,0.0,61.0,124.0,14.0,0.0,83.0,3.0,14.0,18.0,0.0,5.0,0.0,2.0,0.0,0.0,1.0,43.0,8.0,0.0,0.0,11.0,0.0,47.0,0.0,0.0,3.0,23.0,8.0,0.0,66.0,26.0
71,2024,5,3.0,74.0,113.0,22.0,1.0,82.0,2.0,9.0,23.0,0.0,2.0,0.0,4.0,0.0,0.0,0.0,47.0,1.0,0.0,0.0,5.0,0.0,51.0,0.0,0.0,3.0,19.0,5.0,2.0,90.0,31.0
71,2024,6,1.0,75.0,135.0,16.0,0.0,88.0,1.0,11.0,20.0,0.0,1.0,0.0,2.0,0.0,1.0,0.0,58.0,12.0,0.0,0.0,11.0,0.0,51.0,0.0,0.0,2.0,13.0,5.0,2.0,75.0,31.0
71,2024,7,0.0,81.0,125.0,21.0,0.0,84.0,3.0,11.0,31.0,0.0,4.0,0.0,2.0,0.0,0.0,0.0,68.0,10.0,0.0,0.0,5.0,0.0,82.0,0.0,0.0,2.0,26.0,2.0,1.0,84.0,23.0
71,2024,8,1.0,75.0,106.0,21.0,0.0,74.0,0.0,8.0,23.0,0.0,3.0,0.0,0.0,1.0,0.0,0.0,47.0,15.0,0.0,0.0,7.0,0.0,60.0,0.0,0.0,0.0,26.0,2.0,1.0,79.0,28.0
71,2024,9,1.0,64.0,117.0,26.0,0.0,94.0,3.0,9.0,13.0,2.0,0.0,0.0,1.0,0.0,0.0,0.0,56.0,7.0,0.0,0.0,5.0,0.0,47.0,0.0,0.0,3.0,18.0,1.0,6.0,66.0,16.0
71,2024,10,3.0,88.0,126.0,14.0,0.0,82.0,4.0,9.0,20.0,0.0,6.0,0.0,3.0,0.0,0.0,0.0,37.0,8.0,0.0,0.0,2.0,0.0,40.0,0.0,0.0,1.0,28.0,1.0,1.0,82.0,24.0
71,2024,11,0.0,47.0,97.0,9.0,0.0,70.0,1.0,13.0,34.0,0.0,1.0,1.0,2.0,0.0,0.0,0.0,41.0,7.0,0.0,0.0,6.0,0.0,41.0,0.0,0.0,2.0,22.0,1.0,3.0,68.0,14.0
71,2024,12,2.0,44.0,102.0,24.0,0.0,68.0,2.0,3.0,23.0,0.0,0.0,0.0,2.0,0.0,0.0,0.0,39.0,9.0,0.0,0.0,4.0,0.0,46.0,0.0,0.0,2.0,14.0,2.0,1.0,72.0,12.0
71,2025,1,1.0,49.0,88.0,17.0,0.0,60.0,1.0,5.0,31.0,0.0,3.0,0.0,2.0,0.0,0.0,1.0,33.0,18.0,0.0,0.0,7.0,0.0,59.0,0.0,0.0,0.0,22.0,0.0,3.0,84.0,17.0
71,2025,2,4.0,37.0,86.0,15.0,1.0,38.0,5.0,8.0,34.0,0.0,1.0,0.0,1.0,0.0,1.0,0.0,54.0,6.0,0.0,0.0,5.0,0.0,42.0,0.0,0.0,4.0,7.0,3.0,2.0,65.0,17.0
71,2025,3,1.0,44.0,92.0,18.0,1.0,50.0,2.0,9.0,26.0,0.0,1.0,0.0,1.0,0.0,0.0,0.0,29.0,7.0,0.0,0.0,5.0,0.0,29.0,0.0,0.0,3.0,11.0,1.0,1.0,53.0,13.0
71,2025,4,0.0,19.0,46.0,7.0,0.0,33.0,6.0,3.0,20.0,0.0,1.0,0.0,1.0,0.0,0.0,1.0,24.0,3.0,0.0,0.0,3.0,0.0,16.0,0.0,0.0,0.0,6.0,3.0,0.0,28.0,3.0
71,2025,5,1.0,63.0,112.0,14.0,0.0,74.0,2.0,8.0,28.0,0.0,0.0,0.0,3.0,2.0,0.0,1.0,57.0,8.0,0.0,0.0,6.0,0.0,63.0,0.0,0.0,3.0,20.0,1.0,1.0,69.0,11.0
71,2025,6,0.0,121.0,213.0,32.0,0.0,126.0,4.0,13.0,31.0,0.0,1.0,0.0,6.0,0.0,0.0,0.0,113.0,8.0,0.0,0.0,3.0,0.0,63.0,0.0,0.0,0.0,37.0,2.0,3.0,163.0,12.0
71,2025,7,0.0,85.0,139.0,23.0,0.0,107.0,4.0,15.0,29.0,0.0,1.0,0.0,2.0,0.0,0.0,0.0,68.0,14.0,0.0,0.0,7.0,0.0,46.0,0.0,0.0,3.0,20.0,2.0,1.0,98.0,14.0
71,2025,8,0.0,44.0,104.0,16.0,0.0,46.0,5.0,11.0,22.0,1.0,0.0,0.0,1.0,0.0,1.0,0.0,37.0,11.0,0.0,0.0,2.0,0.0,39.0,0.0,0.0,2.0,3.0,1.0,3.0,59.0,6.0
71,2025,9,1.0,39.0,88.0,22.0,0.0,48.0,0.0,4.0,18.0,0.0,1.0,0.0,0.0,0.0,0.0,0.0,23.0,6.0,0.0,0.0,2.0,0.0,18.0,0.0,0.0,2.0,5.0,0.0,0.0,50.0,13.0
71,2025,10,1.0,67.0,110.0,38.0,0.0,119.0,7.0,14.0,21.0,0.0,3.0,0.0,3.0,1.0,0.0,0.0,67.0,17.0,0.0,0.0,4.0,0.0,54.0,0.0,0.0,3.0,20.0,1.0,1.0,67.0,5.0
71,2025,11,2.0,49.0,106.0,15.0,0.0,130.0,3.0,6.0,16.0,0.0,3.0,0.0,5.0,0.0,0.0,0.0,61.0,9.0,0.0,1.0,1.0,0.0,40.0,2.0,0.0,2.0,13.0,5.0,1.0,77.0,12.0
71,2025,12,0.0,43.0,83.0,18.0,1.0,75.0,2.0,11.0,23.0,0.0,1.0,0.0,1.0,0.0,0.0,0.0,30.0,6.0,0.0,1.0,5.0,0.0,41.0,0.0,0.0,1.0,9.0,0.0,0.0,76.0,4.0
71,2026,1,1.0,40.0,76.0,13.0,0.0,59.0,2.0,6.0,24.0,0.0,1.0,0.0,2.0,0.0,0.0,0.0,37.0,3.0,0.0,0.0,5.0,0.0,30.0,0.0,0.0,0.0,9.0,3.0,1.0,86.0,13.0
71,2026,2,1.0,87.0,111.0,13.0,0.0,76.0,5.0,18.0,19.0,0.0,2.0,0.0,2.0,0.0,1.0,0.0,47.0,11.0,0.0,0.0,9.0,0.0,42.0,0.0,1.0,2.0,7.0,2.0,4.0,80.0,10.0
71,2026,3,1.0,50.0,97.0,9.0,0.0,69.0,2.0,14.0,17.0,0.0,2.0,0.0,0.0,1.0,0.0,0.0,34.0,11.0,0.0,0.0,7.0,0.0,50.0,0.0,0.0,2.0,5.0,2.0,4.0,64.0,13.0
71,2026,4,0.0,10.0,11.0,7.0,0.0,6.0,0.0,0.0,0.0,0.0,0.0,0.0,0.0,0.0,0.0,0.0,2.0,2.0,0.0,0.0,0.0,0.0,9.0,0.0,0.0,0.0,0.0,1.0,0.0,11.0,2.0
72,2024,1,0.0,10.0,4.0,0.0,0.0,6.0,0.0,1.0,9.0,0.0,0.0,0.0,0.0,0.0,0.0,0.0,6.0,0.0,0.0,0.0,1.0,0.0,7.0,0.0,0.0,0.0,0.0,0.0,1.0,11.0,0.0
72,2024,2,0.0,3.0,7.0,5.0,0.0,14.0,0.0,4.0,8.0,0.0,0.0,0.0,0.0,0.0,0.0,0.0,7.0,1.0,0.0,0.0,2.0,0.0,4.0,0.0,0.0,0.0,2.0,1.0,0.0,17.0,3.0
72,2024,3,0.0,8.0,9.0,2.0,0.0,10.0,0.0,2.0,8.0,0.0,1.0,0.0,0.0,0.0,0.0,0.0,8.0,1.0,0.0,0.0,0.0,0.0,11.0,0.0,0.0,1.0,0.0,1.0,0.0,12.0,1.0
72,2024,4,0.0,4.0,9.0,0.0,0.0,7.0,0.0,1.0,13.0,0.0,0.0,0.0,0.0,0.0,0.0,0.0,11.0,0.0,1.0,0.0,2.0,0.0,13.0,0.0,0.0,0.0,0.0,2.0,0.0,15.0,1.0
72,2024,5,0.0,5.0,7.0,2.0,0.0,9.0,0.0,1.0,9.0,0.0,0.0,0.0,0.0,1.0,0.0,0.0,8.0,1.0,0.0,0.0,5.0,0.0,14.0,0.0,0.0,1.0,1.0,0.0,0.0,17.0,1.0
72,2024,6,0.0,6.0,13.0,1.0,0.0,14.0,1.0,1.0,7.0,0.0,0.0,0.0,0.0,0.0,0.0,0.0,5.0,0.0,0.0,0.0,0.0,0.0,9.0,0.0,0.0,0.0,2.0,0.0,0.0,22.0,2.0
72,2024,7,0.0,5.0,10.0,5.0,0.0,11.0,1.0,1.0,6.0,0.0,0.0,0.0,0.0,0.0,0.0,0.0,6.0,1.0,0.0,0.0,0.0,0.0,10.0,0.0,0.0,0.0,1.0,0.0,0.0,37.0,0.0
72,2024,8,0.0,6.0,6.0,3.0,0.0,12.0,0.0,4.0,7.0,0.0,0.0,0.0,0.0,0.0,0.0,0.0,5.0,0.0,0.0,0.0,1.0,0.0,6.0,0.0,0.0,0.0,3.0,0.0,0.0,21.0,2.0
72,2024,9,0.0,11.0,5.0,3.0,0.0,9.0,0.0,0.0,10.0,0.0,0.0,0.0,0.0,0.0,0.0,0.0,7.0,0.0,0.0,0.0,0.0,0.0,10.0,0.0,0.0,0.0,1.0,1.0,1.0,17.0,0.0
72,2024,10,0.0,5.0,11.0,2.0,0.0,7.0,0.0,0.0,8.0,0.0,0.0,0.0,0.0,0.0,0.0,0.0,9.0,1.0,0.0,0.0,2.0,0.0,9.0,0.0,0.0,0.0,2.0,0.0,0.0,14.0,0.0
72,2024,11,0.0,6.0,12.0,2.0,0.0,11.0,0.0,0.0,6.0,0.0,0.0,0.0,0.0,0.0,0.0,0.0,6.0,0.0,0.0,0.0,2.0,0.0,8.0,0.0,0.0,0.0,2.0,1.0,0.0,18.0,0.0
72,2024,12,0.0,2.0,10.0,4.0,0.0,13.0,1.0,1.0,8.0,0.0,0.0,0.0,0.0,0.0,0.0,0.0,7.0,1.0,0.0,0.0,0.0,0.0,9.0,0.0,0.0,0.0,0.0,0.0,0.0,17.0,1.0
72,2025,1,0.0,8.0,7.0,5.0,0.0,9.0,0.0,3.0,10.0,0.0,0.0,0.0,0.0,0.0,0.0,0.0,7.0,3.0,0.0,0.0,1.0,0.0,7.0,0.0,0.0,0.0,1.0,1.0,0.0,11.0,1.0
72,2025,2,0.0,3.0,12.0,3.0,0.0,5.0,1.0,3.0,9.0,0.0,1.0,0.0,0.0,0.0,0.0,0.0,6.0,1.0,0.0,0.0,1.0,0.0,12.0,0.0,0.0,0.0,1.0,0.0,1.0,13.0,0.0
72,2025,3,0.0,4.0,14.0,4.0,0.0,8.0,0.0,2.0,6.0,0.0,0.0,0.0,0.0,0.0,0.0,0.0,10.0,1.0,0.0,0.0,1.0,0.0,6.0,0.0,0.0,0.0,0.0,0.0,0.0,18.0,0.0
72,2025,4,0.0,5.0,5.0,0.0,0.0,5.0,0.0,1.0,1.0,0.0,0.0,0.0,0.0,0.0,0.0,0.0,0.0,0.0,0.0,0.0,0.0,0.0,3.0,0.0,0.0,0.0,1.0,0.0,0.0,10.0,1.0
72,2025,5,0.0,6.0,9.0,3.0,0.0,9.0,0.0,1.0,8.0,0.0,0.0,0.0,0.0,0.0,1.0,0.0,5.0,1.0,0.0,0.0,1.0,0.0,14.0,0.0,0.0,0.0,0.0,0.0,0.0,18.0,0.0
72,2025,6,0.0,9.0,31.0,8.0,0.0,16.0,2.0,7.0,2.0,0.0,0.0,0.0,0.0,0.0,0.0,0.0,12.0,0.0,0.0,0.0,0.0,0.0,17.0,0.0,0.0,0.0,2.0,4.0,0.0,32.0,4.0
72,2025,7,0.0,13.0,21.0,7.0,0.0,8.0,3.0,8.0,11.0,0.0,0.0,0.0,0.0,0.0,0.0,0.0,5.0,1.0,0.0,0.0,1.0,0.0,1.0,0.0,0.0,0.0,1.0,0.0,1.0,27.0,1.0
72,2025,8,0.0,4.0,10.0,6.0,0.0,8.0,1.0,0.0,8.0,0.0,0.0,0.0,0.0,0.0,0.0,0.0,6.0,1.0,0.0,1.0,0.0,0.0,6.0,0.0,0.0,0.0,1.0,0.0,0.0,26.0,1.0
72,2025,9,0.0,4.0,6.0,0.0,0.0,9.0,0.0,3.0,8.0,0.0,0.0,0.0,0.0,0.0,0.0,0.0,4.0,0.0,0.0,0.0,3.0,0.0,2.0,0.0,0.0,0.0,1.0,2.0,2.0,10.0,0.0
72,2025,10,0.0,8.0,16.0,2.0,0.0,21.0,0.0,1.0,16.0,0.0,0.0,0.0,0.0,0.0,0.0,0.0,8.0,1.0,0.0,0.0,1.0,0.0,11.0,0.0,0.0,0.0,3.0,0.0,0.0,17.0,2.0
72,2025,11,0.0,9.0,8.0,4.0,0.0,13.0,0.0,2.0,8.0,0.0,0.0,0.0,0.0,0.0,0.0,1.0,12.0,1.0,0.0,0.0,0.0,0.0,7.0,0.0,0.0,1.0,0.0,1.0,0.0,31.0,0.0
72,2025,12,0.0,4.0,9.0,2.0,0.0,11.0,0.0,1.0,6.0,0.0,0.0,0.0,0.0,0.0,0.0,0.0,10.0,0.0,0.0,0.0,0.0,0.0,3.0,0.0,0.0,0.0,1.0,0.0,0.0,12.0,1.0
72,2026,1,0.0,6.0,5.0,2.0,0.0,7.0,1.0,0.0,12.0,0.0,0.0,0.0,1.0,0.0,0.0,0.0,9.0,1.0,0.0,0.0,1.0,0.0,6.0,0.0,0.0,0.0,1.0,2.0,0.0,19.0,1.0
72,2026,2,0.0,1.0,24.0,7.0,0.0,18.0,0.0,2.0,6.0,0.0,0.0,0.0,0.0,0.0,0.0,0.0,5.0,1.0,0.0,0.0,0.0,0.0,8.0,0.0,0.0,0.0,0.0,0.0,0.0,25.0,2.0
72,2026,3,0.0,7.0,14.0,5.0,0.0,9.0,0.0,3.0,3.0,0.0,0.0,0.0,0.0,0.0,0.0,0.0,5.0,1.0,0.0,0.0,0.0,0.0,7.0,0.0,0.0,0.0,1.0,0.0,0.0,15.0,0.0
72,2026,4,0.0,0.0,2.0,1.0,0.0,1.0,0.0,0.0,1.0,0.0,0.0,0.0,0.0,0.0,0.0,0.0,1.0,0.0,0.0,0.0,0.0,0.0,1.0,0.0,0.0,0.0,1.0,0.0,0.0,1.0,0.0
73,2024,1,0.0,14.0,43.0,3.0,0.0,30.0,0.0,2.0,4.0,0.0,1.0,0.0,1.0,0.0,0.0,0.0,35.0,3.0,0.0,0.0,3.0,0.0,27.0,0.0,0.0,0.0,6.0,0.0,0.0,49.0,9.0
73,2024,2,0.0,25.0,40.0,6.0,0.0,24.0,2.0,1.0,13.0,0.0,0.0,0.0,2.0,0.0,1.0,0.0,29.0,6.0,0.0,0.0,4.0,0.0,24.0,0.0,0.0,0.0,4.0,1.0,0.0,46.0,13.0
73,2024,3,0.0,28.0,38.0,5.0,0.0,56.0,1.0,7.0,16.0,0.0,0.0,0.0,1.0,0.0,0.0,0.0,24.0,7.0,0.0,0.0,1.0,0.0,20.0,0.0,0.0,0.0,4.0,1.0,0.0,69.0,10.0
73,2024,4,0.0,37.0,38.0,11.0,0.0,29.0,3.0,5.0,8.0,0.0,1.0,0.0,1.0,0.0,0.0,0.0,12.0,6.0,0.0,0.0,4.0,0.0,19.0,0.0,0.0,0.0,5.0,1.0,0.0,58.0,10.0
73,2024,5,0.0,27.0,52.0,8.0,0.0,31.0,1.0,5.0,16.0,0.0,0.0,0.0,0.0,0.0,0.0,1.0,25.0,5.0,0.0,0.0,2.0,0.0,19.0,0.0,0.0,0.0,2.0,2.0,0.0,71.0,13.0
73,2024,6,0.0,29.0,50.0,8.0,0.0,28.0,2.0,3.0,16.0,0.0,4.0,0.0,4.0,0.0,0.0,0.0,32.0,3.0,0.0,0.0,1.0,0.0,18.0,0.0,0.0,1.0,4.0,2.0,0.0,60.0,8.0
73,2024,7,0.0,21.0,41.0,12.0,1.0,27.0,1.0,3.0,15.0,0.0,0.0,0.0,4.0,0.0,0.0,0.0,32.0,4.0,0.0,0.0,3.0,0.0,30.0,0.0,0.0,0.0,8.0,1.0,0.0,74.0,16.0
73,2024,8,1.0,25.0,42.0,7.0,0.0,42.0,0.0,1.0,21.0,0.0,0.0,0.0,2.0,0.0,0.0,0.0,38.0,7.0,0.0,0.0,1.0,0.0,24.0,0.0,0.0,0.0,6.0,0.0,0.0,66.0,7.0
73,2024,9,1.0,31.0,39.0,6.0,1.0,32.0,3.0,4.0,12.0,0.0,1.0,0.0,0.0,1.0,0.0,0.0,22.0,5.0,0.0,0.0,4.0,0.0,20.0,0.0,0.0,0.0,9.0,1.0,2.0,45.0,16.0
73,2024,10,0.0,31.0,38.0,5.0,0.0,22.0,0.0,2.0,14.0,0.0,0.0,0.0,1.0,0.0,0.0,0.0,22.0,6.0,0.0,0.0,2.0,0.0,24.0,0.0,0.0,3.0,11.0,1.0,1.0,49.0,6.0
73,2024,11,0.0,22.0,31.0,6.0,0.0,31.0,1.0,5.0,7.0,0.0,1.0,0.0,1.0,0.0,0.0,0.0,19.0,6.0,0.0,0.0,2.0,0.0,20.0,0.0,0.0,1.0,7.0,1.0,0.0,58.0,8.0
73,2024,12,0.0,15.0,36.0,8.0,0.0,26.0,2.0,2.0,9.0,0.0,0.0,0.0,1.0,0.0,0.0,0.0,16.0,5.0,0.0,0.0,3.0,0.0,14.0,0.0,0.0,0.0,6.0,0.0,0.0,65.0,4.0
73,2025,1,0.0,18.0,32.0,5.0,0.0,32.0,0.0,2.0,17.0,0.0,1.0,0.0,1.0,0.0,0.0,0.0,17.0,4.0,0.0,0.0,1.0,0.0,19.0,0.0,0.0,1.0,1.0,1.0,0.0,40.0,8.0
73,2025,2,0.0,22.0,28.0,8.0,1.0,23.0,1.0,6.0,18.0,0.0,0.0,0.0,1.0,0.0,0.0,0.0,13.0,5.0,0.0,0.0,1.0,0.0,15.0,0.0,0.0,3.0,3.0,0.0,1.0,25.0,7.0
73,2025,3,1.0,16.0,31.0,6.0,0.0,24.0,0.0,8.0,10.0,0.0,0.0,0.0,2.0,0.0,0.0,0.0,21.0,3.0,0.0,0.0,2.0,0.0,21.0,0.0,0.0,1.0,5.0,0.0,1.0,29.0,10.0
73,2025,4,0.0,15.0,17.0,4.0,1.0,12.0,0.0,2.0,13.0,0.0,0.0,0.0,2.0,0.0,0.0,0.0,9.0,1.0,0.0,0.0,0.0,0.0,6.0,0.0,0.0,1.0,3.0,1.0,0.0,18.0,2.0
73,2025,5,0.0,28.0,59.0,6.0,0.0,36.0,2.0,5.0,14.0,0.0,0.0,0.0,0.0,0.0,0.0,1.0,23.0,3.0,0.0,0.0,3.0,0.0,23.0,0.0,0.0,1.0,6.0,2.0,2.0,50.0,11.0
73,2025,6,0.0,36.0,68.0,20.0,0.0,49.0,1.0,13.0,24.0,0.0,1.0,0.0,0.0,2.0,0.0,0.0,44.0,6.0,0.0,2.0,4.0,0.0,35.0,0.0,0.0,2.0,7.0,0.0,2.0,68.0,10.0
73,2025,7,0.0,32.0,35.0,9.0,0.0,32.0,3.0,2.0,24.0,0.0,0.0,0.0,2.0,0.0,0.0,0.0,26.0,7.0,0.0,0.0,1.0,0.0,19.0,0.0,0.0,5.0,4.0,2.0,2.0,49.0,7.0
73,2025,8,0.0,12.0,24.0,7.0,0.0,17.0,3.0,4.0,22.0,0.0,0.0,0.0,0.0,0.0,0.0,0.0,24.0,6.0,0.0,0.0,2.0,0.0,22.0,0.0,0.0,1.0,9.0,2.0,0.0,35.0,5.0
73,2025,9,0.0,27.0,43.0,9.0,0.0,28.0,1.0,1.0,13.0,0.0,1.0,0.0,2.0,0.0,0.0,0.0,16.0,2.0,0.0,0.0,3.0,0.0,20.0,0.0,0.0,0.0,5.0,2.0,0.0,42.0,1.0
73,2025,10,1.0,29.0,50.0,10.0,0.0,44.0,1.0,5.0,10.0,0.0,0.0,0.0,0.0,0.0,0.0,0.0,41.0,7.0,0.0,0.0,1.0,0.0,34.0,0.0,0.0,1.0,9.0,0.0,1.0,65.0,20.0
73,2025,11,0.0,21.0,42.0,13.0,1.0,36.0,1.0,2.0,7.0,0.0,0.0,0.0,0.0,0.0,0.0,0.0,27.0,6.0,0.0,0.0,0.0,0.0,22.0,0.0,0.0,2.0,9.0,0.0,1.0,32.0,1.0
73,2025,12,1.0,15.0,26.0,7.0,2.0,24.0,2.0,3.0,6.0,0.0,0.0,0.0,0.0,0.0,0.0,0.0,24.0,1.0,0.0,0.0,5.0,0.0,9.0,0.0,0.0,0.0,3.0,1.0,0.0,32.0,5.0
73,2026,1,0.0,19.0,34.0,7.0,0.0,31.0,1.0,4.0,15.0,0.0,0.0,0.0,0.0,0.0,0.0,0.0,17.0,2.0,0.0,0.0,2.0,0.0,21.0,0.0,0.0,0.0,3.0,2.0,0.0,23.0,6.0
73,2026,2,0.0,22.0,53.0,13.0,0.0,30.0,3.0,4.0,17.0,0.0,1.0,0.0,2.0,0.0,1.0,1.0,23.0,7.0,0.0,0.0,1.0,0.0,19.0,0.0,0.0,0.0,3.0,0.0,1.0,32.0,14.0
73,2026,3,0.0,25.0,29.0,9.0,1.0,44.0,2.0,4.0,11.0,0.0,2.0,0.0,2.0,0.0,0.0,1.0,24.0,5.0,0.0,0.0,1.0,0.0,17.0,0.0,0.0,0.0,5.0,2.0,1.0,28.0,10.0
73,2026,4,0.0,2.0,3.0,0.0,0.0,1.0,0.0,1.0,1.0,0.0,0.0,0.0,0.0,0.0,0.0,0.0,2.0,0.0,0.0,0.0,0.0,0.0,1.0,0.0,0.0,0.0,0.0,0.0,0.0,3.0,0.0
74,2024,1,0.0,1.0,7.0,0.0,0.0,2.0,1.0,0.0,8.0,0.0,0.0,0.0,0.0,0.0,0.0,0.0,0.0,0.0,0.0,0.0,1.0,0.0,4.0,0.0,0.0,0.0,1.0,0.0,0.0,7.0,0.0
74,2024,2,0.0,7.0,11.0,0.0,0.0,5.0,0.0,1.0,2.0,0.0,0.0,0.0,0.0,0.0,0.0,0.0,7.0,1.0,0.0,0.0,0.0,0.0,5.0,0.0,0.0,0.0,0.0,0.0,0.0,9.0,0.0
74,2024,3,0.0,5.0,8.0,1.0,0.0,2.0,1.0,2.0,8.0,0.0,0.0,0.0,2.0,0.0,0.0,0.0,3.0,0.0,0.0,0.0,0.0,0.0,6.0,0.0,0.0,0.0,1.0,0.0,1.0,2.0,0.0
74,2024,4,0.0,1.0,4.0,0.0,0.0,5.0,1.0,0.0,6.0,0.0,0.0,0.0,0.0,0.0,0.0,0.0,3.0,0.0,0.0,0.0,0.0,0.0,5.0,0.0,0.0,0.0,0.0,1.0,0.0,10.0,0.0
74,2024,5,0.0,5.0,13.0,0.0,0.0,4.0,0.0,0.0,9.0,0.0,0.0,0.0,2.0,0.0,0.0,0.0,0.0,0.0,0.0,0.0,0.0,0.0,4.0,0.0,0.0,0.0,0.0,0.0,0.0,10.0,0.0
74,2024,6,0.0,4.0,10.0,2.0,0.0,11.0,0.0,0.0,9.0,0.0,0.0,0.0,0.0,0.0,0.0,0.0,1.0,1.0,0.0,0.0,0.0,0.0,4.0,0.0,0.0,0.0,1.0,0.0,0.0,14.0,0.0
74,2024,7,0.0,0.0,8.0,2.0,0.0,10.0,1.0,0.0,8.0,0.0,0.0,0.0,0.0,0.0,0.0,1.0,2.0,0.0,0.0,0.0,0.0,0.0,3.0,0.0,0.0,0.0,0.0,0.0,0.0,13.0,0.0
74,2024,8,0.0,2.0,6.0,0.0,0.0,8.0,0.0,4.0,7.0,0.0,0.0,0.0,0.0,0.0,0.0,2.0,5.0,0.0,0.0,0.0,1.0,0.0,5.0,0.0,0.0,0.0,0.0,0.0,0.0,18.0,0.0
74,2024,9,0.0,6.0,3.0,1.0,0.0,1.0,1.0,2.0,5.0,0.0,0.0,0.0,0.0,0.0,0.0,0.0,2.0,0.0,0.0,0.0,2.0,0.0,11.0,0.0,0.0,0.0,0.0,1.0,0.0,11.0,0.0
74,2024,10,0.0,6.0,5.0,0.0,0.0,4.0,1.0,2.0,4.0,0.0,0.0,0.0,0.0,0.0,0.0,1.0,2.0,0.0,0.0,0.0,2.0,0.0,1.0,0.0,0.0,0.0,1.0,0.0,0.0,18.0,0.0
74,2024,11,0.0,3.0,8.0,2.0,0.0,8.0,1.0,1.0,6.0,0.0,0.0,0.0,0.0,0.0,0.0,1.0,3.0,1.0,0.0,0.0,1.0,0.0,4.0,0.0,0.0,0.0,0.0,1.0,0.0,6.0,0.0
74,2024,12,0.0,4.0,11.0,0.0,0.0,4.0,0.0,2.0,5.0,0.0,0.0,0.0,0.0,0.0,0.0,0.0,1.0,0.0,0.0,0.0,0.0,0.0,4.0,0.0,0.0,0.0,0.0,0.0,0.0,8.0,1.0
74,2025,1,0.0,3.0,5.0,0.0,0.0,2.0,1.0,3.0,6.0,0.0,0.0,0.0,0.0,0.0,0.0,0.0,1.0,0.0,0.0,0.0,0.0,0.0,6.0,0.0,0.0,1.0,0.0,0.0,0.0,9.0,0.0
74,2025,2,0.0,3.0,10.0,0.0,0.0,5.0,0.0,2.0,2.0,0.0,0.0,0.0,0.0,0.0,0.0,0.0,2.0,0.0,0.0,0.0,0.0,0.0,2.0,0.0,0.0,0.0,0.0,1.0,3.0,5.0,0.0
74,2025,3,0.0,5.0,9.0,0.0,0.0,5.0,0.0,1.0,3.0,0.0,0.0,0.0,0.0,0.0,0.0,1.0,1.0,0.0,0.0,0.0,1.0,0.0,5.0,0.0,0.0,0.0,3.0,0.0,0.0,5.0,0.0
74,2025,4,0.0,0.0,1.0,1.0,0.0,3.0,0.0,3.0,2.0,0.0,0.0,0.0,0.0,0.0,0.0,0.0,1.0,0.0,0.0,0.0,0.0,0.0,2.0,0.0,0.0,0.0,0.0,0.0,0.0,2.0,0.0
74,2025,5,0.0,3.0,13.0,0.0,0.0,3.0,1.0,0.0,7.0,0.0,0.0,0.0,0.0,0.0,1.0,0.0,1.0,0.0,0.0,0.0,2.0,0.0,3.0,0.0,0.0,0.0,0.0,1.0,0.0,9.0,1.0
74,2025,6,0.0,11.0,22.0,3.0,0.0,7.0,0.0,1.0,5.0,0.0,0.0,0.0,0.0,0.0,0.0,0.0,2.0,0.0,0.0,0.0,0.0,0.0,7.0,0.0,0.0,0.0,2.0,2.0,0.0,9.0,0.0
74,2025,7,0.0,1.0,10.0,4.0,0.0,5.0,0.0,3.0,9.0,0.0,0.0,0.0,0.0,0.0,0.0,0.0,9.0,0.0,0.0,0.0,0.0,0.0,4.0,0.0,0.0,0.0,0.0,0.0,0.0,7.0,0.0
74,2025,8,0.0,5.0,5.0,6.0,0.0,7.0,0.0,0.0,7.0,0.0,0.0,0.0,0.0,0.0,0.0,0.0,0.0,0.0,0.0,0.0,0.0,0.0,2.0,0.0,0.0,1.0,0.0,0.0,0.0,7.0,0.0
74,2025,9,0.0,4.0,4.0,5.0,0.0,7.0,1.0,0.0,6.0,0.0,0.0,0.0,0.0,0.0,0.0,2.0,2.0,0.0,0.0,0.0,0.0,0.0,6.0,0.0,0.0,0.0,0.0,0.0,0.0,4.0,0.0
74,2025,10,0.0,8.0,13.0,1.0,0.0,3.0,0.0,0.0,10.0,0.0,0.0,0.0,0.0,0.0,0.0,0.0,4.0,0.0,0.0,0.0,0.0,0.0,4.0,0.0,0.0,0.0,0.0,1.0,0.0,8.0,0.0
74,2025,11,0.0,2.0,8.0,3.0,0.0,3.0,0.0,2.0,10.0,0.0,0.0,0.0,0.0,0.0,0.0,0.0,6.0,0.0,0.0,0.0,0.0,0.0,4.0,0.0,0.0,0.0,0.0,0.0,0.0,18.0,1.0
74,2025,12,0.0,5.0,4.0,0.0,0.0,3.0,0.0,0.0,1.0,0.0,0.0,0.0,0.0,0.0,0.0,0.0,4.0,0.0,0.0,0.0,0.0,0.0,7.0,0.0,0.0,0.0,2.0,0.0,0.0,12.0,0.0
74,2026,1,0.0,5.0,6.0,1.0,0.0,4.0,0.0,1.0,8.0,0.0,0.0,0.0,0.0,0.0,0.0,0.0,3.0,0.0,0.0,0.0,1.0,0.0,5.0,0.0,0.0,1.0,1.0,1.0,3.0,11.0,0.0
74,2026,2,0.0,4.0,6.0,0.0,0.0,2.0,0.0,2.0,6.0,0.0,0.0,0.0,0.0,0.0,0.0,0.0,1.0,0.0,0.0,0.0,1.0,0.0,7.0,0.0,0.0,0.0,0.0,0.0,3.0,10.0,0.0
74,2026,3,0.0,2.0,8.0,2.0,0.0,5.0,0.0,2.0,2.0,0.0,0.0,0.0,0.0,0.0,0.0,0.0,1.0,0.0,0.0,0.0,0.0,0.0,5.0,0.0,0.0,0.0,0.0,2.0,0.0,6.0,0.0
74,2026,4,0.0,1.0,1.0,0.0,0.0,1.0,0.0,0.0,0.0,0.0,0.0,0.0,0.0,0.0,0.0,0.0,0.0,0.0,0.0,0.0,0.0,0.0,1.0,0.0,0.0,0.0,0.0,0.0,0.0,0.0,0.0
75,2024,1,0.0,9.0,37.0,2.0,0.0,19.0,2.0,2.0,11.0,0.0,0.0,0.0,1.0,0.0,0.0,0.0,17.0,3.0,0.0,0.0,5.0,0.0,13.0,0.0,0.0,0.0,3.0,0.0,0.0,20.0,4.0
75,2024,2,1.0,10.0,23.0,5.0,0.0,16.0,2.0,3.0,12.0,0.0,0.0,0.0,2.0,0.0,0.0,0.0,10.0,2.0,0.0,0.0,0.0,0.0,14.0,0.0,0.0,0.0,5.0,0.0,0.0,27.0,3.0
75,2024,3,0.0,7.0,29.0,5.0,0.0,12.0,1.0,1.0,14.0,0.0,0.0,0.0,0.0,0.0,0.0,0.0,15.0,1.0,0.0,0.0,1.0,0.0,14.0,0.0,0.0,0.0,4.0,0.0,0.0,29.0,5.0
75,2024,4,0.0,31.0,42.0,2.0,0.0,15.0,0.0,2.0,12.0,0.0,0.0,0.0,0.0,0.0,0.0,0.0,13.0,3.0,0.0,0.0,2.0,0.0,17.0,0.0,0.0,0.0,3.0,1.0,1.0,30.0,14.0
75,2024,5,0.0,20.0,45.0,3.0,0.0,19.0,0.0,2.0,12.0,0.0,1.0,0.0,2.0,0.0,0.0,0.0,11.0,1.0,0.0,0.0,1.0,0.0,20.0,0.0,0.0,1.0,4.0,1.0,0.0,39.0,8.0
75,2024,6,0.0,22.0,37.0,3.0,0.0,31.0,1.0,4.0,14.0,0.0,0.0,1.0,1.0,0.0,0.0,0.0,23.0,3.0,0.0,0.0,2.0,0.0,15.0,0.0,0.0,0.0,4.0,2.0,1.0,25.0,8.0
75,2024,7,0.0,15.0,31.0,3.0,0.0,26.0,2.0,2.0,10.0,0.0,0.0,0.0,2.0,1.0,0.0,0.0,22.0,0.0,0.0,0.0,1.0,0.0,15.0,0.0,0.0,1.0,8.0,0.0,1.0,42.0,7.0
75,2024,8,0.0,11.0,23.0,8.0,0.0,27.0,2.0,1.0,8.0,0.0,0.0,0.0,0.0,0.0,0.0,0.0,16.0,4.0,0.0,0.0,1.0,0.0,13.0,0.0,0.0,0.0,3.0,1.0,0.0,42.0,6.0
75,2024,9,1.0,14.0,29.0,4.0,0.0,19.0,0.0,1.0,10.0,0.0,0.0,0.0,3.0,0.0,1.0,2.0,16.0,5.0,0.0,0.0,0.0,0.0,21.0,0.0,0.0,1.0,3.0,2.0,0.0,30.0,6.0
75,2024,10,0.0,19.0,35.0,4.0,0.0,19.0,0.0,4.0,9.0,0.0,0.0,0.0,2.0,0.0,1.0,0.0,17.0,5.0,0.0,0.0,1.0,0.0,22.0,0.0,0.0,1.0,2.0,0.0,0.0,44.0,5.0
75,2024,11,0.0,12.0,23.0,1.0,0.0,19.0,0.0,3.0,7.0,0.0,0.0,0.0,0.0,0.0,0.0,0.0,16.0,6.0,0.0,0.0,1.0,0.0,18.0,0.0,0.0,0.0,3.0,0.0,2.0,32.0,3.0
75,2024,12,0.0,16.0,27.0,5.0,0.0,14.0,1.0,1.0,12.0,0.0,1.0,0.0,0.0,0.0,0.0,0.0,11.0,3.0,0.0,0.0,7.0,0.0,15.0,0.0,0.0,1.0,4.0,1.0,0.0,31.0,8.0
75,2025,1,0.0,12.0,31.0,2.0,0.0,23.0,0.0,1.0,12.0,0.0,0.0,0.0,1.0,0.0,1.0,0.0,8.0,2.0,0.0,0.0,2.0,0.0,21.0,0.0,0.0,0.0,3.0,0.0,0.0,32.0,3.0
75,2025,2,0.0,14.0,18.0,1.0,0.0,19.0,0.0,1.0,5.0,0.0,0.0,0.0,0.0,0.0,0.0,0.0,9.0,0.0,0.0,0.0,2.0,0.0,20.0,0.0,0.0,1.0,2.0,1.0,0.0,38.0,3.0
75,2025,3,0.0,11.0,26.0,3.0,0.0,12.0,0.0,6.0,7.0,0.0,0.0,0.0,1.0,0.0,0.0,0.0,3.0,0.0,0.0,0.0,2.0,0.0,2.0,0.0,0.0,1.0,1.0,1.0,0.0,30.0,4.0
75,2025,4,0.0,4.0,13.0,2.0,0.0,15.0,1.0,2.0,3.0,0.0,0.0,0.0,0.0,0.0,0.0,0.0,2.0,0.0,0.0,0.0,1.0,0.0,5.0,0.0,0.0,0.0,1.0,0.0,0.0,19.0,0.0
75,2025,5,0.0,11.0,32.0,4.0,0.0,18.0,0.0,3.0,18.0,0.0,1.0,0.0,1.0,0.0,0.0,0.0,9.0,4.0,0.0,0.0,2.0,0.0,13.0,0.0,0.0,1.0,3.0,2.0,0.0,28.0,5.0
75,2025,6,0.0,31.0,47.0,6.0,0.0,30.0,0.0,2.0,14.0,0.0,1.0,0.0,0.0,0.0,2.0,0.0,14.0,4.0,0.0,0.0,5.0,0.0,37.0,0.0,0.0,1.0,4.0,4.0,0.0,51.0,9.0
75,2025,7,0.0,16.0,30.0,9.0,0.0,19.0,1.0,6.0,19.0,0.0,0.0,0.0,0.0,0.0,0.0,0.0,18.0,4.0,0.0,0.0,1.0,0.0,12.0,0.0,0.0,0.0,5.0,0.0,0.0,58.0,7.0
75,2025,8,1.0,16.0,32.0,6.0,0.0,13.0,1.0,0.0,12.0,0.0,0.0,0.0,1.0,0.0,1.0,0.0,4.0,1.0,0.0,0.0,1.0,0.0,11.0,0.0,0.0,1.0,1.0,0.0,0.0,39.0,2.0
75,2025,9,0.0,14.0,31.0,8.0,0.0,18.0,1.0,4.0,10.0,0.0,1.0,0.0,0.0,0.0,0.0,0.0,4.0,4.0,0.0,0.0,2.0,0.0,11.0,0.0,0.0,0.0,1.0,1.0,0.0,33.0,4.0
75,2025,10,0.0,17.0,29.0,11.0,0.0,9.0,3.0,3.0,12.0,0.0,0.0,0.0,1.0,0.0,0.0,1.0,7.0,3.0,0.0,0.0,1.0,0.0,27.0,0.0,0.0,0.0,1.0,2.0,0.0,42.0,6.0
75,2025,11,1.0,16.0,30.0,6.0,0.0,23.0,0.0,1.0,10.0,0.0,1.0,0.0,0.0,0.0,0.0,0.0,9.0,2.0,0.0,0.0,5.0,0.0,18.0,0.0,0.0,0.0,3.0,4.0,0.0,33.0,4.0
75,2025,12,0.0,8.0,21.0,0.0,1.0,12.0,1.0,3.0,11.0,0.0,0.0,0.0,0.0,0.0,0.0,0.0,16.0,0.0,0.0,0.0,3.0,0.0,12.0,0.0,0.0,1.0,7.0,1.0,0.0,33.0,1.0
75,2026,1,1.0,9.0,28.0,7.0,0.0,18.0,0.0,1.0,14.0,0.0,1.0,0.0,0.0,0.0,0.0,0.0,9.0,2.0,0.0,0.0,1.0,0.0,9.0,0.0,0.0,1.0,3.0,0.0,0.0,27.0,1.0
75,2026,2,0.0,20.0,38.0,3.0,0.0,23.0,0.0,0.0,13.0,0.0,0.0,0.0,1.0,0.0,0.0,0.0,16.0,4.0,0.0,0.0,4.0,0.0,23.0,0.0,0.0,2.0,3.0,0.0,0.0,43.0,2.0
75,2026,3,0.0,16.0,34.0,4.0,0.0,24.0,4.0,6.0,6.0,0.0,1.0,0.0,0.0,0.0,0.0,0.0,15.0,4.0,0.0,0.0,3.0,0.0,16.0,0.0,0.0,2.0,2.0,0.0,1.0,22.0,5.0
75,2026,4,0.0,1.0,3.0,0.0,0.0,7.0,0.0,0.0,0.0,0.0,0.0,0.0,0.0,0.0,0.0,0.0,0.0,0.0,0.0,0.0,0.0,0.0,1.0,0.0,0.0,0.0,0.0,0.0,0.0,0.0,0.0
76,2024,1,0.0,8.0,26.0,1.0,0.0,9.0,2.0,3.0,25.0,0.0,0.0,0.0,0.0,0.0,0.0,0.0,18.0,6.0,0.0,0.0,1.0,0.0,13.0,0.0,0.0,0.0,1.0,3.0,0.0,39.0,0.0
76,2024,2,0.0,7.0,14.0,1.0,2.0,5.0,1.0,3.0,17.0,0.0,0.0,0.0,0.0,0.0,0.0,0.0,12.0,11.0,0.0,0.0,1.0,0.0,9.0,0.0,0.0,4.0,1.0,0.0,0.0,32.0,1.0
76,2024,3,0.0,8.0,21.0,3.0,4.0,6.0,0.0,4.0,22.0,0.0,0.0,0.0,0.0,0.0,0.0,0.0,12.0,3.0,0.0,0.0,1.0,0.0,6.0,0.0,0.0,6.0,1.0,0.0,0.0,51.0,3.0
76,2024,4,0.0,5.0,25.0,1.0,4.0,12.0,0.0,4.0,25.0,0.0,0.0,0.0,0.0,0.0,0.0,0.0,7.0,9.0,0.0,0.0,0.0,0.0,8.0,0.0,0.0,3.0,0.0,0.0,0.0,49.0,0.0
76,2024,5,0.0,11.0,21.0,0.0,4.0,9.0,2.0,1.0,23.0,0.0,0.0,0.0,0.0,0.0,0.0,0.0,12.0,5.0,0.0,0.0,0.0,0.0,9.0,0.0,0.0,2.0,0.0,1.0,1.0,30.0,0.0
76,2024,6,0.0,8.0,17.0,1.0,10.0,14.0,1.0,4.0,21.0,0.0,0.0,0.0,0.0,0.0,0.0,0.0,4.0,3.0,0.0,0.0,1.0,0.0,8.0,0.0,0.0,3.0,1.0,0.0,2.0,47.0,0.0
76,2024,7,0.0,15.0,25.0,0.0,4.0,9.0,0.0,4.0,22.0,0.0,0.0,0.0,0.0,0.0,0.0,0.0,12.0,6.0,0.0,0.0,0.0,0.0,4.0,0.0,0.0,5.0,1.0,2.0,1.0,47.0,3.0
76,2024,8,0.0,8.0,27.0,0.0,5.0,8.0,0.0,6.0,15.0,0.0,0.0,0.0,0.0,0.0,0.0,0.0,9.0,5.0,0.0,0.0,3.0,0.0,12.0,0.0,0.0,3.0,1.0,1.0,0.0,58.0,1.0
76,2024,9,0.0,7.0,17.0,6.0,6.0,11.0,1.0,4.0,20.0,0.0,0.0,0.0,0.0,0.0,0.0,1.0,11.0,2.0,0.0,0.0,0.0,0.0,5.0,0.0,0.0,0.0,0.0,0.0,0.0,38.0,2.0
76,2024,10,0.0,6.0,29.0,1.0,5.0,6.0,1.0,7.0,25.0,0.0,0.0,0.0,0.0,0.0,0.0,0.0,10.0,2.0,0.0,0.0,0.0,0.0,3.0,0.0,0.0,1.0,0.0,3.0,0.0,46.0,1.0
76,2024,11,0.0,9.0,20.0,1.0,2.0,14.0,1.0,4.0,7.0,0.0,0.0,0.0,0.0,0.0,0.0,0.0,9.0,1.0,0.0,1.0,0.0,0.0,7.0,0.0,0.0,0.0,0.0,1.0,1.0,27.0,2.0
76,2024,12,0.0,7.0,24.0,1.0,3.0,15.0,0.0,5.0,12.0,0.0,0.0,0.0,0.0,0.0,0.0,0.0,4.0,1.0,0.0,0.0,0.0,0.0,5.0,0.0,0.0,0.0,1.0,0.0,0.0,50.0,1.0
76,2025,1,0.0,7.0,15.0,0.0,5.0,8.0,0.0,9.0,12.0,0.0,0.0,0.0,0.0,0.0,0.0,2.0,7.0,7.0,0.0,0.0,1.0,0.0,8.0,0.0,0.0,2.0,1.0,0.0,0.0,31.0,0.0
76,2025,2,0.0,6.0,26.0,1.0,4.0,12.0,0.0,7.0,9.0,0.0,0.0,0.0,0.0,1.0,0.0,0.0,5.0,0.0,0.0,0.0,0.0,0.0,11.0,0.0,0.0,4.0,0.0,1.0,0.0,48.0,0.0
76,2025,3,0.0,8.0,22.0,1.0,4.0,13.0,0.0,9.0,18.0,0.0,0.0,0.0,0.0,0.0,0.0,0.0,7.0,2.0,0.0,0.0,0.0,0.0,7.0,0.0,0.0,2.0,0.0,0.0,0.0,43.0,4.0
76,2025,4,0.0,0.0,4.0,2.0,1.0,3.0,0.0,2.0,14.0,0.0,1.0,0.0,0.0,0.0,0.0,0.0,2.0,0.0,0.0,0.0,0.0,0.0,5.0,0.0,0.0,0.0,0.0,0.0,0.0,24.0,3.0
76,2025,5,0.0,2.0,29.0,1.0,3.0,13.0,0.0,9.0,42.0,0.0,0.0,0.0,0.0,0.0,0.0,0.0,11.0,3.0,0.0,1.0,0.0,0.0,13.0,0.0,0.0,5.0,0.0,0.0,0.0,53.0,3.0
76,2025,6,0.0,17.0,29.0,6.0,12.0,15.0,0.0,8.0,32.0,0.0,1.0,0.0,0.0,0.0,0.0,0.0,27.0,0.0,0.0,0.0,0.0,0.0,17.0,0.0,0.0,19.0,0.0,3.0,0.0,81.0,4.0
76,2025,7,0.0,10.0,21.0,1.0,6.0,7.0,0.0,12.0,17.0,0.0,0.0,0.0,0.0,0.0,0.0,0.0,7.0,2.0,0.0,0.0,0.0,0.0,12.0,0.0,0.0,10.0,0.0,1.0,1.0,61.0,2.0
76,2025,8,0.0,4.0,15.0,3.0,2.0,9.0,0.0,15.0,11.0,0.0,0.0,0.0,0.0,0.0,0.0,0.0,5.0,1.0,0.0,0.0,0.0,0.0,6.0,0.0,0.0,7.0,0.0,1.0,1.0,39.0,3.0
76,2025,9,0.0,6.0,17.0,6.0,4.0,9.0,0.0,3.0,5.0,0.0,0.0,0.0,0.0,0.0,0.0,0.0,5.0,6.0,0.0,0.0,0.0,0.0,4.0,0.0,0.0,9.0,0.0,1.0,0.0,42.0,2.0
76,2025,10,0.0,12.0,28.0,0.0,8.0,6.0,0.0,14.0,10.0,0.0,0.0,0.0,0.0,0.0,0.0,0.0,13.0,2.0,0.0,0.0,0.0,0.0,15.0,0.0,0.0,13.0,0.0,0.0,2.0,41.0,4.0
76,2025,11,0.0,4.0,14.0,1.0,6.0,4.0,2.0,12.0,10.0,0.0,0.0,0.0,0.0,0.0,0.0,0.0,4.0,1.0,0.0,0.0,0.0,0.0,5.0,0.0,0.0,8.0,0.0,0.0,0.0,32.0,4.0
76,2025,12,0.0,3.0,17.0,6.0,4.0,4.0,0.0,4.0,6.0,0.0,0.0,0.0,0.0,0.0,0.0,0.0,7.0,1.0,0.0,0.0,0.0,0.0,4.0,0.0,0.0,9.0,1.0,0.0,0.0,36.0,1.0
76,2026,1,0.0,5.0,17.0,4.0,2.0,9.0,0.0,3.0,12.0,0.0,0.0,0.0,0.0,1.0,0.0,0.0,7.0,6.0,0.0,0.0,1.0,0.0,8.0,0.0,0.0,2.0,1.0,0.0,0.0,33.0,3.0
76,2026,2,1.0,10.0,19.0,2.0,4.0,6.0,0.0,10.0,13.0,0.0,0.0,0.0,0.0,0.0,0.0,0.0,11.0,5.0,0.0,0.0,0.0,0.0,9.0,0.0,0.0,3.0,0.0,0.0,0.0,38.0,1.0
76,2026,3,0.0,8.0,31.0,5.0,4.0,6.0,0.0,3.0,11.0,0.0,0.0,0.0,0.0,0.0,0.0,0.0,2.0,1.0,0.0,0.0,0.0,0.0,3.0,0.0,0.0,10.0,0.0,3.0,0.0,40.0,4.0
76,2026,4,0.0,0.0,2.0,1.0,0.0,0.0,0.0,1.0,1.0,0.0,0.0,0.0,0.0,0.0,0.0,0.0,0.0,1.0,0.0,0.0,1.0,0.0,1.0,0.0,0.0,0.0,0.0,0.0,0.0,2.0,0.0
77,2024,1,1.0,25.0,35.0,16.0,0.0,34.0,2.0,12.0,17.0,0.0,1.0,0.0,0.0,0.0,1.0,0.0,25.0,3.0,0.0,0.0,0.0,0.0,20.0,0.0,0.0,0.0,12.0,3.0,1.0,86.0,2.0
77,2024,2,0.0,26.0,41.0,2.0,0.0,31.0,3.0,8.0,20.0,0.0,0.0,0.0,0.0,0.0,0.0,0.0,20.0,0.0,0.0,0.0,0.0,0.0,12.0,0.0,0.0,1.0,10.0,2.0,1.0,87.0,2.0
77,2024,3,0.0,18.0,48.0,13.0,0.0,46.0,4.0,9.0,24.0,0.0,1.0,0.0,2.0,0.0,0.0,0.0,40.0,5.0,0.0,0.0,0.0,0.0,16.0,0.0,0.0,0.0,5.0,1.0,1.0,96.0,1.0
77,2024,4,0.0,18.0,49.0,5.0,0.0,43.0,3.0,12.0,19.0,0.0,0.0,0.0,2.0,0.0,0.0,0.0,23.0,1.0,0.0,0.0,2.0,0.0,15.0,0.0,0.0,0.0,11.0,2.0,1.0,82.0,1.0
77,2024,5,0.0,25.0,58.0,13.0,0.0,34.0,1.0,7.0,27.0,0.0,0.0,0.0,0.0,0.0,0.0,0.0,21.0,4.0,0.0,0.0,1.0,0.0,19.0,0.0,0.0,0.0,10.0,4.0,1.0,78.0,1.0
77,2024,6,0.0,15.0,50.0,9.0,0.0,33.0,2.0,7.0,26.0,0.0,0.0,0.0,0.0,0.0,0.0,0.0,19.0,1.0,0.0,0.0,0.0,0.0,18.0,0.0,0.0,0.0,7.0,4.0,0.0,94.0,1.0
77,2024,7,0.0,27.0,53.0,12.0,0.0,25.0,3.0,15.0,18.0,0.0,0.0,0.0,1.0,0.0,0.0,0.0,35.0,2.0,0.0,0.0,2.0,0.0,16.0,0.0,0.0,2.0,5.0,1.0,1.0,101.0,1.0
77,2024,8,0.0,28.0,50.0,14.0,0.0,40.0,3.0,14.0,28.0,0.0,1.0,0.0,0.0,0.0,0.0,0.0,7.0,2.0,0.0,0.0,2.0,0.0,8.0,0.0,0.0,4.0,7.0,1.0,1.0,123.0,1.0
77,2024,9,0.0,18.0,41.0,13.0,0.0,30.0,3.0,8.0,29.0,0.0,0.0,0.0,1.0,0.0,0.0,0.0,12.0,3.0,0.0,1.0,2.0,0.0,18.0,0.0,0.0,1.0,9.0,1.0,1.0,110.0,1.0
77,2024,10,0.0,21.0,42.0,10.0,0.0,33.0,3.0,8.0,16.0,0.0,0.0,0.0,0.0,0.0,0.0,0.0,17.0,1.0,0.0,1.0,1.0,0.0,26.0,0.0,1.0,1.0,8.0,2.0,0.0,114.0,2.0
77,2024,11,3.0,26.0,48.0,15.0,0.0,31.0,5.0,12.0,12.0,0.0,0.0,0.0,0.0,2.0,0.0,0.0,13.0,0.0,0.0,0.0,1.0,0.0,8.0,0.0,0.0,1.0,11.0,1.0,0.0,95.0,4.0
77,2024,12,0.0,25.0,39.0,15.0,0.0,20.0,1.0,7.0,14.0,0.0,0.0,0.0,0.0,0.0,1.0,0.0,17.0,1.0,0.0,0.0,2.0,0.0,11.0,0.0,0.0,0.0,3.0,2.0,1.0,89.0,1.0
77,2025,1,1.0,24.0,37.0,22.0,0.0,19.0,2.0,6.0,16.0,0.0,1.0,0.0,0.0,0.0,0.0,0.0,16.0,0.0,1.0,0.0,0.0,0.0,21.0,0.0,0.0,0.0,4.0,0.0,1.0,101.0,2.0
77,2025,2,0.0,17.0,49.0,17.0,0.0,23.0,4.0,11.0,29.0,0.0,0.0,0.0,0.0,0.0,0.0,0.0,12.0,1.0,0.0,0.0,1.0,0.0,15.0,0.0,0.0,0.0,7.0,2.0,0.0,76.0,2.0
77,2025,3,0.0,19.0,40.0,9.0,0.0,16.0,1.0,9.0,26.0,0.0,0.0,0.0,0.0,0.0,0.0,0.0,7.0,2.0,0.0,0.0,0.0,0.0,14.0,0.0,0.0,1.0,3.0,1.0,1.0,70.0,1.0
77,2025,4,2.0,8.0,15.0,10.0,0.0,4.0,1.0,4.0,17.0,0.0,0.0,0.0,0.0,0.0,0.0,0.0,9.0,1.0,0.0,0.0,2.0,0.0,4.0,0.0,0.0,0.0,2.0,1.0,0.0,30.0,0.0
77,2025,5,0.0,22.0,37.0,6.0,0.0,32.0,1.0,9.0,19.0,0.0,2.0,0.0,1.0,0.0,0.0,0.0,17.0,3.0,0.0,0.0,0.0,0.0,16.0,0.0,0.0,2.0,10.0,1.0,0.0,87.0,1.0
77,2025,6,0.0,39.0,71.0,24.0,0.0,49.0,4.0,11.0,37.0,0.0,0.0,0.0,0.0,0.0,0.0,0.0,19.0,0.0,0.0,0.0,1.0,0.0,26.0,0.0,0.0,2.0,9.0,6.0,0.0,160.0,4.0
77,2025,7,0.0,22.0,47.0,23.0,2.0,19.0,1.0,9.0,18.0,0.0,0.0,0.0,0.0,1.0,0.0,0.0,10.0,2.0,0.0,0.0,0.0,0.0,21.0,0.0,0.0,0.0,4.0,4.0,2.0,106.0,0.0
77,2025,8,1.0,22.0,33.0,15.0,0.0,13.0,2.0,3.0,21.0,0.0,0.0,0.0,0.0,1.0,0.0,0.0,16.0,3.0,0.0,1.0,0.0,0.0,10.0,0.0,0.0,0.0,5.0,1.0,0.0,54.0,2.0
77,2025,9,0.0,29.0,35.0,15.0,0.0,18.0,2.0,4.0,16.0,0.0,0.0,0.0,0.0,0.0,0.0,0.0,6.0,0.0,0.0,0.0,0.0,0.0,17.0,0.0,0.0,0.0,8.0,1.0,0.0,72.0,1.0
77,2025,10,0.0,26.0,46.0,16.0,0.0,21.0,1.0,2.0,18.0,0.0,0.0,0.0,0.0,0.0,0.0,0.0,10.0,3.0,0.0,0.0,1.0,0.0,27.0,1.0,0.0,0.0,4.0,1.0,0.0,94.0,3.0
77,2025,11,0.0,21.0,47.0,5.0,0.0,6.0,2.0,9.0,21.0,0.0,0.0,0.0,0.0,1.0,0.0,0.0,12.0,1.0,0.0,0.0,1.0,0.0,17.0,0.0,0.0,1.0,3.0,0.0,1.0,64.0,4.0
77,2025,12,0.0,12.0,34.0,4.0,0.0,8.0,4.0,5.0,12.0,0.0,1.0,0.0,0.0,1.0,0.0,0.0,9.0,3.0,0.0,1.0,2.0,0.0,12.0,0.0,0.0,0.0,7.0,3.0,0.0,51.0,0.0
77,2026,1,0.0,15.0,45.0,10.0,0.0,17.0,9.0,10.0,19.0,0.0,0.0,0.0,0.0,0.0,0.0,0.0,5.0,2.0,0.0,1.0,1.0,0.0,7.0,0.0,0.0,1.0,4.0,1.0,1.0,75.0,2.0
77,2026,2,0.0,20.0,45.0,16.0,0.0,16.0,3.0,11.0,31.0,0.0,0.0,0.0,1.0,1.0,0.0,0.0,16.0,3.0,0.0,0.0,2.0,0.0,19.0,0.0,0.0,3.0,2.0,1.0,0.0,80.0,2.0
77,2026,3,0.0,21.0,46.0,5.0,0.0,8.0,2.0,12.0,16.0,0.0,0.0,0.0,0.0,1.0,2.0,0.0,24.0,1.0,0.0,0.0,0.0,0.0,15.0,0.0,0.0,1.0,3.0,3.0,0.0,81.0,1.0
77,2026,4,0.0,3.0,10.0,3.0,0.0,0.0,0.0,1.0,2.0,0.0,0.0,0.0,0.0,0.0,0.0,0.0,2.0,0.0,0.0,0.0,1.0,0.0,0.0,0.0,0.0,0.0,0.0,1.0,0.0,9.0,1.0
