GEOID,NAME,PERCENT OF HOUSING CROWDED,PERCENT HOUSEHOLDS BELOW POVERTY,PERCENT AGED 16+ UNEMPLOYED,PERCENT AGED 25+ WITHOUT HIGH SCHOOL DIPLOMA,PERCENT AGED UNDER 18 OR OVER 64,PER CAPITA INCOME,HARDSHIP INDEX
36005000100,Census Tract 1; Bronx County; New York,,,,38.6,2.0,4465.0,42.9
36005000200,Census Tract 2; Bronx County; New York,3.9,6.3,4.5,14.799999999999999,33.599999999999994,33631.0,37.2
36005000400,Census Tract 4; Bronx County; New York,3.1,7.2,8.3,19.5,35.3,38516.0,40.4
36005001600,Census Tract 16; Bronx County; New York,11.7,13.9,11.9,27.6,39.9,27908.0,53.2
36005001901,Census Tract 19.01; Bronx County; New York,4.0,25.1,6.2,16.8,22.7,34199.0,40.8
36005001902,Census Tract 19.02; Bronx County; New York,13.0,19.2,19.5,39.2,22.799999999999997,28922.0,57.9
36005001903,Census Tract 19.03; Bronx County; New York,,,,0.0,0.0,,0.0
36005001904,Census Tract 19.04; Bronx County; New York,,,,0.0,0.0,,0.0
36005002001,Census Tract 20.01; Bronx County; New York,4.1,30.2,22.9,33.099999999999994,42.9,15091.0,62.8
36005002002,Census Tract 20.02; Bronx County; New York,0.0,25.7,17.1,44.0,40.400000000000006,41065.0,56.2
36005002300,Census Tract 23; Bronx County; New York,10.6,35.3,17.1,38.6,39.7,13273.0,65.4
36005002400,Census Tract 24; Bronx County; New York,,,,0.0,0.0,,0.0
36005002500,Census Tract 25; Bronx County; New York,9.7,36.6,12.2,37.4,33.4,14220.0,60.5
36005002701,Census Tract 27.01; Bronx County; New York,19.2,51.8,16.8,47.7,49.0,12142.0,79.5
36005002702,Census Tract 27.02; Bronx County; New York,11.4,45.4,8.0,46.7,32.800000000000004,15616.0,63.7
36005002800,Census Tract 28; Bronx County; New York,11.2,2.4,2.6,13.600000000000001,32.0,37820.0,38.0
36005003100,Census Tract 31; Bronx County; New York,8.3,16.3,10.8,28.1,35.1,22964.0,50.7
36005003300,Census Tract 33; Bronx County; New York,8.7,41.9,10.6,40.2,44.7,13778.0,64.3
36005003500,Census Tract 35; Bronx County; New York,5.2,25.9,12.1,38.1,38.5,19852.0,56.1
36005003700,Census Tract 37; Bronx County; New York,0.0,0.0,0.0,42.8,26.9,18974.0,37.9
36005003800,Census Tract 38; Bronx County; New York,10.9,10.9,20.5,28.0,38.099999999999994,37577.0,55.4
36005003900,Census Tract 39; Bronx County; New York,10.4,34.5,9.4,33.4,42.400000000000006,20760.0,59.5
36005004001,Census Tract 40.01; Bronx County; New York,4.9,10.0,2.8,20.700000000000003,41.3,39729.0,40.9
36005004100,Census Tract 41; Bronx County; New York,4.4,34.5,20.0,42.7,32.3,17537.0,62.1
36005004200,Census Tract 42; Bronx County; New York,3.7,12.2,7.6,22.4,43.4,23629.0,45.9
36005004300,Census Tract 43; Bronx County; New York,8.0,20.6,14.0,32.400000000000006,37.9,21271.0,55.5
36005004400,Census Tract 44; Bronx County; New York,6.5,43.9,18.4,36.8,41.0,13584.0,66.0
36005004600,Census Tract 46; Bronx County; New York,6.1,47.0,4.5,26.299999999999997,48.599999999999994,15596.0,58.1
36005004800,Census Tract 48; Bronx County; New York,6.2,31.5,7.0,35.8,36.5,22429.0,54.0
36005005001,Census Tract 50.01; Bronx County; New York,13.1,43.8,17.8,30.799999999999997,37.7,16168.0,66.6
36005005002,Census Tract 50.02; Bronx County; New York,9.0,35.0,14.7,39.9,40.6,16200.0,63.4
36005005100,Census Tract 51; Bronx County; New York,8.0,42.7,12.3,38.6,48.3,10637.0,65.9
36005005200,Census Tract 52; Bronx County; New York,2.8,35.1,5.3,23.6,43.400000000000006,19163.0,51.1
36005005300,Census Tract 53; Bronx County; New York,7.0,39.1,14.4,37.2,47.6,10373.0,65.0
36005005400,Census Tract 54; Bronx County; New York,8.9,25.5,9.6,33.9,42.599999999999994,18417.0,56.8
36005005600,Census Tract 56; Bronx County; New York,8.5,23.2,13.6,34.3,41.3,25887.0,57.2
36005005902,Census Tract 59.02; Bronx County; New York,4.0,32.6,8.7,22.9,36.3,28029.0,50.0
36005006000,Census Tract 60; Bronx County; New York,12.5,21.7,15.6,34.0,42.0,20446.0,60.7
36005006100,Census Tract 61; Bronx County; New York,3.5,8.4,9.8,13.299999999999999,32.1,38809.0,39.2
36005006200,Census Tract 62; Bronx County; New York,6.6,32.2,12.9,39.4,36.8,17471.0,59.1
36005006301,Census Tract 63.01; Bronx County; New York,8.1,21.7,6.0,20.200000000000003,26.5,35175.0,43.9
36005006302,Census Tract 63.02; Bronx County; New York,,,,0.0,0.0,,0.0
36005006400,Census Tract 64; Bronx County; New York,3.3,45.8,13.2,34.7,36.6,18214.0,59.7
36005006500,Census Tract 65; Bronx County; New York,3.2,52.5,13.7,29.8,38.1,13980.0,61.2
36005006700,Census Tract 67; Bronx County; New York,13.7,57.6,2.9,52.0,46.1,14704.0,70.5
36005006800,Census Tract 68; Bronx County; New York,9.7,29.3,11.7,39.1,51.599999999999994,14961.0,63.5
36005006900,Census Tract 69; Bronx County; New York,7.8,39.5,12.9,26.8,34.1,23625.0,57.1
36005007000,Census Tract 70; Bronx County; New York,8.3,24.2,5.7,40.3,37.3,23985.0,53.8
36005007100,Census Tract 71; Bronx County; New York,3.1,12.7,9.0,18.700000000000003,34.2,30166.0,42.4
36005007200,Census Tract 72; Bronx County; New York,18.4,12.6,4.6,22.2,35.7,22782.0,50.4
36005007300,Census Tract 73; Bronx County; New York,7.0,31.6,14.0,25.3,39.3,13101.0,57.1
36005007400,Census Tract 74; Bronx County; New York,1.3,15.6,11.0,19.3,40.400000000000006,30181.0,45.2
36005007500,Census Tract 75; Bronx County; New York,7.2,29.8,12.5,28.1,37.7,20662.0,55.5
36005007600,Census Tract 76; Bronx County; New York,8.5,12.1,9.0,21.0,37.4,24880.0,47.2
36005007700,Census Tract 77; Bronx County; New York,15.6,20.4,10.5,27.5,28.0,18983.0,53.9
36005007800,Census Tract 78; Bronx County; New York,7.0,20.1,3.5,23.9,34.6,27611.0,45.3
36005007900,Census Tract 79; Bronx County; New York,5.0,33.1,14.1,26.400000000000002,46.4,15894.0,58.4
36005008300,Census Tract 83; Bronx County; New York,5.4,8.9,20.5,30.4,33.8,25715.0,52.4
36005008400,Census Tract 84; Bronx County; New York,1.6,1.8,12.8,10.3,38.599999999999994,32108.0,39.5
36005008500,Census Tract 85; Bronx County; New York,7.0,28.1,15.5,34.3,33.5,21865.0,57.0
36005008600,Census Tract 86; Bronx County; New York,2.3,34.6,11.7,36.4,41.2,12822.0,57.5
36005008700,Census Tract 87; Bronx County; New York,7.6,41.0,18.7,28.4,40.1,21647.0,62.8
36005008900,Census Tract 89; Bronx County; New York,7.4,5.8,19.1,47.7,40.4,21312.0,58.7
36005009000,Census Tract 90; Bronx County; New York,2.5,34.5,11.0,30.099999999999998,43.9,17044.0,55.9
36005009200,Census Tract 92; Bronx County; New York,10.6,18.8,8.5,17.9,36.8,25115.0,48.9
36005009301,Census Tract 93.01; Bronx County; New York,7.3,21.5,11.3,21.7,38.0,25223.0,50.7
36005009302,Census Tract 93.02; Bronx County; New York,,,,42.7,1.9,9612.0,44.2
36005009600,Census Tract 96; Bronx County; New York,6.2,15.8,13.8,27.9,41.2,23012.0,52.6
36005009800,Census Tract 98; Bronx County; New York,2.0,21.6,15.2,32.3,46.9,29032.0,54.8
36005011000,Census Tract 110; Bronx County; New York,,,,0.0,0.0,,0.0
36005011502,Census Tract 115.02; Bronx County; New York,7.6,37.6,15.5,21.799999999999997,43.1,16032.0,59.7
36005011701,Census Tract 117.01; Bronx County; New York,16.2,31.1,8.5,35.1,43.3,14082.0,62.6
36005011702,Census Tract 117.02; Bronx County; New York,,,,0.0,0.0,,0.0
36005011800,Census Tract 118; Bronx County; New York,2.7,9.0,7.5,9.7,30.7,35980.0,36.5
36005011900,Census Tract 119; Bronx County; New York,10.6,26.4,14.8,32.2,40.9,17469.0,60.0
36005012101,Census Tract 121.01; Bronx County; New York,11.7,23.3,11.3,26.299999999999997,34.0,26051.0,53.6
36005012102,Census Tract 121.02; Bronx County; New York,10.7,6.2,15.3,39.2,33.6,20317.0,54.5
36005012300,Census Tract 123; Bronx County; New York,13.8,8.5,4.7,31.900000000000002,30.9,29945.0,47.5
36005012500,Census Tract 125; Bronx County; New York,9.0,26.1,12.9,29.5,33.8,22463.0,54.9
36005012701,Census Tract 127.01; Bronx County; New York,12.8,26.8,9.2,30.3,35.3,19499.0,56.0
36005012901,Census Tract 129.01; Bronx County; New York,20.5,32.5,22.8,34.8,42.3,16935.0,72.6
36005013000,Census Tract 130; Bronx County; New York,4.7,11.4,2.6,19.7,31.200000000000003,32372.0,38.7
36005013100,Census Tract 131; Bronx County; New York,4.1,38.5,18.3,25.9,31.7,20947.0,57.1
36005013200,Census Tract 132; Bronx County; New York,5.4,8.3,1.3,11.7,37.0,40681.0,36.3
36005013300,Census Tract 133; Bronx County; New York,0.9,14.4,17.5,36.7,34.2,21571.0,51.9
36005013500,Census Tract 135; Bronx County; New York,0.0,37.8,12.0,24.8,45.300000000000004,20259.0,54.6
36005013800,Census Tract 138; Bronx County; New York,5.4,7.7,16.4,13.100000000000001,34.5,42043.0,43.9
36005014100,Census Tract 141; Bronx County; New York,7.6,24.7,7.3,26.2,34.0,21766.0,49.9
36005014300,Census Tract 143; Bronx County; New York,7.9,31.9,9.6,23.0,39.3,14184.0,54.5
36005014400,Census Tract 144; Bronx County; New York,9.9,19.8,15.6,28.3,47.0,23137.0,58.4
36005014500,Census Tract 145; Bronx County; New York,12.0,54.2,11.6,47.2,38.8,15555.0,70.1
36005014701,Census Tract 147.01; Bronx County; New York,1.1,42.4,19.1,43.9,36.8,13016.0,63.8
36005014702,Census Tract 147.02; Bronx County; New York,3.6,36.7,19.0,42.8,44.8,12240.0,65.5
36005014900,Census Tract 149; Bronx County; New York,5.1,20.3,22.1,30.9,45.9,19166.0,60.1
36005015100,Census Tract 151; Bronx County; New York,4.9,25.0,12.1,38.7,33.3,18979.0,54.5
36005015200,Census Tract 152; Bronx County; New York,1.4,9.4,3.5,11.2,38.5,37882.0,36.1
36005015300,Census Tract 153; Bronx County; New York,3.0,16.3,11.0,25.0,36.9,22551.0,47.5
36005015500,Census Tract 155; Bronx County; New York,13.2,18.7,18.6,33.6,37.9,17940.0,60.9
36005015700,Census Tract 157; Bronx County; New York,7.0,35.0,12.3,26.200000000000003,39.4,20464.0,56.7
36005015800,Census Tract 158; Bronx County; New York,5.7,17.5,13.2,14.5,35.8,35495.0,46.3
36005015900,Census Tract 159; Bronx County; New York,6.8,34.9,4.1,38.6,38.8,20491.0,55.2
36005016000,Census Tract 160; Bronx County; New York,0.2,5.6,6.9,10.100000000000001,35.6,46856.0,34.4
36005016100,Census Tract 161; Bronx County; New York,4.5,34.7,15.5,40.3,44.6,18726.0,62.3
36005016200,Census Tract 162; Bronx County; New York,4.5,5.5,9.3,13.200000000000001,38.8,39325.0,40.4
36005016300,Census Tract 163; Bronx County; New York,,,,0.0,0.0,,0.0
36005016400,Census Tract 164; Bronx County; New York,0.0,16.8,1.6,5.300000000000001,51.099999999999994,32470.0,38.6
36005016500,Census Tract 165; Bronx County; New York,4.8,19.4,6.3,21.799999999999997,41.400000000000006,18830.0,47.5
36005016600,Census Tract 166; Bronx County; New York,5.1,10.2,8.5,14.7,34.0,41470.0,40.5
36005016700,Census Tract 167; Bronx County; New York,5.9,34.7,9.3,26.6,38.3,23400.0,53.9
36005016900,Census Tract 169; Bronx County; New York,6.7,22.0,19.4,25.900000000000002,34.7,17544.0,55.8
36005017100,Census Tract 171; Bronx County; New York,,,,0.0,0.0,,0.0
36005017300,Census Tract 173; Bronx County; New York,9.4,44.0,10.4,39.0,43.900000000000006,16566.0,64.4
36005017500,Census Tract 175; Bronx County; New York,0.0,24.9,3.4,26.200000000000003,46.0,17422.0,47.3
36005017701,Census Tract 177.01; Bronx County; New York,2.1,47.0,13.6,42.599999999999994,33.8,17591.0,61.0
36005017702,Census Tract 177.02; Bronx County; New York,6.4,24.2,19.8,31.200000000000003,34.599999999999994,21376.0,57.5
36005017901,Census Tract 179.01; Bronx County; New York,13.9,16.4,11.4,41.0,27.599999999999998,22159.0,55.6
36005017902,Census Tract 179.02; Bronx County; New York,18.2,18.5,7.1,39.4,43.0,28755.0,59.3
36005018101,Census Tract 181.01; Bronx County; New York,9.4,37.4,15.4,23.0,42.6,16880.0,60.7
36005018102,Census Tract 181.02; Bronx County; New York,9.3,26.0,8.4,24.8,46.599999999999994,21430.0,54.9
36005018301,Census Tract 183.01; Bronx County; New York,5.2,9.1,12.1,21.6,38.5,39517.0,45.4
36005018302,Census Tract 183.02; Bronx County; New York,5.1,11.4,11.4,22.4,34.8,27992.0,45.9
36005018400,Census Tract 184; Bronx County; New York,8.0,6.7,3.8,21.0,37.6,35788.0,41.7
36005018501,Census Tract 185.01; Bronx County; New York,8.9,17.7,6.7,31.8,33.7,20359.0,50.0
36005018502,Census Tract 185.02; Bronx County; New York,5.6,45.6,30.1,24.6,33.599999999999994,14025.0,67.0
36005018900,Census Tract 189; Bronx County; New York,15.3,27.0,6.1,29.0,37.5,19525.0,56.0
36005019300,Census Tract 193; Bronx County; New York,6.4,19.7,5.8,25.9,38.8,20064.0,48.5
36005019400,Census Tract 194; Bronx County; New York,8.5,17.2,5.6,14.5,40.5,33041.0,45.1
36005019500,Census Tract 195; Bronx County; New York,7.5,41.6,22.7,27.1,36.1,16435.0,64.1
36005019700,Census Tract 197; Bronx County; New York,16.2,40.7,11.9,37.4,35.4,21687.0,64.9
36005019900,Census Tract 199; Bronx County; New York,9.4,35.4,6.6,26.5,38.4,23915.0,54.5
36005020000,Census Tract 200; Bronx County; New York,9.9,20.8,6.1,24.2,39.4,24282.0,50.2
36005020100,Census Tract 201; Bronx County; New York,11.5,24.4,24.3,36.099999999999994,34.2,21647.0,64.0
36005020200,Census Tract 202; Bronx County; New York,7.1,22.7,4.4,31.8,41.3,25176.0,50.7
36005020400,Census Tract 204; Bronx County; New York,6.7,15.5,7.4,25.0,37.2,25711.0,47.2
36005020501,Census Tract 205.01; Bronx County; New York,3.8,59.5,18.1,40.2,48.8,13542.0,71.6
36005020502,Census Tract 205.02; Bronx County; New York,4.7,25.5,9.7,32.6,30.1,24142.0,50.3
36005020601,Census Tract 206.01; Bronx County; New York,6.7,29.5,5.2,21.5,35.2,23618.0,48.5
36005020900,Census Tract 209; Bronx County; New York,6.7,16.4,7.1,18.1,35.3,22360.0,45.2
36005021001,Census Tract 210.01; Bronx County; New York,6.9,27.2,19.6,11.8,37.7,27997.0,53.5
36005021002,Census Tract 210.02; Bronx County; New York,17.3,17.5,11.6,10.0,40.3,33155.0,52.0
36005021100,Census Tract 211; Bronx County; New York,6.2,22.0,15.0,32.900000000000006,40.6,21964.0,56.2
36005021200,Census Tract 212; Bronx County; New York,5.6,15.6,6.6,17.0,37.6,31766.0,43.6
36005021301,Census Tract 213.01; Bronx County; New York,13.4,23.0,20.4,31.4,31.6,17508.0,60.9
36005021302,Census Tract 213.02; Bronx County; New York,8.3,45.4,20.5,35.3,47.900000000000006,17012.0,69.7
36005021501,Census Tract 215.01; Bronx County; New York,10.2,33.3,8.2,24.6,36.1,21027.0,54.4
36005021502,Census Tract 215.02; Bronx County; New York,15.1,39.8,19.2,31.200000000000003,40.4,13562.0,68.4
36005021601,Census Tract 216.01; Bronx County; New York,7.5,17.1,8.5,17.9,36.9,23420.0,46.9
36005021602,Census Tract 216.02; Bronx County; New York,8.3,16.0,8.1,13.5,34.3,28591.0,44.5
36005021700,Census Tract 217; Bronx County; New York,12.1,24.4,7.6,31.1,30.200000000000003,22901.0,52.7
36005021800,Census Tract 218; Bronx County; New York,3.1,27.7,6.1,28.700000000000003,29.9,27621.0,46.6
36005021900,Census Tract 219; Bronx County; New York,6.0,19.7,6.3,15.4,34.5,23207.0,44.3
36005022000,Census Tract 220; Bronx County; New York,11.8,45.0,14.6,40.3,42.5,21200.0,67.8
36005022101,Census Tract 221.01; Bronx County; New York,22.8,30.7,15.4,33.9,40.2,16915.0,68.5
36005022102,Census Tract 221.02; Bronx County; New York,21.4,28.4,13.0,35.4,40.1,15629.0,66.3
36005022200,Census Tract 222; Bronx County; New York,14.6,25.0,8.0,25.6,40.3,20487.0,55.9
36005022300,Census Tract 223; Bronx County; New York,14.1,35.7,8.5,31.2,35.1,17163.0,59.2
36005022401,Census Tract 224.01; Bronx County; New York,5.6,7.0,12.2,14.399999999999999,36.9,31298.0,43.5
36005022403,Census Tract 224.03; Bronx County; New York,8.8,9.4,14.3,17.1,31.3,34567.0,46.0
36005022404,Census Tract 224.04; Bronx County; New York,8.5,7.2,6.0,23.700000000000003,33.3,31211.0,43.3
36005022500,Census Tract 225; Bronx County; New York,16.3,17.3,23.9,33.2,34.300000000000004,20307.0,63.9
36005022701,Census Tract 227.01; Bronx County; New York,9.3,32.2,21.5,32.0,36.8,19305.0,63.2
36005022702,Census Tract 227.02; Bronx County; New York,8.9,41.5,5.2,36.8,32.7,18783.0,56.8
36005022703,Census Tract 227.03; Bronx County; New York,17.7,32.3,9.9,25.2,45.5,23948.0,61.6
36005022800,Census Tract 228; Bronx County; New York,3.7,7.6,2.3,9.6,32.0,41873.0,33.7
36005022901,Census Tract 229.01; Bronx County; New York,7.4,23.5,7.1,24.200000000000003,27.4,22130.0,47.0
36005022902,Census Tract 229.02; Bronx County; New York,9.4,33.7,10.4,24.299999999999997,36.4,23877.0,55.0
36005023000,Census Tract 230; Bronx County; New York,14.5,27.1,7.4,17.2,39.9,24408.0,53.4
36005023100,Census Tract 231; Bronx County; New York,17.8,13.9,15.0,37.900000000000006,39.900000000000006,15861.0,62.1
36005023200,Census Tract 232; Bronx County; New York,1.3,29.2,12.8,26.200000000000003,37.7,24997.0,51.4
36005023301,Census Tract 233.01; Bronx County; New York,5.8,28.5,20.8,33.5,31.4,22982.0,58.5
36005023302,Census Tract 233.02; Bronx County; New York,12.6,27.8,12.8,29.9,34.3,18197.0,57.9
36005023501,Census Tract 235.01; Bronx County; New York,6.4,25.9,9.3,36.099999999999994,32.7,19278.0,53.2
36005023502,Census Tract 235.02; Bronx County; New York,7.2,22.4,14.8,31.2,39.5,23919.0,55.8
36005023600,Census Tract 236; Bronx County; New York,5.2,10.0,3.7,29.0,41.599999999999994,26194.0,45.1
36005023702,Census Tract 237.02; Bronx County; New York,18.0,34.9,8.1,31.2,37.3,19984.0,61.2
36005023703,Census Tract 237.03; Bronx County; New York,14.3,51.4,20.2,35.0,39.2,12307.0,72.4
36005023704,Census Tract 237.04; Bronx County; New York,8.7,45.2,16.8,24.4,31.6,18807.0,60.4
36005023800,Census Tract 238; Bronx County; New York,5.6,13.4,10.1,20.3,29.0,29733.0,43.7
36005023900,Census Tract 239; Bronx County; New York,26.3,25.7,12.3,28.900000000000002,38.800000000000004,14627.0,65.9
36005024000,Census Tract 240; Bronx County; New York,0.0,9.9,20.6,12.899999999999999,32.1,29524.0,44.2
36005024100,Census Tract 241; Bronx County; New York,2.0,10.7,13.2,28.9,34.3,18054.0,47.4
36005024300,Census Tract 243; Bronx County; New York,15.7,23.7,18.8,27.6,31.3,18068.0,60.4
36005024400,Census Tract 244; Bronx County; New York,1.7,8.2,11.1,11.5,30.8,34373.0,38.4
36005024501,Census Tract 245.01; Bronx County; New York,10.0,22.4,7.7,37.2,39.2,19171.0,55.4
36005024502,Census Tract 245.02; Bronx County; New York,11.6,18.9,8.8,37.9,32.7,24598.0,53.9
36005024600,Census Tract 246; Bronx County; New York,3.5,8.8,7.2,15.9,38.3,34714.0,40.6
36005024700,Census Tract 247; Bronx County; New York,9.2,10.7,11.3,34.1,30.9,28153.0,49.9
36005024800,Census Tract 248; Bronx County; New York,6.3,9.0,3.2,19.8,37.400000000000006,31657.0,41.1
36005024900,Census Tract 249; Bronx County; New York,,,,0.0,0.0,,0.0
36005025000,Census Tract 250; Bronx County; New York,1.4,2.9,2.9,13.7,40.7,36796.0,35.4
36005025100,Census Tract 251; Bronx County; New York,8.3,25.3,7.2,28.5,31.799999999999997,23364.0,50.3
36005025200,Census Tract 252; Bronx County; New York,7.2,5.3,13.0,11.4,32.9,33186.0,42.3
36005025300,Census Tract 253; Bronx County; New York,9.0,18.2,16.9,32.6,30.2,20137.0,55.0
36005025400,Census Tract 254; Bronx County; New York,1.3,10.9,5.7,22.0,41.1,39452.0,41.1
36005025500,Census Tract 255; Bronx County; New York,9.2,25.6,11.4,37.5,41.8,15885.0,58.9
36005025600,Census Tract 256; Bronx County; New York,2.7,3.3,7.8,25.3,35.1,28068.0,41.2
36005025700,Census Tract 257; Bronx County; New York,8.5,13.3,9.7,18.2,22.2,29118.0,42.7
36005026100,Census Tract 261; Bronx County; New York,0.9,0.0,6.7,3.0,33.3,47902.0,30.6
36005026300,Census Tract 263; Bronx County; New York,19.0,27.1,13.4,30.5,44.8,18993.0,64.5
36005026400,Census Tract 264; Bronx County; New York,2.0,10.3,5.8,15.200000000000001,34.4,37832.0,37.9
36005026500,Census Tract 265; Bronx County; New York,10.2,19.5,12.4,32.2,37.7,20192.0,55.5
36005026601,Census Tract 266.01; Bronx County; New York,3.5,19.3,8.8,22.400000000000002,40.1,27331.0,47.2
36005026602,Census Tract 266.02; Bronx County; New York,2.7,20.4,12.6,21.1,40.3,26964.0,48.8
36005026701,Census Tract 267.01; Bronx County; New York,11.9,19.8,6.8,17.200000000000003,43.2,23615.0,50.6
36005026702,Census Tract 267.02; Bronx County; New York,13.8,20.5,9.0,29.3,36.6,26365.0,54.3
36005026900,Census Tract 269; Bronx County; New York,3.9,25.8,12.2,29.8,28.6,23833.0,50.2
36005027300,Census Tract 273; Bronx County; New York,9.9,15.2,7.8,28.799999999999997,39.2,27193.0,50.5
36005027401,Census Tract 274.01; Bronx County; New York,0.0,3.0,0.9,13.1,39.7,46817.0,32.2
36005027402,Census Tract 274.02; Bronx County; New York,0.5,3.4,4.8,11.9,43.9,46149.0,35.6
36005027600,Census Tract 276; Bronx County; New York,0.0,47.1,0.0,22.6,43.900000000000006,8572.0,50.7
36005027700,Census Tract 277; Bronx County; New York,12.3,26.4,10.8,27.900000000000002,30.9,23239.0,54.4
36005027900,Census Tract 279; Bronx County; New York,8.5,10.9,15.5,17.9,38.9,32523.0,49.3
36005028100,Census Tract 281; Bronx County; New York,1.3,2.2,5.2,14.0,45.8,47452.0,36.9
36005028300,Census Tract 283; Bronx County; New York,30.9,47.5,16.3,18.5,35.8,17288.0,72.6
36005028400,Census Tract 284; Bronx County; New York,,,0.0,35.7,37.3,7684.0,49.0
36005028500,Census Tract 285; Bronx County; New York,1.9,6.9,6.7,7.0,30.4,38437.0,34.1
36005028600,Census Tract 286; Bronx County; New York,1.3,3.6,8.3,7.1,50.7,48231.0,38.4
36005028700,Census Tract 287; Bronx County; New York,6.9,4.8,13.3,18.4,32.7,33590.0,44.0
36005028800,Census Tract 288; Bronx County; New York,2.6,13.5,6.2,15.4,35.0,38925.0,39.4
36005028900,Census Tract 289; Bronx County; New York,7.5,26.7,5.6,28.7,41.5,29902.0,51.5
36005029301,Census Tract 293.01; Bronx County; New York,0.3,1.0,4.9,6.2,57.0,91964.0,32.9
36005029302,Census Tract 293.02; Bronx County; New York,1.6,12.5,6.5,4.1,49.900000000000006,79591.0,36.2
36005029500,Census Tract 295; Bronx County; New York,0.2,8.1,1.5,15.8,36.3,55957.0,33.0
36005029600,Census Tract 296; Bronx County; New York,4.3,3.7,18.2,17.0,30.400000000000002,37378.0,43.6
36005029700,Census Tract 297; Bronx County; New York,2.0,0.0,8.0,4.4,55.6,60328.0,37.2
36005030000,Census Tract 300; Bronx County; New York,9.1,11.9,13.5,11.0,29.7,41853.0,43.7
36005030100,Census Tract 301; Bronx County; New York,1.2,1.4,4.1,14.899999999999999,56.9,55935.0,38.5
36005030201,Census Tract 302.01; Bronx County; New York,3.2,5.3,3.6,21.1,38.2,37449.0,38.6
36005030202,Census Tract 302.02; Bronx County; New York,5.6,5.3,3.9,12.399999999999999,44.2,31142.0,40.0
36005030701,Census Tract 307.01; Bronx County; New York,0.0,0.4,7.9,4.3,55.8,66918.0,35.6
36005030900,Census Tract 309; Bronx County; New York,2.0,2.7,1.1,6.1,65.8,75545.0,36.0
36005031000,Census Tract 310; Bronx County; New York,0.9,3.1,6.9,16.200000000000003,42.5,39446.0,38.3
36005031200,Census Tract 312; Bronx County; New York,3.4,2.6,4.9,15.7,46.7,39440.0,39.4
36005031400,Census Tract 314; Bronx County; New York,6.0,2.8,8.4,12.0,38.3,34469.0,40.0
36005031600,Census Tract 316; Bronx County; New York,0.0,12.0,13.3,20.4,34.8,40083.0,42.6
36005031800,Census Tract 318; Bronx County; New York,5.2,4.4,9.2,13.2,39.5,38813.0,40.7
36005031900,Census Tract 319; Bronx County; New York,,,22.0,16.7,6.8,5033.0,47.3
36005032300,Census Tract 323; Bronx County; New York,0.0,0.0,2.2,4.300000000000001,56.5,73158.0,32.0
36005032400,Census Tract 324; Bronx County; New York,11.8,30.6,10.3,37.8,30.8,21941.0,57.7
36005032600,Census Tract 326; Bronx County; New York,3.7,8.4,6.4,19.7,32.8,40006.0,39.2
36005032800,Census Tract 328; Bronx County; New York,9.8,16.2,15.4,29.0,40.0,22692.0,55.6
36005033000,Census Tract 330; Bronx County; New York,5.2,20.5,16.8,24.900000000000002,40.5,22573.0,54.0
36005033201,Census Tract 332.01; Bronx County; New York,3.8,11.7,14.9,16.7,39.1,30172.0,46.6
36005033202,Census Tract 332.02; Bronx County; New York,6.6,6.8,1.4,25.700000000000003,48.7,25940.0,44.8
36005033400,Census Tract 334; Bronx County; New York,0.0,0.0,41.2,0.0,15.8,12124.0,46.5
36005033500,Census Tract 335; Bronx County; New York,5.0,13.8,11.4,8.6,35.0,58485.0,40.1
36005033601,Census Tract 336.01; Bronx County; New York,8.9,29.4,13.6,26.8,31.9,19585.0,55.1
36005033602,Census Tract 336.02; Bronx County; New York,0.0,6.0,6.0,19.0,39.5,32540.0,38.6
36005033700,Census Tract 337; Bronx County; New York,1.6,3.3,5.0,10.0,49.3,72227.0,35.0
36005033801,Census Tract 338.01; Bronx County; New York,4.5,11.0,5.0,16.7,36.5,26864.0,41.0
36005033802,Census Tract 338.02; Bronx County; New York,17.2,18.5,14.5,28.8,30.299999999999997,24365.0,56.9
36005034000,Census Tract 340; Bronx County; New York,10.3,12.3,5.9,22.5,40.4,26592.0,47.6
36005034200,Census Tract 342; Bronx County; New York,0.0,13.9,1.0,21.1,34.8,37261.0,36.9
36005034300,Census Tract 343; Bronx County; New York,0.0,3.0,10.1,9.8,41.1,38638.0,37.5
36005034400,Census Tract 344; Bronx County; New York,4.6,26.1,5.5,12.2,41.0,30572.0,45.0
36005034500,Census Tract 345; Bronx County; New York,6.4,5.3,5.7,12.0,39.0,50807.0,38.2
36005034800,Census Tract 348; Bronx County; New York,6.5,17.7,5.5,14.3,40.4,24481.0,44.8
36005035000,Census Tract 350; Bronx County; New York,4.3,3.1,1.5,10.6,37.8,36898.0,34.6
36005035100,Census Tract 351; Bronx County; New York,1.6,8.1,3.9,8.8,27.700000000000003,51271.0,31.3
36005035600,Census Tract 356; Bronx County; New York,2.6,1.7,14.1,13.2,31.7,41298.0,38.9
36005035800,Census Tract 358; Bronx County; New York,3.9,10.6,8.8,11.2,35.2,36976.0,39.9
36005035900,Census Tract 359; Bronx County; New York,5.6,51.1,21.4,36.599999999999994,44.3,15399.0,69.8
36005036000,Census Tract 360; Bronx County; New York,9.8,6.0,8.3,18.7,45.1,35931.0,46.4
36005036100,Census Tract 361; Bronx County; New York,4.8,54.1,20.1,29.2,44.7,16484.0,67.4
36005036300,Census Tract 363; Bronx County; New York,14.1,39.1,12.7,39.5,32.7,18323.0,63.8
36005036400,Census Tract 364; Bronx County; New York,3.3,7.0,8.6,25.3,33.4,31639.0,42.2
36005036501,Census Tract 365.01; Bronx County; New York,6.0,23.1,19.8,21.299999999999997,34.3,19378.0,54.4
36005036502,Census Tract 365.02; Bronx County; New York,3.1,36.5,14.7,30.8,36.4,14461.0,57.2
36005036700,Census Tract 367; Bronx County; New York,8.9,26.7,15.8,18.7,30.8,22510.0,52.9
36005036800,Census Tract 368; Bronx County; New York,17.9,30.0,18.2,23.5,39.9,29207.0,63.2
36005036901,Census Tract 369.01; Bronx County; New York,7.6,43.0,9.8,37.099999999999994,38.1,14342.0,60.9
36005036902,Census Tract 369.02; Bronx County; New York,10.1,51.8,18.5,46.599999999999994,40.7,14950.0,72.6
36005037000,Census Tract 370; Bronx County; New York,8.6,11.9,7.7,19.200000000000003,39.1,27483.0,46.2
36005037100,Census Tract 371; Bronx County; New York,7.5,12.5,8.3,25.599999999999998,44.0,31604.0,48.8
36005037200,Census Tract 372; Bronx County; New York,5.1,10.4,4.6,18.0,37.0,28294.0,41.3
36005037300,Census Tract 373; Bronx County; New York,20.0,29.2,10.8,22.2,44.400000000000006,18471.0,61.9
36005037400,Census Tract 374; Bronx County; New York,1.0,25.7,12.3,22.8,33.6,20442.0,48.4
36005037504,Census Tract 375.04; Bronx County; New York,6.1,31.9,5.6,31.8,40.0,14683.0,53.9
36005037600,Census Tract 376; Bronx County; New York,2.3,12.1,5.2,27.4,36.9,30200.0,42.8
36005037800,Census Tract 378; Bronx County; New York,0.6,13.3,18.4,22.0,36.5,24580.0,48.4
36005037900,Census Tract 379; Bronx County; New York,13.3,32.6,12.4,40.0,40.800000000000004,18613.0,63.8
36005038000,Census Tract 380; Bronx County; New York,3.6,39.4,9.3,27.0,41.2,29729.0,54.2
36005038100,Census Tract 381; Bronx County; New York,10.1,25.0,12.2,30.9,46.1,16954.0,59.0
36005038200,Census Tract 382; Bronx County; New York,5.7,12.4,8.9,23.799999999999997,41.2,32507.0,46.8
36005038301,Census Tract 383.01; Bronx County; New York,13.0,20.3,10.3,30.1,29.799999999999997,21600.0,53.3
36005038303,Census Tract 383.03; Bronx County; New York,2.2,31.6,11.7,41.8,39.8,18521.0,57.2
36005038304,Census Tract 383.04; Bronx County; New York,4.2,39.8,15.8,29.9,33.7,12611.0,58.5
36005038500,Census Tract 385; Bronx County; New York,13.8,56.2,29.1,34.400000000000006,46.4,18445.0,79.6
36005038600,Census Tract 386; Bronx County; New York,6.3,19.8,9.8,16.5,44.599999999999994,26320.0,49.1
36005038700,Census Tract 387; Bronx County; New York,6.0,23.2,18.0,32.0,34.1,24701.0,55.8
36005038800,Census Tract 388; Bronx County; New York,11.4,18.6,9.5,20.8,45.0,30276.0,52.4
36005038900,Census Tract 389; Bronx County; New York,11.1,26.1,17.4,33.3,27.7,17674.0,58.3
36005039000,Census Tract 390; Bronx County; New York,12.5,14.4,17.7,23.6,30.1,30194.0,53.0
36005039100,Census Tract 391; Bronx County; New York,14.5,30.1,5.8,40.9,36.3,26681.0,58.5
36005039200,Census Tract 392; Bronx County; New York,7.5,17.3,13.2,24.700000000000003,34.2,37027.0,49.4
36005039300,Census Tract 393; Bronx County; New York,11.4,24.1,10.9,34.1,43.6,17411.0,58.9
36005039400,Census Tract 394; Bronx County; New York,4.4,24.3,9.4,22.4,36.0,25437.0,48.4
36005039500,Census Tract 395; Bronx County; New York,8.4,42.0,11.3,29.6,38.0,18219.0,59.5
36005039600,Census Tract 396; Bronx County; New York,6.9,18.0,14.1,38.5,35.0,24590.0,54.8
36005039700,Census Tract 397; Bronx County; New York,2.1,6.9,22.5,42.1,10.8,7940.0,49.6
36005039800,Census Tract 398; Bronx County; New York,0.8,24.3,4.6,16.099999999999998,43.5,23999.0,44.3
36005039901,Census Tract 399.01; Bronx County; New York,13.6,20.9,15.6,37.2,39.7,16824.0,61.7
36005039902,Census Tract 399.02; Bronx County; New York,12.9,16.8,18.1,32.2,35.9,18216.0,59.0
36005040100,Census Tract 401; Bronx County; New York,8.3,36.2,15.4,24.1,32.0,16585.0,57.2
36005040302,Census Tract 403.02; Bronx County; New York,7.2,36.4,14.7,37.900000000000006,40.3,15806.0,62.3
36005040303,Census Tract 403.03; Bronx County; New York,7.5,16.3,12.4,28.8,36.2,24557.0,51.4
36005040304,Census Tract 403.04; Bronx County; New York,11.4,28.2,13.6,37.8,37.5,19103.0,60.7
36005040400,Census Tract 404; Bronx County; New York,4.8,0.0,8.2,9.9,39.1,32639.0,38.3
36005040501,Census Tract 405.01; Bronx County; New York,7.2,34.5,16.0,40.8,39.6,19646.0,62.7
36005040502,Census Tract 405.02; Bronx County; New York,6.3,23.1,17.7,29.799999999999997,35.6,22601.0,55.8
36005040600,Census Tract 406; Bronx County; New York,6.7,15.1,9.9,9.6,36.9,23789.0,44.4
36005040701,Census Tract 407.01; Bronx County; New York,4.3,28.9,11.0,27.9,33.9,20915.0,51.8
36005040702,Census Tract 407.02; Bronx County; New York,12.2,19.4,14.6,29.1,36.7,20953.0,56.6
36005040800,Census Tract 408; Bronx County; New York,3.3,22.7,10.4,37.1,34.0,18230.0,51.9
36005040900,Census Tract 409; Bronx County; New York,11.4,3.4,11.1,10.7,42.6,30425.0,45.8
36005041100,Census Tract 411; Bronx County; New York,7.5,12.6,13.2,33.4,34.8,24425.0,51.7
36005041300,Census Tract 413; Bronx County; New York,11.2,16.5,5.6,20.9,33.7,26528.0,46.9
36005041400,Census Tract 414; Bronx County; New York,8.9,2.0,5.7,17.4,29.9,36132.0,38.9
36005041500,Census Tract 415; Bronx County; New York,10.2,23.4,20.6,20.4,34.9,23967.0,56.8
36005041800,Census Tract 418; Bronx County; New York,3.7,8.5,11.4,15.8,41.4,25114.0,44.6
36005041900,Census Tract 419; Bronx County; New York,4.5,25.7,14.1,24.700000000000003,23.9,27293.0,48.6
36005042000,Census Tract 420; Bronx County; New York,9.4,36.8,16.5,25.1,37.7,18396.0,60.2
36005042100,Census Tract 421; Bronx County; New York,11.4,26.4,15.2,19.700000000000003,33.3,31684.0,54.0
36005042200,Census Tract 422; Bronx County; New York,7.7,6.8,2.1,20.4,29.7,34180.0,38.5
36005042300,Census Tract 423; Bronx County; New York,23.0,18.3,9.1,32.0,38.8,22905.0,60.4
36005042400,Census Tract 424; Bronx County; New York,0.0,3.1,14.6,19.9,41.8,33349.0,43.3
36005042500,Census Tract 425; Bronx County; New York,10.1,17.8,8.4,23.3,31.2,28171.0,47.9
36005042600,Census Tract 426; Bronx County; New York,10.1,1.4,7.1,18.8,37.3,43571.0,41.9
36005042800,Census Tract 428; Bronx County; New York,1.6,11.8,11.2,5.9,52.0,33158.0,43.7
36005042901,Census Tract 429.01; Bronx County; New York,2.0,21.5,1.8,20.5,36.9,26782.0,41.8
36005042902,Census Tract 429.02; Bronx County; New York,5.9,13.6,10.3,28.200000000000003,35.9,24731.0,48.4
36005043000,Census Tract 430; Bronx County; New York,4.8,10.0,15.4,18.9,40.3,30070.0,47.9
36005043101,Census Tract 431.01; Bronx County; New York,7.4,34.2,8.3,43.5,35.7,22260.0,58.0
36005043102,Census Tract 431.02; Bronx County; New York,8.1,32.0,5.7,27.1,35.8,21317.0,52.1
36005043400,Census Tract 434; Bronx County; New York,4.6,19.6,10.1,18.9,29.9,33085.0,44.4
36005043501,Census Tract 435.01; Bronx County; New York,5.3,44.6,14.6,22.200000000000003,51.699999999999996,14976.0,62.3
36005043502,Census Tract 435.02; Bronx County; New York,,,,0.0,0.0,,0.0
36005043503,Census Tract 435.03; Bronx County; New York,0.0,,0.0,0.0,0.0,65206.0,13.9
36005043600,Census Tract 436; Bronx County; New York,7.9,17.4,13.0,22.8,40.0,42501.0,50.1
36005044200,Census Tract 442; Bronx County; New York,4.0,33.2,7.2,27.2,35.9,20497.0,51.1
36005044400,Census Tract 444; Bronx County; New York,9.4,15.1,14.3,12.7,41.6,35473.0,49.4
36005044800,Census Tract 448; Bronx County; New York,5.9,9.6,7.9,4.1,42.0,38621.0,40.0
36005044901,Census Tract 449.01; Bronx County; New York,1.3,5.6,0.8,4.3,36.2,56971.0,29.4
36005044902,Census Tract 449.02; Bronx County; New York,2.8,12.9,8.4,11.700000000000001,33.1,44680.0,38.6
36005045101,Census Tract 451.01; Bronx County; New York,0.0,0.0,2.5,8.700000000000001,31.0,56429.0,27.9
36005045102,Census Tract 451.02; Bronx County; New York,4.5,1.7,0.6,7.1,40.8,49594.0,32.6
36005045600,Census Tract 456; Bronx County; New York,5.2,1.2,2.3,9.0,29.099999999999998,46445.0,31.4
36005045800,Census Tract 458; Bronx County; New York,2.5,30.1,23.3,36.6,37.900000000000006,16376.0,61.6
36005046000,Census Tract 460; Bronx County; New York,4.4,23.2,12.8,27.3,35.3,21870.0,51.4
36005046203,Census Tract 462.03; Bronx County; New York,0.0,2.9,14.8,23.5,55.6,26507.0,48.7
36005046204,Census Tract 462.04; Bronx County; New York,8.2,6.5,3.1,8.7,43.8,28833.0,40.4
36005046205,Census Tract 462.05; Bronx County; New York,0.0,16.6,9.3,21.7,48.0,47068.0,45.0
36005046206,Census Tract 462.06; Bronx County; New York,6.0,4.2,6.6,13.5,33.9,26853.0,39.3
36005046207,Census Tract 462.07; Bronx County; New York,0.0,10.8,14.6,7.2,38.3,38627.0,40.6
36005046208,Census Tract 462.08; Bronx County; New York,1.9,8.0,3.3,10.600000000000001,41.400000000000006,28585.0,37.3
36005046209,Census Tract 462.09; Bronx County; New York,10.6,39.1,15.6,13.5,42.9,17033.0,59.4
36005048401,Census Tract 484.01; Bronx County; New York,6.8,5.6,6.5,13.7,35.3,34059.0,39.8
36005048402,Census Tract 484.02; Bronx County; New York,,,,0.0,0.0,,0.0
36005050400,Census Tract 504; Bronx County; New York,,,,0.0,0.0,,0.0
36005051601,Census Tract 516.01; Bronx County; New York,0.0,0.0,7.9,4.7,43.9,70987.0,32.0
36005051602,Census Tract 516.02; Bronx County; New York,,,,0.0,0.0,,0.0
36047000100,Census Tract 1; Kings County; New York,0.7,5.6,4.2,3.3,42.5,173341.0,22.1
36047000200,Census Tract 2; Kings County; New York,14.4,30.6,7.5,31.700000000000003,32.5,30330.0,55.7
36047000301,Census Tract 3.01; Kings County; New York,0.9,1.7,2.4,2.5,42.099999999999994,125848.0,24.1
36047000501,Census Tract 5.01; Kings County; New York,0.5,6.5,4.6,5.6,31.2,86820.0,27.6
36047000502,Census Tract 5.02; Kings County; New York,0.0,0.0,6.2,1.1,33.7,133680.0,21.8
36047000700,Census Tract 7; Kings County; New York,3.9,4.6,1.8,2.1,35.0,116745.0,24.9
36047000900,Census Tract 9; Kings County; New York,0.8,0.0,3.9,1.4,21.8,138101.0,17.5
36047001100,Census Tract 11; Kings County; New York,1.4,5.3,8.0,2.4,13.3,109298.0,22.0
36047001300,Census Tract 13; Kings County; New York,0.4,2.6,4.7,0.8,30.700000000000003,107798.0,23.3
36047001501,Census Tract 15.01; Kings County; New York,4.2,5.9,5.0,15.200000000000001,27.8,61581.0,33.6
36047001502,Census Tract 15.02; Kings County; New York,1.4,3.8,4.2,0.2,17.9,87955.0,22.1
36047001801,Census Tract 18.01; Kings County; New York,,,,62.9,0.7,23.0,56.0
36047001802,Census Tract 18.02; Kings County; New York,,,,0.0,0.0,,0.0
36047001803,Census Tract 18.03; Kings County; New York,,,,66.7,0.0,,53.6
36047001804,Census Tract 18.04; Kings County; New York,,,,0.0,0.0,,0.0
36047002000,Census Tract 20; Kings County; New York,13.0,9.7,9.9,38.1,34.300000000000004,23179.0,53.4
36047002100,Census Tract 21; Kings County; New York,8.7,3.5,1.7,0.5,27.8,151891.0,21.8
36047002200,Census Tract 22; Kings County; New York,17.5,22.5,4.2,20.6,43.8,24940.0,54.0
36047002300,Census Tract 23; Kings County; New York,8.9,41.2,35.2,30.7,42.3,13025.0,74.5
36047002901,Census Tract 29.01; Kings County; New York,6.5,44.7,22.4,34.2,43.9,12577.0,68.6
36047003000,Census Tract 30; Kings County; New York,5.0,4.7,9.2,9.1,38.0,51753.0,38.0
36047003101,Census Tract 31.01; Kings County; New York,1.2,7.5,3.4,5.5,27.799999999999997,79466.0,27.3
36047003102,Census Tract 31.02; Kings County; New York,,,,0.0,0.0,,0.0
36047003300,Census Tract 33; Kings County; New York,0.3,9.6,3.6,4.699999999999999,24.2,89670.0,25.4
36047003400,Census Tract 34; Kings County; New York,5.5,1.3,2.0,21.5,41.0,51690.0,37.6
36047003500,Census Tract 35; Kings County; New York,2.5,0.8,2.4,6.1,22.6,105092.0,22.2
36047003600,Census Tract 36; Kings County; New York,3.7,8.8,7.4,6.699999999999999,35.3,52073.0,36.0
36047003700,Census Tract 37; Kings County; New York,2.4,0.8,1.2,1.0,19.3,139075.0,16.3
36047003800,Census Tract 38; Kings County; New York,0.0,3.5,5.0,10.1,43.8,73347.0,32.6
36047003900,Census Tract 39; Kings County; New York,5.7,3.2,4.2,9.4,28.799999999999997,86907.0,29.8
36047004100,Census Tract 41; Kings County; New York,0.8,2.0,5.3,7.7,30.700000000000003,120271.0,24.5
36047004300,Census Tract 43; Kings County; New York,1.8,5.8,6.6,6.3999999999999995,24.9,121260.0,24.7
36047004400,Census Tract 44; Kings County; New York,0.4,6.6,5.7,4.2,42.8,78414.0,31.7
36047004500,Census Tract 45; Kings County; New York,0.0,1.6,3.2,0.8999999999999999,28.4,107338.0,21.5
36047004600,Census Tract 46; Kings County; New York,0.0,1.9,2.8,10.1,46.0,76126.0,31.3
36047004700,Census Tract 47; Kings County; New York,9.1,2.6,7.1,8.0,37.6,90991.0,34.7
36047004900,Census Tract 49; Kings County; New York,0.4,5.5,11.0,5.199999999999999,38.8,98705.0,31.7
36047005000,Census Tract 50; Kings County; New York,2.0,8.4,6.6,1.0,40.7,72448.0,32.7
36047005100,Census Tract 51; Kings County; New York,7.7,1.5,3.1,1.8,29.400000000000002,91372.0,27.5
36047005201,Census Tract 52.01; Kings County; New York,0.0,17.9,6.7,19.6,51.6,84048.0,41.1
36047005202,Census Tract 52.02; Kings County; New York,0.7,5.9,1.0,3.0,41.400000000000006,70519.0,29.1
36047005301,Census Tract 53.01; Kings County; New York,2.6,8.6,3.6,8.7,32.9,84033.0,30.4
36047005302,Census Tract 53.02; Kings County; New York,0.0,0.0,0.0,0.0,40.9,56394.0,26.9
36047005303,Census Tract 53.03; Kings County; New York,,,,0.0,0.0,,0.0
36047005400,Census Tract 54; Kings County; New York,2.0,2.2,6.3,6.8,34.5,55075.0,32.2
36047005601,Census Tract 56.01; Kings County; New York,2.1,23.8,2.8,5.3,39.5,55319.0,37.1
36047005602,Census Tract 56.02; Kings County; New York,7.3,0.0,1.3,6.5,36.599999999999994,74277.0,30.6
36047005800,Census Tract 58; Kings County; New York,1.2,4.7,7.9,11.4,35.3,56628.0,34.7
36047005900,Census Tract 59; Kings County; New York,1.6,5.4,9.4,8.799999999999999,23.9,86966.0,29.4
36047006000,Census Tract 60; Kings County; New York,1.2,6.0,9.2,14.399999999999999,45.2,39027.0,40.8
36047006200,Census Tract 62; Kings County; New York,9.7,17.9,4.8,16.4,37.5,44381.0,44.2
36047006300,Census Tract 63; Kings County; New York,1.1,5.8,6.6,3.3,27.5,98674.0,26.2
36047006400,Census Tract 64; Kings County; New York,2.8,9.2,9.2,10.2,37.6,41132.0,39.1
36047006500,Census Tract 65; Kings County; New York,1.7,0.1,7.1,1.7999999999999998,31.5,98829.0,26.0
36047006600,Census Tract 66; Kings County; New York,4.2,16.9,5.2,13.5,31.099999999999998,47586.0,38.3
36047006700,Census Tract 67; Kings County; New York,4.8,0.0,1.1,5.300000000000001,39.400000000000006,133914.0,24.4
36047006800,Census Tract 68; Kings County; New York,6.8,7.6,8.7,27.200000000000003,46.3,36998.0,47.9
36047006901,Census Tract 69.01; Kings County; New York,0.0,11.9,6.3,3.4000000000000004,36.6,94548.0,29.9
36047006902,Census Tract 69.02; Kings County; New York,0.0,0.0,11.0,3.7,26.200000000000003,137582.0,22.8
36047007000,Census Tract 70; Kings County; New York,4.9,1.9,4.3,8.8,39.8,50040.0,35.1
36047007100,Census Tract 71; Kings County; New York,10.0,24.4,5.2,27.2,43.9,48355.0,50.6
36047007200,Census Tract 72; Kings County; New York,10.1,23.8,1.8,24.1,32.5,23203.0,47.0
36047007400,Census Tract 74; Kings County; New York,23.8,20.9,3.9,36.1,40.0,23632.0,60.1
36047007500,Census Tract 75; Kings County; New York,0.6,2.9,4.4,2.4,29.0,82824.0,25.5
36047007600,Census Tract 76; Kings County; New York,19.7,12.0,9.6,47.099999999999994,43.3,23407.0,62.4
36047007700,Census Tract 77; Kings County; New York,0.0,0.7,6.2,3.6,32.1,135258.0,22.1
36047007800,Census Tract 78; Kings County; New York,12.8,17.3,5.3,40.7,36.2,23004.0,54.1
36047008000,Census Tract 80; Kings County; New York,3.3,11.2,5.0,22.3,39.5,32906.0,42.1
36047008200,Census Tract 82; Kings County; New York,7.3,25.1,7.0,26.900000000000002,33.1,36605.0,48.3
36047008400,Census Tract 84; Kings County; New York,7.7,9.8,8.6,38.1,23.9,38253.0,45.7
36047008500,Census Tract 85; Kings County; New York,4.4,48.3,19.1,41.0,38.8,13818.0,66.9
36047008600,Census Tract 86; Kings County; New York,,,,0.0,0.0,,0.0
36047008800,Census Tract 88; Kings County; New York,5.0,7.5,10.2,33.5,23.8,37876.0,43.2
36047009001,Census Tract 90.01; Kings County; New York,2.6,9.3,0.6,37.9,40.3,21214.0,44.3
36047009002,Census Tract 90.02; Kings County; New York,10.2,5.3,11.9,40.5,42.2,22920.0,54.6
36047009201,Census Tract 92.01; Kings County; New York,23.0,19.9,8.1,51.6,39.2,35970.0,64.5
36047009202,Census Tract 92.02; Kings County; New York,2.5,15.4,8.6,35.7,31.6,24978.0,46.9
36047009401,Census Tract 94.01; Kings County; New York,25.7,29.8,9.7,61.5,44.3,20957.0,74.9
36047009402,Census Tract 94.02; Kings County; New York,26.5,12.0,1.0,36.9,36.900000000000006,27209.0,56.7
36047009600,Census Tract 96; Kings County; New York,12.3,19.7,5.0,29.5,30.5,29513.0,49.2
36047009800,Census Tract 98; Kings County; New York,22.9,23.0,7.1,50.400000000000006,39.6,20462.0,65.9
36047010000,Census Tract 100; Kings County; New York,11.4,10.9,5.2,46.900000000000006,39.9,23251.0,54.2
36047010100,Census Tract 101; Kings County; New York,8.6,10.8,8.0,20.5,24.5,62131.0,39.5
36047010200,Census Tract 102; Kings County; New York,24.6,16.7,7.2,39.099999999999994,41.2,21459.0,62.5
36047010401,Census Tract 104.01; Kings County; New York,24.5,22.3,9.8,56.1,42.0,19123.0,70.4
36047010402,Census Tract 104.02; Kings County; New York,23.6,44.0,7.5,55.0,43.7,16868.0,74.8
36047010601,Census Tract 106.01; Kings County; New York,33.7,35.7,8.8,36.5,44.6,21128.0,73.8
36047010602,Census Tract 106.02; Kings County; New York,32.1,18.3,4.9,45.599999999999994,39.1,17223.0,67.4
36047010801,Census Tract 108.01; Kings County; New York,10.4,17.0,4.3,41.2,32.900000000000006,24536.0,51.2
36047010802,Census Tract 108.02; Kings County; New York,18.9,35.1,35.4,42.1,35.7,20373.0,79.1
36047011000,Census Tract 110; Kings County; New York,19.0,8.2,7.1,51.8,37.0,26105.0,58.9
36047011200,Census Tract 112; Kings County; New York,12.3,20.5,5.4,33.6,47.8,20873.0,56.1
36047011400,Census Tract 114; Kings County; New York,19.3,26.3,9.6,34.2,49.400000000000006,21385.0,64.4
36047011600,Census Tract 116; Kings County; New York,25.1,21.9,5.0,55.0,33.1,19076.0,65.3
36047011700,Census Tract 117; Kings County; New York,6.3,11.1,11.1,12.8,31.8,63420.0,39.8
36047011800,Census Tract 118; Kings County; New York,19.6,17.6,10.3,45.2,39.2,28295.0,62.2
36047011901,Census Tract 119.01; Kings County; New York,3.4,0.0,7.2,7.2,29.5,81105.0,29.4
36047011902,Census Tract 119.02; Kings County; New York,,,,0.0,0.0,,0.0
36047012000,Census Tract 120; Kings County; New York,25.4,18.8,5.4,51.5,30.0,18344.0,63.1
36047012100,Census Tract 121; Kings County; New York,0.7,5.9,4.7,7.1,22.0,73436.0,26.7
36047012200,Census Tract 122; Kings County; New York,19.1,27.9,9.1,46.6,35.9,25881.0,63.7
36047012600,Census Tract 126; Kings County; New York,7.8,24.2,9.9,24.7,37.7,26640.0,51.5
36047012700,Census Tract 127; Kings County; New York,2.6,9.9,8.5,17.7,31.0,74057.0,36.2
36047012801,Census Tract 128.01; Kings County; New York,10.8,24.0,6.9,34.4,35.6,34576.0,52.8
36047012901,Census Tract 129.01; Kings County; New York,4.5,3.2,5.1,3.4,28.099999999999998,107389.0,26.0
36047012902,Census Tract 129.02; Kings County; New York,0.9,8.4,2.9,4.3,25.3,114200.0,23.1
36047013000,Census Tract 130; Kings County; New York,11.8,9.1,5.7,20.799999999999997,36.9,32947.0,45.5
36047013100,Census Tract 131; Kings County; New York,1.1,1.5,8.2,6.300000000000001,30.400000000000002,106240.0,26.9
36047013200,Census Tract 132; Kings County; New York,16.5,16.8,18.6,25.8,36.8,31673.0,58.6
36047013300,Census Tract 133; Kings County; New York,4.0,0.0,5.1,1.9,37.1,115091.0,26.2
36047013400,Census Tract 134; Kings County; New York,10.8,9.9,7.0,13.5,40.1,41374.0,44.1
36047013500,Census Tract 135; Kings County; New York,3.5,1.5,8.1,1.9,39.2,104253.0,29.5
36047013600,Census Tract 136; Kings County; New York,3.6,6.5,5.3,12.5,35.5,53331.0,35.7
36047013700,Census Tract 137; Kings County; New York,2.6,1.2,9.5,5.1,28.4,92992.0,28.6
36047013800,Census Tract 138; Kings County; New York,2.1,4.0,13.1,12.1,34.2,37096.0,39.4
36047013900,Census Tract 139; Kings County; New York,1.8,0.9,1.3,3.5,26.599999999999998,89828.0,23.0
36047014000,Census Tract 140; Kings County; New York,9.5,16.5,15.3,14.9,44.5,36924.0,51.6
36047014101,Census Tract 141.01; Kings County; New York,4.7,0.0,10.8,5.5,24.5,76633.0,30.6
36047014102,Census Tract 141.02; Kings County; New York,2.5,1.9,12.2,2.9,41.900000000000006,70545.0,35.3
36047014200,Census Tract 142; Kings County; New York,6.4,8.2,4.7,13.4,37.7,43685.0,39.0
36047014300,Census Tract 143; Kings County; New York,5.1,11.7,8.9,10.5,25.3,84615.0,33.8
36047014500,Census Tract 145; Kings County; New York,5.2,2.3,3.2,4.8,24.299999999999997,66347.0,28.1
36047014700,Census Tract 147; Kings County; New York,1.6,7.8,5.6,7.8,39.1,62174.0,34.0
36047014800,Census Tract 148; Kings County; New York,4.2,16.6,5.5,16.1,54.2,51017.0,45.1
36047014901,Census Tract 149.01; Kings County; New York,0.0,0.0,0.0,10.2,31.5,78459.0,25.2
36047014902,Census Tract 149.02; Kings County; New York,2.4,7.6,7.1,6.7,25.3,77508.0,29.9
36047015000,Census Tract 150; Kings County; New York,3.4,13.9,11.3,9.8,41.2,42279.0,42.6
36047015100,Census Tract 151; Kings County; New York,3.3,0.0,5.3,3.5999999999999996,35.3,101043.0,27.1
36047015200,Census Tract 152; Kings County; New York,2.0,14.8,5.8,14.100000000000001,36.4,49838.0,38.3
36047015300,Census Tract 153; Kings County; New York,0.0,3.8,3.2,8.2,40.4,102244.0,27.7
36047015400,Census Tract 154; Kings County; New York,,,,0.0,0.0,,0.0
36047015500,Census Tract 155; Kings County; New York,0.0,3.6,5.6,1.7000000000000002,36.0,118334.0,24.6
36047015700,Census Tract 157; Kings County; New York,1.3,0.0,2.8,1.4,39.2,118613.0,23.6
36047015900,Census Tract 159; Kings County; New York,3.4,2.3,4.9,3.2,31.6,129976.0,24.0
36047016000,Census Tract 160; Kings County; New York,4.9,8.0,4.5,9.2,30.0,39593.0,35.2
36047016100,Census Tract 161; Kings County; New York,2.4,0.8,4.3,6.199999999999999,32.400000000000006,92354.0,27.0
36047016200,Census Tract 162; Kings County; New York,0.0,9.7,4.5,5.0,37.5,60097.0,32.1
36047016300,Census Tract 163; Kings County; New York,5.9,7.1,7.2,4.8,32.2,102880.0,30.8
36047016400,Census Tract 164; Kings County; New York,0.0,0.0,0.0,5.0,37.6,39660.0,28.8
36047016500,Census Tract 165; Kings County; New York,2.3,3.6,4.1,2.0,36.2,140360.0,23.3
36047016600,Census Tract 166; Kings County; New York,0.0,6.9,0.6,7.8999999999999995,43.7,56783.0,31.9
36047016700,Census Tract 167; Kings County; New York,1.7,1.6,12.1,2.2,29.6,102089.0,28.4
36047016800,Census Tract 168; Kings County; New York,2.9,4.7,3.2,16.9,36.2,45695.0,35.7
36047016900,Census Tract 169; Kings County; New York,3.7,7.7,4.3,6.2,34.6,83385.0,31.0
36047017000,Census Tract 170; Kings County; New York,9.0,13.6,1.8,25.9,45.7,36543.0,46.5
36047017100,Census Tract 171; Kings County; New York,2.6,1.0,8.1,2.6,41.8,93345.0,30.7
36047017200,Census Tract 172; Kings County; New York,12.6,1.5,4.5,16.400000000000002,41.4,48632.0,41.9
36047017400,Census Tract 174; Kings County; New York,6.0,10.9,3.1,19.599999999999998,37.0,41450.0,40.3
36047017500,Census Tract 175; Kings County; New York,,,,0.0,0.0,,0.0
36047017600,Census Tract 176; Kings County; New York,10.5,8.6,9.5,17.0,29.5,52884.0,42.0
36047017700,Census Tract 177; Kings County; New York,,,,0.0,0.0,,0.0
36047017800,Census Tract 178; Kings County; New York,11.5,7.1,6.1,25.8,41.3,32344.0,47.6
36047017900,Census Tract 179; Kings County; New York,3.9,21.2,14.6,10.3,41.099999999999994,58927.0,45.3
36047018000,Census Tract 180; Kings County; New York,5.3,6.6,8.2,19.7,38.4,32620.0,42.8
36047018100,Census Tract 181; Kings County; New York,3.6,4.0,9.0,4.4,27.8,135215.0,25.6
36047018200,Census Tract 182; Kings County; New York,11.3,9.7,5.7,34.6,38.3,31818.0,49.6
36047018300,Census Tract 183; Kings County; New York,3.9,2.7,4.8,2.1,18.4,118459.0,21.4
36047018400,Census Tract 184; Kings County; New York,3.3,10.6,5.9,26.0,40.9,43956.0,42.9
36047018501,Census Tract 185.01; Kings County; New York,5.5,20.3,9.1,27.9,36.6,33602.0,48.7
36047018600,Census Tract 186; Kings County; New York,5.9,8.9,6.6,18.7,30.5,39511.0,39.8
36047018700,Census Tract 187; Kings County; New York,5.8,0.0,10.7,9.8,26.4,61848.0,34.2
36047018800,Census Tract 188; Kings County; New York,4.1,12.6,2.5,24.0,31.0,36309.0,39.4
36047019000,Census Tract 190; Kings County; New York,14.0,7.7,12.9,28.5,35.400000000000006,30653.0,52.1
36047019100,Census Tract 191; Kings County; New York,5.7,1.6,6.4,3.6,23.4,86421.0,27.6
36047019200,Census Tract 192; Kings County; New York,19.3,19.1,7.5,38.9,45.599999999999994,19009.0,61.8
36047019300,Census Tract 193; Kings County; New York,1.3,5.6,10.3,7.0,24.6,46492.0,33.1
36047019400,Census Tract 194; Kings County; New York,5.9,37.4,4.3,40.8,39.3,25868.0,55.8
36047019500,Census Tract 195; Kings County; New York,0.0,3.1,8.1,3.3,36.0,65718.0,30.9
36047019600,Census Tract 196; Kings County; New York,4.0,19.1,2.8,30.0,44.7,29654.0,47.2
36047019700,Census Tract 197; Kings County; New York,2.1,1.1,6.0,3.6999999999999997,32.2,95499.0,26.8
36047019800,Census Tract 198; Kings County; New York,8.3,4.6,1.2,24.3,35.2,46224.0,39.2
36047019900,Census Tract 199; Kings County; New York,2.1,8.9,4.2,7.1,21.3,105419.0,25.0
36047020000,Census Tract 200; Kings County; New York,8.3,12.5,5.1,28.0,43.2,34532.0,47.7
36047020100,Census Tract 201; Kings County; New York,3.2,7.9,8.4,0.7999999999999999,25.200000000000003,78976.0,29.4
36047020200,Census Tract 202; Kings County; New York,0.5,3.1,4.2,12.7,44.0,42890.0,35.7
36047020300,Census Tract 203; Kings County; New York,1.9,1.9,2.6,4.9,29.200000000000003,93070.0,24.8
36047020400,Census Tract 204; Kings County; New York,8.2,5.2,2.2,13.2,39.1,67501.0,36.1
36047020500,Census Tract 205; Kings County; New York,3.4,0.0,1.4,3.8000000000000003,27.8,94084.0,23.7
36047020600,Census Tract 206; Kings County; New York,8.7,15.7,4.7,11.4,36.8,38961.0,42.0
36047020700,Census Tract 207; Kings County; New York,0.0,1.6,7.3,1.3,32.599999999999994,115947.0,24.2
36047020800,Census Tract 208; Kings County; New York,3.2,4.6,3.3,18.1,32.2,35444.0,36.0
36047021000,Census Tract 210; Kings County; New York,13.2,24.6,9.1,28.6,39.7,24242.0,55.9
36047021100,Census Tract 211; Kings County; New York,2.9,5.2,9.8,8.3,23.5,46533.0,33.6
36047021200,Census Tract 212; Kings County; New York,8.5,24.6,12.0,34.8,36.6,29433.0,55.3
36047021300,Census Tract 213; Kings County; New York,1.1,19.4,2.7,16.3,31.9,42255.0,37.4
36047021400,Census Tract 214; Kings County; New York,25.5,24.1,0.5,30.9,42.1,20155.0,59.5
36047021500,Census Tract 215; Kings County; New York,5.8,4.8,4.6,10.2,30.799999999999997,68425.0,32.8
36047021600,Census Tract 216; Kings County; New York,10.3,39.8,6.0,23.1,56.6,17171.0,60.5
36047021700,Census Tract 217; Kings County; New York,2.6,4.9,11.9,11.0,30.9,60593.0,36.0
36047021800,Census Tract 218; Kings County; New York,11.2,8.4,8.2,11.3,47.9,21143.0,47.8
36047021900,Census Tract 219; Kings County; New York,0.0,4.5,7.7,5.9,22.9,58706.0,28.8
36047022000,Census Tract 220; Kings County; New York,11.6,43.2,11.2,19.1,52.400000000000006,19119.0,62.5
36047022100,Census Tract 221; Kings County; New York,2.3,14.5,5.2,13.7,28.1,45444.0,36.1
36047022200,Census Tract 222; Kings County; New York,19.1,28.7,1.4,24.9,59.2,21729.0,60.6
36047022400,Census Tract 224; Kings County; New York,20.5,14.5,5.0,33.2,51.8,17028.0,60.1
36047022600,Census Tract 226; Kings County; New York,20.1,7.0,13.4,40.6,52.9,20048.0,64.5
36047022700,Census Tract 227; Kings County; New York,7.1,3.0,11.6,7.7,22.3,69451.0,33.8
36047022800,Census Tract 228; Kings County; New York,21.3,37.7,8.7,31.200000000000003,47.1,20397.0,66.7
36047022900,Census Tract 229; Kings County; New York,3.6,5.3,6.6,8.8,22.2,67373.0,30.3
36047023000,Census Tract 230; Kings County; New York,21.8,29.5,16.6,30.1,58.400000000000006,16632.0,72.2
36047023100,Census Tract 231; Kings County; New York,1.0,2.2,9.0,5.5,24.7,80415.0,27.9
36047023200,Census Tract 232; Kings County; New York,17.6,35.7,6.5,22.2,64.0,16573.0,65.5
36047023300,Census Tract 233; Kings County; New York,0.3,29.4,9.5,13.4,34.3,54523.0,42.1
36047023400,Census Tract 234; Kings County; New York,17.7,40.0,8.8,19.0,59.8,19380.0,65.7
36047023500,Census Tract 235; Kings County; New York,19.2,35.6,6.7,10.7,50.0,32257.0,58.2
36047023600,Census Tract 236; Kings County; New York,22.4,35.9,7.5,13.399999999999999,59.5,12052.0,65.5
36047023800,Census Tract 238; Kings County; New York,27.3,28.0,16.4,12.1,59.8,15343.0,70.4
36047024000,Census Tract 240; Kings County; New York,13.6,47.2,3.4,21.1,55.900000000000006,14594.0,62.3
36047024100,Census Tract 241; Kings County; New York,6.9,34.8,7.3,18.9,22.5,46782.0,45.0
36047024200,Census Tract 242; Kings County; New York,18.7,11.8,7.4,20.2,55.8,33137.0,55.9
36047024300,Census Tract 243; Kings County; New York,4.3,0.0,5.4,14.5,27.799999999999997,61265.0,32.1
36047024400,Census Tract 244; Kings County; New York,12.8,24.8,6.5,26.400000000000002,47.2,19717.0,56.2
36047024500,Census Tract 245; Kings County; New York,1.0,5.5,6.2,11.3,29.6,60000.0,32.0
36047024600,Census Tract 246; Kings County; New York,16.6,11.8,4.4,26.5,45.900000000000006,27069.0,52.7
36047024700,Census Tract 247; Kings County; New York,4.1,27.8,8.9,7.2,21.299999999999997,46536.0,39.0
36047024800,Census Tract 248; Kings County; New York,13.1,9.6,7.1,34.7,47.7,28807.0,54.1
36047024900,Census Tract 249; Kings County; New York,1.4,11.3,11.1,2.6,19.2,57107.0,31.5
36047025000,Census Tract 250; Kings County; New York,10.1,12.0,9.8,50.400000000000006,30.700000000000003,24782.0,54.6
36047025100,Census Tract 251; Kings County; New York,3.2,28.2,7.8,15.5,29.8,40174.0,43.1
36047025200,Census Tract 252; Kings County; New York,12.8,12.8,20.7,25.0,31.6,24476.0,55.7
36047025300,Census Tract 253; Kings County; New York,5.3,16.9,5.9,6.0,38.3,43019.0,39.7
36047025400,Census Tract 254; Kings County; New York,18.6,13.4,5.3,33.0,41.2,30815.0,54.8
36047025500,Census Tract 255; Kings County; New York,5.1,33.4,9.9,40.1,30.0,19689.0,55.1
36047025600,Census Tract 256; Kings County; New York,30.5,13.4,2.2,42.8,37.7,28313.0,61.6
36047025700,Census Tract 257; Kings County; New York,5.1,7.5,4.5,27.599999999999998,31.0,40212.0,40.3
36047025800,Census Tract 258; Kings County; New York,8.8,17.0,10.6,35.0,40.5,23487.0,54.3
36047025901,Census Tract 259.01; Kings County; New York,1.4,29.7,13.1,12.0,26.0,34113.0,44.0
36047025902,Census Tract 259.02; Kings County; New York,2.2,49.3,19.8,28.700000000000003,36.3,11683.0,62.6
36047026000,Census Tract 260; Kings County; New York,8.3,8.7,4.5,22.6,39.3,28585.0,44.3
36047026100,Census Tract 261; Kings County; New York,0.5,35.2,9.7,14.5,21.4,41528.0,41.9
36047026200,Census Tract 262; Kings County; New York,22.7,8.7,11.1,32.4,31.9,32846.0,56.1
36047026300,Census Tract 263; Kings County; New York,3.8,14.0,9.2,10.4,26.5,41531.0,38.0
36047026400,Census Tract 264; Kings County; New York,6.8,8.3,5.3,30.1,32.8,30009.0,44.0
36047026500,Census Tract 265; Kings County; New York,3.2,16.6,3.5,8.1,25.6,53722.0,33.3
36047026600,Census Tract 266; Kings County; New York,9.4,14.5,6.5,35.3,39.0,21758.0,51.5
36047026700,Census Tract 267; Kings County; New York,1.5,7.3,3.8,6.5,26.799999999999997,64421.0,29.0
36047026800,Census Tract 268; Kings County; New York,5.6,12.6,11.2,29.7,38.900000000000006,31797.0,49.1
36047026900,Census Tract 269; Kings County; New York,0.0,13.8,2.6,8.4,28.9,55019.0,31.2
36047027000,Census Tract 270; Kings County; New York,15.1,25.5,3.4,17.8,37.900000000000006,27295.0,50.5
36047027100,Census Tract 271; Kings County; New York,8.6,5.5,7.2,12.0,33.3,45155.0,39.2
36047027200,Census Tract 272; Kings County; New York,14.9,18.1,5.6,28.9,40.2,45747.0,51.5
36047027300,Census Tract 273; Kings County; New York,0.0,9.8,2.8,7.8,34.2,42514.0,32.6
36047027400,Census Tract 274; Kings County; New York,7.7,15.2,2.7,44.3,43.3,23287.0,52.1
36047027500,Census Tract 275; Kings County; New York,1.6,10.3,6.2,8.100000000000001,23.1,44093.0,32.4
36047027600,Census Tract 276; Kings County; New York,13.9,8.6,8.6,27.9,39.5,25028.0,51.4
36047027700,Census Tract 277; Kings County; New York,4.8,19.1,16.5,13.7,31.0,32916.0,46.8
36047027800,Census Tract 278; Kings County; New York,7.5,8.4,6.3,19.4,36.7,33399.0,42.8
36047027900,Census Tract 279; Kings County; New York,1.8,20.3,12.0,12.899999999999999,26.1,54560.0,39.5
36047028000,Census Tract 280; Kings County; New York,6.2,6.0,5.8,24.5,32.7,34287.0,41.4
36047028100,Census Tract 281; Kings County; New York,6.6,19.4,10.9,20.0,34.7,25034.0,48.1
36047028200,Census Tract 282; Kings County; New York,6.6,6.5,3.4,24.6,42.0,32933.0,43.1
36047028300,Census Tract 283; Kings County; New York,0.0,25.7,23.1,22.4,32.1,25545.0,52.8
36047028400,Census Tract 284; Kings County; New York,6.3,16.3,5.3,20.3,40.5,26082.0,45.7
36047028501,Census Tract 285.01; Kings County; New York,0.0,20.3,1.8,25.799999999999997,6.300000000000001,33138.0,32.9
36047028502,Census Tract 285.02; Kings County; New York,1.7,42.0,11.7,25.9,40.0,22875.0,55.2
36047028600,Census Tract 286; Kings County; New York,14.9,25.6,5.9,18.0,50.6,20721.0,55.8
36047028700,Census Tract 287; Kings County; New York,3.1,34.7,6.8,11.5,25.2,45736.0,41.4
36047028800,Census Tract 288; Kings County; New York,13.5,18.2,1.1,21.7,38.7,30449.0,47.3
36047028900,Census Tract 289; Kings County; New York,2.5,18.5,7.9,22.1,30.8,33777.0,42.7
36047029000,Census Tract 290; Kings County; New York,1.6,22.7,4.4,12.4,50.0,33332.0,44.1
36047029100,Census Tract 291; Kings County; New York,0.3,10.9,2.5,5.8999999999999995,26.4,51724.0,29.4
36047029200,Census Tract 292; Kings County; New York,12.5,16.7,8.3,26.700000000000003,37.1,27983.0,51.4
36047029300,Census Tract 293; Kings County; New York,1.9,21.2,10.7,16.4,42.3,36395.0,46.0
36047029400,Census Tract 294; Kings County; New York,10.2,12.6,5.6,23.3,44.3,28626.0,48.6
36047029500,Census Tract 295; Kings County; New York,0.0,14.5,6.5,4.199999999999999,30.9,66888.0,31.9
36047029600,Census Tract 296; Kings County; New York,12.9,33.0,14.0,19.1,37.7,24011.0,57.6
36047029700,Census Tract 297; Kings County; New York,4.3,18.5,6.3,11.0,35.3,49360.0,39.7
36047029800,Census Tract 298; Kings County; New York,14.1,23.1,2.8,23.700000000000003,39.2,22350.0,51.3
36047029900,Census Tract 299; Kings County; New York,1.4,41.1,15.9,7.699999999999999,38.2,28317.0,51.2
36047030000,Census Tract 300; Kings County; New York,18.1,23.3,9.1,25.9,40.5,25121.0,57.7
36047030100,Census Tract 301; Kings County; New York,3.5,20.6,11.0,14.2,32.9,40212.0,43.4
36047030200,Census Tract 302; Kings County; New York,6.1,15.5,14.2,21.4,34.3,32433.0,48.2
36047030300,Census Tract 303; Kings County; New York,2.7,24.1,14.1,25.4,38.0,24761.0,51.4
36047030400,Census Tract 304; Kings County; New York,6.9,21.0,6.0,18.799999999999997,44.9,30831.0,48.0
36047030500,Census Tract 305; Kings County; New York,1.4,8.9,4.6,12.2,25.4,58577.0,31.5
36047030600,Census Tract 306; Kings County; New York,6.1,14.3,9.7,33.4,36.5,32233.0,49.3
36047030700,Census Tract 307; Kings County; New York,1.6,25.2,7.1,24.8,32.9,26883.0,45.5
36047030800,Census Tract 308; Kings County; New York,1.2,9.2,3.5,22.5,33.8,36513.0,37.8
36047030900,Census Tract 309; Kings County; New York,5.9,29.8,12.9,15.6,35.6,42260.0,49.2
36047031100,Census Tract 311; Kings County; New York,2.5,12.6,14.0,12.4,22.4,44827.0,38.6
36047031300,Census Tract 313; Kings County; New York,3.1,19.8,6.6,16.0,29.4,56894.0,38.7
36047031401,Census Tract 314.01; Kings County; New York,7.7,4.0,8.9,27.6,35.0,43624.0,44.0
36047031402,Census Tract 314.02; Kings County; New York,,,,0.0,0.0,,0.0
36047031500,Census Tract 315; Kings County; New York,0.8,3.7,5.0,7.1,18.799999999999997,54178.0,27.2
36047031701,Census Tract 317.01; Kings County; New York,3.5,7.6,11.1,7.7,25.200000000000003,50094.0,35.3
36047031702,Census Tract 317.02; Kings County; New York,0.0,1.7,4.6,6.5,29.8,62397.0,28.1
36047031900,Census Tract 319; Kings County; New York,4.9,6.3,10.2,5.5,41.1,50371.0,38.9
36047032100,Census Tract 321; Kings County; New York,5.7,6.7,6.4,11.1,25.9,41949.0,35.5
36047032300,Census Tract 323; Kings County; New York,0.0,15.0,6.5,9.9,37.2,43101.0,37.3
36047032500,Census Tract 325; Kings County; New York,5.1,18.7,7.5,16.6,30.0,38951.0,41.9
36047032600,Census Tract 326; Kings County; New York,7.9,36.9,16.2,29.5,33.7,20866.0,59.1
36047032700,Census Tract 327; Kings County; New York,4.7,18.7,5.0,15.899999999999999,32.2,62389.0,38.6
36047032800,Census Tract 328; Kings County; New York,4.1,18.8,17.5,23.0,46.5,27041.0,54.0
36047032900,Census Tract 329; Kings County; New York,10.7,14.9,7.3,9.299999999999999,37.0,32915.0,44.3
36047033000,Census Tract 330; Kings County; New York,3.1,35.1,4.7,29.4,49.1,14769.0,54.4
36047033100,Census Tract 331; Kings County; New York,7.1,14.9,15.0,9.2,36.7,27367.0,46.9
36047033300,Census Tract 333; Kings County; New York,15.1,12.1,15.8,14.7,46.699999999999996,29826.0,55.0
36047033500,Census Tract 335; Kings County; New York,6.6,19.1,5.8,13.6,36.9,32658.0,43.5
36047033600,Census Tract 336; Kings County; New York,8.0,4.7,3.9,15.399999999999999,43.7,38436.0,41.2
36047033701,Census Tract 337.01; Kings County; New York,7.8,0.0,14.4,15.0,38.4,36462.0,44.2
36047033702,Census Tract 337.02; Kings County; New York,2.3,27.2,13.4,21.0,41.4,22386.0,51.6
36047033900,Census Tract 339; Kings County; New York,1.4,23.9,3.8,17.0,43.8,41665.0,42.8
36047034000,Census Tract 340; Kings County; New York,5.1,31.9,19.0,23.2,57.599999999999994,14340.0,63.1
36047034100,Census Tract 341; Kings County; New York,3.6,15.6,4.1,11.4,36.7,48698.0,37.9
36047034200,Census Tract 342; Kings County; New York,0.8,39.5,27.3,23.299999999999997,53.3,15418.0,66.1
36047034300,Census Tract 343; Kings County; New York,2.8,48.2,16.3,19.1,37.1,25462.0,57.1
36047034500,Census Tract 345; Kings County; New York,6.2,12.9,9.9,6.1,27.400000000000002,37836.0,38.8
36047034700,Census Tract 347; Kings County; New York,0.0,18.7,8.5,30.3,32.4,29397.0,44.8
36047034800,Census Tract 348; Kings County; New York,26.8,16.7,11.6,28.1,39.2,26763.0,62.2
36047034901,Census Tract 349.01; Kings County; New York,0.0,4.6,16.3,12.6,46.0,24335.0,44.6
36047034902,Census Tract 349.02; Kings County; New York,11.3,13.5,11.1,10.399999999999999,38.9,29116.0,47.5
36047035000,Census Tract 350; Kings County; New York,4.1,6.5,4.6,4.800000000000001,53.2,36024.0,39.8
36047035101,Census Tract 351.01; Kings County; New York,9.0,21.2,17.8,23.4,42.6,19328.0,57.3
36047035102,Census Tract 351.02; Kings County; New York,7.7,25.8,7.9,21.599999999999998,43.3,21096.0,51.9
36047035200,Census Tract 352; Kings County; New York,0.0,36.7,0.0,27.6,67.5,18241.0,54.7
36047035301,Census Tract 353.01; Kings County; New York,10.9,26.0,15.5,29.799999999999997,21.0,20592.0,54.1
36047035302,Census Tract 353.02; Kings County; New York,5.4,5.3,1.1,21.9,41.2,33130.0,39.9
36047035400,Census Tract 354; Kings County; New York,2.9,6.3,6.5,4.2,51.8,44492.0,38.9
36047035500,Census Tract 355; Kings County; New York,7.8,11.3,14.4,25.0,38.8,29993.0,50.6
36047035601,Census Tract 356.01; Kings County; New York,4.3,14.8,3.7,3.2,61.8,27059.0,44.4
36047035602,Census Tract 356.02; Kings County; New York,3.1,6.8,3.0,4.7,49.400000000000006,36103.0,37.4
36047035701,Census Tract 357.01; Kings County; New York,10.4,25.7,13.2,19.2,30.7,23378.0,52.0
36047035702,Census Tract 357.02; Kings County; New York,,,,0.0,0.0,,0.0
36047035900,Census Tract 359; Kings County; New York,1.6,19.1,8.2,22.1,21.8,30498.0,40.4
36047036001,Census Tract 360.01; Kings County; New York,2.7,31.0,9.2,6.699999999999999,50.3,32181.0,48.2
36047036002,Census Tract 360.02; Kings County; New York,4.5,28.1,4.4,9.0,50.1,28386.0,46.7
36047036100,Census Tract 361; Kings County; New York,4.1,23.6,9.5,34.6,40.8,15287.0,53.6
36047036200,Census Tract 362; Kings County; New York,11.3,24.6,2.5,14.100000000000001,40.1,29478.0,47.0
36047036300,Census Tract 363; Kings County; New York,0.0,31.8,14.0,19.1,38.8,21246.0,50.7
36047036400,Census Tract 364; Kings County; New York,4.0,9.6,14.7,8.0,37.6,28146.0,43.4
36047036501,Census Tract 365.01; Kings County; New York,7.8,19.4,2.9,8.2,41.8,30462.0,42.7
36047036502,Census Tract 365.02; Kings County; New York,12.0,26.5,2.0,20.9,39.0,18594.0,50.2
36047036600,Census Tract 366; Kings County; New York,10.1,18.1,2.4,18.0,40.9,28546.0,45.9
36047036700,Census Tract 367; Kings County; New York,3.7,5.7,4.3,24.3,29.3,28460.0,38.7
36047036900,Census Tract 369; Kings County; New York,1.6,24.0,5.2,20.3,22.5,28618.0,40.0
36047037000,Census Tract 370; Kings County; New York,3.8,10.4,7.1,15.9,38.5,36685.0,41.0
36047037100,Census Tract 371; Kings County; New York,6.9,11.7,6.1,12.2,33.0,36286.0,40.1
36047037300,Census Tract 373; Kings County; New York,11.1,15.6,5.8,10.5,31.900000000000002,37762.0,42.4
36047037401,Census Tract 374.01; Kings County; New York,3.6,13.1,6.5,9.3,43.900000000000006,30884.0,41.5
36047037402,Census Tract 374.02; Kings County; New York,5.7,7.1,5.2,12.3,50.1,32554.0,42.7
36047037500,Census Tract 375; Kings County; New York,0.0,10.2,5.9,12.8,26.7,63083.0,31.9
36047037700,Census Tract 377; Kings County; New York,3.2,17.6,3.6,5.1,33.6,51745.0,35.2
36047037900,Census Tract 379; Kings County; New York,6.4,15.2,9.6,10.7,42.3,29159.0,45.4
36047038100,Census Tract 381; Kings County; New York,0.9,17.6,4.5,10.3,30.200000000000003,33770.0,36.4
36047038200,Census Tract 382; Kings County; New York,7.2,49.9,25.6,41.9,49.4,13122.0,75.6
36047038300,Census Tract 383; Kings County; New York,1.9,21.8,3.4,7.0,27.1,41448.0,35.1
36047038500,Census Tract 385; Kings County; New York,6.1,12.0,13.5,8.3,34.7,46195.0,42.3
36047038600,Census Tract 386; Kings County; New York,10.9,12.9,14.1,21.599999999999998,34.8,31347.0,50.4
36047038700,Census Tract 387; Kings County; New York,2.3,39.0,20.0,12.4,28.1,41953.0,50.7
36047038800,Census Tract 388; Kings County; New York,9.2,10.0,2.9,13.600000000000001,35.1,35605.0,40.2
36047038900,Census Tract 389; Kings County; New York,0.7,18.5,5.0,19.3,23.1,35825.0,37.2
36047039000,Census Tract 390; Kings County; New York,17.3,11.3,4.1,14.3,52.0,37346.0,50.2
36047039100,Census Tract 391; Kings County; New York,6.9,27.4,2.5,10.7,28.3,46112.0,39.8
36047039200,Census Tract 392; Kings County; New York,2.0,7.9,7.8,22.5,39.7,35905.0,41.9
36047039300,Census Tract 393; Kings County; New York,3.4,16.0,8.7,12.0,16.2,38081.0,36.0
36047039400,Census Tract 394; Kings County; New York,13.3,33.9,7.8,16.9,52.5,48041.0,56.0
36047039500,Census Tract 395; Kings County; New York,1.6,16.0,7.6,22.0,21.299999999999997,40634.0,38.2
36047039600,Census Tract 396; Kings County; New York,11.8,7.7,2.1,13.4,34.2,42386.0,39.6
36047039700,Census Tract 397; Kings County; New York,2.0,8.4,6.6,14.600000000000001,27.4,39236.0,35.6
36047039800,Census Tract 398; Kings County; New York,21.5,10.3,9.7,27.6,38.5,29827.0,55.9
36047039900,Census Tract 399; Kings County; New York,11.2,15.6,8.7,24.700000000000003,29.8,35736.0,47.5
36047040000,Census Tract 400; Kings County; New York,10.7,10.4,5.5,21.2,41.0,27860.0,46.8
36047040100,Census Tract 401; Kings County; New York,5.5,32.4,10.3,16.2,24.2,38626.0,45.7
36047040200,Census Tract 402; Kings County; New York,6.1,12.5,7.1,35.2,38.1,30239.0,48.5
36047040300,Census Tract 403; Kings County; New York,5.2,26.3,9.0,10.6,24.2,33480.0,42.1
36047040400,Census Tract 404; Kings County; New York,4.8,9.9,7.8,23.0,35.400000000000006,37662.0,42.8
36047040500,Census Tract 405; Kings County; New York,1.4,17.2,5.5,15.7,23.9,28484.0,37.4
36047040600,Census Tract 406; Kings County; New York,9.0,8.6,11.0,25.299999999999997,36.9,31334.0,48.1
36047040700,Census Tract 407; Kings County; New York,,,,0.0,0.0,,0.0
36047040800,Census Tract 408; Kings County; New York,10.9,9.1,10.1,30.3,36.1,40376.0,49.1
36047040900,Census Tract 409; Kings County; New York,4.2,20.3,6.3,21.3,35.6,26261.0,45.0
36047041000,Census Tract 410; Kings County; New York,7.6,14.3,12.9,18.200000000000003,53.400000000000006,29547.0,52.6
36047041100,Census Tract 411; Kings County; New York,2.7,19.7,10.2,27.7,28.799999999999997,27824.0,45.9
36047041200,Census Tract 412; Kings County; New York,5.8,13.6,4.7,23.2,41.8,37344.0,44.5
36047041300,Census Tract 413; Kings County; New York,2.0,10.1,5.9,24.0,29.4,35544.0,39.1
36047041401,Census Tract 414.01; Kings County; New York,8.6,22.6,15.3,16.3,43.5,29683.0,53.5
36047041402,Census Tract 414.02; Kings County; New York,11.1,21.6,11.5,26.3,51.0,32104.0,57.0
36047041500,Census Tract 415; Kings County; New York,3.9,16.2,6.3,10.1,31.0,34412.0,38.8
36047041600,Census Tract 416; Kings County; New York,8.1,11.1,3.6,8.6,47.3,31727.0,42.5
36047041700,Census Tract 417; Kings County; New York,6.2,28.1,7.8,33.8,38.5,31037.0,52.8
36047041800,Census Tract 418; Kings County; New York,17.8,18.8,9.9,16.4,51.900000000000006,36194.0,56.3
36047041900,Census Tract 419; Kings County; New York,6.6,28.2,6.1,29.3,29.1,35049.0,48.0
36047042000,Census Tract 420; Kings County; New York,13.4,14.9,6.3,10.5,52.900000000000006,22256.0,50.8
36047042100,Census Tract 421; Kings County; New York,3.3,9.5,11.0,19.1,22.1,39545.0,38.8
36047042200,Census Tract 422; Kings County; New York,15.5,17.9,10.2,26.7,38.0,33232.0,54.2
36047042300,Census Tract 423; Kings County; New York,4.5,6.8,5.4,20.9,20.6,38123.0,35.9
36047042400,Census Tract 424; Kings County; New York,5.8,23.9,6.7,26.8,42.7,24675.0,50.6
36047042500,Census Tract 425; Kings County; New York,10.0,25.9,10.1,15.7,32.3,34795.0,48.7
36047042600,Census Tract 426; Kings County; New York,10.3,24.0,10.4,28.6,41.3,29993.0,54.8
36047042700,Census Tract 427; Kings County; New York,3.3,14.9,10.2,21.8,19.9,44542.0,39.5
36047042800,Census Tract 428; Kings County; New York,6.4,5.1,7.4,21.5,39.4,45965.0,42.1
36047042900,Census Tract 429; Kings County; New York,9.1,22.3,7.2,28.3,26.3,34302.0,47.4
36047043000,Census Tract 430; Kings County; New York,23.5,7.2,7.3,28.0,38.2,23317.0,55.5
36047043100,Census Tract 431; Kings County; New York,5.6,5.5,5.2,17.5,18.0,39858.0,34.3
36047043200,Census Tract 432; Kings County; New York,17.3,13.9,9.6,29.299999999999997,33.5,30739.0,53.5
36047043300,Census Tract 433; Kings County; New York,7.4,29.5,14.4,23.700000000000003,36.8,27645.0,54.5
36047043400,Census Tract 434; Kings County; New York,14.0,17.8,8.6,22.6,45.1,24429.0,54.1
36047043500,Census Tract 435; Kings County; New York,11.0,23.7,2.1,22.799999999999997,28.400000000000002,34159.0,45.2
36047043600,Census Tract 436; Kings County; New York,15.4,26.6,3.5,29.5,31.0,28060.0,52.2
36047043700,Census Tract 437; Kings County; New York,1.1,18.1,4.4,19.4,22.6,32515.0,37.1
36047043800,Census Tract 438; Kings County; New York,12.0,10.5,2.3,14.7,47.099999999999994,33938.0,45.2
36047043900,Census Tract 439; Kings County; New York,9.4,18.3,15.2,31.299999999999997,30.6,31569.0,53.1
36047044000,Census Tract 440; Kings County; New York,8.1,17.3,7.9,19.5,49.400000000000006,30648.0,50.1
36047044100,Census Tract 441; Kings County; New York,9.5,21.7,4.9,23.799999999999997,28.4,30687.0,45.9
36047044200,Census Tract 442; Kings County; New York,2.5,12.9,6.4,7.1,56.5,44039.0,42.5
36047044300,Census Tract 443; Kings County; New York,1.2,18.9,5.7,20.9,21.4,46807.0,36.9
36047044400,Census Tract 444; Kings County; New York,11.8,27.6,12.6,26.7,39.8,25988.0,57.2
36047044500,Census Tract 445; Kings County; New York,6.6,19.1,7.7,28.700000000000003,29.0,37446.0,46.0
36047044600,Census Tract 446; Kings County; New York,10.6,6.8,8.2,26.400000000000002,32.5,29002.0,46.3
36047044700,Census Tract 447; Kings County; New York,2.9,34.0,11.0,22.1,11.2,36769.0,43.3
36047044800,Census Tract 448; Kings County; New York,2.7,7.8,3.2,8.6,52.6,39035.0,39.2
36047044901,Census Tract 449.01; Kings County; New York,2.5,27.5,10.4,27.4,33.1,22700.0,49.6
36047044902,Census Tract 449.02; Kings County; New York,,,,0.0,0.0,,0.0
36047045000,Census Tract 450; Kings County; New York,16.3,18.2,8.0,6.9,54.1,25916.0,53.3
36047045200,Census Tract 452; Kings County; New York,6.3,7.3,2.6,8.4,57.7,33722.0,42.6
36047045300,Census Tract 453; Kings County; New York,3.7,24.3,13.6,27.700000000000003,17.6,27414.0,46.6
36047045400,Census Tract 454; Kings County; New York,18.5,4.6,0.6,22.5,54.1,32285.0,50.4
36047045600,Census Tract 456; Kings County; New York,9.0,10.7,1.4,30.799999999999997,41.0,37482.0,45.5
36047045800,Census Tract 458; Kings County; New York,0.0,4.0,3.6,3.5,51.7,88351.0,31.0
36047046000,Census Tract 460; Kings County; New York,2.8,11.2,5.5,12.0,44.2,38626.0,40.1
36047046201,Census Tract 462.01; Kings County; New York,9.7,10.0,5.1,19.6,56.8,33654.0,49.3
36047046202,Census Tract 462.02; Kings County; New York,9.7,6.0,4.0,6.5,45.300000000000004,47043.0,39.8
36047046400,Census Tract 464; Kings County; New York,18.7,24.3,6.6,11.399999999999999,53.2,20761.0,56.9
36047046800,Census Tract 468; Kings County; New York,13.4,4.4,0.0,9.6,62.1,18971.0,47.1
36047047000,Census Tract 470; Kings County; New York,18.8,10.3,6.9,13.2,57.2,28278.0,54.2
36047047200,Census Tract 472; Kings County; New York,16.5,21.5,5.2,8.3,65.5,20535.0,56.7
36047047400,Census Tract 474; Kings County; New York,15.0,14.8,8.1,8.9,64.3,21719.0,55.3
36047047600,Census Tract 476; Kings County; New York,26.0,13.2,1.2,12.7,63.7,20611.0,58.2
36047047700,Census Tract 477; Kings County; New York,2.0,3.1,3.0,4.6,19.1,92508.0,22.6
36047047800,Census Tract 478; Kings County; New York,5.8,18.4,8.0,20.5,48.1,21535.0,49.9
36047048000,Census Tract 480; Kings County; New York,15.9,42.5,12.5,36.2,47.3,18562.0,68.7
36047048100,Census Tract 481; Kings County; New York,4.7,1.2,5.0,24.6,28.6,51432.0,36.2
36047048200,Census Tract 482; Kings County; New York,7.4,12.4,6.4,15.399999999999999,38.1,30454.0,43.5
36047048400,Census Tract 484; Kings County; New York,6.2,15.2,1.2,16.1,35.7,26469.0,40.6
36047048500,Census Tract 485; Kings County; New York,3.4,30.3,8.2,10.0,14.0,55882.0,36.9
36047048600,Census Tract 486; Kings County; New York,17.8,12.0,7.8,29.5,51.1,18743.0,58.2
36047048800,Census Tract 488; Kings County; New York,4.4,7.9,6.7,9.9,37.3,39974.0,38.2
36047048900,Census Tract 489; Kings County; New York,1.4,25.4,11.6,47.5,43.900000000000006,14752.0,58.0
36047049000,Census Tract 490; Kings County; New York,15.8,10.8,8.9,10.4,38.7,41755.0,46.9
36047049100,Census Tract 491; Kings County; New York,13.9,25.9,2.9,38.2,39.900000000000006,24243.0,55.9
36047049200,Census Tract 492; Kings County; New York,0.2,16.1,4.9,13.399999999999999,36.0,57242.0,36.2
36047049301,Census Tract 493.01; Kings County; New York,4.3,28.3,10.6,37.2,50.7,14743.0,59.0
36047049302,Census Tract 493.02; Kings County; New York,3.9,34.5,2.4,18.0,29.6,40188.0,42.8
36047049400,Census Tract 494; Kings County; New York,4.8,4.2,2.5,5.0,37.4,52590.0,32.8
36047049500,Census Tract 495; Kings County; New York,0.7,40.3,5.8,4.3,12.899999999999999,64475.0,34.2
36047049600,Census Tract 496; Kings County; New York,4.2,5.1,10.1,16.5,33.8,34193.0,40.6
36047049700,Census Tract 497; Kings County; New York,2.6,2.0,5.9,7.4,18.200000000000003,78903.0,26.0
36047049800,Census Tract 498; Kings County; New York,2.7,3.6,8.6,12.4,32.2,42500.0,36.2
36047049900,Census Tract 499; Kings County; New York,3.7,0.8,3.4,7.8999999999999995,24.6,59880.0,28.4
36047050001,Census Tract 500.01; Kings County; New York,5.2,0.0,15.0,5.6000000000000005,40.2,51590.0,39.7
36047050002,Census Tract 500.02; Kings County; New York,7.5,0.0,1.8,9.0,39.8,54493.0,34.3
36047050100,Census Tract 501; Kings County; New York,2.9,14.5,6.1,10.2,23.2,64873.0,32.9
36047050202,Census Tract 502.02; Kings County; New York,0.0,4.6,3.3,2.7,39.7,62258.0,29.8
36047050300,Census Tract 503; Kings County; New York,2.0,4.8,4.1,4.1,13.2,81059.0,23.0
36047050401,Census Tract 504.01; Kings County; New York,5.6,13.2,2.5,5.2,39.2,80020.0,33.8
36047050402,Census Tract 504.02; Kings County; New York,0.5,10.7,2.8,16.3,34.4,81986.0,32.0
36047050500,Census Tract 505; Kings County; New York,6.0,37.0,11.0,29.2,28.5,40752.0,52.0
36047050600,Census Tract 506; Kings County; New York,10.1,12.9,7.5,26.299999999999997,33.0,33431.0,47.0
36047050700,Census Tract 507; Kings County; New York,32.1,33.3,14.9,21.6,63.3,16020.0,77.1
36047050801,Census Tract 508.01; Kings County; New York,10.0,8.9,4.4,11.600000000000001,32.9,35256.0,40.0
36047050803,Census Tract 508.03; Kings County; New York,5.1,13.6,5.4,9.0,25.6,39415.0,36.1
36047050804,Census Tract 508.04; Kings County; New York,2.3,4.3,3.5,10.0,31.9,49134.0,32.1
36047050900,Census Tract 509; Kings County; New York,31.4,55.1,3.3,39.8,65.4,15200.0,81.8
36047051001,Census Tract 510.01; Kings County; New York,5.8,13.5,6.0,19.6,39.9,22593.0,45.0
36047051002,Census Tract 510.02; Kings County; New York,7.7,9.5,6.1,17.4,34.2,34141.0,41.8
36047051100,Census Tract 511; Kings County; New York,6.7,20.2,6.9,19.6,26.200000000000003,47900.0,41.8
36047051200,Census Tract 512; Kings County; New York,4.2,9.5,2.9,15.2,25.6,41603.0,34.6
36047051300,Census Tract 513; Kings County; New York,2.3,23.8,11.0,9.6,21.9,67958.0,37.0
36047051400,Census Tract 514; Kings County; New York,9.0,7.3,5.0,16.6,30.900000000000002,44066.0,39.4
36047051500,Census Tract 515; Kings County; New York,1.0,3.2,2.4,2.7,15.8,89159.0,20.7
36047051601,Census Tract 516.01; Kings County; New York,10.2,22.8,7.6,16.1,34.0,29517.0,47.6
36047051602,Census Tract 516.02; Kings County; New York,4.1,12.4,5.7,7.3,33.7,29089.0,38.0
36047051700,Census Tract 517; Kings County; New York,1.4,5.7,4.2,6.3,19.5,118576.0,21.9
36047051800,Census Tract 518; Kings County; New York,1.7,7.5,4.3,8.5,33.7,59061.0,32.3
36047051900,Census Tract 519; Kings County; New York,0.4,0.0,5.3,1.1,9.0,154861.0,13.0
36047052000,Census Tract 520; Kings County; New York,8.6,13.8,7.5,20.9,35.5,54429.0,43.8
36047052300,Census Tract 523; Kings County; New York,1.3,18.0,11.1,18.099999999999998,23.700000000000003,51858.0,39.1
36047052500,Census Tract 525; Kings County; New York,2.6,30.8,10.2,20.799999999999997,43.0,29650.0,50.7
36047052600,Census Tract 526; Kings County; New York,2.7,11.1,12.7,12.1,35.8,51423.0,40.6
36047052700,Census Tract 527; Kings County; New York,8.9,13.8,9.9,27.8,30.8,36432.0,47.4
36047052800,Census Tract 528; Kings County; New York,3.5,6.2,6.4,14.6,41.3,65413.0,37.2
36047052900,Census Tract 529; Kings County; New York,10.4,39.0,3.3,37.0,34.0,21949.0,56.0
36047053000,Census Tract 530; Kings County; New York,4.6,16.8,4.7,15.7,37.8,31439.0,42.1
36047053101,Census Tract 531.01; Kings County; New York,12.4,59.3,1.8,14.8,53.0,24797.0,60.7
36047053102,Census Tract 531.02; Kings County; New York,31.8,44.1,9.8,22.8,56.6,15057.0,75.6
36047053200,Census Tract 532; Kings County; New York,5.7,10.9,5.2,17.1,44.7,38658.0,43.0
36047053300,Census Tract 533; Kings County; New York,15.2,33.5,3.6,22.9,61.099999999999994,14344.0,61.6
36047053400,Census Tract 534; Kings County; New York,18.9,13.5,3.5,29.8,49.3,27166.0,55.7
36047053500,Census Tract 535; Kings County; New York,16.3,41.8,4.7,39.4,58.7,12774.0,68.9
36047053700,Census Tract 537; Kings County; New York,19.9,30.5,12.0,32.7,65.2,13604.0,71.7
36047053800,Census Tract 538; Kings County; New York,5.3,7.3,7.1,12.5,43.5,32864.0,41.8
36047053900,Census Tract 539; Kings County; New York,4.1,39.1,4.9,38.099999999999994,59.2,15321.0,61.1
36047054200,Census Tract 542; Kings County; New York,8.4,16.2,9.0,19.5,46.2,34043.0,49.4
36047054300,Census Tract 543; Kings County; New York,,,,0.0,0.0,,0.0
36047054400,Census Tract 544; Kings County; New York,12.2,11.1,3.6,8.9,49.4,30992.0,45.5
36047054500,Census Tract 545; Kings County; New York,8.5,37.6,17.7,33.4,51.300000000000004,15628.0,66.7
36047054600,Census Tract 546; Kings County; New York,9.9,15.6,6.3,13.4,40.6,29610.0,45.9
36047054700,Census Tract 547; Kings County; New York,12.6,20.5,4.1,16.1,45.0,39822.0,48.5
36047054800,Census Tract 548; Kings County; New York,6.3,13.0,11.0,5.6,53.6,47141.0,45.6
36047054900,Census Tract 549; Kings County; New York,3.3,14.4,3.5,7.0,26.900000000000002,86248.0,30.0
36047055000,Census Tract 550; Kings County; New York,10.4,20.5,6.7,15.899999999999999,45.599999999999994,33618.0,49.3
36047055100,Census Tract 551; Kings County; New York,1.5,19.1,8.1,15.700000000000001,25.5,89148.0,34.5
36047055200,Census Tract 552; Kings County; New York,8.7,7.7,3.4,11.3,44.1,46922.0,40.4
36047055300,Census Tract 553; Kings County; New York,0.7,11.0,4.8,4.4,15.5,71316.0,25.9
36047055400,Census Tract 554; Kings County; New York,2.6,12.8,2.3,11.2,34.2,41978.0,35.5
36047055500,Census Tract 555; Kings County; New York,2.0,3.1,4.1,4.2,17.7,125506.0,19.9
36047055600,Census Tract 556; Kings County; New York,4.5,23.8,2.6,6.699999999999999,42.8,33827.0,41.5
36047055700,Census Tract 557; Kings County; New York,0.0,0.0,3.6,1.9,12.8,97976.0,18.1
36047055800,Census Tract 558; Kings County; New York,8.9,13.2,3.5,10.2,44.099999999999994,41838.0,42.2
36047056000,Census Tract 560; Kings County; New York,3.0,9.8,8.8,11.0,49.9,42269.0,42.6
36047056100,Census Tract 561; Kings County; New York,2.1,2.2,5.7,3.5999999999999996,19.299999999999997,80651.0,24.8
36047056200,Census Tract 562; Kings County; New York,2.9,0.0,5.2,10.7,53.099999999999994,43294.0,38.7
36047056301,Census Tract 563.01; Kings County; New York,4.1,6.4,8.4,12.1,24.6,71365.0,33.0
36047056302,Census Tract 563.02; Kings County; New York,3.5,2.2,11.6,7.3999999999999995,25.6,58324.0,33.4
36047056400,Census Tract 564; Kings County; New York,2.3,6.8,4.4,9.6,50.4,45692.0,38.5
36047056500,Census Tract 565; Kings County; New York,1.1,1.8,3.1,8.1,22.299999999999997,80475.0,24.7
36047056600,Census Tract 566; Kings County; New York,4.6,15.3,6.0,10.1,34.2,36191.0,39.5
36047056800,Census Tract 568; Kings County; New York,7.8,16.8,4.7,16.6,45.4,38833.0,45.5
36047056900,Census Tract 569; Kings County; New York,2.7,0.0,4.7,7.5,27.5,86928.0,26.7
36047057000,Census Tract 570; Kings County; New York,3.8,5.6,2.2,16.4,48.400000000000006,39970.0,39.6
36047057100,Census Tract 571; Kings County; New York,1.5,7.8,6.3,7.6000000000000005,22.9,78070.0,28.5
36047057200,Census Tract 572; Kings County; New York,7.3,29.0,9.3,21.9,46.0,18103.0,54.4
36047057300,Census Tract 573; Kings County; New York,0.7,8.3,8.1,5.0,22.9,76333.0,28.7
36047057400,Census Tract 574; Kings County; New York,4.7,15.3,5.1,21.9,37.7,43230.0,42.6
36047057500,Census Tract 575; Kings County; New York,2.4,8.6,9.9,7.5,17.3,70506.0,30.3
36047057600,Census Tract 576; Kings County; New York,6.7,11.3,4.3,20.6,35.6,45846.0,41.0
36047057800,Census Tract 578; Kings County; New York,10.7,19.4,4.4,15.0,37.9,34291.0,45.6
36047057901,Census Tract 579.01; Kings County; New York,0.0,14.3,5.9,12.2,16.3,58861.0,30.4
36047057902,Census Tract 579.02; Kings County; New York,,,,0.0,0.0,,0.0
36047058000,Census Tract 580; Kings County; New York,14.8,25.9,2.1,13.600000000000001,34.9,25823.0,47.9
36047058200,Census Tract 582; Kings County; New York,5.1,4.4,5.4,11.7,35.8,37418.0,37.3
36047058400,Census Tract 584; Kings County; New York,10.3,5.7,10.7,8.9,38.7,36054.0,43.5
36047058600,Census Tract 586; Kings County; New York,3.4,12.2,4.1,25.7,38.3,33458.0,42.5
36047058800,Census Tract 588; Kings County; New York,1.9,4.0,8.3,11.7,36.7,46242.0,36.5
36047058901,Census Tract 589.01; Kings County; New York,0.0,4.4,8.2,5.0,30.3,60827.0,30.6
36047058902,Census Tract 589.02; Kings County; New York,,,,0.0,0.0,,0.0
36047059000,Census Tract 590; Kings County; New York,4.3,25.9,4.4,29.299999999999997,35.9,34062.0,47.1
36047059100,Census Tract 591; Kings County; New York,1.3,0.0,10.7,2.5,23.799999999999997,67557.0,28.5
36047059200,Census Tract 592; Kings County; New York,1.5,12.3,1.3,3.6,42.5,34260.0,35.1
36047059300,Census Tract 593; Kings County; New York,3.7,9.6,5.7,8.1,29.7,54055.0,34.0
36047059402,Census Tract 594.02; Kings County; New York,6.4,8.3,3.9,12.4,48.1,46848.0,40.9
36047059403,Census Tract 594.03; Kings County; New York,2.7,6.2,5.9,17.4,44.3,37642.0,40.5
36047059404,Census Tract 594.04; Kings County; New York,8.2,11.2,5.0,13.0,34.4,43606.0,40.0
36047059600,Census Tract 596; Kings County; New York,2.7,9.8,2.3,20.7,42.2,39572.0,39.7
36047059800,Census Tract 598; Kings County; New York,2.0,13.3,6.0,11.600000000000001,41.099999999999994,35600.0,39.9
36047060000,Census Tract 600; Kings County; New York,2.8,8.5,7.7,6.800000000000001,38.1,52244.0,36.4
36047060600,Census Tract 606; Kings County; New York,2.5,1.4,1.8,6.699999999999999,40.6,61706.0,30.9
36047060800,Census Tract 608; Kings County; New York,2.9,10.8,4.8,3.9000000000000004,39.0,45140.0,35.6
36047061002,Census Tract 610.02; Kings County; New York,1.0,11.9,2.5,5.0,48.0,56188.0,35.3
36047061003,Census Tract 610.03; Kings County; New York,1.7,42.4,3.8,17.9,39.7,23321.0,48.7
36047061004,Census Tract 610.04; Kings County; New York,10.2,5.5,1.6,12.799999999999999,45.400000000000006,29551.0,41.9
36047061200,Census Tract 612; Kings County; New York,0.0,3.0,3.1,5.4,43.900000000000006,95424.0,28.2
36047061600,Census Tract 616; Kings County; New York,0.0,0.0,8.2,8.9,61.6,78610.0,37.4
36047062000,Census Tract 620; Kings County; New York,1.7,3.7,15.8,6.2,42.8,56669.0,39.6
36047062200,Census Tract 622; Kings County; New York,0.0,11.7,5.7,10.3,46.3,37023.0,39.1
36047062600,Census Tract 626; Kings County; New York,3.7,9.5,3.8,10.8,42.6,34912.0,38.8
36047062800,Census Tract 628; Kings County; New York,2.3,2.2,1.9,10.0,42.8,46089.0,33.9
36047063200,Census Tract 632; Kings County; New York,3.4,4.4,2.2,8.5,40.7,63254.0,32.8
36047063600,Census Tract 636; Kings County; New York,8.9,5.2,2.5,17.1,43.3,45766.0,40.7
36047063800,Census Tract 638; Kings County; New York,3.5,6.4,5.4,6.4,37.8,43846.0,35.5
36047064000,Census Tract 640; Kings County; New York,0.0,0.0,2.2,3.0,44.6,56235.0,29.9
36047064200,Census Tract 642; Kings County; New York,7.6,14.5,8.4,6.699999999999999,49.099999999999994,40416.0,45.0
36047064400,Census Tract 644; Kings County; New York,4.6,20.0,1.5,11.1,45.599999999999994,46907.0,40.7
36047064600,Census Tract 646; Kings County; New York,5.5,7.4,1.5,11.8,53.7,48640.0,40.1
36047064800,Census Tract 648; Kings County; New York,3.4,6.4,3.6,5.4,48.8,41814.0,37.3
36047065000,Census Tract 650; Kings County; New York,2.4,4.5,10.3,11.399999999999999,36.4,39524.0,38.4
36047065200,Census Tract 652; Kings County; New York,0.0,0.0,8.8,12.0,47.6,54389.0,36.9
36047065400,Census Tract 654; Kings County; New York,2.5,5.1,4.0,19.299999999999997,52.8,44151.0,41.3
36047065600,Census Tract 656; Kings County; New York,0.0,1.7,0.8,3.2,37.7,60789.0,27.4
36047065800,Census Tract 658; Kings County; New York,7.0,13.2,4.2,13.8,46.3,40107.0,43.2
36047066000,Census Tract 660; Kings County; New York,2.7,7.8,4.0,8.8,37.8,49400.0,34.8
36047066200,Census Tract 662; Kings County; New York,2.7,5.6,4.8,27.1,44.3,45708.0,41.6
36047066600,Census Tract 666; Kings County; New York,,,,0.0,0.0,,0.0
36047067000,Census Tract 670; Kings County; New York,0.0,9.1,5.0,13.5,37.3,44600.0,35.8
36047067200,Census Tract 672; Kings County; New York,6.1,1.2,7.8,12.299999999999999,34.7,36580.0,38.2
36047067400,Census Tract 674; Kings County; New York,6.9,4.0,9.7,16.9,38.4,43504.0,42.1
36047067600,Census Tract 676; Kings County; New York,10.4,11.4,5.2,5.6,43.3,34899.0,42.6
36047067800,Census Tract 678; Kings County; New York,8.9,10.1,6.7,17.1,34.2,35691.0,42.8
36047068000,Census Tract 680; Kings County; New York,2.0,0.0,9.9,6.8,36.8,35879.0,35.9
36047068200,Census Tract 682; Kings County; New York,1.0,9.8,5.0,16.8,40.2,43452.0,38.3
36047068600,Census Tract 686; Kings County; New York,2.9,0.0,7.0,3.5,36.6,46849.0,32.9
36047068800,Census Tract 688; Kings County; New York,4.7,3.1,1.1,12.0,40.400000000000006,44255.0,35.1
36047069000,Census Tract 690; Kings County; New York,12.6,6.1,6.6,17.200000000000003,36.2,37942.0,44.1
36047069200,Census Tract 692; Kings County; New York,1.8,1.5,6.9,4.3,38.1,46635.0,33.3
36047069601,Census Tract 696.01; Kings County; New York,1.4,5.8,4.6,9.3,37.0,47983.0,33.9
36047069602,Census Tract 696.02; Kings County; New York,1.4,8.2,0.9,10.4,38.9,50944.0,33.1
36047069800,Census Tract 698; Kings County; New York,5.0,0.0,3.8,18.5,49.0,43686.0,40.0
36047070000,Census Tract 700; Kings County; New York,1.6,0.0,0.0,5.5,38.2,46420.0,29.4
36047070201,Census Tract 702.01; Kings County; New York,2.6,3.3,4.1,8.7,52.1,72502.0,35.4
36047070202,Census Tract 702.02; Kings County; New York,0.0,0.0,0.0,0.0,0.0,,11.8
36047070203,Census Tract 702.03; Kings County; New York,,,,0.0,0.0,,0.0
36047070601,Census Tract 706.01; Kings County; New York,0.0,4.8,3.7,5.1,48.5,64677.0,32.9
36047070602,Census Tract 706.02; Kings County; New York,,,,0.0,0.0,,0.0
36047072000,Census Tract 720; Kings County; New York,4.7,26.4,5.6,12.7,40.2,31528.0,45.1
36047072200,Census Tract 722; Kings County; New York,5.1,24.6,7.4,11.399999999999999,35.7,34460.0,44.0
36047072400,Census Tract 724; Kings County; New York,4.1,10.4,0.6,12.4,41.1,43466.0,36.8
36047072600,Census Tract 726; Kings County; New York,0.0,10.8,8.9,10.0,29.9,31701.0,36.5
36047072800,Census Tract 728; Kings County; New York,3.2,7.1,5.9,16.3,46.6,39728.0,41.2
36047073000,Census Tract 730; Kings County; New York,4.2,2.2,7.3,6.1,33.7,41697.0,34.8
36047073200,Census Tract 732; Kings County; New York,9.3,13.5,5.4,10.9,44.8,33879.0,44.6
36047073400,Census Tract 734; Kings County; New York,0.0,0.0,4.4,20.0,40.9,47831.0,35.4
36047073600,Census Tract 736; Kings County; New York,3.1,9.0,6.6,13.4,32.2,41498.0,37.2
36047073800,Census Tract 738; Kings County; New York,11.4,4.9,7.4,14.0,42.6,26926.0,45.3
36047074000,Census Tract 740; Kings County; New York,11.3,16.6,11.2,11.899999999999999,40.6,27533.0,49.4
36047074200,Census Tract 742; Kings County; New York,11.3,11.4,11.2,17.6,41.8,27473.0,49.8
36047074400,Census Tract 744; Kings County; New York,24.6,15.1,14.2,10.899999999999999,52.4,34582.0,60.2
36047074600,Census Tract 746; Kings County; New York,8.9,3.4,4.0,6.0,52.8,34278.0,41.7
36047074800,Census Tract 748; Kings County; New York,3.9,10.2,3.4,12.899999999999999,54.3,53061.0,41.0
36047075000,Census Tract 750; Kings County; New York,3.9,2.9,6.2,1.2,44.9,38428.0,36.2
36047075200,Census Tract 752; Kings County; New York,0.0,0.0,2.8,5.5,58.4,62973.0,34.1
36047075400,Census Tract 754; Kings County; New York,0.0,0.0,0.8,5.199999999999999,53.7,67354.0,31.2
36047075600,Census Tract 756; Kings County; New York,3.0,8.3,4.8,0.5,48.400000000000006,51297.0,36.0
36047075800,Census Tract 758; Kings County; New York,2.3,5.3,1.7,18.4,60.0,35062.0,42.5
36047076000,Census Tract 760; Kings County; New York,3.6,9.2,9.2,17.1,43.7,33554.0,43.7
36047076200,Census Tract 762; Kings County; New York,5.4,28.9,6.3,21.7,37.4,39591.0,47.4
36047076400,Census Tract 764; Kings County; New York,2.2,10.3,5.2,18.1,39.3,39768.0,39.6
36047076600,Census Tract 766; Kings County; New York,8.8,9.7,9.4,15.8,30.799999999999997,33434.0,43.0
36047076800,Census Tract 768; Kings County; New York,10.7,11.0,5.3,8.5,42.2,33298.0,43.3
36047077000,Census Tract 770; Kings County; New York,2.7,7.7,3.3,2.9,33.4,59082.0,30.8
36047077200,Census Tract 772; Kings County; New York,2.2,12.4,5.7,14.2,37.8,42136.0,38.8
36047077400,Census Tract 774; Kings County; New York,8.2,1.4,4.3,12.1,32.8,34302.0,37.1
36047077600,Census Tract 776; Kings County; New York,2.8,3.7,4.9,10.0,40.8,46120.0,35.7
36047078000,Census Tract 780; Kings County; New York,2.9,1.6,9.7,6.0,43.2,39162.0,38.0
36047078200,Census Tract 782; Kings County; New York,0.7,9.9,16.9,10.6,38.9,35248.0,43.3
36047078400,Census Tract 784; Kings County; New York,3.2,6.9,13.5,15.3,34.9,45032.0,41.4
36047078601,Census Tract 786.01; Kings County; New York,4.1,8.9,5.1,12.0,31.0,39305.0,36.4
36047078602,Census Tract 786.02; Kings County; New York,10.3,12.9,9.6,4.8,35.7,45909.0,42.1
36047078801,Census Tract 788.01; Kings County; New York,7.3,2.6,7.1,15.0,30.5,29672.0,39.1
36047078802,Census Tract 788.02; Kings County; New York,30.1,13.0,0.9,20.700000000000003,25.1,39151.0,50.3
36047079001,Census Tract 790.01; Kings County; New York,2.2,7.1,11.1,21.799999999999997,37.0,28714.0,43.3
36047079002,Census Tract 790.02; Kings County; New York,2.4,10.0,7.1,14.100000000000001,35.6,37347.0,38.8
36047079201,Census Tract 792.01; Kings County; New York,7.7,16.5,6.2,5.5,33.1,42877.0,39.5
36047079202,Census Tract 792.02; Kings County; New York,8.5,17.6,13.4,12.299999999999999,33.599999999999994,28115.0,47.4
36047079400,Census Tract 794; Kings County; New York,7.2,4.1,11.6,18.9,35.1,34078.0,43.8
36047079601,Census Tract 796.01; Kings County; New York,1.3,10.9,4.3,13.5,28.3,47021.0,33.9
36047079602,Census Tract 796.02; Kings County; New York,6.7,12.2,2.8,9.3,29.5,36674.0,36.6
36047079801,Census Tract 798.01; Kings County; New York,6.5,4.5,13.6,4.7,37.5,59574.0,39.2
36047079802,Census Tract 798.02; Kings County; New York,3.2,5.0,5.0,10.0,21.6,63987.0,29.5
36047080000,Census Tract 800; Kings County; New York,0.0,4.8,8.2,10.8,32.7,58899.0,33.1
36047080200,Census Tract 802; Kings County; New York,2.9,6.7,3.9,15.2,29.1,56222.0,33.3
36047080400,Census Tract 804; Kings County; New York,0.0,12.2,4.0,11.399999999999999,33.900000000000006,40730.0,34.9
36047080600,Census Tract 806; Kings County; New York,6.6,11.0,5.5,8.9,33.3,36851.0,38.6
36047080800,Census Tract 808; Kings County; New York,0.0,54.0,29.6,23.0,38.9,13534.0,67.0
36047081000,Census Tract 810; Kings County; New York,1.4,7.3,7.1,4.5,31.799999999999997,32626.0,34.3
36047081400,Census Tract 814; Kings County; New York,3.6,9.4,6.1,19.7,39.3,36128.0,41.4
36047081600,Census Tract 816; Kings County; New York,5.7,10.0,3.0,14.100000000000001,31.9,34561.0,37.6
36047081800,Census Tract 818; Kings County; New York,4.6,12.1,9.8,8.2,28.9,38640.0,38.6
36047082000,Census Tract 820; Kings County; New York,0.8,19.5,5.2,22.200000000000003,26.8,36924.0,39.3
36047082200,Census Tract 822; Kings County; New York,4.4,7.3,7.2,11.9,31.7,38109.0,37.5
36047082400,Census Tract 824; Kings County; New York,8.9,10.4,7.4,12.5,30.9,31473.0,41.5
36047082600,Census Tract 826; Kings County; New York,4.9,8.2,11.0,8.6,35.4,45019.0,39.6
36047082800,Census Tract 828; Kings County; New York,7.2,9.1,0.6,14.0,26.1,38926.0,34.9
36047083000,Census Tract 830; Kings County; New York,9.0,10.2,6.0,21.9,31.9,36006.0,43.1
36047083200,Census Tract 832; Kings County; New York,1.7,6.3,0.0,6.0,44.4,40817.0,33.5
36047083400,Census Tract 834; Kings County; New York,4.3,8.6,11.9,11.8,39.599999999999994,37187.0,42.6
36047083600,Census Tract 836; Kings County; New York,8.4,3.9,10.1,8.0,40.7,34522.0,42.1
36047083800,Census Tract 838; Kings County; New York,0.7,14.4,7.1,12.1,45.0,35151.0,41.3
36047084000,Census Tract 840; Kings County; New York,6.1,6.5,13.6,12.299999999999999,49.7,34398.0,47.1
36047084600,Census Tract 846; Kings County; New York,2.2,1.4,7.2,5.5,39.0,32370.0,35.5
36047084800,Census Tract 848; Kings County; New York,0.0,12.7,12.2,5.9,39.0,39460.0,39.5
36047085000,Census Tract 850; Kings County; New York,6.8,0.0,12.5,11.5,35.900000000000006,34785.0,41.1
36047085200,Census Tract 852; Kings County; New York,0.0,0.0,0.0,0.0,45.5,26555.0,30.8
36047085400,Census Tract 854; Kings County; New York,1.6,9.0,3.9,11.0,43.3,37604.0,37.6
36047085600,Census Tract 856; Kings County; New York,0.3,16.9,6.2,5.9,36.3,37032.0,37.0
36047085800,Census Tract 858; Kings County; New York,5.0,11.6,20.0,5.2,44.2,31046.0,48.2
36047086000,Census Tract 860; Kings County; New York,3.4,9.4,4.3,18.9,31.3,44464.0,37.2
36047086200,Census Tract 862; Kings County; New York,1.5,15.9,6.8,18.8,31.200000000000003,38172.0,39.7
36047086400,Census Tract 864; Kings County; New York,1.6,16.2,5.3,13.6,33.8,34107.0,38.7
36047086600,Census Tract 866; Kings County; New York,8.1,21.6,8.8,16.0,35.2,39997.0,46.2
36047086800,Census Tract 868; Kings County; New York,4.7,15.9,5.2,14.600000000000001,38.7,26819.0,42.5
36047087000,Census Tract 870; Kings County; New York,5.9,14.6,4.7,12.9,40.3,32647.0,42.0
36047087200,Census Tract 872; Kings County; New York,8.8,12.9,4.9,9.4,36.7,30656.0,41.5
36047087401,Census Tract 874.01; Kings County; New York,0.8,16.5,4.9,19.3,46.0,27062.0,43.6
36047087600,Census Tract 876; Kings County; New York,10.0,15.1,4.0,7.800000000000001,40.1,29180.0,42.9
36047087800,Census Tract 878; Kings County; New York,1.0,15.8,8.8,9.7,38.599999999999994,28775.0,40.9
36047088001,Census Tract 880.01; Kings County; New York,3.4,7.0,1.1,5.1,43.7,40298.0,34.8
36047088002,Census Tract 880.02; Kings County; New York,13.4,14.1,2.4,7.6000000000000005,43.5,39406.0,43.6
36047088200,Census Tract 882; Kings County; New York,1.6,5.7,5.4,18.700000000000003,45.5,23750.0,41.4
36047088400,Census Tract 884; Kings County; New York,19.2,39.2,18.5,19.6,40.3,23837.0,66.1
36047088600,Census Tract 886; Kings County; New York,2.6,4.6,9.2,17.1,34.8,26088.0,40.2
36047088800,Census Tract 888; Kings County; New York,6.6,17.7,6.3,22.8,38.7,27083.0,46.8
36047089000,Census Tract 890; Kings County; New York,2.0,17.7,10.0,20.6,34.2,22971.0,44.9
36047089200,Census Tract 892; Kings County; New York,0.0,36.5,39.8,18.4,30.3,20945.0,63.6
36047089400,Census Tract 894; Kings County; New York,13.6,28.8,18.8,16.0,38.3,23882.0,58.9
36047089600,Census Tract 896; Kings County; New York,6.7,24.1,6.0,30.6,27.5,24605.0,47.7
36047089800,Census Tract 898; Kings County; New York,1.5,10.0,6.3,12.7,29.1,32585.0,36.2
36047090000,Census Tract 900; Kings County; New York,3.5,38.1,26.8,22.299999999999997,35.099999999999994,19470.0,61.4
36047090200,Census Tract 902; Kings County; New York,2.0,13.9,13.9,23.1,32.8,21775.0,46.4
36047090600,Census Tract 906; Kings County; New York,1.2,34.5,23.4,26.8,40.8,18517.0,60.1
36047090800,Census Tract 908; Kings County; New York,0.8,37.6,17.6,36.8,16.0,14635.0,53.9
36047091000,Census Tract 910; Kings County; New York,3.9,52.6,18.5,48.2,53.599999999999994,14293.0,73.4
36047091200,Census Tract 912; Kings County; New York,4.5,36.8,13.9,30.0,33.599999999999994,17442.0,56.4
36047091600,Census Tract 916; Kings County; New York,4.5,32.9,16.9,19.6,42.5,18807.0,56.5
36047091800,Census Tract 918; Kings County; New York,4.5,20.1,11.3,22.900000000000002,36.4,30237.0,48.2
36047092000,Census Tract 920; Kings County; New York,0.0,18.3,6.9,14.9,55.3,19572.0,46.7
36047092200,Census Tract 922; Kings County; New York,6.2,1.5,2.2,10.2,33.9,28492.0,35.2
36047092400,Census Tract 924; Kings County; New York,7.7,21.8,15.8,9.4,44.2,17844.0,52.4
36047092800,Census Tract 928; Kings County; New York,0.0,4.2,1.2,9.6,30.9,43447.0,29.7
36047093000,Census Tract 930; Kings County; New York,9.0,7.4,4.0,12.1,42.4,38753.0,41.2
36047093200,Census Tract 932; Kings County; New York,0.0,18.7,8.3,5.0,42.5,29516.0,40.6
36047093400,Census Tract 934; Kings County; New York,5.7,3.5,5.6,13.1,40.7,39568.0,39.0
36047093600,Census Tract 936; Kings County; New York,1.5,4.4,7.3,21.7,44.0,39625.0,41.0
36047093800,Census Tract 938; Kings County; New York,4.4,4.4,6.1,15.0,33.6,36623.0,37.6
36047094401,Census Tract 944.01; Kings County; New York,3.3,6.3,4.4,8.6,37.400000000000006,39956.0,35.6
36047094402,Census Tract 944.02; Kings County; New York,5.4,35.8,19.4,20.3,46.900000000000006,15912.0,60.7
36047094600,Census Tract 946; Kings County; New York,3.4,5.8,6.7,5.0,46.2,35991.0,38.6
36047095000,Census Tract 950; Kings County; New York,10.3,3.4,8.8,13.1,40.9,52143.0,42.2
36047095400,Census Tract 954; Kings County; New York,0.5,7.3,4.1,10.7,32.900000000000006,42575.0,33.3
36047095600,Census Tract 956; Kings County; New York,1.5,5.9,5.2,10.3,30.0,42718.0,33.2
36047095800,Census Tract 958; Kings County; New York,7.6,13.6,1.1,11.7,36.8,33489.0,39.4
36047096000,Census Tract 960; Kings County; New York,,,,0.0,0.0,,0.0
36047096200,Census Tract 962; Kings County; New York,16.8,7.6,0.6,5.6,36.8,31891.0,41.1
36047096400,Census Tract 964; Kings County; New York,10.2,5.6,7.4,12.3,37.9,34652.0,42.5
36047096600,Census Tract 966; Kings County; New York,9.0,16.0,10.3,14.1,42.6,28527.0,48.5
36047096800,Census Tract 968; Kings County; New York,5.9,5.9,9.9,10.5,42.4,31708.0,42.5
36047097000,Census Tract 970; Kings County; New York,7.9,10.4,7.3,8.2,38.9,33036.0,41.8
36047097400,Census Tract 974; Kings County; New York,3.6,12.6,7.2,20.0,44.8,27179.0,45.2
36047098200,Census Tract 982; Kings County; New York,3.2,41.6,16.4,26.799999999999997,46.2,17801.0,60.8
36047098400,Census Tract 984; Kings County; New York,2.3,7.1,4.5,17.700000000000003,36.0,41548.0,37.3
36047098600,Census Tract 986; Kings County; New York,0.0,7.4,4.7,9.0,32.4,43670.0,32.7
36047098800,Census Tract 988; Kings County; New York,7.7,0.0,10.0,15.5,45.3,30505.0,44.2
36047099000,Census Tract 990; Kings County; New York,4.9,3.0,7.0,11.5,35.7,38450.0,37.5
36047099200,Census Tract 992; Kings County; New York,3.0,5.1,5.3,16.0,36.1,30602.0,38.1
36047099400,Census Tract 994; Kings County; New York,6.4,10.6,3.5,13.5,38.9,32268.0,40.4
36047099600,Census Tract 996; Kings County; New York,5.6,5.0,10.4,11.399999999999999,45.0,33787.0,43.2
36047099800,Census Tract 998; Kings County; New York,6.0,8.3,7.8,8.9,41.6,40283.0,40.7
36047100400,Census Tract 1004; Kings County; New York,6.5,5.0,7.9,8.8,41.099999999999994,34580.0,40.5
36047100600,Census Tract 1006; Kings County; New York,7.7,4.2,6.6,6.199999999999999,36.0,40382.0,37.6
36047100800,Census Tract 1008; Kings County; New York,5.5,8.0,7.8,11.9,43.5,36111.0,42.0
36047101000,Census Tract 1010; Kings County; New York,7.7,15.0,10.5,13.6,34.7,27450.0,45.4
36047101200,Census Tract 1012; Kings County; New York,6.5,4.4,7.5,7.699999999999999,32.9,37231.0,37.3
36047101400,Census Tract 1014; Kings County; New York,0.7,5.4,4.0,8.2,43.4,40025.0,35.2
36047101600,Census Tract 1016; Kings County; New York,1.9,1.2,8.6,7.2,44.9,49951.0,36.5
36047101800,Census Tract 1018; Kings County; New York,0.5,0.0,11.7,6.0,23.4,54764.0,30.6
36047102000,Census Tract 1020; Kings County; New York,6.3,8.5,2.8,9.3,35.6,46847.0,36.1
36047102200,Census Tract 1022; Kings County; New York,2.7,3.8,7.2,7.699999999999999,41.0,39955.0,36.9
36047102400,Census Tract 1024; Kings County; New York,8.0,8.8,4.7,3.8,37.8,31243.0,38.6
36047102600,Census Tract 1026; Kings County; New York,0.6,5.2,4.3,11.2,36.3,44775.0,33.8
36047102801,Census Tract 1028.01; Kings County; New York,2.0,1.9,6.8,4.300000000000001,45.900000000000006,44211.0,35.8
36047102802,Census Tract 1028.02; Kings County; New York,,,,0.0,0.0,,0.0
36047103401,Census Tract 1034.01; Kings County; New York,4.6,46.7,11.5,15.7,42.2,12267.0,56.7
36047103402,Census Tract 1034.02; Kings County; New York,,,,0.0,0.0,,0.0
36047105801,Census Tract 1058.01; Kings County; New York,1.2,28.6,6.6,15.399999999999999,50.6,27130.0,48.2
36047105804,Census Tract 1058.04; Kings County; New York,4.7,14.1,11.3,10.9,51.5,34380.0,47.2
36047107001,Census Tract 1070.01; Kings County; New York,3.4,12.3,5.5,15.1,31.0,30504.0,38.7
36047107002,Census Tract 1070.02; Kings County; New York,,,,0.0,0.0,,0.0
36047107003,Census Tract 1070.03; Kings County; New York,,,,0.0,0.0,,0.0
36047107800,Census Tract 1078; Kings County; New York,2.8,10.0,4.1,14.1,42.0,37160.0,39.1
36047109800,Census Tract 1098; Kings County; New York,14.3,9.5,8.6,12.4,32.8,26777.0,45.8
36047110400,Census Tract 1104; Kings County; New York,9.4,15.5,12.1,19.6,43.2,24093.0,51.6
36047110600,Census Tract 1106; Kings County; New York,8.1,34.2,23.0,18.8,37.4,15871.0,60.8
36047111000,Census Tract 1110; Kings County; New York,5.9,18.6,27.8,33.1,42.2,17269.0,63.0
36047111600,Census Tract 1116; Kings County; New York,10.2,13.4,9.5,19.6,35.8,25006.0,47.9
36047111800,Census Tract 1118; Kings County; New York,9.9,13.0,8.2,12.1,39.3,27812.0,45.7
36047112000,Census Tract 1120; Kings County; New York,13.6,9.3,9.7,15.4,39.8,29459.0,48.4
36047112200,Census Tract 1122; Kings County; New York,4.8,21.8,20.0,26.799999999999997,34.0,19279.0,54.9
36047112400,Census Tract 1124; Kings County; New York,4.1,11.7,6.6,18.7,33.6,27190.0,41.5
36047112600,Census Tract 1126; Kings County; New York,2.7,23.5,9.0,9.1,34.6,31670.0,42.5
36047112800,Census Tract 1128; Kings County; New York,4.0,21.0,19.4,13.6,37.5,28457.0,50.5
36047113000,Census Tract 1130; Kings County; New York,5.3,13.7,12.8,13.8,34.5,26676.0,45.1
36047113200,Census Tract 1132; Kings County; New York,8.2,23.4,6.9,10.4,41.9,22471.0,47.5
36047113400,Census Tract 1134; Kings County; New York,6.8,30.2,13.8,26.1,36.2,16468.0,55.5
36047114201,Census Tract 1142.01; Kings County; New York,1.3,6.0,22.5,13.7,39.599999999999994,32514.0,46.9
36047114202,Census Tract 1142.02; Kings County; New York,6.0,28.1,1.7,15.8,46.5,24690.0,47.2
36047114400,Census Tract 1144; Kings County; New York,22.6,22.7,13.5,16.9,29.4,26245.0,56.9
36047114600,Census Tract 1146; Kings County; New York,4.4,9.5,5.4,16.6,40.8,44437.0,40.3
36047115000,Census Tract 1150; Kings County; New York,12.4,12.9,6.9,27.7,36.8,24615.0,50.1
36047115200,Census Tract 1152; Kings County; New York,5.7,9.7,5.6,27.5,47.1,24321.0,47.6
36047115600,Census Tract 1156; Kings County; New York,0.0,32.1,7.6,23.7,39.9,15709.0,49.3
36047115800,Census Tract 1158; Kings County; New York,9.3,20.3,11.2,26.9,41.0,24334.0,53.7
36047116000,Census Tract 1160; Kings County; New York,1.3,17.7,19.0,26.2,37.3,23314.0,51.7
36047116200,Census Tract 1162; Kings County; New York,5.8,23.0,14.8,20.4,39.2,29123.0,51.8
36047116400,Census Tract 1164; Kings County; New York,15.8,13.9,4.9,8.5,42.9,26901.0,47.4
36047116600,Census Tract 1166; Kings County; New York,13.6,16.5,1.1,30.5,34.2,28127.0,48.3
36047116800,Census Tract 1168; Kings County; New York,25.9,13.4,4.9,12.5,34.7,26418.0,51.8
36047117000,Census Tract 1170; Kings County; New York,9.4,38.7,4.6,32.0,30.9,19158.0,54.2
36047117201,Census Tract 1172.01; Kings County; New York,12.7,21.4,2.5,18.5,36.3,31591.0,46.9
36047117202,Census Tract 1172.02; Kings County; New York,10.0,10.8,4.3,23.3,35.4,28810.0,44.8
36047117400,Census Tract 1174; Kings County; New York,14.5,18.8,1.1,20.7,37.900000000000006,23629.0,48.2
36047117601,Census Tract 1176.01; Kings County; New York,6.8,9.4,5.1,12.8,34.2,33736.0,39.6
36047117602,Census Tract 1176.02; Kings County; New York,13.6,16.9,12.0,17.6,39.900000000000006,25720.0,52.6
36047117800,Census Tract 1178; Kings County; New York,13.4,6.4,10.7,33.6,39.8,19942.0,53.8
36047118000,Census Tract 1180; Kings County; New York,,,,0.0,0.0,,0.0
36047118201,Census Tract 1182.01; Kings County; New York,17.6,11.1,4.8,16.4,34.2,29342.0,47.2
36047118202,Census Tract 1182.02; Kings County; New York,9.0,20.1,1.3,18.1,37.4,28689.0,44.3
36047118400,Census Tract 1184; Kings County; New York,12.2,12.2,6.0,28.700000000000003,31.5,36558.0,47.1
36047118600,Census Tract 1186; Kings County; New York,18.5,3.2,2.8,28.8,44.9,23103.0,51.2
36047118800,Census Tract 1188; Kings County; New York,14.7,24.8,5.9,20.3,35.5,22272.0,51.9
36047119000,Census Tract 1190; Kings County; New York,14.0,37.5,5.9,20.5,44.2,24753.0,57.1
36047119200,Census Tract 1192; Kings County; New York,13.0,26.7,5.1,10.600000000000001,39.5,22265.0,49.5
36047119400,Census Tract 1194; Kings County; New York,11.3,12.2,15.4,15.899999999999999,38.3,24589.0,51.2
36047119600,Census Tract 1196; Kings County; New York,14.4,24.0,2.4,16.1,33.6,21145.0,48.0
36047119800,Census Tract 1198; Kings County; New York,10.0,44.3,9.6,23.299999999999997,34.0,22506.0,56.9
36047120000,Census Tract 1200; Kings County; New York,11.7,10.0,7.1,11.5,34.6,27164.0,43.9
36047120200,Census Tract 1202; Kings County; New York,12.2,11.8,21.1,15.5,31.2,30069.0,52.2
36047120801,Census Tract 1208.01; Kings County; New York,11.4,11.9,1.5,12.899999999999999,42.2,25896.0,43.7
36047120802,Census Tract 1208.02; Kings County; New York,5.6,31.0,7.8,11.100000000000001,43.800000000000004,18157.0,49.7
36047120803,Census Tract 1208.03; Kings County; New York,8.3,4.7,0.9,8.4,20.6,38797.0,31.5
36047121000,Census Tract 1210; Kings County; New York,15.6,53.1,24.0,22.700000000000003,45.5,10472.0,74.3
36047121400,Census Tract 1214; Kings County; New York,11.9,52.1,2.5,20.9,45.400000000000006,12465.0,59.5
36047122000,Census Tract 1220; Kings County; New York,12.5,14.5,5.9,9.3,40.7,28356.0,45.8
36047123700,Census Tract 1237; Kings County; New York,34.2,45.3,4.3,32.0,68.1,11886.0,80.1
36047150200,Census Tract 1502; Kings County; New York,2.9,2.1,3.4,2.4,46.6,64320.0,32.4
36047152200,Census Tract 1522; Kings County; New York,0.0,2.8,2.9,3.4000000000000004,30.6,200394.0,14.7
36047990100,Census Tract 9901; Kings County; New York,,,,0.0,0.0,,0.0
36061000100,Census Tract 1; New York County; New York,,,,0.0,0.0,,0.0
36061000201,Census Tract 2.01; New York County; New York,3.3,37.7,10.8,31.3,56.599999999999994,20103.0,60.6
36061000202,Census Tract 2.02; New York County; New York,3.4,22.6,10.2,23.299999999999997,30.7,35626.0,45.7
36061000500,Census Tract 5; New York County; New York,,,,0.0,0.0,,0.0
36061000600,Census Tract 6; New York County; New York,5.3,32.6,12.3,44.7,43.1,24952.0,60.6
36061000700,Census Tract 7; New York County; New York,1.3,0.0,3.9,2.2,11.7,128899.0,16.1
36061000800,Census Tract 8; New York County; New York,6.9,37.3,12.4,47.6,37.599999999999994,30956.0,61.6
36061000900,Census Tract 9; New York County; New York,5.3,3.7,1.1,1.2000000000000002,17.8,161524.0,16.3
36061001001,Census Tract 10.01; New York County; New York,2.4,0.0,5.5,3.8,37.0,71604.0,29.9
36061001002,Census Tract 10.02; New York County; New York,1.9,45.2,10.6,42.3,40.7,15143.0,60.8
36061001200,Census Tract 12; New York County; New York,1.0,14.1,6.4,11.5,49.3,66761.0,39.2
36061001300,Census Tract 13; New York County; New York,0.4,2.3,3.7,0.4,10.6,130424.0,15.2
36061001401,Census Tract 14.01; New York County; New York,0.7,1.4,5.4,4.2,48.3,75880.0,32.0
36061001402,Census Tract 14.02; New York County; New York,1.3,25.3,3.1,26.200000000000003,33.1,58851.0,40.8
36061001501,Census Tract 15.01; New York County; New York,10.8,6.2,5.6,14.100000000000001,40.099999999999994,84006.0,38.7
36061001502,Census Tract 15.02; New York County; New York,1.8,9.6,2.4,2.8,10.7,107521.0,19.9
36061001600,Census Tract 16; New York County; New York,4.0,6.5,10.8,34.7,35.8,63194.0,44.1
36061001800,Census Tract 18; New York County; New York,2.0,7.7,2.4,30.0,26.4,47341.0,36.3
36061002000,Census Tract 20; New York County; New York,1.2,38.2,14.1,42.7,36.4,25874.0,58.4
36061002100,Census Tract 21; New York County; New York,3.5,0.0,0.8,0.5,30.4,199164.0,14.0
36061002201,Census Tract 22.01; New York County; New York,1.4,26.2,7.9,17.1,33.9,33440.0,43.7
36061002202,Census Tract 22.02; New York County; New York,6.6,5.2,2.1,5.8999999999999995,17.6,78342.0,26.4
36061002400,Census Tract 24; New York County; New York,3.5,48.5,12.9,40.900000000000006,46.3,12422.0,65.2
36061002500,Census Tract 25; New York County; New York,6.0,44.2,13.4,48.0,47.8,16777.0,67.6
36061002601,Census Tract 26.01; New York County; New York,1.1,27.3,6.6,27.1,22.6,28364.0,43.2
36061002602,Census Tract 26.02; New York County; New York,3.6,6.7,4.1,10.399999999999999,18.5,77069.0,27.8
36061002700,Census Tract 27; New York County; New York,4.1,10.4,8.9,24.700000000000003,43.0,54727.0,44.2
36061002800,Census Tract 28; New York County; New York,1.0,23.8,5.1,16.7,32.099999999999994,69052.0,37.6
36061002901,Census Tract 29.01; New York County; New York,0.0,53.8,88.2,47.599999999999994,14.9,2199.0,100.0
36061002902,Census Tract 29.02; New York County; New York,7.3,27.4,8.8,33.0,41.6,32120.0,54.3
36061003001,Census Tract 30.01; New York County; New York,1.9,9.9,0.2,9.8,11.2,92090.0,22.2
36061003002,Census Tract 30.02; New York County; New York,1.2,31.7,3.9,15.7,27.700000000000003,64190.0,38.2
36061003100,Census Tract 31; New York County; New York,1.9,10.9,6.4,14.8,10.6,92373.0,27.0
36061003200,Census Tract 32; New York County; New York,1.5,10.4,8.0,5.0,27.6,82167.0,30.4
36061003300,Census Tract 33; New York County; New York,0.0,0.5,3.0,0.4,30.5,244044.0,9.5
36061003400,Census Tract 34; New York County; New York,0.9,31.1,3.0,7.1,13.899999999999999,81178.0,29.8
36061003601,Census Tract 36.01; New York County; New York,3.4,9.7,2.0,27.299999999999997,29.6,48693.0,37.4
36061003602,Census Tract 36.02; New York County; New York,0.0,0.0,9.8,10.600000000000001,23.4,86186.0,27.7
36061003700,Census Tract 37; New York County; New York,1.0,1.0,1.0,2.5,32.4,270875.0,7.8
36061003800,Census Tract 38; New York County; New York,0.0,17.2,4.0,10.6,20.5,80899.0,28.9
36061003900,Census Tract 39; New York County; New York,2.7,5.8,3.6,4.0,41.2,227985.0,18.0
36061004001,Census Tract 40.01; New York County; New York,0.0,0.0,1.6,1.3,17.2,92976.0,18.5
36061004002,Census Tract 40.02; New York County; New York,0.9,0.0,2.8,3.7,11.8,97002.0,18.5
36061004100,Census Tract 41; New York County; New York,3.1,5.8,5.9,19.4,24.3,68647.0,33.0
36061004200,Census Tract 42; New York County; New York,0.0,0.0,6.8,2.3,11.4,73763.0,21.7
36061004300,Census Tract 43; New York County; New York,0.0,15.9,2.3,11.3,22.5,114647.0,25.4
36061004400,Census Tract 44; New York County; New York,3.5,1.0,2.2,2.6,23.6,89986.0,23.4
36061004500,Census Tract 45; New York County; New York,8.2,1.8,4.1,8.5,36.6,93330.0,32.0
36061004700,Census Tract 47; New York County; New York,2.6,1.9,3.5,0.6,26.1,138673.0,19.7
36061004800,Census Tract 48; New York County; New York,0.4,3.5,4.3,2.5,26.799999999999997,98347.0,23.6
36061004900,Census Tract 49; New York County; New York,0.0,5.3,2.6,1.2,32.7,157853.0,18.9
36061005000,Census Tract 50; New York County; New York,4.2,0.0,3.6,3.5,30.9,159392.0,20.4
36061005200,Census Tract 52; New York County; New York,1.6,7.9,5.7,3.3,23.4,144037.0,21.5
36061005400,Census Tract 54; New York County; New York,2.9,0.0,2.6,3.3,30.9,153104.0,19.6
36061005501,Census Tract 55.01; New York County; New York,1.8,4.6,5.3,2.9000000000000004,24.9,95219.0,25.1
36061005502,Census Tract 55.02; New York County; New York,1.0,3.4,7.7,1.6,23.9,147368.0,20.4
36061005600,Census Tract 56; New York County; New York,0.0,0.0,3.8,7.3,28.1,180022.0,16.6
36061005700,Census Tract 57; New York County; New York,0.0,0.0,3.2,2.3,29.599999999999998,173897.0,15.9
36061005800,Census Tract 58; New York County; New York,0.0,12.4,3.1,2.0,17.9,209166.0,12.8
36061005900,Census Tract 59; New York County; New York,1.2,0.0,4.6,0.7,27.9,161496.0,17.5
36061006000,Census Tract 60; New York County; New York,2.6,3.1,4.0,4.1,49.3,138315.0,27.5
36061006100,Census Tract 61; New York County; New York,0.7,0.0,8.1,0.7,26.0,199367.0,15.3
36061006200,Census Tract 62; New York County; New York,2.1,0.4,6.6,14.399999999999999,22.4,45799.0,31.6
36061006300,Census Tract 63; New York County; New York,0.6,0.0,1.6,0.6,32.1,152556.0,17.4
36061006400,Census Tract 64; New York County; New York,0.9,21.7,1.0,4.5,25.3,104390.0,26.6
36061006500,Census Tract 65; New York County; New York,4.3,1.9,8.9,0.4,15.899999999999999,96480.0,24.5
36061006600,Census Tract 66; New York County; New York,1.4,0.7,4.1,1.6,28.6,124652.0,21.2
36061006700,Census Tract 67; New York County; New York,0.5,0.0,3.1,1.4,22.6,119689.0,18.7
36061006800,Census Tract 68; New York County; New York,0.0,0.0,3.7,1.6,18.799999999999997,104890.0,19.1
36061006900,Census Tract 69; New York County; New York,0.6,0.0,6.7,0.0,22.7,159484.0,16.9
36061007001,Census Tract 70.01; New York County; New York,1.4,0.1,0.8,3.6999999999999997,29.2,102083.0,22.0
36061007002,Census Tract 70.02; New York County; New York,2.6,0.0,6.1,0.3,15.5,111705.0,20.0
36061007100,Census Tract 71; New York County; New York,1.2,0.0,2.9,3.5,21.9,146083.0,17.1
36061007200,Census Tract 72; New York County; New York,0.0,3.3,0.7,2.5999999999999996,17.200000000000003,141840.0,15.0
36061007300,Census Tract 73; New York County; New York,1.2,0.0,11.2,2.0,15.7,149422.0,19.2
36061007400,Census Tract 74; New York County; New York,0.0,4.4,5.7,3.3,13.7,160408.0,15.6
36061007500,Census Tract 75; New York County; New York,0.0,1.9,5.1,1.8,34.0,160892.0,19.6
36061007600,Census Tract 76; New York County; New York,0.3,8.8,7.3,6.1000000000000005,17.200000000000003,104865.0,24.4
36061007700,Census Tract 77; New York County; New York,1.9,3.4,5.5,1.7000000000000002,22.4,154218.0,18.7
36061007800,Census Tract 78; New York County; New York,1.5,3.8,1.5,1.7999999999999998,22.6,117575.0,19.7
36061007900,Census Tract 79; New York County; New York,0.5,0.0,17.4,0.4,33.9,179428.0,24.1
36061008000,Census Tract 80; New York County; New York,2.1,10.0,3.3,1.4,28.200000000000003,136658.0,22.4
36061008100,Census Tract 81; New York County; New York,0.6,0.0,2.8,2.8,28.9,135285.0,19.3
36061008200,Census Tract 82; New York County; New York,3.7,6.5,6.7,3.6,30.3,154197.0,23.9
36061008300,Census Tract 83; New York County; New York,0.0,22.0,8.6,13.399999999999999,27.2,82818.0,35.1
36061008400,Census Tract 84; New York County; New York,0.0,2.2,1.9,4.6,23.7,198550.0,12.6
36061008601,Census Tract 86.01; New York County; New York,0.5,0.0,7.1,0.7,17.8,115141.0,19.8
36061008602,Census Tract 86.02; New York County; New York,,,,0.0,0.0,,0.0
36061008603,Census Tract 86.03; New York County; New York,0.0,0.0,2.7,0.0,59.199999999999996,188165.0,21.8
36061008700,Census Tract 87; New York County; New York,1.3,4.6,4.4,3.0999999999999996,16.3,118356.0,20.0
36061008800,Census Tract 88; New York County; New York,0.9,6.2,3.5,0.6,27.200000000000003,113472.0,22.4
36061008900,Census Tract 89; New York County; New York,1.9,17.4,10.6,8.3,25.6,123549.0,30.6
36061009000,Census Tract 90; New York County; New York,0.6,0.0,5.8,6.9,25.900000000000002,126696.0,22.0
36061009100,Census Tract 91; New York County; New York,0.0,5.6,1.4,5.5,19.3,164420.0,15.3
36061009200,Census Tract 92; New York County; New York,0.0,0.0,4.2,2.3,27.2,148694.0,18.0
36061009300,Census Tract 93; New York County; New York,0.9,8.2,6.1,9.2,34.9,109132.0,29.1
36061009400,Census Tract 94; New York County; New York,0.0,0.0,50.0,0.0,0.0,85283.0,40.6
36061009500,Census Tract 95; New York County; New York,0.9,0.0,10.0,2.6,18.9,110446.0,22.9
36061009600,Census Tract 96; New York County; New York,0.0,0.0,7.9,11.6,12.9,131781.0,20.1
36061009700,Census Tract 97; New York County; New York,0.0,9.2,1.8,13.1,44.3,55912.0,34.8
36061009800,Census Tract 98; New York County; New York,3.8,17.0,1.5,4.8,25.6,121852.0,25.8
36061009901,Census Tract 99.01; New York County; New York,3.7,1.7,0.0,3.6,16.3,252251.0,6.5
36061009902,Census Tract 99.02; New York County; New York,0.8,5.4,2.8,9.1,18.1,122009.0,20.8
36061009903,Census Tract 99.03; New York County; New York,2.8,0.0,8.4,0.0,23.8,123120.0,22.5
36061010000,Census Tract 100; New York County; New York,0.0,0.0,4.8,1.1,21.0,102243.0,20.4
36061010100,Census Tract 101; New York County; New York,0.9,13.6,4.9,11.200000000000001,8.0,106017.0,23.5
36061010200,Census Tract 102; New York County; New York,3.8,30.3,4.1,2.4,71.6,78153.0,46.4
36061010300,Census Tract 103; New York County; New York,0.0,7.0,4.3,0.4,9.4,111027.0,17.9
36061010400,Census Tract 104; New York County; New York,0.0,0.7,3.7,1.1,31.5,175723.0,16.4
36061010601,Census Tract 106.01; New York County; New York,0.7,0.0,3.3,1.6,51.3,232277.0,16.9
36061010602,Census Tract 106.02; New York County; New York,6.2,2.1,2.5,0.4,34.6,112066.0,25.8
36061010801,Census Tract 108.01; New York County; New York,1.0,0.0,8.7,0.0,30.3,120341.0,23.7
36061010802,Census Tract 108.02; New York County; New York,2.9,4.3,6.4,2.3,57.9,93799.0,35.1
36061010803,Census Tract 108.03; New York County; New York,0.0,0.0,9.0,0.0,34.4,163863.0,20.6
36061010900,Census Tract 109; New York County; New York,0.0,0.0,0.0,17.3,10.5,73354.0,21.8
36061011000,Census Tract 110; New York County; New York,0.0,0.0,4.9,1.7,33.599999999999994,129745.0,21.6
36061011100,Census Tract 111; New York County; New York,0.7,5.7,2.7,9.2,17.2,90755.0,23.3
36061011201,Census Tract 112.01; New York County; New York,0.6,4.8,2.4,0.8,38.900000000000006,188179.0,17.9
36061011202,Census Tract 112.02; New York County; New York,0.0,3.1,1.7,0.0,58.4,266516.0,15.0
36061011203,Census Tract 112.03; New York County; New York,1.9,0.0,5.6,2.2,34.6,170730.0,19.9
36061011300,Census Tract 113; New York County; New York,0.0,0.0,23.4,18.8,35.8,35400.0,45.2
36061011401,Census Tract 114.01; New York County; New York,0.0,5.0,10.0,3.4,50.7,280270.0,17.6
36061011402,Census Tract 114.02; New York County; New York,0.0,2.1,7.6,1.6,40.099999999999994,169289.0,21.9
36061011500,Census Tract 115; New York County; New York,0.6,3.3,8.2,6.1,13.0,90712.0,23.7
36061011600,Census Tract 116; New York County; New York,0.0,0.0,1.3,3.9,25.700000000000003,94646.0,21.2
36061011700,Census Tract 117; New York County; New York,2.1,0.0,3.4,2.6,12.3,130097.0,16.4
36061011800,Census Tract 118; New York County; New York,1.2,3.7,3.8,0.6,36.3,143308.0,21.9
36061011900,Census Tract 119; New York County; New York,0.0,0.0,15.2,30.5,51.7,23395.0,49.2
36061012000,Census Tract 120; New York County; New York,2.0,10.3,1.1,2.8,46.8,187779.0,22.2
36061012101,Census Tract 121.01; New York County; New York,0.0,21.8,15.2,9.0,22.200000000000003,57689.0,38.3
36061012102,Census Tract 121.02; New York County; New York,1.8,3.4,15.6,15.4,43.1,57204.0,42.0
36061012200,Census Tract 122; New York County; New York,0.0,0.0,1.4,0.7,53.0,199006.0,18.6
36061012400,Census Tract 124; New York County; New York,4.8,1.8,3.9,5.5,36.900000000000006,107473.0,28.1
36061012500,Census Tract 125; New York County; New York,0.0,6.6,7.7,6.6,21.2,152713.0,20.9
36061012601,Census Tract 126.01; New York County; New York,0.0,0.0,7.5,0.0,34.3,88919.0,26.4
36061012602,Census Tract 126.02; New York County; New York,0.0,3.7,0.0,4.300000000000001,36.1,168054.0,17.9
36061012700,Census Tract 127; New York County; New York,0.9,8.4,1.9,5.9,15.1,122493.0,19.5
36061012800,Census Tract 128; New York County; New York,0.0,2.7,2.0,1.6,54.9,161399.0,23.7
36061012901,Census Tract 129.01; New York County; New York,0.0,1.7,3.4,0.7,16.3,92476.0,19.6
36061012902,Census Tract 129.02; New York County; New York,4.4,0.0,2.0,5.4,18.2,99538.0,21.9
36061013000,Census Tract 130; New York County; New York,0.0,0.0,7.4,1.1,54.3,169982.0,24.9
36061013100,Census Tract 131; New York County; New York,4.2,3.3,3.0,5.1,26.0,110540.0,24.3
36061013201,Census Tract 132.01; New York County; New York,0.0,0.0,1.8,0.8,21.799999999999997,134721.0,16.1
36061013202,Census Tract 132.02; New York County; New York,2.9,0.0,2.7,2.8,41.9,69617.0,29.8
36061013203,Census Tract 132.03; New York County; New York,0.0,36.3,2.1,0.0,36.4,80550.0,34.5
36061013300,Census Tract 133; New York County; New York,1.9,12.5,4.5,4.0,17.2,121781.0,22.7
36061013400,Census Tract 134; New York County; New York,0.9,0.0,3.4,0.7,32.6,141355.0,19.7
36061013501,Census Tract 135.01; New York County; New York,4.3,5.3,1.7,8.2,31.1,95700.0,27.7
36061013502,Census Tract 135.02; New York County; New York,0.4,14.2,11.4,7.4,30.3,104178.0,32.1
36061013601,Census Tract 136.01; New York County; New York,0.0,0.0,2.1,8.1,53.6,202175.0,20.9
36061013602,Census Tract 136.02; New York County; New York,13.4,2.3,3.5,4.0,44.2,124944.0,32.8
36061013603,Census Tract 136.03; New York County; New York,1.2,2.0,1.0,0.0,44.3,119424.0,24.0
36061013604,Census Tract 136.04; New York County; New York,1.2,0.0,0.0,1.4,23.2,139186.0,15.9
36061013700,Census Tract 137; New York County; New York,1.8,2.1,6.0,0.2,29.6,212941.0,15.0
36061013800,Census Tract 138; New York County; New York,0.7,0.0,6.5,1.9000000000000001,31.3,120747.0,23.1
36061013900,Census Tract 139; New York County; New York,0.6,0.0,7.8,2.2,29.2,87885.0,26.2
36061014000,Census Tract 140; New York County; New York,0.7,2.5,5.8,2.5,40.8,230820.0,16.5
36061014200,Census Tract 142; New York County; New York,0.0,5.0,4.5,0.7,53.6,213604.0,20.5
36061014300,Census Tract 143; New York County; New York,,,,0.0,0.0,,0.0
36061014401,Census Tract 144.01; New York County; New York,2.5,0.0,2.7,1.4,36.6,165473.0,19.4
36061014402,Census Tract 144.02; New York County; New York,0.0,1.8,6.2,2.6,31.7,122532.0,23.2
36061014500,Census Tract 145; New York County; New York,5.8,1.1,5.2,1.5,30.8,140303.0,23.5
36061014601,Census Tract 146.01; New York County; New York,0.0,2.4,3.2,1.0,24.4,127567.0,18.9
36061014602,Census Tract 146.02; New York County; New York,0.4,3.3,6.4,3.6,37.599999999999994,108162.0,27.0
36061014700,Census Tract 147; New York County; New York,1.9,5.5,2.8,0.0,28.1,151686.0,19.1
36061014801,Census Tract 148.01; New York County; New York,2.5,0.0,5.4,3.3,41.9,156790.0,23.6
36061014802,Census Tract 148.02; New York County; New York,3.0,4.3,8.1,0.9,37.7,115004.0,28.4
36061014900,Census Tract 149; New York County; New York,1.4,0.3,0.8,2.5,42.6,140710.0,21.9
36061015001,Census Tract 150.01; New York County; New York,0.6,0.0,3.9,0.0,47.5,160072.0,22.0
36061015002,Census Tract 150.02; New York County; New York,0.0,1.1,3.8,0.4,54.1,180202.0,22.1
36061015101,Census Tract 151.01; New York County; New York,0.0,19.8,2.0,29.4,40.9,23860.0,44.1
36061015102,Census Tract 151.02; New York County; New York,2.9,10.2,8.1,1.0,32.4,156513.0,24.8
36061015200,Census Tract 152; New York County; New York,3.5,20.7,6.7,9.7,38.4,100351.0,36.1
36061015301,Census Tract 153.01; New York County; New York,1.6,0.0,3.3,2.4,41.7,145534.0,22.6
36061015302,Census Tract 153.02; New York County; New York,3.7,0.0,3.7,1.0,37.9,152915.0,21.9
36061015401,Census Tract 154.01; New York County; New York,0.4,8.4,7.1,0.0,30.3,146406.0,22.5
36061015402,Census Tract 154.02; New York County; New York,0.0,11.0,4.1,7.5,29.0,73224.0,29.4
36061015403,Census Tract 154.03; New York County; New York,1.5,2.2,10.6,8.3,41.0,74682.0,34.8
36061015501,Census Tract 155.01; New York County; New York,1.5,3.0,4.0,0.0,43.1,173984.0,21.0
36061015502,Census Tract 155.02; New York County; New York,0.7,7.0,17.1,0.0,38.9,115934.0,32.7
36061015601,Census Tract 156.01; New York County; New York,3.5,6.9,6.0,6.4,22.6,90730.0,27.7
36061015602,Census Tract 156.02; New York County; New York,0.0,7.1,4.1,11.7,30.9,82281.0,29.2
36061015700,Census Tract 157; New York County; New York,0.0,2.9,8.3,0.8,23.6,138583.0,20.5
36061015801,Census Tract 158.01; New York County; New York,0.7,6.4,4.6,2.2,35.900000000000006,138815.0,23.5
36061015802,Census Tract 158.02; New York County; New York,0.1,5.5,5.7,17.2,23.700000000000003,73214.0,30.0
36061015900,Census Tract 159; New York County; New York,1.6,2.1,4.0,1.4000000000000001,34.9,153174.0,20.8
36061016001,Census Tract 160.01; New York County; New York,0.0,0.0,4.8,0.1,46.9,257207.0,13.5
36061016002,Census Tract 160.02; New York County; New York,0.0,1.7,5.4,23.3,38.3,80922.0,33.7
36061016100,Census Tract 161; New York County; New York,0.3,0.0,7.2,1.1,32.0,143144.0,21.3
36061016200,Census Tract 162; New York County; New York,4.6,49.3,13.5,20.2,37.5,27874.0,57.1
36061016300,Census Tract 163; New York County; New York,1.8,0.0,4.1,3.5,42.0,155671.0,22.7
36061016400,Census Tract 164; New York County; New York,4.2,43.7,11.3,26.2,36.0,26079.0,55.5
36061016500,Census Tract 165; New York County; New York,0.5,4.7,5.9,7.3,42.9,161522.0,24.9
36061016600,Census Tract 166; New York County; New York,3.6,23.0,5.7,17.1,27.400000000000002,46722.0,40.0
36061016700,Census Tract 167; New York County; New York,0.3,2.7,2.3,0.3,40.900000000000006,146557.0,21.2
36061016800,Census Tract 168; New York County; New York,2.8,28.8,4.8,25.7,49.4,39594.0,49.5
36061016900,Census Tract 169; New York County; New York,2.7,9.7,2.3,4.9,36.3,128172.0,26.0
36061017000,Census Tract 170; New York County; New York,5.2,25.7,10.0,20.6,34.4,30841.0,48.2
36061017100,Census Tract 171; New York County; New York,2.4,6.2,2.0,1.9000000000000001,33.2,142419.0,21.9
36061017200,Census Tract 172; New York County; New York,5.5,29.7,13.3,23.8,23.1,29295.0,49.1
36061017300,Census Tract 173; New York County; New York,6.9,2.2,6.5,5.5,45.6,118933.0,32.1
36061017401,Census Tract 174.01; New York County; New York,4.1,23.4,7.5,22.3,44.1,37053.0,48.1
36061017402,Census Tract 174.02; New York County; New York,3.9,21.9,7.2,19.1,22.799999999999997,52946.0,39.4
36061017500,Census Tract 175; New York County; New York,1.4,4.0,1.2,4.9,42.099999999999994,142974.0,23.4
36061017700,Census Tract 177; New York County; New York,11.7,15.0,6.1,4.3,42.4,99515.0,38.5
36061017800,Census Tract 178; New York County; New York,8.5,44.1,11.2,21.0,32.9,36061.0,54.8
36061017900,Census Tract 179; New York County; New York,0.3,6.7,4.1,4.6,33.3,125618.0,24.2
36061018000,Census Tract 180; New York County; New York,7.8,38.2,5.6,35.1,33.1,32305.0,54.0
36061018100,Census Tract 181; New York County; New York,2.4,0.0,9.7,4.6,44.4,112519.0,30.8
36061018200,Census Tract 182; New York County; New York,2.7,20.9,6.3,22.3,34.8,27318.0,44.3
36061018300,Census Tract 183; New York County; New York,3.8,3.7,3.1,5.1,35.3,99718.0,27.7
36061018400,Census Tract 184; New York County; New York,3.0,18.3,8.3,22.1,34.3,29575.0,44.5
36061018500,Census Tract 185; New York County; New York,2.2,4.2,2.1,1.7,35.1,97535.0,25.7
36061018600,Census Tract 186; New York County; New York,5.8,15.5,5.2,21.0,32.9,20845.0,43.7
36061018700,Census Tract 187; New York County; New York,1.4,1.2,5.8,6.199999999999999,30.9,86840.0,27.4
36061018800,Census Tract 188; New York County; New York,1.3,52.7,5.4,19.9,19.200000000000003,38642.0,45.8
36061018900,Census Tract 189; New York County; New York,1.7,29.7,17.0,29.9,45.4,33008.0,56.4
36061019000,Census Tract 190; New York County; New York,6.1,10.6,4.8,11.600000000000001,37.099999999999994,70058.0,36.6
36061019100,Census Tract 191; New York County; New York,4.5,5.8,5.4,10.0,39.2,106343.0,31.7
36061019200,Census Tract 192; New York County; New York,1.0,48.2,7.1,40.8,42.4,14109.0,59.4
36061019300,Census Tract 193; New York County; New York,0.0,5.1,5.2,16.1,25.5,48219.0,32.0
36061019400,Census Tract 194; New York County; New York,8.5,23.4,9.0,23.8,37.0,27946.0,50.6
36061019500,Census Tract 195; New York County; New York,3.5,0.0,6.6,6.699999999999999,35.2,84520.0,30.2
36061019600,Census Tract 196; New York County; New York,4.0,23.1,20.2,31.5,44.6,26586.0,58.4
36061019701,Census Tract 197.01; New York County; New York,5.3,13.1,9.0,1.1,21.3,71268.0,31.9
36061019702,Census Tract 197.02; New York County; New York,3.5,13.2,7.7,7.1000000000000005,25.6,54346.0,34.5
36061019800,Census Tract 198; New York County; New York,7.1,4.3,6.3,11.0,41.2,70492.0,37.2
36061019900,Census Tract 199; New York County; New York,1.1,3.2,8.6,3.2,28.8,65570.0,29.8
36061020000,Census Tract 200; New York County; New York,2.4,2.8,6.2,4.3999999999999995,31.5,59569.0,30.7
36061020101,Census Tract 201.01; New York County; New York,0.0,0.0,10.9,0.2,10.5,49544.0,25.3
36061020102,Census Tract 201.02; New York County; New York,5.1,13.6,13.7,9.5,29.4,59510.0,40.0
36061020300,Census Tract 203; New York County; New York,2.5,15.3,11.4,4.8,11.5,19741.0,35.2
36061020500,Census Tract 205; New York County; New York,1.8,5.1,9.5,0.8999999999999999,23.799999999999997,71620.0,28.7
36061020600,Census Tract 206; New York County; New York,2.5,11.3,7.9,17.2,23.200000000000003,33567.0,37.5
36061020701,Census Tract 207.01; New York County; New York,0.0,21.3,9.5,1.4,12.899999999999999,45335.0,31.6
36061020800,Census Tract 208; New York County; New York,6.0,14.1,7.0,10.399999999999999,26.9,58945.0,36.6
36061020901,Census Tract 209.01; New York County; New York,0.9,34.6,12.8,18.799999999999997,39.5,22323.0,51.4
36061021000,Census Tract 210; New York County; New York,5.1,31.5,9.8,11.8,40.9,29872.0,49.0
36061021100,Census Tract 211; New York County; New York,2.0,13.9,10.4,6.300000000000001,25.299999999999997,57283.0,34.8
36061021200,Census Tract 212; New York County; New York,1.0,9.2,8.5,11.1,39.5,58411.0,37.0
36061021303,Census Tract 213.03; New York County; New York,4.1,15.3,16.9,24.9,31.1,36935.0,48.2
36061021400,Census Tract 214; New York County; New York,1.9,15.0,9.0,7.199999999999999,28.5,62513.0,34.9
36061021500,Census Tract 215; New York County; New York,2.7,14.5,7.2,14.1,29.0,44450.0,37.8
36061021600,Census Tract 216; New York County; New York,4.4,14.4,6.6,11.7,29.7,42556.0,38.1
36061021703,Census Tract 217.03; New York County; New York,,,0.0,0.0,0.0,3749.0,20.0
36061021800,Census Tract 218; New York County; New York,1.2,6.5,6.8,15.1,25.6,48877.0,33.6
36061021900,Census Tract 219; New York County; New York,2.1,53.2,15.2,24.3,44.300000000000004,16740.0,61.6
36061022000,Census Tract 220; New York County; New York,2.0,13.5,5.7,5.3999999999999995,27.1,67574.0,31.5
36061022102,Census Tract 221.02; New York County; New York,0.8,7.3,7.7,4.7,19.2,75743.0,27.2
36061022200,Census Tract 222; New York County; New York,0.7,26.7,8.8,10.5,32.5,66321.0,38.9
36061022301,Census Tract 223.01; New York County; New York,4.8,15.9,10.4,20.1,25.4,32801.0,42.8
36061022302,Census Tract 223.02; New York County; New York,3.4,28.3,9.0,26.299999999999997,32.8,32546.0,48.3
36061022400,Census Tract 224; New York County; New York,3.8,27.9,12.4,27.299999999999997,40.3,23706.0,53.3
36061022500,Census Tract 225; New York County; New York,2.6,23.1,7.5,25.7,35.2,44354.0,45.1
36061022600,Census Tract 226; New York County; New York,2.0,14.5,7.9,15.2,32.7,40881.0,39.4
36061022700,Census Tract 227; New York County; New York,1.6,15.9,5.0,21.4,24.9,47303.0,37.0
36061022800,Census Tract 228; New York County; New York,5.7,11.6,4.8,11.3,26.9,51910.0,35.4
36061022900,Census Tract 229; New York County; New York,5.0,27.7,11.0,25.6,20.9,32854.0,46.6
36061023000,Census Tract 230; New York County; New York,2.6,26.4,10.8,23.9,34.3,31810.0,48.1
36061023100,Census Tract 231; New York County; New York,5.5,17.9,7.7,15.0,26.1,39129.0,40.5
36061023200,Census Tract 232; New York County; New York,8.1,35.3,13.9,32.0,29.9,19383.0,57.3
36061023300,Census Tract 233; New York County; New York,2.1,13.4,8.0,21.9,27.6,41579.0,39.6
36061023400,Census Tract 234; New York County; New York,5.3,29.4,11.8,12.5,26.900000000000002,42450.0,45.0
36061023501,Census Tract 235.01; New York County; New York,1.6,11.8,10.5,15.4,27.4,35724.0,39.0
36061023502,Census Tract 235.02; New York County; New York,5.7,28.5,6.5,28.5,37.900000000000006,37824.0,49.7
36061023600,Census Tract 236; New York County; New York,5.8,17.0,19.5,10.0,35.9,26057.0,49.3
36061023700,Census Tract 237; New York County; New York,3.8,34.0,6.9,26.5,32.4,32343.0,48.8
36061023802,Census Tract 238.02; New York County; New York,6.5,5.1,4.4,11.5,40.599999999999994,43698.0,38.4
36061023803,Census Tract 238.03; New York County; New York,1.1,11.5,7.5,6.0,35.5,75370.0,33.2
36061023804,Census Tract 238.04; New York County; New York,9.6,9.2,1.8,3.4,31.9,100726.0,30.2
36061023900,Census Tract 239; New York County; New York,1.0,16.3,6.0,19.700000000000003,33.5,30208.0,40.7
36061024000,Census Tract 240; New York County; New York,,,41.5,40.0,10.7,9586.0,73.6
36061024100,Census Tract 241; New York County; New York,1.7,13.1,13.3,17.0,31.5,37002.0,42.3
36061024200,Census Tract 242; New York County; New York,8.0,27.7,16.1,21.4,43.7,21625.0,57.1
36061024301,Census Tract 243.01; New York County; New York,1.6,15.4,9.0,25.299999999999997,27.1,37691.0,41.5
36061024302,Census Tract 243.02; New York County; New York,2.3,36.2,30.8,26.4,36.4,17345.0,64.0
36061024500,Census Tract 245; New York County; New York,4.4,24.3,18.0,29.799999999999997,30.0,30730.0,53.0
36061024700,Census Tract 247; New York County; New York,5.2,12.8,6.6,25.6,37.599999999999994,41824.0,44.1
36061024900,Census Tract 249; New York County; New York,3.4,0.0,11.3,23.299999999999997,30.9,50600.0,39.0
36061025100,Census Tract 251; New York County; New York,9.5,25.9,11.7,35.900000000000006,35.4,19572.0,56.9
36061025300,Census Tract 253; New York County; New York,2.7,14.6,13.6,32.6,33.8,27885.0,49.1
36061025500,Census Tract 255; New York County; New York,6.2,17.0,3.6,21.6,19.0,97389.0,33.1
36061025700,Census Tract 257; New York County; New York,5.4,14.3,5.7,9.1,27.1,62310.0,35.0
36061025900,Census Tract 259; New York County; New York,5.0,13.1,8.6,18.8,27.9,48609.0,40.1
36061026100,Census Tract 261; New York County; New York,9.4,25.6,21.4,39.0,30.8,23353.0,61.3
36061026300,Census Tract 263; New York County; New York,4.5,22.0,14.1,26.1,32.099999999999994,26700.0,50.2
36061026500,Census Tract 265; New York County; New York,4.5,6.1,5.6,16.5,27.1,43385.0,35.9
36061026700,Census Tract 267; New York County; New York,11.3,14.7,15.0,15.2,21.299999999999997,26367.0,46.7
36061026900,Census Tract 269; New York County; New York,7.9,8.2,11.9,32.4,32.7,24953.0,49.2
36061027100,Census Tract 271; New York County; New York,5.7,11.6,11.6,17.7,25.8,38364.0,41.7
36061027300,Census Tract 273; New York County; New York,3.1,2.3,3.0,4.4,37.6,66282.0,30.3
36061027500,Census Tract 275; New York County; New York,0.0,2.8,12.8,3.0,34.2,221517.0,19.1
36061027700,Census Tract 277; New York County; New York,4.7,30.0,17.4,31.2,46.9,22501.0,60.0
36061027900,Census Tract 279; New York County; New York,6.6,12.9,18.7,24.8,30.8,39344.0,49.6
36061028100,Census Tract 281; New York County; New York,5.1,1.8,10.1,3.5,34.599999999999994,74789.0,33.3
36061028300,Census Tract 283; New York County; New York,6.6,14.3,9.9,22.200000000000003,38.400000000000006,34245.0,47.0
36061028500,Census Tract 285; New York County; New York,11.2,21.5,21.2,27.299999999999997,34.8,21764.0,59.1
36061028700,Census Tract 287; New York County; New York,4.9,10.8,9.4,14.0,27.8,38573.0,39.4
36061029100,Census Tract 291; New York County; New York,6.3,15.3,9.5,24.200000000000003,29.8,35000.0,45.0
36061029300,Census Tract 293; New York County; New York,17.4,27.3,8.7,27.3,39.5,24505.0,58.3
36061029500,Census Tract 295; New York County; New York,1.5,3.3,5.7,13.299999999999999,29.3,43136.0,33.3
36061029700,Census Tract 297; New York County; New York,,,,37.5,17.700000000000003,2035.0,51.3
36061029900,Census Tract 299; New York County; New York,5.3,25.6,19.7,36.6,41.9,21247.0,60.6
36061030300,Census Tract 303; New York County; New York,4.3,3.2,7.8,22.700000000000003,32.5,47176.0,39.0
36061030700,Census Tract 307; New York County; New York,0.0,4.1,3.7,4.6,32.5,65274.0,28.2
36061030900,Census Tract 309; New York County; New York,9.1,23.0,7.8,25.799999999999997,43.3,19722.0,53.2
36061031100,Census Tract 311; New York County; New York,,,,0.0,0.0,,0.0
36061031703,Census Tract 317.03; New York County; New York,4.8,2.0,3.4,0.8,37.2,190521.0,19.4
36061031704,Census Tract 317.04; New York County; New York,2.1,2.5,1.0,1.3,26.9,158831.0,16.8
36061031900,Census Tract 319; New York County; New York,,,,0.0,0.0,,0.0
36081000101,Census Tract 1.01; Queens County; New York,4.9,0.1,7.2,6.199999999999999,29.3,81093.0,29.9
36081000102,Census Tract 1.02; Queens County; New York,12.1,0.0,4.2,1.3,24.1,107802.0,27.2
36081000103,Census Tract 1.03; Queens County; New York,,,,0.0,0.0,,0.0
36081000104,Census Tract 1.04; Queens County; New York,0.0,0.0,15.3,12.9,38.0,12767.0,41.8
36081000200,Census Tract 2; Queens County; New York,6.3,8.9,6.4,16.3,23.799999999999997,31725.0,38.2
36081000400,Census Tract 4; Queens County; New York,12.5,6.0,5.2,23.2,40.3,27692.0,46.8
36081000600,Census Tract 6; Queens County; New York,5.3,16.7,11.7,26.4,41.2,24617.0,50.7
36081000701,Census Tract 7.01; Queens County; New York,2.5,1.2,4.1,3.5,24.9,89289.0,24.6
36081000702,Census Tract 7.02; Queens County; New York,2.2,0.0,10.0,10.5,28.9,72594.0,31.7
36081000800,Census Tract 8; Queens County; New York,5.3,5.1,7.2,26.0,34.9,31217.0,42.7
36081001000,Census Tract 10; Queens County; New York,10.9,9.0,10.5,24.0,30.9,31239.0,47.0
36081001200,Census Tract 12; Queens County; New York,2.8,1.5,6.1,14.6,33.9,32521.0,36.3
36081001400,Census Tract 14; Queens County; New York,7.9,8.2,5.2,15.0,29.3,47165.0,38.0
36081001600,Census Tract 16; Queens County; New York,4.7,9.3,9.1,27.200000000000003,26.7,33971.0,42.4
36081001800,Census Tract 18; Queens County; New York,9.6,6.5,4.4,20.3,31.599999999999998,31220.0,41.5
36081001901,Census Tract 19.01; Queens County; New York,1.5,0.0,0.0,0.0,20.0,111637.0,17.2
36081001902,Census Tract 19.02; Queens County; New York,3.0,5.0,4.0,2.0,9.6,113819.0,19.1
36081001903,Census Tract 19.03; Queens County; New York,0.2,0.0,8.4,5.199999999999999,12.8,90113.0,22.4
36081002000,Census Tract 20; Queens County; New York,4.6,8.8,4.5,22.3,37.8,37060.0,41.1
36081002200,Census Tract 22; Queens County; New York,6.0,16.8,3.4,20.2,38.599999999999994,30078.0,43.7
36081002400,Census Tract 24; Queens County; New York,15.6,17.9,12.4,21.8,32.8,23246.0,53.7
36081002500,Census Tract 25; Queens County; New York,2.7,31.2,3.0,24.0,37.9,24867.0,46.8
36081002600,Census Tract 26; Queens County; New York,8.3,8.2,13.4,13.899999999999999,42.9,36902.0,47.0
36081002800,Census Tract 28; Queens County; New York,7.4,2.5,3.7,12.5,30.900000000000002,33623.0,36.3
36081003000,Census Tract 30; Queens County; New York,0.9,3.9,8.3,24.4,33.0,33707.0,39.4
36081003100,Census Tract 31; Queens County; New York,3.8,6.9,3.8,12.2,14.0,53801.0,29.1
36081003200,Census Tract 32; Queens County; New York,2.8,14.6,12.3,24.299999999999997,35.6,28109.0,46.7
36081003301,Census Tract 33.01; Queens County; New York,0.0,0.0,4.2,2.8,5.3,93727.0,17.0
36081003302,Census Tract 33.02; Queens County; New York,9.9,23.7,6.0,20.3,26.2,34102.0,45.4
36081003400,Census Tract 34; Queens County; New York,6.8,10.3,13.0,17.8,29.599999999999998,33163.0,44.3
36081003600,Census Tract 36; Queens County; New York,11.3,9.3,9.1,24.6,41.0,32676.0,49.3
36081003700,Census Tract 37; Queens County; New York,,,,0.0,0.0,,0.0
36081003800,Census Tract 38; Queens County; New York,10.1,8.4,5.1,14.899999999999999,37.6,35024.0,42.5
36081003900,Census Tract 39; Queens County; New York,3.0,8.8,1.0,21.7,22.9,31825.0,34.6
36081004001,Census Tract 40.01; Queens County; New York,8.6,11.0,1.7,26.4,31.0,35167.0,41.8
36081004002,Census Tract 40.02; Queens County; New York,2.7,19.1,13.3,23.5,53.5,21856.0,53.5
36081004200,Census Tract 42; Queens County; New York,6.1,11.2,3.9,22.700000000000003,37.9,44626.0,41.7
36081004300,Census Tract 43; Queens County; New York,7.2,29.7,13.5,25.4,50.099999999999994,17584.0,58.9
36081004401,Census Tract 44.01; Queens County; New York,11.2,22.8,7.6,22.8,35.3,31826.0,50.1
36081004500,Census Tract 45; Queens County; New York,2.3,1.1,10.5,9.2,41.0,58478.0,36.5
36081004700,Census Tract 47; Queens County; New York,5.2,19.0,7.7,17.0,39.4,33072.0,45.3
36081005000,Census Tract 50; Queens County; New York,,,,0.0,0.0,,0.0
36081005100,Census Tract 51; Queens County; New York,16.0,6.5,9.8,23.6,32.0,36007.0,48.5
36081005200,Census Tract 52; Queens County; New York,15.6,9.1,13.3,19.0,26.7,111974.0,41.6
36081005300,Census Tract 53; Queens County; New York,4.1,8.0,9.1,3.5,21.4,54357.0,32.1
36081005400,Census Tract 54; Queens County; New York,10.7,6.0,7.6,28.5,33.0,30570.0,46.3
36081005500,Census Tract 55; Queens County; New York,11.5,6.1,18.6,12.3,27.5,60481.0,44.3
36081005700,Census Tract 57; Queens County; New York,5.4,13.0,7.9,9.3,21.4,51471.0,35.3
36081005800,Census Tract 58; Queens County; New York,1.6,1.6,3.0,14.8,38.3,33762.0,35.1
36081005900,Census Tract 59; Queens County; New York,1.8,6.4,11.4,13.2,32.2,58805.0,36.8
36081006100,Census Tract 61; Queens County; New York,8.6,3.0,4.3,9.6,20.3,62044.0,31.3
36081006201,Census Tract 62.01; Queens County; New York,0.4,3.3,3.9,10.3,44.4,53452.0,34.1
36081006202,Census Tract 62.02; Queens County; New York,5.3,4.9,7.8,15.3,47.3,31298.0,43.4
36081006300,Census Tract 63; Queens County; New York,3.4,7.4,2.6,8.9,19.9,96930.0,25.3
36081006501,Census Tract 65.01; Queens County; New York,2.2,3.7,8.0,11.3,21.2,56234.0,31.2
36081006502,Census Tract 65.02; Queens County; New York,3.3,15.5,7.5,9.5,25.0,56486.0,35.2
36081006900,Census Tract 69; Queens County; New York,2.2,7.6,6.8,11.6,28.299999999999997,66189.0,32.7
36081007100,Census Tract 71; Queens County; New York,3.0,12.4,5.6,7.9,22.8,61368.0,31.7
36081007300,Census Tract 73; Queens County; New York,2.1,3.6,1.4,3.2,13.899999999999999,67597.0,22.4
36081007500,Census Tract 75; Queens County; New York,3.0,2.0,13.1,10.5,34.1,75735.0,35.5
36081007700,Census Tract 77; Queens County; New York,7.1,16.5,4.6,9.7,22.6,65341.0,34.6
36081007900,Census Tract 79; Queens County; New York,7.7,11.8,5.6,10.5,27.6,55823.0,36.6
36081008100,Census Tract 81; Queens County; New York,0.0,0.0,2.3,3.8000000000000003,21.1,71170.0,22.5
36081008300,Census Tract 83; Queens County; New York,8.2,11.0,9.6,13.4,28.9,41118.0,41.3
36081008500,Census Tract 85; Queens County; New York,2.5,7.4,7.3,17.6,24.6,29576.0,36.9
36081008600,Census Tract 86; Queens County; New York,0.8,6.2,8.0,16.9,35.5,36717.0,38.2
36081008700,Census Tract 87; Queens County; New York,3.0,39.2,18.9,30.6,40.900000000000006,20996.0,60.7
36081008800,Census Tract 88; Queens County; New York,7.8,8.4,6.5,17.4,36.0,39179.0,41.9
36081009100,Census Tract 91; Queens County; New York,4.2,11.2,3.3,5.6,28.400000000000002,60136.0,31.8
36081009400,Census Tract 94; Queens County; New York,13.5,13.6,6.3,23.5,39.8,26494.0,50.1
36081009500,Census Tract 95; Queens County; New York,3.8,4.3,3.8,7.7,29.8,52011.0,31.7
36081009600,Census Tract 96; Queens County; New York,19.3,8.5,8.8,24.5,42.9,37259.0,53.4
36081009700,Census Tract 97; Queens County; New York,5.9,6.7,7.2,7.3,29.5,65707.0,33.9
36081009800,Census Tract 98; Queens County; New York,4.2,16.7,12.6,42.400000000000006,33.0,26320.0,52.5
36081009900,Census Tract 99; Queens County; New York,,,,0.0,0.0,,0.0
36081010000,Census Tract 100; Queens County; New York,3.7,0.1,3.1,17.200000000000003,42.1,39609.0,37.1
36081010100,Census Tract 101; Queens County; New York,0.0,0.0,3.8,13.0,30.1,54903.0,29.7
36081010200,Census Tract 102; Queens County; New York,6.2,11.9,3.3,23.5,26.8,33070.0,39.9
36081010300,Census Tract 103; Queens County; New York,7.5,8.7,14.6,12.5,34.7,43774.0,44.1
36081010400,Census Tract 104; Queens County; New York,8.1,6.6,14.1,27.700000000000003,33.2,28729.0,48.6
36081010500,Census Tract 105; Queens County; New York,9.3,13.3,11.6,12.3,35.7,32942.0,45.9
36081010600,Census Tract 106; Queens County; New York,10.3,11.0,3.8,24.2,42.7,26187.0,47.2
36081010701,Census Tract 107.01; Queens County; New York,,,,0.0,0.0,,0.0
36081010800,Census Tract 108; Queens County; New York,1.4,8.9,11.3,25.7,26.7,28470.0,41.7
36081011000,Census Tract 110; Queens County; New York,9.2,12.4,13.5,40.5,30.5,25865.0,53.4
36081011100,Census Tract 111; Queens County; New York,0.9,8.6,9.1,11.0,34.1,46116.0,36.7
36081011200,Census Tract 112; Queens County; New York,6.6,11.0,4.9,32.7,39.0,31622.0,46.6
36081011300,Census Tract 113; Queens County; New York,3.8,2.1,6.5,10.5,18.5,51695.0,30.3
36081011400,Census Tract 114; Queens County; New York,6.3,13.4,3.6,28.5,38.6,39366.0,44.5
36081011500,Census Tract 115; Queens County; New York,6.2,6.0,4.0,12.3,26.7,55376.0,33.7
36081011600,Census Tract 116; Queens County; New York,11.6,10.6,6.9,23.5,29.200000000000003,26443.0,45.7
36081011700,Census Tract 117; Queens County; New York,2.9,14.6,4.8,7.7,20.4,60480.0,31.2
36081011800,Census Tract 118; Queens County; New York,9.3,5.3,4.0,25.8,23.2,33234.0,39.8
36081011900,Census Tract 119; Queens County; New York,6.3,9.7,5.0,12.2,23.9,44683.0,35.4
36081012000,Census Tract 120; Queens County; New York,10.4,6.5,4.6,35.0,33.8,28828.0,46.8
36081012100,Census Tract 121; Queens County; New York,3.1,3.7,8.5,14.5,33.400000000000006,52142.0,36.5
36081012200,Census Tract 122; Queens County; New York,16.6,10.5,3.9,36.8,37.599999999999994,27303.0,52.5
36081012301,Census Tract 123.01; Queens County; New York,6.9,4.0,8.8,8.2,30.700000000000003,59850.0,35.7
36081012400,Census Tract 124; Queens County; New York,7.5,3.5,5.1,27.1,34.8,28830.0,42.8
36081012500,Census Tract 125; Queens County; New York,1.0,0.6,3.8,7.0,26.2,51781.0,28.0
36081012601,Census Tract 126.01; Queens County; New York,5.3,5.6,4.2,20.1,36.1,26179.0,40.4
36081012602,Census Tract 126.02; Queens County; New York,3.3,9.3,4.9,12.399999999999999,34.4,35820.0,37.3
36081012800,Census Tract 128; Queens County; New York,3.5,8.5,2.3,15.3,43.1,35470.0,38.9
36081013000,Census Tract 130; Queens County; New York,9.8,1.7,11.9,8.9,38.2,44140.0,42.0
36081013200,Census Tract 132; Queens County; New York,3.2,14.8,7.0,10.5,32.900000000000006,91479.0,34.0
36081013400,Census Tract 134; Queens County; New York,5.1,6.3,7.8,22.1,39.7,47634.0,42.0
36081013500,Census Tract 135; Queens County; New York,0.0,4.1,3.6,14.5,39.9,63907.0,32.9
36081013600,Census Tract 136; Queens County; New York,4.3,5.9,7.8,9.6,38.0,60530.0,36.5
36081013700,Census Tract 137; Queens County; New York,1.3,1.3,9.2,6.199999999999999,24.5,58813.0,30.0
36081013800,Census Tract 138; Queens County; New York,5.3,8.8,6.5,9.5,33.6,41929.0,37.6
36081014000,Census Tract 140; Queens County; New York,3.1,9.4,3.2,6.699999999999999,39.1,44818.0,35.2
36081014100,Census Tract 141; Queens County; New York,3.5,5.9,7.2,12.6,17.7,58817.0,31.2
36081014201,Census Tract 142.01; Queens County; New York,6.2,9.3,6.7,20.6,31.200000000000003,25622.0,42.1
36081014202,Census Tract 142.02; Queens County; New York,10.9,10.6,12.9,30.299999999999997,42.7,21189.0,54.5
36081014300,Census Tract 143; Queens County; New York,7.0,9.5,11.9,9.0,31.6,42159.0,41.0
36081014400,Census Tract 144; Queens County; New York,9.2,6.6,3.0,26.5,52.400000000000006,26303.0,48.2
36081014500,Census Tract 145; Queens County; New York,2.0,9.1,5.7,11.9,26.1,41304.0,34.1
36081014700,Census Tract 147; Queens County; New York,3.5,1.2,9.0,11.2,27.5,46584.0,34.3
36081014800,Census Tract 148; Queens County; New York,10.6,8.5,5.3,22.3,24.5,28031.0,42.0
36081014900,Census Tract 149; Queens County; New York,0.0,5.9,10.5,9.5,17.0,36122.0,32.1
36081015000,Census Tract 150; Queens County; New York,2.2,5.7,7.9,29.700000000000003,31.700000000000003,34885.0,41.3
36081015100,Census Tract 151; Queens County; New York,4.0,2.2,6.0,9.6,21.9,62449.0,29.9
36081015200,Census Tract 152; Queens County; New York,9.4,8.6,7.2,36.5,42.0,29213.0,50.8
36081015300,Census Tract 153; Queens County; New York,1.8,6.4,6.7,9.0,21.1,46322.0,31.2
36081015400,Census Tract 154; Queens County; New York,8.6,6.4,6.4,15.899999999999999,26.0,31646.0,39.3
36081015500,Census Tract 155; Queens County; New York,2.3,4.3,7.6,13.200000000000001,18.1,61343.0,30.4
36081015600,Census Tract 156; Queens County; New York,11.0,7.9,8.8,16.4,31.0,30325.0,43.9
36081015700,Census Tract 157; Queens County; New York,1.5,11.8,10.3,14.2,17.9,49220.0,34.7
36081015801,Census Tract 158.01; Queens County; New York,5.0,6.2,10.7,22.6,31.3,32606.0,42.7
36081015802,Census Tract 158.02; Queens County; New York,7.4,2.1,9.2,26.2,38.3,31852.0,45.0
36081015900,Census Tract 159; Queens County; New York,1.8,10.1,10.3,8.9,24.1,49520.0,34.7
36081016100,Census Tract 161; Queens County; New York,13.9,5.5,9.6,15.7,32.6,38454.0,44.8
36081016300,Census Tract 163; Queens County; New York,3.6,19.4,14.5,23.9,37.0,26727.0,50.0
36081016400,Census Tract 164; Queens County; New York,7.4,8.4,8.7,22.7,35.6,33288.0,44.7
36081016600,Census Tract 166; Queens County; New York,2.8,6.8,3.2,22.9,29.0,25683.0,37.6
36081016800,Census Tract 168; Queens County; New York,11.8,13.6,12.7,25.1,28.8,33508.0,49.5
36081016900,Census Tract 169; Queens County; New York,2.4,5.3,8.6,8.6,30.7,48647.0,34.6
36081017000,Census Tract 170; Queens County; New York,1.9,14.5,8.9,25.5,30.799999999999997,31202.0,43.0
36081017101,Census Tract 171.01; Queens County; New York,,,,0.0,0.0,,0.0
36081017102,Census Tract 171.02; Queens County; New York,0.0,,37.5,35.5,2.2,15350.0,55.9
36081017200,Census Tract 172; Queens County; New York,2.1,2.7,8.8,24.2,37.9,29939.0,41.6
36081017400,Census Tract 174; Queens County; New York,3.1,4.7,10.7,24.8,28.9,35290.0,41.0
36081017600,Census Tract 176; Queens County; New York,3.2,12.9,4.4,17.0,40.900000000000006,25989.0,41.8
36081017800,Census Tract 178; Queens County; New York,4.0,4.4,6.4,33.2,29.0,30667.0,41.7
36081017901,Census Tract 179.01; Queens County; New York,0.0,23.7,5.7,29.8,26.299999999999997,33608.0,42.4
36081017902,Census Tract 179.02; Queens County; New York,0.0,,0.0,52.6,0.0,,30.7
36081018000,Census Tract 180; Queens County; New York,11.0,16.3,13.8,14.0,41.6,25347.0,51.6
36081018101,Census Tract 181.01; Queens County; New York,5.1,6.7,11.3,9.2,23.7,42334.0,36.7
36081018102,Census Tract 181.02; Queens County; New York,5.8,3.3,4.6,7.800000000000001,28.299999999999997,49436.0,32.8
36081018200,Census Tract 182; Queens County; New York,5.3,9.3,4.0,17.6,38.1,35810.0,40.3
36081018300,Census Tract 183; Queens County; New York,5.5,10.4,1.0,5.7,33.6,44726.0,33.9
36081018401,Census Tract 184.01; Queens County; New York,0.7,18.9,9.5,22.400000000000002,33.5,28228.0,44.0
36081018402,Census Tract 184.02; Queens County; New York,15.3,9.1,8.4,13.7,31.3,27043.0,46.0
36081018501,Census Tract 185.01; Queens County; New York,1.4,7.6,5.0,9.9,31.5,49854.0,33.1
36081018502,Census Tract 185.02; Queens County; New York,6.2,3.6,1.3,10.7,26.8,59766.0,30.8
36081018600,Census Tract 186; Queens County; New York,8.3,9.4,9.1,14.7,28.0,29230.0,41.8
36081018700,Census Tract 187; Queens County; New York,5.9,11.3,5.7,14.0,29.4,37239.0,38.6
36081018800,Census Tract 188; Queens County; New York,12.9,4.6,4.9,20.9,32.6,39239.0,42.8
36081018900,Census Tract 189; Queens County; New York,8.6,3.1,17.5,10.3,34.900000000000006,35709.0,45.0
36081019000,Census Tract 190; Queens County; New York,4.3,6.9,13.6,16.9,30.7,34989.0,42.2
36081019200,Census Tract 192; Queens County; New York,4.4,2.0,7.0,10.399999999999999,35.8,39008.0,36.6
36081019400,Census Tract 194; Queens County; New York,6.9,7.8,13.5,16.700000000000003,35.9,33765.0,45.3
36081019600,Census Tract 196; Queens County; New York,21.2,22.7,11.6,16.4,33.400000000000006,27454.0,55.9
36081019800,Census Tract 198; Queens County; New York,7.5,6.1,16.0,21.7,26.799999999999997,32604.0,45.5
36081019901,Census Tract 199.01; Queens County; New York,0.0,9.5,8.3,30.9,7.4,29664.0,35.6
36081019902,Census Tract 199.02; Queens County; New York,0.0,,0.0,0.0,0.0,18711.0,18.8
36081019903,Census Tract 199.03; Queens County; New York,,,,0.0,0.0,,0.0
36081020200,Census Tract 202; Queens County; New York,10.6,4.9,15.3,15.200000000000001,40.7,32690.0,48.5
36081020400,Census Tract 204; Queens County; New York,12.6,6.2,6.5,35.3,34.0,24643.0,49.4
36081020500,Census Tract 205; Queens County; New York,4.4,4.2,8.3,17.2,38.7,26228.0,41.7
36081020600,Census Tract 206; Queens County; New York,2.5,9.4,9.9,27.8,31.7,29902.0,43.5
36081020800,Census Tract 208; Queens County; New York,6.5,4.6,16.5,29.3,35.8,31698.0,49.4
36081021200,Census Tract 212; Queens County; New York,13.7,18.5,6.6,45.8,36.3,28173.0,56.5
36081021400,Census Tract 214; Queens County; New York,10.6,13.6,21.4,17.5,33.0,31185.0,52.9
36081021601,Census Tract 216.01; Queens County; New York,2.8,3.1,5.3,4.3,25.4,68847.0,28.0
36081021602,Census Tract 216.02; Queens County; New York,10.9,12.6,1.8,31.200000000000003,56.8,25736.0,52.6
36081021603,Census Tract 216.03; Queens County; New York,,,,0.0,0.0,,0.0
36081021900,Census Tract 219; Queens County; New York,,,,0.0,0.0,,0.0
36081022001,Census Tract 220.01; Queens County; New York,3.9,9.6,8.1,5.5,33.3,42022.0,36.7
36081022002,Census Tract 220.02; Queens County; New York,4.4,5.7,10.8,8.7,35.1,47544.0,38.3
36081022900,Census Tract 229; Queens County; New York,,,,0.0,0.0,,0.0
36081023000,Census Tract 230; Queens County; New York,10.5,7.2,5.1,13.5,38.8,41162.0,41.8
36081023200,Census Tract 232; Queens County; New York,6.1,4.5,3.1,11.100000000000001,43.7,39472.0,38.4
36081023501,Census Tract 235.01; Queens County; New York,20.2,9.5,6.0,27.9,37.3,32128.0,52.5
36081023502,Census Tract 235.02; Queens County; New York,7.2,14.8,2.1,26.7,21.9,34292.0,40.0
36081023600,Census Tract 236; Queens County; New York,6.4,15.1,6.2,27.4,39.3,27110.0,47.4
36081023800,Census Tract 238; Queens County; New York,21.0,19.9,8.7,32.9,32.8,26005.0,57.9
36081024000,Census Tract 240; Queens County; New York,15.2,14.2,9.6,32.8,37.4,23736.0,55.1
36081024300,Census Tract 243; Queens County; New York,5.7,3.8,4.4,21.3,45.6,39286.0,42.0
36081024500,Census Tract 245; Queens County; New York,3.0,5.3,9.9,16.5,43.4,34775.0,42.4
36081024600,Census Tract 246; Queens County; New York,,,,0.0,0.0,,0.0
36081024700,Census Tract 247; Queens County; New York,12.9,12.6,5.4,17.5,30.7,27814.0,44.8
36081024900,Census Tract 249; Queens County; New York,11.0,9.2,5.3,14.8,37.8,31044.0,43.7
36081025100,Census Tract 251; Queens County; New York,8.5,5.9,2.9,13.2,31.0,46706.0,36.5
36081025301,Census Tract 253.01; Queens County; New York,3.6,11.9,7.8,8.6,34.2,39467.0,38.3
36081025302,Census Tract 253.02; Queens County; New York,10.6,6.7,7.3,24.700000000000003,31.1,35261.0,44.4
36081025401,Census Tract 254.01; Queens County; New York,13.1,3.1,22.4,15.3,34.6,25620.0,52.3
36081025402,Census Tract 254.02; Queens County; New York,6.0,17.1,13.3,26.200000000000003,45.0,19545.0,53.4
36081025500,Census Tract 255; Queens County; New York,6.2,8.9,4.0,20.0,37.0,37015.0,40.9
36081025700,Census Tract 257; Queens County; New York,9.6,17.5,2.0,27.0,40.8,34664.0,47.1
36081025800,Census Tract 258; Queens County; New York,4.5,10.8,18.5,22.200000000000003,33.4,25788.0,49.0
36081025900,Census Tract 259; Queens County; New York,12.6,5.4,2.9,19.200000000000003,28.700000000000003,35004.0,40.6
36081026000,Census Tract 260; Queens County; New York,21.2,6.1,16.3,21.1,36.6,21765.0,56.7
36081026100,Census Tract 261; Queens County; New York,14.3,6.1,6.2,22.900000000000002,34.7,26446.0,46.9
36081026200,Census Tract 262; Queens County; New York,14.6,21.0,14.0,18.6,37.3,25816.0,54.9
36081026300,Census Tract 263; Queens County; New York,7.6,0.1,2.3,19.3,28.900000000000002,90188.0,31.3
36081026400,Census Tract 264; Queens County; New York,1.8,2.0,5.0,23.9,40.3,30015.0,39.7
36081026501,Census Tract 265.01; Queens County; New York,11.6,15.6,3.5,14.0,29.4,28798.0,42.5
36081026502,Census Tract 265.02; Queens County; New York,30.9,5.4,3.6,6.4,33.6,29213.0,49.5
36081026600,Census Tract 266; Queens County; New York,7.9,18.4,11.8,23.3,48.9,27639.0,53.6
36081026700,Census Tract 267; Queens County; New York,4.4,9.1,6.7,13.5,32.7,30959.0,39.1
36081026901,Census Tract 269.01; Queens County; New York,14.8,11.0,5.8,25.5,37.8,24200.0,50.0
36081026902,Census Tract 269.02; Queens County; New York,13.9,11.6,7.4,30.799999999999997,31.1,30641.0,49.6
36081027000,Census Tract 270; Queens County; New York,9.7,0.4,23.9,28.5,33.4,26369.0,53.6
36081027101,Census Tract 271.01; Queens County; New York,5.0,1.7,11.2,16.5,41.9,27891.0,43.4
36081027102,Census Tract 271.02; Queens County; New York,12.3,5.0,9.1,37.8,31.200000000000003,24686.0,50.3
36081027200,Census Tract 272; Queens County; New York,7.0,8.0,5.7,25.3,29.9,27611.0,42.4
36081027301,Census Tract 273.01; Queens County; New York,22.4,18.4,16.9,30.400000000000002,30.099999999999998,30974.0,60.9
36081027302,Census Tract 273.02; Queens County; New York,12.2,18.3,8.1,17.1,37.2,25538.0,49.3
36081027400,Census Tract 274; Queens County; New York,5.7,23.8,10.1,13.4,37.9,25306.0,47.5
36081027500,Census Tract 275; Queens County; New York,14.0,21.7,5.8,29.7,30.9,26945.0,51.5
36081027600,Census Tract 276; Queens County; New York,12.8,8.3,8.4,32.9,39.8,36153.0,51.1
36081027701,Census Tract 277.01; Queens County; New York,23.5,9.6,7.6,22.7,30.400000000000002,28266.0,52.3
36081027702,Census Tract 277.02; Queens County; New York,8.5,2.2,1.3,19.4,35.5,39646.0,38.1
36081027800,Census Tract 278; Queens County; New York,4.4,25.4,7.7,16.8,36.3,25479.0,46.3
36081027900,Census Tract 279; Queens County; New York,12.2,4.2,11.7,26.0,33.2,34271.0,48.0
36081028000,Census Tract 280; Queens County; New York,2.5,6.7,10.8,13.5,31.2,29396.0,39.3
36081028100,Census Tract 281; Queens County; New York,4.0,8.3,10.6,13.899999999999999,32.3,42818.0,39.7
36081028200,Census Tract 282; Queens County; New York,7.4,5.6,9.9,9.2,38.4,25832.0,42.4
36081028300,Census Tract 283; Queens County; New York,7.6,6.1,9.2,13.7,31.5,39522.0,40.4
36081028400,Census Tract 284; Queens County; New York,3.0,0.0,12.1,11.600000000000001,41.0,37288.0,40.0
36081028500,Census Tract 285; Queens County; New York,9.3,10.8,9.9,9.3,38.0,59326.0,41.8
36081028700,Census Tract 287; Queens County; New York,5.0,16.6,7.5,11.7,42.0,49425.0,42.3
36081028801,Census Tract 288.01; Queens County; New York,2.5,6.3,25.9,15.5,38.5,49996.0,48.2
36081028802,Census Tract 288.02; Queens County; New York,15.7,5.1,11.6,14.899999999999999,40.3,28309.0,49.6
36081028803,Census Tract 288.03; Queens County; New York,,,,0.0,0.0,,0.0
36081028900,Census Tract 289; Queens County; New York,5.3,9.3,3.2,15.5,39.6,45795.0,38.8
36081029100,Census Tract 291; Queens County; New York,9.3,11.4,13.4,21.299999999999997,33.5,36990.0,47.8
36081029300,Census Tract 293; Queens County; New York,18.4,3.8,1.7,18.7,41.0,29371.0,46.4
36081029400,Census Tract 294; Queens County; New York,9.3,1.4,3.4,9.6,37.4,32561.0,38.0
36081029500,Census Tract 295; Queens County; New York,2.6,3.8,5.1,9.8,33.8,45328.0,33.8
36081029700,Census Tract 297; Queens County; New York,5.7,4.1,7.6,11.7,32.3,35999.0,37.9
36081029900,Census Tract 299; Queens County; New York,,,,0.0,0.0,,0.0
36081030600,Census Tract 306; Queens County; New York,5.5,1.3,6.0,14.700000000000001,35.900000000000006,35309.0,38.0
36081030903,Census Tract 309.03; Queens County; New York,9.6,5.5,7.5,19.2,32.8,36104.0,42.5
36081030904,Census Tract 309.04; Queens County; New York,5.4,8.9,6.2,28.8,38.8,34931.0,44.7
36081030905,Census Tract 309.05; Queens County; New York,6.4,6.9,9.9,26.0,35.4,30942.0,45.4
36081030906,Census Tract 309.06; Queens County; New York,3.8,10.8,7.9,19.7,31.700000000000003,36346.0,40.8
36081031700,Census Tract 317; Queens County; New York,2.5,12.9,9.4,17.4,34.6,39487.0,41.3
36081032000,Census Tract 320; Queens County; New York,2.9,10.3,19.3,14.7,27.9,27748.0,44.7
36081032700,Census Tract 327; Queens County; New York,14.2,10.8,21.5,21.1,39.7,26365.0,57.3
36081032800,Census Tract 328; Queens County; New York,8.1,7.1,8.7,15.100000000000001,40.2,36211.0,43.7
36081032900,Census Tract 329; Queens County; New York,5.9,7.8,12.8,11.7,34.599999999999994,24500.0,43.5
36081033000,Census Tract 330; Queens County; New York,3.0,9.0,8.2,5.7,37.5,36188.0,37.8
36081033100,Census Tract 331; Queens County; New York,,,,0.0,0.0,,0.0
36081033401,Census Tract 334.01; Queens County; New York,10.2,12.5,10.0,13.4,42.6,36818.0,47.1
36081033403,Census Tract 334.03; Queens County; New York,0.0,9.1,8.6,9.7,47.900000000000006,32105.0,40.7
36081033404,Census Tract 334.04; Queens County; New York,0.7,12.7,9.2,12.399999999999999,44.2,29865.0,42.3
36081033405,Census Tract 334.05; Queens County; New York,0.0,0.0,3.2,3.5,40.3,49493.0,30.0
36081033700,Census Tract 337; Queens County; New York,4.2,6.0,5.7,28.2,29.0,35634.0,40.1
36081033900,Census Tract 339; Queens County; New York,3.3,28.0,6.3,9.6,45.400000000000006,33831.0,45.5
36081034700,Census Tract 347; Queens County; New York,6.0,12.8,9.2,29.1,35.5,28197.0,47.5
36081035100,Census Tract 351; Queens County; New York,6.9,12.2,12.5,14.3,35.3,33511.0,45.1
36081035200,Census Tract 352; Queens County; New York,0.2,6.1,7.1,7.0,32.1,33827.0,34.0
36081035300,Census Tract 353; Queens County; New York,8.8,6.4,3.2,17.1,33.2,31909.0,39.9
36081035700,Census Tract 357; Queens County; New York,0.1,2.4,10.3,23.6,41.3,26032.0,42.3
36081035800,Census Tract 358; Queens County; New York,5.6,4.1,5.1,7.1000000000000005,34.5,38170.0,35.7
36081036100,Census Tract 361; Queens County; New York,8.4,1.8,3.8,22.299999999999997,31.6,28809.0,40.0
36081036300,Census Tract 363; Queens County; New York,12.3,8.4,8.1,25.0,27.3,29255.0,45.8
36081036500,Census Tract 365; Queens County; New York,9.2,16.5,1.2,32.2,30.0,21948.0,45.8
36081036600,Census Tract 366; Queens County; New York,2.6,2.4,1.4,14.7,33.0,35822.0,33.4
36081036700,Census Tract 367; Queens County; New York,4.9,22.6,8.9,15.799999999999999,36.8,24585.0,46.5
36081036800,Census Tract 368; Queens County; New York,0.0,7.0,6.2,11.7,31.700000000000003,40495.0,34.2
36081037100,Census Tract 371; Queens County; New York,7.0,5.0,1.4,24.2,35.1,33424.0,39.8
36081037300,Census Tract 373; Queens County; New York,11.4,9.6,6.1,27.2,39.9,21642.0,49.2
36081037501,Census Tract 375.01; Queens County; New York,43.3,23.8,4.1,34.5,34.7,17143.0,70.4
36081037502,Census Tract 375.02; Queens County; New York,17.3,10.9,3.6,40.1,41.5,24815.0,55.0
36081037600,Census Tract 376; Queens County; New York,3.2,6.6,4.1,8.9,36.9,37705.0,35.6
36081037700,Census Tract 377; Queens County; New York,22.7,8.7,2.7,44.699999999999996,36.199999999999996,19977.0,57.1
36081037900,Census Tract 379; Queens County; New York,16.3,16.0,2.3,37.3,34.1,23954.0,52.5
36081038100,Census Tract 381; Queens County; New York,15.4,9.5,0.4,38.4,30.2,24781.0,48.3
36081038301,Census Tract 383.01; Queens County; New York,,,,0.0,0.0,,0.0
36081038302,Census Tract 383.02; Queens County; New York,,,,0.0,0.0,,0.0
36081038400,Census Tract 384; Queens County; New York,3.8,4.4,4.9,15.0,35.8,35451.0,37.3
36081039400,Census Tract 394; Queens County; New York,6.1,14.5,6.6,8.4,32.9,31417.0,40.1
36081039800,Census Tract 398; Queens County; New York,10.0,3.3,2.3,6.0,32.2,42942.0,35.0
36081039901,Census Tract 399.01; Queens County; New York,25.8,0.0,2.7,28.8,38.8,23991.0,52.6
36081039902,Census Tract 399.02; Queens County; New York,14.7,17.5,2.4,31.700000000000003,35.5,18521.0,51.4
36081040000,Census Tract 400; Queens County; New York,2.6,2.7,8.9,6.800000000000001,29.9,37143.0,34.5
36081040101,Census Tract 401.01; Queens County; New York,5.5,14.1,3.4,43.6,32.1,22958.0,47.8
36081040102,Census Tract 401.02; Queens County; New York,19.2,15.0,5.9,40.2,31.4,21996.0,56.0
36081040200,Census Tract 402; Queens County; New York,0.8,6.9,2.0,9.5,32.1,39315.0,32.0
36081040301,Census Tract 403.01; Queens County; New York,18.1,15.2,6.5,45.0,29.0,19919.0,56.6
36081040302,Census Tract 403.02; Queens County; New York,27.8,13.8,4.7,35.7,30.799999999999997,23438.0,58.2
36081040400,Census Tract 404; Queens County; New York,5.4,7.4,4.3,9.0,34.8,38787.0,36.5
36081040501,Census Tract 405.01; Queens County; New York,0.5,0.0,2.0,31.6,16.5,36782.0,31.9
36081040502,Census Tract 405.02; Queens County; New York,12.1,5.7,6.6,26.6,29.1,27607.0,45.2
36081040701,Census Tract 407.01; Queens County; New York,19.8,14.0,7.1,45.2,42.8,23507.0,61.0
36081040702,Census Tract 407.02; Queens County; New York,16.5,11.7,3.5,42.300000000000004,39.5,23583.0,54.9
36081040901,Census Tract 409.01; Queens County; New York,29.2,10.9,2.4,54.2,30.4,21621.0,62.0
36081040902,Census Tract 409.02; Queens County; New York,32.5,9.2,2.6,50.0,32.7,21507.0,63.0
36081041100,Census Tract 411; Queens County; New York,7.3,13.7,2.5,50.6,26.2,22731.0,48.5
36081041300,Census Tract 413; Queens County; New York,18.2,15.4,4.5,45.099999999999994,34.599999999999994,20686.0,57.1
36081041400,Census Tract 414; Queens County; New York,0.9,13.8,17.7,25.5,35.6,35202.0,48.0
36081041500,Census Tract 415; Queens County; New York,23.8,9.3,4.2,44.0,30.5,28006.0,56.3
36081042400,Census Tract 424; Queens County; New York,8.8,2.2,3.5,7.1,39.0,40154.0,37.1
36081042600,Census Tract 426; Queens County; New York,,,19.2,28.799999999999997,55.8,18091.0,68.1
36081042700,Census Tract 427; Queens County; New York,6.2,22.2,3.5,35.0,30.200000000000003,27404.0,47.2
36081043200,Census Tract 432; Queens County; New York,2.6,9.5,9.3,11.5,37.6,38804.0,39.7
36081043400,Census Tract 434; Queens County; New York,1.8,7.6,8.6,14.0,37.9,34959.0,39.5
36081043701,Census Tract 437.01; Queens County; New York,13.7,14.9,9.7,30.400000000000002,38.6,24279.0,54.1
36081043702,Census Tract 437.02; Queens County; New York,9.2,9.1,4.5,25.6,49.900000000000006,23907.0,49.0
36081043900,Census Tract 439; Queens County; New York,10.7,17.2,17.5,47.3,36.5,26336.0,61.1
36081044000,Census Tract 440; Queens County; New York,1.5,7.8,13.4,18.299999999999997,36.400000000000006,24029.0,43.7
36081044301,Census Tract 443.01; Queens County; New York,8.3,14.9,18.9,35.8,47.7,18676.0,60.6
36081044302,Census Tract 443.02; Queens County; New York,11.0,14.4,6.4,33.2,32.5,27410.0,49.5
36081044400,Census Tract 444; Queens County; New York,11.4,14.3,14.2,31.0,33.7,24489.0,53.9
36081044601,Census Tract 446.01; Queens County; New York,3.7,11.2,3.8,31.0,40.7,24328.0,45.1
36081044602,Census Tract 446.02; Queens County; New York,6.5,18.6,17.3,23.299999999999997,36.3,19001.0,53.2
36081044800,Census Tract 448; Queens County; New York,15.7,13.4,4.9,21.099999999999998,36.2,30202.0,48.5
36081045000,Census Tract 450; Queens County; New York,6.3,4.0,11.3,16.1,31.7,34972.0,41.3
36081045200,Census Tract 452; Queens County; New York,7.4,10.4,4.0,16.0,50.2,21215.0,45.9
36081045400,Census Tract 454; Queens County; New York,13.5,11.4,6.6,18.5,34.900000000000006,26547.0,47.0
36081045500,Census Tract 455; Queens County; New York,8.3,18.1,8.9,13.100000000000001,35.1,30260.0,45.4
36081045600,Census Tract 456; Queens County; New York,4.4,6.1,17.6,5.3,44.599999999999994,27023.0,45.6
36081045700,Census Tract 457; Queens County; New York,15.4,5.5,0.5,26.2,35.400000000000006,31846.0,44.8
36081045800,Census Tract 458; Queens County; New York,15.1,4.1,8.0,14.100000000000001,39.1,47072.0,44.8
36081045900,Census Tract 459; Queens County; New York,12.6,3.7,1.8,28.200000000000003,37.2,30464.0,44.7
36081046000,Census Tract 460; Queens County; New York,13.1,9.4,9.2,21.9,37.8,32543.0,48.8
36081046100,Census Tract 461; Queens County; New York,14.8,4.5,7.7,25.0,32.7,25301.0,47.7
36081046200,Census Tract 462; Queens County; New York,4.0,2.6,7.6,29.3,35.0,22866.0,43.2
36081046300,Census Tract 463; Queens County; New York,21.8,11.3,4.1,38.199999999999996,37.7,21429.0,56.6
36081046400,Census Tract 464; Queens County; New York,5.9,2.5,11.9,14.200000000000001,33.5,40274.0,40.5
36081046500,Census Tract 465; Queens County; New York,19.6,14.8,1.7,51.3,32.6,21096.0,57.2
36081046600,Census Tract 466; Queens County; New York,16.3,15.3,9.5,11.6,38.2,26624.0,50.2
36081046700,Census Tract 467; Queens County; New York,13.1,5.3,2.2,23.9,38.7,22644.0,45.5
36081046800,Census Tract 468; Queens County; New York,6.6,9.8,4.4,26.4,43.5,30752.0,45.6
36081046901,Census Tract 469.01; Queens County; New York,19.0,5.4,6.0,29.9,34.6,21569.0,51.5
36081046902,Census Tract 469.02; Queens County; New York,14.7,13.5,6.3,30.4,31.0,25789.0,50.2
36081047000,Census Tract 470; Queens County; New York,23.1,31.2,7.1,21.0,41.1,27633.0,60.1
36081047100,Census Tract 471; Queens County; New York,10.5,7.3,3.4,26.200000000000003,42.900000000000006,25709.0,46.8
36081047200,Census Tract 472; Queens County; New York,3.8,4.0,5.5,7.4,39.1,55017.0,34.7
36081047300,Census Tract 473; Queens County; New York,15.1,1.1,5.7,15.2,35.599999999999994,36606.0,43.0
36081047500,Census Tract 475; Queens County; New York,10.1,9.1,9.7,13.7,30.3,34797.0,42.9
36081047600,Census Tract 476; Queens County; New York,0.0,5.6,11.1,8.4,34.3,63691.0,34.3
36081047801,Census Tract 478.01; Queens County; New York,0.2,17.0,17.1,10.6,40.0,41088.0,44.9
36081047802,Census Tract 478.02; Queens County; New York,5.7,7.8,19.0,32.6,36.6,35209.0,51.9
36081047900,Census Tract 479; Queens County; New York,15.5,9.3,6.4,19.9,29.0,31379.0,45.8
36081048000,Census Tract 480; Queens County; New York,5.6,4.1,7.8,17.6,36.5,29088.0,41.3
36081048100,Census Tract 481; Queens County; New York,8.4,17.3,3.6,36.5,33.4,23375.0,48.8
36081048200,Census Tract 482; Queens County; New York,6.3,5.8,11.6,13.6,35.7,31033.0,42.7
36081048301,Census Tract 483.01; Queens County; New York,8.5,19.8,6.4,27.1,26.6,35454.0,45.6
36081048302,Census Tract 483.02; Queens County; New York,21.8,7.2,12.6,19.2,32.0,32181.0,52.6
36081048400,Census Tract 484; Queens County; New York,3.4,8.1,10.8,16.6,39.3,30871.0,43.1
36081048500,Census Tract 485; Queens County; New York,11.9,6.5,7.3,19.7,34.0,32273.0,44.7
36081048900,Census Tract 489; Queens County; New York,11.5,13.3,3.5,20.2,30.9,25638.0,44.1
36081049201,Census Tract 492.01; Queens County; New York,7.5,1.7,3.6,10.9,37.9,33248.0,37.6
36081049202,Census Tract 492.02; Queens County; New York,6.0,0.2,5.3,13.3,43.1,30571.0,39.6
36081049301,Census Tract 493.01; Queens County; New York,6.6,13.7,9.8,37.3,42.4,30639.0,52.2
36081049302,Census Tract 493.02; Queens County; New York,11.3,10.6,15.0,15.3,42.2,29202.0,51.0
36081049500,Census Tract 495; Queens County; New York,5.0,6.9,3.9,14.2,34.4,40116.0,37.1
36081049600,Census Tract 496; Queens County; New York,2.5,6.1,7.0,13.5,26.8,42968.0,34.7
36081049700,Census Tract 497; Queens County; New York,6.2,1.0,9.6,18.9,35.6,33984.0,41.4
36081049900,Census Tract 499; Queens County; New York,14.9,5.5,5.2,26.3,29.0,29607.0,45.6
36081050000,Census Tract 500; Queens County; New York,12.1,2.2,5.1,12.0,34.2,31676.0,40.5
36081050201,Census Tract 502.01; Queens County; New York,3.4,5.7,4.9,17.0,31.299999999999997,31551.0,37.1
36081050202,Census Tract 502.02; Queens County; New York,0.5,13.1,14.2,14.8,37.3,32213.0,43.6
36081050400,Census Tract 504; Queens County; New York,10.0,9.7,3.6,10.9,39.5,35138.0,41.4
36081050500,Census Tract 505; Queens County; New York,5.2,4.6,3.7,15.3,33.5,37892.0,36.8
36081050600,Census Tract 506; Queens County; New York,2.8,9.2,1.5,15.0,27.6,47394.0,33.0
36081050700,Census Tract 507; Queens County; New York,2.7,4.0,4.5,8.0,33.0,42667.0,33.1
36081050800,Census Tract 508; Queens County; New York,5.2,8.8,10.4,11.4,37.5,31139.0,42.2
36081051000,Census Tract 510; Queens County; New York,0.0,9.6,3.1,16.0,42.8,30085.0,38.3
36081051100,Census Tract 511; Queens County; New York,9.2,7.6,5.4,17.299999999999997,32.7,40365.0,40.8
36081051200,Census Tract 512; Queens County; New York,1.8,4.0,7.7,15.3,30.799999999999997,37393.0,36.2
36081051300,Census Tract 513; Queens County; New York,3.2,10.4,8.8,18.4,32.2,39203.0,40.4
36081051500,Census Tract 515; Queens County; New York,0.0,2.1,6.0,11.6,41.2,42524.0,35.2
36081051600,Census Tract 516; Queens County; New York,1.8,5.6,11.4,15.100000000000001,34.8,34491.0,39.9
36081051700,Census Tract 517; Queens County; New York,0.9,1.9,1.1,10.7,25.6,47307.0,28.0
36081051800,Census Tract 518; Queens County; New York,6.8,8.4,2.5,9.7,29.799999999999997,37833.0,35.5
36081052000,Census Tract 520; Queens County; New York,1.1,3.7,20.4,13.0,34.2,31917.0,43.5
36081052100,Census Tract 521; Queens County; New York,3.6,6.7,2.8,8.9,32.1,41764.0,33.5
36081052200,Census Tract 522; Queens County; New York,7.0,16.8,19.8,8.8,33.9,27315.0,49.1
36081052400,Census Tract 524; Queens County; New York,2.2,6.4,4.5,13.700000000000001,34.2,33264.0,36.2
36081052500,Census Tract 525; Queens County; New York,3.7,7.8,7.0,14.200000000000001,33.1,36061.0,38.3
36081052600,Census Tract 526; Queens County; New York,9.6,2.0,1.4,15.399999999999999,30.7,39235.0,36.4
36081052800,Census Tract 528; Queens County; New York,4.3,6.5,5.5,14.0,32.7,46748.0,36.4
36081053000,Census Tract 530; Queens County; New York,12.5,3.5,3.5,11.5,32.400000000000006,35694.0,39.2
36081053100,Census Tract 531; Queens County; New York,2.2,4.4,13.2,9.8,26.1,38409.0,36.7
36081053200,Census Tract 532; Queens County; New York,6.0,3.6,2.5,11.0,37.0,31115.0,36.7
36081053401,Census Tract 534.01; Queens County; New York,3.7,0.0,3.2,13.3,38.0,39730.0,34.9
36081053501,Census Tract 535.01; Queens County; New York,5.3,7.3,3.6,19.4,27.9,37030.0,37.1
36081053502,Census Tract 535.02; Queens County; New York,,,,0.0,0.0,,0.0
36081053601,Census Tract 536.01; Queens County; New York,0.0,0.0,5.0,13.4,46.3,35337.0,36.5
36081053800,Census Tract 538; Queens County; New York,0.9,9.1,14.3,15.8,41.5,32539.0,44.1
36081053901,Census Tract 539.01; Queens County; New York,8.9,5.8,6.4,18.0,27.299999999999997,39556.0,39.5
36081053902,Census Tract 539.02; Queens County; New York,0.0,0.0,25.9,0.0,25.7,43263.0,38.1
36081054000,Census Tract 540; Queens County; New York,5.2,11.7,7.2,21.5,33.7,30268.0,43.0
36081054200,Census Tract 542; Queens County; New York,4.5,8.9,6.5,22.9,45.3,30817.0,44.9
36081054500,Census Tract 545; Queens County; New York,7.7,3.7,8.3,17.9,29.5,31902.0,40.5
36081054700,Census Tract 547; Queens County; New York,13.7,4.1,4.5,25.6,27.4,39147.0,42.7
36081054800,Census Tract 548; Queens County; New York,2.5,5.2,6.1,21.6,41.4,33951.0,40.9
36081054900,Census Tract 549; Queens County; New York,5.4,14.6,5.3,26.9,31.700000000000003,29070.0,43.8
36081055100,Census Tract 551; Queens County; New York,9.0,8.4,4.8,15.399999999999999,30.2,34899.0,39.9
36081055200,Census Tract 552; Queens County; New York,2.8,4.6,9.1,20.799999999999997,40.0,36524.0,41.7
36081055300,Census Tract 553; Queens County; New York,6.5,8.2,8.4,18.0,23.599999999999998,39990.0,38.9
36081055400,Census Tract 554; Queens County; New York,14.8,3.7,9.9,14.399999999999999,28.0,27287.0,44.4
36081055500,Census Tract 555; Queens County; New York,0.8,9.2,3.9,24.9,33.1,32071.0,38.6
36081055600,Census Tract 556; Queens County; New York,0.0,9.5,6.2,14.5,40.4,38371.0,38.2
36081055700,Census Tract 557; Queens County; New York,6.1,3.0,7.6,13.9,26.6,34035.0,37.0
36081055800,Census Tract 558; Queens County; New York,4.0,8.8,9.5,20.4,35.4,43268.0,41.8
36081055900,Census Tract 559; Queens County; New York,12.7,22.3,2.0,22.2,33.2,31595.0,47.0
36081056000,Census Tract 560; Queens County; New York,6.8,4.7,0.0,19.9,41.4,32547.0,39.5
36081056100,Census Tract 561; Queens County; New York,0.0,0.0,0.0,0.0,38.9,46372.0,27.2
36081056200,Census Tract 562; Queens County; New York,1.0,0.6,8.2,13.3,41.0,39937.0,37.1
36081056400,Census Tract 564; Queens County; New York,4.6,6.8,17.8,23.8,33.8,40824.0,46.8
36081056500,Census Tract 565; Queens County; New York,1.3,0.8,5.5,10.9,24.799999999999997,46836.0,30.2
36081056600,Census Tract 566; Queens County; New York,2.4,30.9,11.7,5.9,47.0,31744.0,48.3
36081056700,Census Tract 567; Queens County; New York,2.5,4.8,4.9,21.4,31.200000000000003,45180.0,36.3
36081056800,Census Tract 568; Queens County; New York,0.8,3.1,13.8,12.7,30.9,40097.0,37.8
36081057700,Census Tract 577; Queens County; New York,5.0,6.3,5.9,21.5,33.5,36916.0,40.0
36081057900,Census Tract 579; Queens County; New York,6.1,7.9,7.5,15.5,33.8,37030.0,40.4
36081058000,Census Tract 580; Queens County; New York,8.2,1.4,10.7,8.9,33.4,38727.0,39.5
36081058100,Census Tract 581; Queens County; New York,1.0,1.7,5.0,8.200000000000001,30.5,43075.0,31.2
36081058200,Census Tract 582; Queens County; New York,3.2,3.0,11.0,17.9,38.8,39204.0,41.2
36081058300,Census Tract 583; Queens County; New York,2.4,6.5,4.5,10.6,33.2,43353.0,34.3
36081058500,Census Tract 585; Queens County; New York,1.9,11.8,8.2,7.8999999999999995,23.2,43851.0,34.0
36081058700,Census Tract 587; Queens County; New York,4.8,6.0,5.2,14.0,30.1,52609.0,35.2
36081058900,Census Tract 589; Queens County; New York,6.9,19.9,8.6,11.0,28.0,35364.0,42.1
36081059000,Census Tract 590; Queens County; New York,1.2,2.7,7.1,4.9,38.599999999999994,39140.0,34.4
36081059100,Census Tract 591; Queens County; New York,2.5,11.0,7.1,19.6,33.7,39510.0,39.9
36081059200,Census Tract 592; Queens County; New York,5.2,15.0,1.7,9.3,32.6,45205.0,36.0
36081059300,Census Tract 593; Queens County; New York,3.3,16.7,6.4,12.2,29.200000000000003,33688.0,38.8
36081059400,Census Tract 594; Queens County; New York,4.4,0.0,7.3,5.699999999999999,33.0,51639.0,33.1
36081059501,Census Tract 595.01; Queens County; New York,5.2,17.4,10.8,5.5,27.4,39249.0,39.7
36081059502,Census Tract 595.02; Queens County; New York,4.5,15.7,5.0,15.299999999999999,31.5,22978.0,40.8
36081059600,Census Tract 596; Queens County; New York,0.0,0.0,14.2,9.0,43.8,34677.0,39.8
36081059800,Census Tract 598; Queens County; New York,1.9,3.3,1.0,6.0,41.8,34977.0,33.1
36081059900,Census Tract 599; Queens County; New York,3.3,15.5,7.6,13.9,34.0,42195.0,40.1
36081060000,Census Tract 600; Queens County; New York,0.0,7.0,7.0,9.0,42.8,39606.0,37.0
36081060100,Census Tract 601; Queens County; New York,2.3,9.3,2.4,7.7,37.7,40668.0,34.6
36081060300,Census Tract 603; Queens County; New York,3.0,16.9,7.5,11.1,35.3,37795.0,40.3
36081060600,Census Tract 606; Queens County; New York,0.0,8.8,4.2,6.4,36.8,42798.0,33.4
36081060701,Census Tract 607.01; Queens County; New York,0.0,,0.0,0.0,0.0,,9.5
36081060800,Census Tract 608; Queens County; New York,2.9,3.8,2.8,6.1,34.400000000000006,38454.0,32.5
36081061000,Census Tract 610; Queens County; New York,9.6,5.3,5.5,4.6,27.3,48301.0,34.9
36081061200,Census Tract 612; Queens County; New York,0.0,0.0,9.3,4.9,37.4,38832.0,33.9
36081061301,Census Tract 613.01; Queens County; New York,5.2,9.6,13.6,17.5,28.9,32055.0,43.4
36081061302,Census Tract 613.02; Queens County; New York,,,,0.0,0.0,,0.0
36081061400,Census Tract 614; Queens County; New York,0.0,1.7,5.3,6.0,44.3,44880.0,33.8
36081061601,Census Tract 616.01; Queens County; New York,0.0,0.2,7.6,12.7,40.5,39377.0,35.9
36081061602,Census Tract 616.02; Queens County; New York,2.5,2.1,2.9,3.4000000000000004,35.5,45743.0,30.8
36081061800,Census Tract 618; Queens County; New York,1.3,0.0,5.2,13.2,35.6,45624.0,33.5
36081061900,Census Tract 619; Queens County; New York,0.9,18.4,5.6,19.0,39.4,34822.0,42.0
36081062000,Census Tract 620; Queens County; New York,0.0,0.0,3.6,6.3,41.2,54314.0,30.8
36081062100,Census Tract 621; Queens County; New York,2.2,4.4,1.4,24.1,38.9,37501.0,37.6
36081062200,Census Tract 622; Queens County; New York,2.6,3.9,4.4,7.8,39.7,51548.0,34.0
36081062300,Census Tract 623; Queens County; New York,1.4,17.8,4.3,12.0,36.1,40450.0,38.1
36081062400,Census Tract 624; Queens County; New York,,,,0.0,0.0,,0.0
36081062500,Census Tract 625; Queens County; New York,3.0,3.5,3.3,17.3,40.599999999999994,34397.0,37.8
36081062600,Census Tract 626; Queens County; New York,7.3,0.0,2.0,9.8,32.1,40346.0,33.7
36081062700,Census Tract 627; Queens County; New York,2.8,4.2,9.2,8.6,37.3,41769.0,37.2
36081062900,Census Tract 629; Queens County; New York,19.8,5.7,3.8,9.5,39.3,33323.0,45.6
36081063000,Census Tract 630; Queens County; New York,0.0,0.0,0.0,6.9,34.8,59858.0,26.8
36081063200,Census Tract 632; Queens County; New York,0.0,3.3,1.5,7.5,33.3,38446.0,30.1
36081063301,Census Tract 633.01; Queens County; New York,2.5,0.0,4.6,10.2,39.1,36074.0,34.8
36081063302,Census Tract 633.02; Queens County; New York,0.9,7.8,0.9,19.4,45.3,44083.0,37.5
36081063500,Census Tract 635; Queens County; New York,0.8,7.1,6.1,16.400000000000002,45.8,55273.0,38.4
36081063700,Census Tract 637; Queens County; New York,0.0,10.6,2.8,13.7,44.5,36650.0,37.7
36081063800,Census Tract 638; Queens County; New York,2.4,12.7,7.6,12.3,34.0,43867.0,38.3
36081063900,Census Tract 639; Queens County; New York,7.8,0.0,3.9,15.5,27.4,40951.0,35.2
36081064101,Census Tract 641.01; Queens County; New York,5.7,0.0,7.2,20.1,40.0,41425.0,40.4
36081064102,Census Tract 641.02; Queens County; New York,,,,0.0,0.0,,0.0
36081064500,Census Tract 645; Queens County; New York,4.7,20.1,8.8,2.9,40.5,49114.0,41.0
36081064600,Census Tract 646; Queens County; New York,1.7,2.3,6.4,5.699999999999999,36.8,42359.0,33.6
36081065000,Census Tract 650; Queens County; New York,6.9,3.8,4.5,6.7,43.0,53183.0,36.8
36081065401,Census Tract 654.01; Queens County; New York,6.1,9.4,5.8,9.0,37.2,35457.0,39.2
36081065402,Census Tract 654.02; Queens County; New York,,,,0.0,0.0,,0.0
36081065501,Census Tract 655.01; Queens County; New York,,,,0.0,0.0,,0.0
36081065600,Census Tract 656; Queens County; New York,1.5,2.0,8.5,9.5,34.6,45017.0,34.8
36081065702,Census Tract 657.02; Queens County; New York,0.0,0.0,3.6,10.8,34.6,47831.0,30.8
36081065703,Census Tract 657.03; Queens County; New York,4.8,3.9,3.7,23.799999999999997,58.5,36370.0,45.5
36081065900,Census Tract 659; Queens County; New York,1.0,6.2,4.7,10.5,34.7,46330.0,33.7
36081066000,Census Tract 660; Queens County; New York,0.0,3.9,11.8,11.4,35.0,38715.0,37.4
36081066100,Census Tract 661; Queens County; New York,0.0,1.1,2.8,14.899999999999999,44.4,49178.0,34.3
36081066301,Census Tract 663.01; Queens County; New York,1.1,1.1,9.8,8.6,44.7,47834.0,37.2
36081066302,Census Tract 663.02; Queens County; New York,,,,0.0,0.0,,0.0
36081066401,Census Tract 664.01; Queens County; New York,5.5,0.0,0.0,12.399999999999999,38.3,29757.0,34.9
36081066402,Census Tract 664.02; Queens County; New York,2.2,0.0,9.2,21.2,28.6,35236.0,37.3
36081066403,Census Tract 664.03; Queens County; New York,5.8,15.9,6.3,7.3999999999999995,42.9,36945.0,42.1
36081066404,Census Tract 664.04; Queens County; New York,,,,0.0,0.0,,0.0
36081066501,Census Tract 665.01; Queens County; New York,3.0,0.9,1.8,12.8,45.2,45360.0,35.3
36081066701,Census Tract 667.01; Queens County; New York,6.3,3.2,2.6,15.0,38.3,40267.0,37.4
36081066900,Census Tract 669; Queens County; New York,1.8,7.0,1.6,6.300000000000001,41.8,45076.0,33.6
36081067100,Census Tract 671; Queens County; New York,0.0,4.6,4.5,8.7,39.8,56027.0,32.7
36081067700,Census Tract 677; Queens County; New York,1.0,0.9,2.5,10.9,42.2,55899.0,32.4
36081067900,Census Tract 679; Queens County; New York,11.0,5.0,4.2,11.100000000000001,41.400000000000006,34507.0,41.6
36081068000,Census Tract 680; Queens County; New York,2.9,2.7,5.2,8.9,35.1,45502.0,33.8
36081068200,Census Tract 682; Queens County; New York,4.8,0.0,11.5,7.1,37.8,35331.0,38.7
36081068300,Census Tract 683; Queens County; New York,5.6,9.8,4.7,18.3,38.5,37092.0,41.1
36081068700,Census Tract 687; Queens County; New York,2.3,2.2,7.4,12.5,40.8,35521.0,38.0
36081069000,Census Tract 690; Queens County; New York,8.0,2.0,4.9,4.3,35.8,35820.0,36.1
36081069300,Census Tract 693; Queens County; New York,17.3,3.9,7.1,12.600000000000001,30.6,37721.0,43.6
36081069400,Census Tract 694; Queens County; New York,0.0,2.2,5.7,9.3,37.5,39269.0,33.7
36081069500,Census Tract 695; Queens County; New York,0.8,3.0,2.8,17.2,34.4,50669.0,33.0
36081069701,Census Tract 697.01; Queens County; New York,6.8,4.3,3.6,6.800000000000001,35.3,40242.0,35.5
36081069702,Census Tract 697.02; Queens County; New York,2.1,4.8,11.4,12.6,40.8,46536.0,39.8
36081070300,Census Tract 703; Queens County; New York,0.0,7.0,0.4,6.7,42.8,70464.0,30.1
36081070700,Census Tract 707; Queens County; New York,2.4,1.1,3.9,7.4,48.4,55065.0,34.8
36081070900,Census Tract 709; Queens County; New York,1.3,4.5,4.3,5.8,43.0,56245.0,33.3
36081071100,Census Tract 711; Queens County; New York,1.3,4.7,2.6,2.3,37.4,66132.0,29.1
36081071303,Census Tract 713.03; Queens County; New York,0.0,1.1,2.9,1.6,34.3,60970.0,27.0
36081071304,Census Tract 713.04; Queens County; New York,3.3,13.5,5.3,5.2,38.1,56946.0,35.8
36081071305,Census Tract 713.05; Queens County; New York,4.9,3.4,1.5,6.9,34.2,55032.0,31.5
36081071306,Census Tract 713.06; Queens County; New York,2.5,12.1,5.9,4.4,36.8,43575.0,36.0
36081071600,Census Tract 716; Queens County; New York,,,,0.0,0.0,,0.0
36081071701,Census Tract 717.01; Queens County; New York,7.8,21.6,2.7,8.7,43.3,41601.0,42.8
36081071702,Census Tract 717.02; Queens County; New York,6.0,8.4,5.2,9.9,29.3,52101.0,35.2
36081071900,Census Tract 719; Queens County; New York,16.4,14.0,8.6,5.2,38.5,24749.0,47.9
36081072100,Census Tract 721; Queens County; New York,8.3,4.4,0.5,12.100000000000001,43.9,46754.0,37.8
36081072300,Census Tract 723; Queens County; New York,1.7,2.4,9.4,4.0,43.8,149344.0,27.3
36081072900,Census Tract 729; Queens County; New York,1.3,7.0,0.6,3.7,34.900000000000006,65320.0,28.4
36081073100,Census Tract 731; Queens County; New York,1.7,4.4,4.7,5.8,38.8,71281.0,31.3
36081073700,Census Tract 737; Queens County; New York,2.5,1.9,7.6,1.4,40.5,72817.0,31.8
36081073900,Census Tract 739; Queens County; New York,1.0,1.6,5.8,3.9,37.9,69837.0,30.1
36081074100,Census Tract 741; Queens County; New York,1.2,4.2,6.2,8.0,35.3,63725.0,32.1
36081074300,Census Tract 743; Queens County; New York,1.3,5.6,5.3,9.4,32.1,47099.0,33.0
36081074500,Census Tract 745; Queens County; New York,2.6,18.5,4.6,13.2,40.599999999999994,36652.0,41.0
36081074700,Census Tract 747; Queens County; New York,4.2,5.7,8.2,20.1,42.599999999999994,45813.0,42.0
36081074900,Census Tract 749; Queens County; New York,0.0,2.3,1.6,1.5,47.3,103743.0,26.4
36081075701,Census Tract 757.01; Queens County; New York,0.0,4.0,1.7,5.4,38.5,83388.0,27.3
36081075702,Census Tract 757.02; Queens County; New York,2.8,4.0,3.9,4.6,43.5,77654.0,31.7
36081076901,Census Tract 769.01; Queens County; New York,1.3,1.5,8.8,9.1,35.0,73670.0,32.2
36081076902,Census Tract 769.02; Queens County; New York,7.5,1.4,1.0,2.5,32.400000000000006,59076.0,30.1
36081077300,Census Tract 773; Queens County; New York,3.1,6.8,6.4,3.6,32.9,68582.0,31.7
36081077500,Census Tract 775; Queens County; New York,5.5,6.3,1.3,5.2,36.1,65880.0,31.6
36081077902,Census Tract 779.02; Queens County; New York,0.0,22.3,2.2,3.2,47.2,48059.0,37.4
36081077903,Census Tract 779.03; Queens County; New York,4.3,5.7,4.3,11.6,34.7,38367.0,36.2
36081077904,Census Tract 779.04; Queens County; New York,9.1,3.4,2.4,14.1,41.2,44402.0,39.1
36081077905,Census Tract 779.05; Queens County; New York,1.0,7.5,10.2,6.9,32.5,44623.0,35.7
36081077906,Census Tract 779.06; Queens County; New York,0.9,8.9,5.9,7.6,39.599999999999994,37695.0,36.3
36081077907,Census Tract 779.07; Queens County; New York,4.5,12.9,11.0,16.599999999999998,49.4,30960.0,47.8
36081077908,Census Tract 779.08; Queens County; New York,8.9,24.3,11.0,17.3,24.700000000000003,35250.0,46.5
36081078800,Census Tract 788; Queens County; New York,7.5,2.3,5.2,7.1000000000000005,36.900000000000006,38454.0,36.9
36081079000,Census Tract 790; Queens County; New York,1.2,6.1,6.3,11.9,30.9,36347.0,34.9
36081079200,Census Tract 792; Queens County; New York,5.0,1.6,9.6,18.3,37.1,39975.0,40.6
36081079300,Census Tract 793; Queens County; New York,,,,0.0,0.0,,0.0
36081079701,Census Tract 797.01; Queens County; New York,4.4,13.7,5.0,29.2,41.3,27469.0,46.2
36081079702,Census Tract 797.02; Queens County; New York,5.5,39.2,3.7,33.9,37.099999999999994,28309.0,53.0
36081079900,Census Tract 799; Queens County; New York,8.7,29.6,9.1,33.1,39.6,25196.0,55.9
36081080301,Census Tract 803.01; Queens County; New York,6.3,13.0,1.5,27.6,31.599999999999998,26963.0,42.2
36081080302,Census Tract 803.02; Queens County; New York,16.6,1.0,3.9,18.7,42.2,32467.0,45.9
36081080900,Census Tract 809; Queens County; New York,10.1,8.0,7.7,12.0,45.8,30143.0,45.7
36081081400,Census Tract 814; Queens County; New York,10.8,12.5,8.5,15.4,30.400000000000002,32988.0,44.2
36081081800,Census Tract 818; Queens County; New York,8.1,10.7,8.2,21.9,34.6,33989.0,44.9
36081083700,Census Tract 837; Queens County; New York,4.6,12.2,5.5,28.5,42.4,31212.0,46.0
36081083800,Census Tract 838; Queens County; New York,4.4,4.1,8.1,17.200000000000003,29.400000000000002,35121.0,38.2
36081084000,Census Tract 840; Queens County; New York,4.7,6.6,15.5,20.1,29.299999999999997,32529.0,44.1
36081084500,Census Tract 845; Queens County; New York,8.4,20.5,10.4,27.5,46.4,25349.0,54.3
36081084601,Census Tract 846.01; Queens County; New York,2.1,1.8,11.3,24.6,35.8,35022.0,41.8
36081084602,Census Tract 846.02; Queens County; New York,15.6,0.0,15.6,11.9,30.5,18869.0,47.7
36081084901,Census Tract 849.01; Queens County; New York,0.0,12.7,8.0,41.5,23.6,23878.0,44.0
36081084902,Census Tract 849.02; Queens County; New York,10.3,27.6,14.8,30.3,25.799999999999997,25728.0,54.8
36081085300,Census Tract 853; Queens County; New York,6.0,10.7,9.3,27.7,39.8,32863.0,47.4
36081085500,Census Tract 855; Queens County; New York,5.6,11.4,6.3,37.8,43.4,27861.0,49.8
36081085700,Census Tract 857; Queens County; New York,11.6,13.3,6.4,35.1,33.400000000000006,30801.0,50.0
36081085900,Census Tract 859; Queens County; New York,4.4,19.9,9.2,23.6,33.6,32587.0,46.1
36081086100,Census Tract 861; Queens County; New York,12.2,22.2,5.3,41.9,46.3,22816.0,58.1
36081086300,Census Tract 863; Queens County; New York,17.7,16.9,1.3,31.9,35.0,22007.0,51.9
36081086400,Census Tract 864; Queens County; New York,4.4,9.6,7.7,20.0,30.5,35335.0,40.5
36081086500,Census Tract 865; Queens County; New York,3.0,17.5,5.2,24.299999999999997,31.5,41542.0,41.4
36081086900,Census Tract 869; Queens County; New York,7.6,11.3,5.6,26.4,23.3,37115.0,41.2
36081087100,Census Tract 871; Queens County; New York,2.2,26.1,3.9,23.0,36.1,38516.0,43.7
36081088400,Census Tract 884; Queens County; New York,1.3,2.9,5.0,14.7,47.8,44901.0,37.9
36081088902,Census Tract 889.02; Queens County; New York,3.2,15.9,2.0,29.5,36.6,32094.0,42.9
36081088903,Census Tract 889.03; Queens County; New York,3.7,21.5,3.0,23.0,42.7,27968.0,45.5
36081089201,Census Tract 892.01; Queens County; New York,0.0,5.1,13.9,9.5,46.2,64603.0,39.1
36081089202,Census Tract 892.02; Queens County; New York,,,,0.0,0.0,,0.0
36081090700,Census Tract 907; Queens County; New York,4.7,14.7,5.3,34.900000000000006,43.900000000000006,30103.0,48.8
36081091602,Census Tract 916.02; Queens County; New York,,,,0.0,0.0,,0.0
36081091603,Census Tract 916.03; Queens County; New York,1.6,2.1,3.4,6.7,41.3,63406.0,31.5
36081091604,Census Tract 916.04; Queens County; New York,,,,0.0,0.0,,0.0
36081091800,Census Tract 918; Queens County; New York,0.0,0.0,0.0,26.7,73.3,144560.0,35.1
36081091900,Census Tract 919; Queens County; New York,3.4,7.3,5.8,28.5,45.1,29153.0,45.1
36081092200,Census Tract 922; Queens County; New York,0.0,1.8,3.6,0.0,44.3,79759.0,28.2
36081092500,Census Tract 925; Queens County; New York,10.4,14.1,12.7,27.9,35.900000000000006,28201.0,52.0
36081092800,Census Tract 928; Queens County; New York,0.0,4.7,10.3,8.8,45.3,57791.0,37.2
36081092900,Census Tract 929; Queens County; New York,6.2,2.2,15.6,19.2,42.2,31626.0,47.1
36081093401,Census Tract 934.01; Queens County; New York,0.0,7.7,2.3,4.7,45.599999999999994,49000.0,33.4
36081093402,Census Tract 934.02; Queens County; New York,1.9,10.3,6.6,8.1,41.4,46819.0,37.5
36081093800,Census Tract 938; Queens County; New York,3.5,7.4,11.0,17.299999999999997,43.0,31493.0,44.2
36081093900,Census Tract 939; Queens County; New York,8.9,4.9,6.0,14.0,42.0,37323.0,42.1
36081094201,Census Tract 942.01; Queens County; New York,4.0,14.2,6.4,20.1,34.6,37228.0,41.8
36081094202,Census Tract 942.02; Queens County; New York,6.3,28.0,14.3,20.8,37.4,30735.0,52.6
36081094203,Census Tract 942.03; Queens County; New York,4.2,7.3,5.3,8.7,40.3,40249.0,37.7
36081094500,Census Tract 945; Queens County; New York,6.5,4.0,4.2,28.3,52.3,37306.0,46.2
36081094700,Census Tract 947; Queens County; New York,3.8,10.9,4.8,15.700000000000001,28.4,30557.0,37.6
36081095400,Census Tract 954; Queens County; New York,3.8,15.2,6.1,12.8,38.8,33046.0,41.3
36081096400,Census Tract 964; Queens County; New York,7.7,10.4,4.0,14.6,39.3,40737.0,41.0
36081097202,Census Tract 972.02; Queens County; New York,5.6,39.1,32.3,20.700000000000003,40.5,13000.0,67.4
36081097204,Census Tract 972.04; Queens County; New York,6.9,2.3,5.6,21.4,49.2,28439.0,44.8
36081097205,Census Tract 972.05; Queens County; New York,10.8,47.9,16.4,27.3,41.3,11245.0,66.1
36081097206,Census Tract 972.06; Queens County; New York,1.8,20.7,0.0,15.3,39.0,45055.0,38.1
36081097207,Census Tract 972.07; Queens County; New York,,,,0.0,0.0,,0.0
36081097300,Census Tract 973; Queens County; New York,2.0,2.2,4.5,13.8,44.599999999999994,60629.0,35.4
36081098100,Census Tract 981; Queens County; New York,3.3,10.3,7.9,18.6,37.0,45016.0,40.7
36081098700,Census Tract 987; Queens County; New York,1.6,7.5,5.0,21.0,40.2,58755.0,37.8
36081099100,Census Tract 991; Queens County; New York,0.6,6.9,4.2,13.4,53.199999999999996,64885.0,37.6
36081099200,Census Tract 992; Queens County; New York,10.1,33.4,11.0,17.5,40.1,22373.0,54.9
36081099701,Census Tract 997.01; Queens County; New York,0.7,3.3,4.2,11.2,44.6,53814.0,34.7
36081099703,Census Tract 997.03; Queens County; New York,0.6,2.8,5.4,6.6,46.5,58800.0,34.0
36081099704,Census Tract 997.04; Queens County; New York,2.1,4.8,5.6,10.0,47.800000000000004,65847.0,36.1
36081099705,Census Tract 997.05; Queens County; New York,0.0,7.5,6.0,18.0,29.900000000000002,58711.0,33.8
36081099801,Census Tract 998.01; Queens County; New York,5.8,9.3,10.8,20.9,38.1,30755.0,45.6
36081099802,Census Tract 998.02; Queens County; New York,2.6,14.1,10.1,13.8,47.900000000000006,38808.0,44.8
36081099900,Census Tract 999; Queens County; New York,,,,0.0,0.0,,0.0
36081100801,Census Tract 1008.01; Queens County; New York,4.2,6.4,3.4,16.7,42.9,39907.0,39.3
36081100803,Census Tract 1008.03; Queens County; New York,0.6,17.5,11.8,18.9,42.4,22258.0,46.9
36081100804,Census Tract 1008.04; Queens County; New York,3.1,5.4,11.9,11.6,40.7,35650.0,41.4
36081101002,Census Tract 1010.02; Queens County; New York,12.4,11.3,0.0,6.9,59.5,33763.0,45.7
36081101003,Census Tract 1010.03; Queens County; New York,11.4,13.1,5.3,27.299999999999997,46.2,25812.0,51.0
36081101004,Census Tract 1010.04; Queens County; New York,10.6,15.4,9.8,20.4,44.5,27760.0,51.2
36081101700,Census Tract 1017; Queens County; New York,1.6,2.2,7.6,12.8,45.7,42282.0,38.5
36081102900,Census Tract 1029; Queens County; New York,4.0,5.7,5.3,7.0,37.7,43169.0,35.7
36081103201,Census Tract 1032.01; Queens County; New York,11.1,26.6,16.2,31.4,38.5,19659.0,60.0
36081103202,Census Tract 1032.02; Queens County; New York,15.0,10.8,8.7,28.8,49.400000000000006,27343.0,55.4
36081103300,Census Tract 1033; Queens County; New York,2.3,6.5,9.7,17.7,43.6,41854.0,42.0
36081103900,Census Tract 1039; Queens County; New York,1.8,4.9,17.8,16.7,42.1,33986.0,45.7
36081104700,Census Tract 1047; Queens County; New York,4.5,6.5,2.3,20.5,32.5,39751.0,37.1
36081105900,Census Tract 1059; Queens County; New York,9.7,5.6,5.8,9.5,43.2,49204.0,40.7
36081107201,Census Tract 1072.01; Queens County; New York,1.4,3.4,5.1,11.6,36.8,54551.0,33.5
36081107202,Census Tract 1072.02; Queens County; New York,,,,0.0,0.0,,0.0
36081108500,Census Tract 1085; Queens County; New York,1.5,1.3,5.8,7.199999999999999,40.6,44936.0,34.1
36081109300,Census Tract 1093; Queens County; New York,1.0,10.5,1.5,17.9,42.1,59905.0,35.9
36081109700,Census Tract 1097; Queens County; New York,2.9,1.2,0.6,12.4,39.8,63069.0,31.6
36081109900,Census Tract 1099; Queens County; New York,3.4,4.0,10.4,10.5,39.900000000000006,44079.0,39.2
36081111300,Census Tract 1113; Queens County; New York,5.6,6.0,3.4,8.1,50.8,47862.0,39.1
36081112300,Census Tract 1123; Queens County; New York,7.1,8.3,2.0,7.7,36.8,47164.0,35.9
36081112900,Census Tract 1129; Queens County; New York,5.6,1.5,4.9,13.100000000000001,44.099999999999994,59055.0,37.2
36081113300,Census Tract 1133; Queens County; New York,0.5,2.8,3.4,8.7,34.3,53980.0,30.5
36081113900,Census Tract 1139; Queens County; New York,5.1,11.3,5.5,16.9,40.7,41735.0,41.5
36081114100,Census Tract 1141; Queens County; New York,0.3,1.8,3.8,6.1,45.7,51814.0,33.0
36081114700,Census Tract 1147; Queens County; New York,9.7,4.1,13.2,12.1,43.2,43373.0,45.6
36081115100,Census Tract 1151; Queens County; New York,6.0,3.3,4.8,15.899999999999999,46.6,47458.0,40.3
36081115500,Census Tract 1155; Queens County; New York,10.5,11.2,2.5,17.2,36.900000000000006,36022.0,42.4
36081115700,Census Tract 1157; Queens County; New York,4.5,14.6,10.4,10.5,35.400000000000006,30545.0,42.6
36081115900,Census Tract 1159; Queens County; New York,7.6,8.5,7.5,17.2,33.7,40654.0,41.5
36081116100,Census Tract 1161; Queens County; New York,5.5,28.8,8.2,22.4,35.1,23667.0,49.5
36081116301,Census Tract 1163.01; Queens County; New York,3.3,27.0,1.6,16.4,34.8,26227.0,42.3
36081116302,Census Tract 1163.02; Queens County; New York,12.0,20.5,10.0,42.3,45.5,24155.0,59.9
36081116700,Census Tract 1167; Queens County; New York,8.6,19.8,5.6,30.5,36.4,25747.0,49.7
36081117100,Census Tract 1171; Queens County; New York,2.0,9.5,8.2,16.700000000000003,31.2,40672.0,38.3
36081117500,Census Tract 1175; Queens County; New York,1.8,10.6,11.5,13.899999999999999,38.0,39007.0,41.5
36081118100,Census Tract 1181; Queens County; New York,7.4,9.5,1.7,13.3,34.4,42527.0,37.5
36081118500,Census Tract 1185; Queens County; New York,5.4,6.3,13.2,29.0,27.5,28948.0,45.3
36081118700,Census Tract 1187; Queens County; New York,11.7,7.9,8.5,25.799999999999997,41.5,28036.0,49.7
36081118900,Census Tract 1189; Queens County; New York,1.3,5.9,6.6,12.5,31.5,51802.0,34.0
36081119100,Census Tract 1191; Queens County; New York,1.0,14.7,8.0,25.299999999999997,33.4,30345.0,42.8
36081119300,Census Tract 1193; Queens County; New York,2.0,11.4,0.0,17.8,46.699999999999996,38247.0,39.0
36081119500,Census Tract 1195; Queens County; New York,2.9,0.0,7.1,20.6,31.7,39918.0,36.9
36081119900,Census Tract 1199; Queens County; New York,6.5,8.6,12.5,26.0,46.099999999999994,37420.0,49.7
36081120100,Census Tract 1201; Queens County; New York,8.2,15.0,4.9,29.1,30.700000000000003,28660.0,45.6
36081120300,Census Tract 1203; Queens County; New York,5.1,11.3,5.4,26.9,34.8,28300.0,43.7
36081120500,Census Tract 1205; Queens County; New York,8.5,22.4,4.4,19.6,57.5,26570.0,52.4
36081120701,Census Tract 1207.01; Queens County; New York,7.1,5.9,5.9,11.100000000000001,35.7,38263.0,38.8
36081120702,Census Tract 1207.02; Queens County; New York,,,,0.0,0.0,,0.0
36081121100,Census Tract 1211; Queens County; New York,,,,0.0,0.0,,0.0
36081121500,Census Tract 1215; Queens County; New York,6.2,7.3,6.3,23.6,40.1,37905.0,43.5
36081122300,Census Tract 1223; Queens County; New York,2.9,3.1,6.3,19.0,36.8,46021.0,37.7
36081122702,Census Tract 1227.02; Queens County; New York,3.6,34.5,4.6,27.2,42.8,23070.0,51.4
36081122703,Census Tract 1227.03; Queens County; New York,2.6,6.8,15.2,8.6,39.6,28278.0,42.9
36081122704,Census Tract 1227.04; Queens County; New York,0.0,5.0,6.8,15.3,34.2,35663.0,36.1
36081124100,Census Tract 1241; Queens County; New York,1.7,6.4,6.9,13.9,36.2,43969.0,36.9
36081124700,Census Tract 1247; Queens County; New York,4.6,2.5,1.2,10.8,44.7,45922.0,35.6
36081125700,Census Tract 1257; Queens County; New York,4.5,5.2,5.4,20.4,34.2,31745.0,39.6
36081126500,Census Tract 1265; Queens County; New York,4.4,0.0,2.9,7.2,35.6,47450.0,32.2
36081126700,Census Tract 1267; Queens County; New York,2.2,12.2,18.4,9.5,22.0,19384.0,42.1
36081127700,Census Tract 1277; Queens County; New York,0.0,2.6,3.1,5.3,38.599999999999994,84475.0,27.6
36081128300,Census Tract 1283; Queens County; New York,,,,0.0,0.0,,0.0
36081129102,Census Tract 1291.02; Queens County; New York,4.4,2.8,4.8,6.8,50.8,48775.0,37.9
36081129103,Census Tract 1291.03; Queens County; New York,0.7,8.3,5.3,9.9,43.400000000000006,46409.0,36.6
36081129104,Census Tract 1291.04; Queens County; New York,0.5,5.6,5.2,13.1,40.0,50558.0,35.3
36081130100,Census Tract 1301; Queens County; New York,0.6,7.5,5.5,12.7,49.400000000000006,42732.0,39.2
36081133300,Census Tract 1333; Queens County; New York,0.9,3.8,4.7,7.1,39.2,47858.0,33.2
36081133900,Census Tract 1339; Queens County; New York,0.5,5.5,4.0,6.0,52.5,47962.0,36.3
36081134100,Census Tract 1341; Queens County; New York,8.6,5.2,1.6,13.3,37.8,41045.0,38.0
36081134701,Census Tract 1347.01; Queens County; New York,5.1,14.9,2.5,12.9,39.8,36349.0,40.0
36081134702,Census Tract 1347.02; Queens County; New York,9.2,12.1,5.2,7.7,38.8,46883.0,40.4
36081136700,Census Tract 1367; Queens County; New York,3.9,4.0,2.3,13.4,42.6,42437.0,36.7
36081137700,Census Tract 1377; Queens County; New York,0.8,5.0,5.0,9.7,39.099999999999994,45744.0,34.5
36081138501,Census Tract 1385.01; Queens County; New York,10.0,8.8,5.5,10.3,39.900000000000006,42976.0,41.5
36081138502,Census Tract 1385.02; Queens County; New York,,,60.0,7.5,29.4,18061.0,82.2
36081139900,Census Tract 1399; Queens County; New York,1.1,8.4,7.4,12.1,36.4,53963.0,36.1
36081140300,Census Tract 1403; Queens County; New York,4.4,11.7,2.9,19.5,41.4,38737.0,41.0
36081140901,Census Tract 1409.01; Queens County; New York,1.3,1.4,0.0,19.8,41.0,40399.0,34.7
36081140902,Census Tract 1409.02; Queens County; New York,2.1,14.5,8.8,20.599999999999998,42.6,42136.0,44.0
36081141700,Census Tract 1417; Queens County; New York,2.5,18.2,5.8,17.2,38.5,34297.0,42.2
36081142900,Census Tract 1429; Queens County; New York,2.4,1.8,6.1,28.799999999999997,38.0,37227.0,40.7
36081143500,Census Tract 1435; Queens County; New York,3.5,1.8,6.1,12.4,37.5,42430.0,36.3
36081144100,Census Tract 1441; Queens County; New York,0.0,11.0,4.5,14.1,29.8,51144.0,33.6
36081144700,Census Tract 1447; Queens County; New York,6.4,4.4,5.5,20.2,35.3,34381.0,40.5
36081145101,Census Tract 1451.01; Queens County; New York,3.2,4.4,4.1,27.6,39.5,45327.0,40.1
36081145102,Census Tract 1451.02; Queens County; New York,5.6,6.2,0.9,26.700000000000003,47.599999999999994,39335.0,42.6
36081145900,Census Tract 1459; Queens County; New York,4.3,3.9,3.4,18.200000000000003,35.4,43999.0,36.7
36081146300,Census Tract 1463; Queens County; New York,6.2,5.3,5.8,20.4,49.6,38553.0,44.3
36081146700,Census Tract 1467; Queens County; New York,0.6,1.4,1.8,5.1,29.3,59655.0,26.5
36081147100,Census Tract 1471; Queens County; New York,0.0,10.4,8.7,9.399999999999999,35.8,49187.0,36.2
36081147900,Census Tract 1479; Queens County; New York,0.9,13.4,7.7,10.399999999999999,33.599999999999994,57062.0,36.0
36081148300,Census Tract 1483; Queens County; New York,2.6,9.0,3.5,12.399999999999999,55.900000000000006,65931.0,39.2
36081150701,Census Tract 1507.01; Queens County; New York,0.7,3.6,10.3,5.6,44.1,53146.0,36.5
36081150702,Census Tract 1507.02; Queens County; New York,0.6,1.4,3.1,17.5,46.5,53982.0,35.7
36081152901,Census Tract 1529.01; Queens County; New York,0.0,6.9,4.2,7.4,39.0,46498.0,33.4
36081152902,Census Tract 1529.02; Queens County; New York,0.5,0.1,5.7,6.0,42.7,57840.0,32.3
36081155101,Census Tract 1551.01; Queens County; New York,0.0,1.8,0.0,2.0,91.0,209343.0,28.1
36081155103,Census Tract 1551.03; Queens County; New York,0.5,3.3,6.8,3.3,37.6,58915.0,31.6
36081155104,Census Tract 1551.04; Queens County; New York,9.1,3.7,2.2,10.0,47.8,48935.0,39.3
36081156700,Census Tract 1567; Queens County; New York,0.0,16.4,13.2,31.4,29.5,20836.0,47.0
36081157101,Census Tract 1571.01; Queens County; New York,4.9,7.5,3.8,8.8,46.4,51032.0,38.0
36081157102,Census Tract 1571.02; Queens County; New York,8.4,2.7,3.7,16.0,44.9,37336.0,41.3
36081157901,Census Tract 1579.01; Queens County; New York,2.4,9.9,4.5,15.7,39.3,46881.0,38.0
36081157902,Census Tract 1579.02; Queens County; New York,5.3,4.7,6.4,19.5,54.599999999999994,34382.0,45.5
36081157903,Census Tract 1579.03; Queens County; New York,1.8,0.1,0.6,20.2,41.8,39340.0,35.4
36081161700,Census Tract 1617; Queens County; New York,6.6,3.3,6.7,12.100000000000001,36.7,45513.0,38.2
36081162100,Census Tract 1621; Queens County; New York,6.6,3.1,6.5,20.1,35.2,39956.0,40.2
36081990100,Census Tract 9901; Queens County; New York,,,,0.0,0.0,,0.0
36085000300,Census Tract 3; Richmond County; New York,1.9,12.1,4.9,7.800000000000001,26.700000000000003,55254.0,32.2
36085000600,Census Tract 6; Richmond County; New York,0.8,14.3,11.6,18.9,44.9,31860.0,45.8
36085000700,Census Tract 7; Richmond County; New York,6.4,19.2,9.0,18.299999999999997,36.1,33708.0,46.1
36085000800,Census Tract 8; Richmond County; New York,1.0,5.6,5.8,11.6,35.1,37928.0,35.3
36085000900,Census Tract 9; Richmond County; New York,7.3,5.0,7.2,12.0,29.700000000000003,51874.0,36.8
36085001100,Census Tract 11; Richmond County; New York,4.7,21.1,13.9,24.8,32.0,37618.0,48.6
36085001700,Census Tract 17; Richmond County; New York,1.0,1.2,7.8,10.5,31.9,43271.0,33.6
36085001800,Census Tract 18; Richmond County; New York,0.0,0.0,5.5,1.7,37.3,33200.0,31.4
36085002001,Census Tract 20.01; Richmond County; New York,2.1,1.5,12.7,8.4,37.300000000000004,53035.0,37.0
36085002002,Census Tract 20.02; Richmond County; New York,1.6,3.1,5.2,14.5,36.8,63181.0,33.6
36085002100,Census Tract 21; Richmond County; New York,3.5,25.5,3.1,13.8,33.8,32967.0,41.2
36085002700,Census Tract 27; Richmond County; New York,27.5,57.5,3.2,32.7,44.1,11938.0,72.8
36085002900,Census Tract 29; Richmond County; New York,5.9,31.3,6.7,30.5,35.2,21339.0,51.9
36085003300,Census Tract 33; Richmond County; New York,5.6,1.3,9.5,8.8,42.7,43869.0,39.5
36085003600,Census Tract 36; Richmond County; New York,11.0,7.6,10.2,16.0,38.4,36856.0,45.9
36085003900,Census Tract 39; Richmond County; New York,2.9,0.0,5.5,6.7,30.8,43465.0,31.7
36085004001,Census Tract 40.01; Richmond County; New York,1.4,1.0,11.0,6.6,31.1,29318.0,35.4
36085004002,Census Tract 40.02; Richmond County; New York,0.3,7.5,7.5,8.5,28.0,42150.0,33.2
36085004003,Census Tract 40.03; Richmond County; New York,2.9,31.5,12.2,25.5,34.5,17111.0,52.2
36085004004,Census Tract 40.04; Richmond County; New York,4.5,15.8,0.4,34.8,26.200000000000003,29894.0,41.5
36085004700,Census Tract 47; Richmond County; New York,5.2,0.0,2.4,6.6,27.1,43728.0,30.2
36085005000,Census Tract 50; Richmond County; New York,8.3,9.8,6.5,12.2,39.8,42728.0,41.8
36085005901,Census Tract 59.01; Richmond County; New York,4.7,1.4,11.9,3.3,30.299999999999997,43252.0,35.5
36085005902,Census Tract 59.02; Richmond County; New York,,,,0.0,0.0,,0.0
36085006400,Census Tract 64; Richmond County; New York,1.4,8.7,3.8,16.9,37.3,35716.0,37.5
36085006700,Census Tract 67; Richmond County; New York,2.1,5.5,0.8,0.7,31.7,65990.0,26.8
36085007001,Census Tract 70.01; Richmond County; New York,2.9,5.2,3.8,15.8,37.3,36446.0,37.0
36085007002,Census Tract 70.02; Richmond County; New York,3.6,9.8,4.3,18.5,38.2,36046.0,39.9
36085007400,Census Tract 74; Richmond County; New York,0.3,8.0,5.7,15.5,37.4,33731.0,37.5
36085007500,Census Tract 75; Richmond County; New York,12.6,11.3,1.4,13.0,39.7,36839.0,42.5
36085007700,Census Tract 77; Richmond County; New York,7.1,12.7,5.7,13.2,41.5,28555.0,43.5
36085008100,Census Tract 81; Richmond County; New York,8.2,10.0,8.0,21.5,42.0,38329.0,46.1
36085009601,Census Tract 96.01; Richmond County; New York,3.1,1.6,6.9,11.7,44.2,44521.0,37.9
36085009602,Census Tract 96.02; Richmond County; New York,3.8,1.8,2.8,10.7,30.299999999999997,49099.0,31.7
36085009701,Census Tract 97.01; Richmond County; New York,4.5,4.5,2.9,11.1,43.5,44359.0,36.9
36085009702,Census Tract 97.02; Richmond County; New York,0.0,0.0,0.0,0.0,45.2,54062.0,28.3
36085010500,Census Tract 105; Richmond County; New York,4.7,14.1,4.7,10.9,42.3,39833.0,40.6
36085011201,Census Tract 112.01; Richmond County; New York,3.6,3.7,9.1,18.7,35.6,41201.0,39.8
36085011203,Census Tract 112.03; Richmond County; New York,6.1,4.3,2.5,19.2,37.9,30018.0,39.4
36085011204,Census Tract 112.04; Richmond County; New York,0.0,0.0,0.0,0.0,33.7,26218.0,27.6
36085011401,Census Tract 114.01; Richmond County; New York,1.0,18.2,6.3,13.7,39.7,34835.0,41.0
36085011402,Census Tract 114.02; Richmond County; New York,0.9,2.5,5.2,18.9,40.7,42134.0,37.2
36085012100,Census Tract 121; Richmond County; New York,0.0,0.0,2.0,3.4,38.3,62307.0,27.7
36085012200,Census Tract 122; Richmond County; New York,1.6,5.9,4.7,8.399999999999999,49.599999999999994,44943.0,37.6
36085012500,Census Tract 125; Richmond County; New York,1.0,3.7,1.6,16.4,30.400000000000002,41559.0,32.2
36085012804,Census Tract 128.04; Richmond County; New York,3.9,7.3,1.5,19.200000000000003,30.9,41715.0,35.6
36085012805,Census Tract 128.05; Richmond County; New York,0.0,5.3,3.8,9.8,30.6,49132.0,30.9
36085012806,Census Tract 128.06; Richmond County; New York,4.9,9.6,2.6,11.6,36.8,32663.0,37.7
36085013201,Census Tract 132.01; Richmond County; New York,4.8,5.0,4.9,5.699999999999999,41.9,50171.0,35.9
36085013203,Census Tract 132.03; Richmond County; New York,4.0,3.6,5.6,8.0,37.5,45243.0,35.3
36085013204,Census Tract 132.04; Richmond County; New York,1.1,3.0,5.4,11.100000000000001,41.5,40616.0,35.8
36085013301,Census Tract 133.01; Richmond County; New York,0.8,41.9,13.4,35.3,41.6,17499.0,59.0
36085013302,Census Tract 133.02; Richmond County; New York,3.4,24.1,6.3,27.799999999999997,35.4,25526.0,47.4
36085013400,Census Tract 134; Richmond County; New York,3.7,15.6,10.1,10.5,45.1,35769.0,44.4
36085013800,Census Tract 138; Richmond County; New York,3.7,3.7,10.7,3.4,44.2,58398.0,37.4
36085014100,Census Tract 141; Richmond County; New York,4.4,16.0,11.1,13.2,40.2,39369.0,44.5
36085014604,Census Tract 146.04; Richmond County; New York,3.9,1.9,3.3,6.5,47.400000000000006,48611.0,35.6
36085014605,Census Tract 146.05; Richmond County; New York,0.7,4.7,10.7,2.7,34.2,49882.0,33.9
36085014606,Census Tract 146.06; Richmond County; New York,3.1,1.1,10.8,6.4,29.6,38794.0,35.0
36085014607,Census Tract 146.07; Richmond County; New York,2.7,8.1,2.7,3.6,38.2,53398.0,32.5
36085014608,Census Tract 146.08; Richmond County; New York,0.0,3.5,4.1,5.3,44.7,52212.0,32.9
36085014700,Census Tract 147; Richmond County; New York,0.0,0.0,1.4,3.9000000000000004,46.5,59004.0,30.0
36085015100,Census Tract 151; Richmond County; New York,3.0,0.0,6.1,10.100000000000001,35.2,45597.0,34.0
36085015400,Census Tract 154; Richmond County; New York,,,,0.0,0.0,,0.0
36085015601,Census Tract 156.01; Richmond County; New York,3.0,2.3,3.7,5.3,31.299999999999997,46268.0,30.9
36085015602,Census Tract 156.02; Richmond County; New York,0.5,9.0,6.7,4.0,41.4,46950.0,35.3
36085015603,Census Tract 156.03; Richmond County; New York,5.0,8.0,5.0,7.0,35.1,40685.0,36.2
36085016901,Census Tract 169.01; Richmond County; New York,1.6,0.2,6.5,23.5,39.4,46325.0,38.2
36085017005,Census Tract 170.05; Richmond County; New York,0.0,1.9,2.3,8.899999999999999,40.599999999999994,48196.0,31.7
36085017007,Census Tract 170.07; Richmond County; New York,1.7,8.0,2.6,5.1,39.3,37332.0,34.0
36085017009,Census Tract 170.09; Richmond County; New York,0.0,0.0,2.1,9.8,45.8,42476.0,33.2
36085017011,Census Tract 170.11; Richmond County; New York,2.6,7.1,2.6,8.299999999999999,36.8,45490.0,33.7
36085017012,Census Tract 170.12; Richmond County; New York,5.2,8.9,3.8,7.800000000000001,41.5,47707.0,37.3
36085017013,Census Tract 170.13; Richmond County; New York,0.5,1.3,3.4,13.399999999999999,40.4,45768.0,33.8
36085017014,Census Tract 170.14; Richmond County; New York,0.0,7.0,4.8,6.8,38.400000000000006,42438.0,33.8
36085017015,Census Tract 170.15; Richmond County; New York,5.1,1.7,0.0,4.9,39.8,49839.0,31.8
36085017016,Census Tract 170.16; Richmond County; New York,0.0,3.3,9.5,2.2,32.2,42695.0,32.4
36085017300,Census Tract 173; Richmond County; New York,2.0,12.0,7.9,21.5,41.0,34763.0,43.2
36085017600,Census Tract 176; Richmond County; New York,0.0,2.6,4.7,6.7,38.2,65266.0,30.5
36085017701,Census Tract 177.01; Richmond County; New York,2.7,0.6,0.9,8.3,46.7,97683.0,29.2
36085017702,Census Tract 177.02; Richmond County; New York,2.3,6.9,7.1,2.7,46.3,51186.0,36.5
36085018100,Census Tract 181; Richmond County; New York,0.0,10.9,6.8,6.6,51.5,52565.0,38.5
36085018701,Census Tract 187.01; Richmond County; New York,0.0,2.0,3.8,5.699999999999999,32.6,45552.0,29.8
36085018703,Census Tract 187.03; Richmond County; New York,12.5,5.1,3.3,7.5,52.3,33759.0,44.1
36085018704,Census Tract 187.04; Richmond County; New York,9.2,8.5,1.3,12.2,36.5,51097.0,37.5
36085018901,Census Tract 189.01; Richmond County; New York,1.0,0.1,2.6,6.1000000000000005,39.3,48695.0,30.8
36085018902,Census Tract 189.02; Richmond County; New York,12.7,13.9,12.8,4.2,47.8,34379.0,49.6
36085019700,Census Tract 197; Richmond County; New York,4.5,3.6,2.4,7.6,36.8,43489.0,33.7
36085019800,Census Tract 198; Richmond County; New York,0.0,9.3,0.6,4.1,31.8,57965.0,28.2
36085020100,Census Tract 201; Richmond County; New York,6.6,10.5,3.4,8.9,35.5,45946.0,37.1
36085020701,Census Tract 207.01; Richmond County; New York,15.6,6.9,3.1,18.5,26.6,26480.0,42.8
36085020702,Census Tract 207.02; Richmond County; New York,1.5,34.5,13.9,21.4,33.0,20894.0,51.3
36085020803,Census Tract 208.03; Richmond County; New York,2.1,11.3,6.2,6.3,47.2,54986.0,38.0
36085020804,Census Tract 208.04; Richmond County; New York,0.6,1.2,6.0,4.6,43.599999999999994,42851.0,34.0
36085020805,Census Tract 208.05; Richmond County; New York,0.0,4.3,5.6,9.3,40.9,45639.0,34.6
36085020806,Census Tract 208.06; Richmond County; New York,2.8,5.5,3.6,6.2,26.799999999999997,38312.0,31.3
36085021300,Census Tract 213; Richmond County; New York,4.3,13.3,12.6,10.5,36.5,28398.0,43.8
36085022300,Census Tract 223; Richmond County; New York,4.7,25.4,16.0,9.8,44.4,31870.0,50.8
36085022601,Census Tract 226.01; Richmond County; New York,5.8,0.6,2.7,10.5,39.6,49625.0,34.8
36085022602,Census Tract 226.02; Richmond County; New York,0.0,5.6,5.8,25.1,30.0,38489.0,36.9
36085022801,Census Tract 228.01; Richmond County; New York,0.0,0.0,0.0,0.0,0.0,99600.0,12.0
36085022802,Census Tract 228.02; Richmond County; New York,,,,0.0,0.0,,0.0
36085023100,Census Tract 231; Richmond County; New York,7.1,10.5,10.0,17.7,31.799999999999997,29027.0,43.8
36085023900,Census Tract 239; Richmond County; New York,7.8,6.7,6.0,23.1,38.8,30590.0,44.2
36085024401,Census Tract 244.01; Richmond County; New York,0.0,6.9,0.5,9.0,40.3,55979.0,31.3
36085024402,Census Tract 244.02; Richmond County; New York,0.0,0.6,1.7,8.1,37.9,51934.0,29.7
36085024700,Census Tract 247; Richmond County; New York,2.8,9.3,5.2,9.3,39.9,31416.0,38.2
36085024800,Census Tract 248; Richmond County; New York,0.6,6.0,0.8,6.2,36.2,49444.0,30.3
36085025100,Census Tract 251; Richmond County; New York,0.0,1.5,5.2,9.3,34.7,70758.0,29.7
36085027301,Census Tract 273.01; Richmond County; New York,5.0,6.1,2.0,6.5,36.400000000000006,48576.0,33.6
36085027302,Census Tract 273.02; Richmond County; New York,9.0,7.3,2.1,9.8,53.699999999999996,38653.0,42.6
36085027702,Census Tract 277.02; Richmond County; New York,1.0,10.3,7.2,6.8,36.7,43197.0,36.0
36085027704,Census Tract 277.04; Richmond County; New York,2.0,11.2,8.7,20.6,42.6,40274.0,43.2
36085027705,Census Tract 277.05; Richmond County; New York,10.1,4.8,3.9,14.100000000000001,38.7,41532.0,40.4
36085027706,Census Tract 277.06; Richmond County; New York,13.8,24.5,1.6,8.2,35.5,38789.0,44.3
36085027900,Census Tract 279; Richmond County; New York,0.6,10.2,9.1,6.8,60.3,56002.0,42.1
36085029102,Census Tract 291.02; Richmond County; New York,0.0,2.2,1.4,14.0,32.900000000000006,48892.0,30.5
36085029104,Census Tract 291.04; Richmond County; New York,0.7,2.3,5.6,12.9,38.7,39757.0,35.3
36085029105,Census Tract 291.05; Richmond County; New York,3.0,7.9,3.1,8.5,36.6,48754.0,34.2
36085029106,Census Tract 291.06; Richmond County; New York,3.8,10.5,9.7,7.9,38.5,42701.0,39.8
36085030301,Census Tract 303.01; Richmond County; New York,1.3,0.9,3.5,10.100000000000001,33.2,52849.0,30.7
36085030302,Census Tract 303.02; Richmond County; New York,4.8,10.1,6.7,8.2,31.6,37102.0,37.3
36085031901,Census Tract 319.01; Richmond County; New York,11.4,29.2,13.9,46.2,32.9,20922.0,62.0
36085031902,Census Tract 319.02; Richmond County; New York,2.0,26.8,2.4,20.4,41.0,30521.0,44.3
36085032300,Census Tract 323; Richmond County; New York,1.2,0.0,1.8,8.8,42.1,62376.0,30.7
36085990100,Census Tract 9901; Richmond County; New York,,,,0.0,0.0,,0.0
