Community Area,Year,Month,(NULL),ADMINISTRATIVE CODE,ALCOHOLIC BEVERAGE CONTROL LAW,ANTICIPATORY OFFENSES,ARSON,ASSAULT 3 & RELATED OFFENSES,BURGLAR'S TOOLS,BURGLARY,CANNABIS RELATED OFFENSES,CHILD ABANDONMENT/NON SUPPORT 1,CRIMINAL MISCHIEF & RELATED OF,CRIMINAL TRESPASS,DANGEROUS DRUGS,DANGEROUS WEAPONS,DISORDERLY CONDUCT,DISRUPTION OF A RELIGIOUS SERV,ESCAPE 3,FELONY ASSAULT,FORGERY,FORTUNE TELLING,FRAUDS,FRAUDULENT ACCOSTING,GAMBLING,GRAND LARCENY,GRAND LARCENY OF MOTOR VEHICLE,HARRASSMENT 2,"HOMICIDE-NEGLIGENT,UNCLASSIFIE",HOMICIDE-NEGLIGENT-VEHICLE,INTOXICATED & IMPAIRED DRIVING,INTOXICATED/IMPAIRED DRIVING,JOSTLING,KIDNAPPING & RELATED OFFENSES,LOITERING,"LOITERING/GAMBLING (CARDS, DIC",MISCELLANEOUS PENAL LAW,MURDER & NON-NEGL. MANSLAUGHTER,NEW YORK CITY HEALTH CODE,OFF. AGNST PUB ORD SENSBLTY &,OFFENSES AGAINST PUBLIC ADMINI,OFFENSES AGAINST PUBLIC SAFETY,OFFENSES AGAINST THE PERSON,OFFENSES INVOLVING FRAUD,OFFENSES RELATED TO CHILDREN,OTHER OFFENSES RELATED TO THEFT,OTHER STATE LAWS,OTHER STATE LAWS (NON PENAL LAW),PETIT LARCENY,PETIT LARCENY OF MOTOR VEHICLE,POSSESSION OF STOLEN PROPERTY,PROSTITUTION & RELATED OFFENSES,RAPE,ROBBERY,SEX CRIMES,THEFT-FRAUD,UNAUTHORIZED USE OF A VEHICLE,UNLAWFUL POSS. WEAP. ON SCHOOL,VEHICLE AND TRAFFIC LAWS
1,2024,1,0.0,0.0,0.0,0.0,0.0,0.0,0.0,0.0,0.0,0.0,0.0,0.0,0.0,0.0,0.0,0.0,0.0,0.0,0.0,0.0,0.0,0.0,0.0,0.0,0.0,0.0,0.0,0.0,0.0,0.0,0.0,0.0,0.0,0.0,0.0,0.0,0.0,2.0,0.0,0.0,0.0,0.0,0.0,0.0,0.0,0.0,2.0,0.0,0.0,0.0,1.0,0.0,0.0,0.0,1.0,0.0,0.0
1,2024,3,0.0,1.0,0.0,0.0,0.0,0.0,0.0,0.0,0.0,0.0,0.0,0.0,0.0,0.0,0.0,0.0,0.0,0.0,0.0,0.0,0.0,0.0,0.0,0.0,0.0,1.0,0.0,0.0,0.0,0.0,0.0,0.0,0.0,0.0,0.0,0.0,0.0,0.0,0.0,0.0,0.0,0.0,0.0,0.0,0.0,0.0,1.0,0.0,0.0,0.0,0.0,1.0,0.0,0.0,0.0,0.0,0.0
1,2024,4,0.0,0.0,0.0,0.0,0.0,0.0,0.0,0.0,0.0,0.0,0.0,0.0,0.0,0.0,0.0,0.0,0.0,0.0,0.0,0.0,0.0,0.0,0.0,1.0,0.0,0.0,0.0,0.0,0.0,0.0,0.0,0.0,0.0,0.0,0.0,0.0,0.0,0.0,0.0,0.0,0.0,0.0,0.0,1.0,0.0,0.0,0.0,0.0,0.0,0.0,0.0,0.0,0.0,0.0,0.0,0.0,0.0
1,2024,5,0.0,0.0,0.0,0.0,0.0,1.0,0.0,0.0,0.0,0.0,0.0,0.0,0.0,0.0,0.0,0.0,0.0,0.0,0.0,0.0,0.0,0.0,0.0,0.0,0.0,0.0,0.0,0.0,0.0,0.0,0.0,0.0,0.0,0.0,0.0,0.0,0.0,0.0,0.0,0.0,0.0,0.0,0.0,0.0,0.0,0.0,1.0,0.0,0.0,0.0,0.0,0.0,0.0,0.0,0.0,0.0,0.0
1,2024,6,0.0,0.0,0.0,0.0,0.0,0.0,0.0,0.0,0.0,0.0,0.0,0.0,0.0,0.0,0.0,0.0,0.0,0.0,0.0,0.0,0.0,0.0,0.0,3.0,0.0,0.0,0.0,0.0,0.0,0.0,0.0,0.0,0.0,0.0,0.0,0.0,0.0,1.0,0.0,0.0,0.0,0.0,0.0,0.0,0.0,0.0,0.0,0.0,0.0,0.0,0.0,0.0,0.0,0.0,0.0,0.0,0.0
1,2024,7,0.0,0.0,0.0,0.0,0.0,0.0,0.0,0.0,0.0,0.0,0.0,0.0,1.0,0.0,0.0,0.0,0.0,0.0,0.0,0.0,0.0,0.0,0.0,2.0,0.0,0.0,0.0,0.0,0.0,0.0,0.0,0.0,0.0,0.0,0.0,0.0,0.0,1.0,0.0,0.0,0.0,0.0,0.0,0.0,0.0,0.0,1.0,0.0,0.0,0.0,0.0,0.0,0.0,0.0,0.0,0.0,0.0
1,2024,8,0.0,0.0,0.0,0.0,0.0,1.0,0.0,0.0,0.0,0.0,1.0,0.0,0.0,0.0,0.0,0.0,0.0,0.0,0.0,0.0,1.0,0.0,0.0,2.0,0.0,0.0,0.0,0.0,0.0,0.0,0.0,0.0,0.0,0.0,1.0,0.0,0.0,2.0,0.0,0.0,0.0,0.0,0.0,0.0,0.0,0.0,1.0,0.0,0.0,0.0,0.0,0.0,0.0,0.0,0.0,0.0,0.0
1,2024,9,0.0,0.0,0.0,0.0,0.0,0.0,0.0,0.0,0.0,0.0,0.0,0.0,1.0,1.0,0.0,0.0,0.0,0.0,0.0,0.0,1.0,0.0,0.0,2.0,0.0,2.0,0.0,0.0,0.0,0.0,0.0,0.0,0.0,0.0,0.0,1.0,0.0,2.0,0.0,0.0,0.0,0.0,0.0,0.0,0.0,0.0,2.0,0.0,0.0,0.0,0.0,0.0,1.0,0.0,0.0,0.0,0.0
1,2024,10,0.0,0.0,0.0,0.0,0.0,0.0,0.0,0.0,0.0,0.0,0.0,0.0,0.0,0.0,0.0,0.0,0.0,0.0,0.0,0.0,0.0,0.0,0.0,2.0,0.0,3.0,0.0,0.0,0.0,0.0,0.0,0.0,0.0,0.0,2.0,0.0,0.0,1.0,0.0,0.0,0.0,0.0,0.0,0.0,0.0,0.0,0.0,0.0,0.0,0.0,0.0,0.0,0.0,0.0,0.0,0.0,0.0
1,2024,11,0.0,0.0,0.0,0.0,0.0,2.0,0.0,0.0,0.0,0.0,5.0,0.0,0.0,0.0,0.0,0.0,0.0,0.0,0.0,0.0,0.0,0.0,0.0,9.0,0.0,1.0,0.0,0.0,0.0,0.0,0.0,0.0,0.0,0.0,0.0,0.0,0.0,0.0,0.0,0.0,0.0,0.0,0.0,0.0,0.0,0.0,4.0,0.0,0.0,0.0,0.0,0.0,1.0,0.0,0.0,0.0,0.0
1,2024,12,0.0,0.0,0.0,0.0,0.0,2.0,0.0,0.0,0.0,0.0,1.0,0.0,1.0,1.0,0.0,0.0,0.0,1.0,0.0,0.0,2.0,0.0,0.0,17.0,0.0,3.0,0.0,0.0,0.0,0.0,0.0,0.0,0.0,0.0,1.0,0.0,0.0,6.0,1.0,0.0,0.0,0.0,0.0,0.0,0.0,0.0,15.0,0.0,0.0,0.0,1.0,0.0,0.0,1.0,1.0,0.0,0.0
1,2025,1,0.0,13.0,0.0,0.0,1.0,46.0,0.0,14.0,0.0,0.0,24.0,8.0,5.0,2.0,1.0,0.0,0.0,6.0,34.0,0.0,3.0,1.0,0.0,93.0,1.0,39.0,0.0,0.0,2.0,0.0,0.0,0.0,0.0,0.0,15.0,0.0,0.0,30.0,8.0,0.0,0.0,9.0,0.0,20.0,0.0,0.0,285.0,0.0,1.0,0.0,1.0,7.0,1.0,5.0,0.0,0.0,5.0
1,2025,2,0.0,8.0,0.0,0.0,0.0,33.0,0.0,12.0,0.0,0.0,19.0,9.0,1.0,6.0,1.0,0.0,0.0,11.0,13.0,0.0,5.0,0.0,0.0,104.0,3.0,38.0,0.0,0.0,2.0,0.0,0.0,0.0,0.0,0.0,11.0,0.0,0.0,24.0,6.0,0.0,0.0,3.0,0.0,18.0,1.0,0.0,288.0,0.0,1.0,0.0,2.0,15.0,9.0,2.0,1.0,0.0,1.0
1,2025,3,0.0,12.0,0.0,0.0,0.0,63.0,0.0,16.0,0.0,0.0,36.0,3.0,11.0,6.0,0.0,0.0,0.0,13.0,54.0,0.0,6.0,0.0,0.0,112.0,5.0,66.0,0.0,0.0,0.0,0.0,0.0,0.0,0.0,0.0,13.0,0.0,0.0,22.0,10.0,0.0,0.0,8.0,0.0,44.0,0.0,0.0,295.0,0.0,0.0,0.0,2.0,11.0,7.0,3.0,1.0,0.0,10.0
1,2025,4,0.0,39.0,0.0,0.0,0.0,42.0,0.0,23.0,0.0,0.0,31.0,5.0,7.0,6.0,2.0,0.0,0.0,17.0,39.0,0.0,8.0,3.0,0.0,79.0,4.0,55.0,0.0,0.0,1.0,0.0,0.0,0.0,0.0,0.0,18.0,0.0,0.0,26.0,14.0,0.0,1.0,8.0,0.0,30.0,0.0,1.0,275.0,0.0,3.0,0.0,1.0,18.0,10.0,1.0,0.0,0.0,5.0
1,2025,5,0.0,42.0,0.0,0.0,0.0,43.0,0.0,28.0,0.0,0.0,33.0,8.0,17.0,2.0,0.0,0.0,0.0,16.0,36.0,0.0,6.0,3.0,0.0,93.0,3.0,46.0,0.0,0.0,0.0,0.0,0.0,0.0,0.0,0.0,9.0,0.0,1.0,14.0,13.0,1.0,1.0,6.0,0.0,40.0,0.0,0.0,292.0,0.0,1.0,0.0,0.0,19.0,10.0,3.0,0.0,0.0,8.0
1,2025,6,0.0,8.0,0.0,0.0,0.0,40.0,1.0,7.0,0.0,0.0,39.0,5.0,6.0,3.0,0.0,0.0,1.0,16.0,55.0,0.0,5.0,6.0,0.0,86.0,4.0,56.0,0.0,0.0,1.0,0.0,0.0,0.0,0.0,0.0,14.0,0.0,0.0,22.0,17.0,0.0,2.0,3.0,0.0,28.0,1.0,0.0,252.0,0.0,1.0,0.0,2.0,14.0,6.0,2.0,0.0,0.0,8.0
1,2025,7,0.0,3.0,0.0,0.0,0.0,50.0,0.0,10.0,0.0,0.0,45.0,2.0,2.0,6.0,0.0,0.0,0.0,9.0,24.0,0.0,3.0,17.0,0.0,108.0,1.0,74.0,0.0,0.0,1.0,0.0,0.0,0.0,0.0,0.0,12.0,0.0,0.0,34.0,5.0,0.0,2.0,5.0,0.0,16.0,0.0,1.0,355.0,0.0,1.0,1.0,1.0,8.0,6.0,1.0,3.0,0.0,7.0
1,2025,8,0.0,4.0,0.0,0.0,0.0,38.0,0.0,13.0,0.0,0.0,51.0,5.0,5.0,4.0,0.0,0.0,0.0,18.0,36.0,0.0,6.0,1.0,0.0,99.0,3.0,62.0,0.0,0.0,2.0,0.0,0.0,1.0,0.0,0.0,4.0,0.0,0.0,23.0,10.0,0.0,0.0,5.0,0.0,28.0,2.0,0.0,269.0,0.0,0.0,0.0,2.0,18.0,7.0,3.0,0.0,0.0,4.0
1,2025,9,0.0,4.0,0.0,0.0,0.0,46.0,2.0,21.0,0.0,0.0,42.0,9.0,11.0,8.0,1.0,0.0,0.0,15.0,29.0,0.0,2.0,2.0,0.0,104.0,4.0,56.0,0.0,0.0,1.0,0.0,0.0,0.0,0.0,0.0,5.0,0.0,0.0,23.0,9.0,0.0,0.0,6.0,0.0,25.0,1.0,0.0,281.0,0.0,1.0,0.0,0.0,9.0,9.0,1.0,0.0,0.0,13.0
1,2025,10,0.0,1.0,0.0,0.0,0.0,57.0,0.0,21.0,0.0,0.0,38.0,10.0,7.0,7.0,0.0,0.0,0.0,14.0,21.0,0.0,8.0,0.0,1.0,117.0,4.0,57.0,0.0,0.0,3.0,0.0,0.0,0.0,0.0,0.0,8.0,0.0,0.0,21.0,5.0,0.0,1.0,2.0,0.0,16.0,1.0,0.0,347.0,0.0,0.0,0.0,0.0,11.0,9.0,3.0,0.0,0.0,6.0
1,2025,11,0.0,0.0,0.0,0.0,0.0,44.0,1.0,17.0,0.0,0.0,37.0,3.0,11.0,7.0,0.0,0.0,0.0,12.0,23.0,0.0,2.0,0.0,0.0,100.0,1.0,69.0,0.0,0.0,1.0,0.0,0.0,0.0,0.0,0.0,9.0,0.0,0.0,18.0,10.0,0.0,1.0,5.0,0.0,17.0,0.0,0.0,274.0,0.0,0.0,0.0,2.0,13.0,5.0,1.0,0.0,0.0,7.0
1,2025,12,0.0,2.0,0.0,0.0,0.0,35.0,1.0,25.0,0.0,1.0,20.0,4.0,11.0,4.0,1.0,0.0,0.0,9.0,67.0,0.0,3.0,0.0,0.0,88.0,3.0,47.0,0.0,0.0,1.0,0.0,0.0,0.0,0.0,0.0,10.0,0.0,0.0,16.0,8.0,0.0,0.0,3.0,0.0,9.0,0.0,0.0,252.0,0.0,2.0,0.0,2.0,8.0,1.0,1.0,0.0,0.0,13.0
10,2024,1,0.0,0.0,0.0,0.0,0.0,0.0,0.0,0.0,0.0,0.0,0.0,0.0,0.0,0.0,0.0,0.0,0.0,0.0,0.0,0.0,0.0,0.0,0.0,2.0,0.0,0.0,0.0,0.0,0.0,0.0,0.0,0.0,0.0,0.0,0.0,0.0,0.0,1.0,0.0,0.0,0.0,0.0,0.0,0.0,0.0,0.0,0.0,0.0,0.0,0.0,0.0,0.0,0.0,0.0,0.0,0.0,0.0
10,2024,2,0.0,0.0,0.0,0.0,0.0,1.0,0.0,0.0,0.0,0.0,0.0,0.0,0.0,0.0,0.0,0.0,0.0,0.0,0.0,0.0,0.0,0.0,0.0,1.0,0.0,0.0,0.0,0.0,0.0,0.0,0.0,0.0,0.0,0.0,0.0,0.0,0.0,0.0,1.0,0.0,0.0,0.0,0.0,0.0,0.0,0.0,0.0,0.0,0.0,0.0,0.0,0.0,0.0,1.0,0.0,0.0,0.0
10,2024,4,0.0,1.0,0.0,0.0,0.0,0.0,0.0,0.0,0.0,0.0,0.0,0.0,0.0,0.0,0.0,0.0,0.0,0.0,0.0,0.0,0.0,0.0,0.0,0.0,0.0,0.0,0.0,0.0,0.0,0.0,0.0,0.0,0.0,0.0,0.0,0.0,0.0,0.0,0.0,0.0,0.0,0.0,0.0,0.0,0.0,0.0,0.0,0.0,0.0,0.0,0.0,0.0,0.0,0.0,0.0,0.0,0.0
10,2024,5,0.0,0.0,0.0,0.0,0.0,0.0,0.0,0.0,0.0,0.0,0.0,0.0,0.0,0.0,0.0,0.0,0.0,0.0,0.0,0.0,0.0,0.0,0.0,1.0,0.0,2.0,0.0,0.0,0.0,0.0,0.0,0.0,0.0,0.0,0.0,0.0,0.0,0.0,0.0,0.0,0.0,0.0,0.0,0.0,0.0,0.0,1.0,0.0,0.0,0.0,0.0,0.0,0.0,0.0,0.0,0.0,0.0
10,2024,6,0.0,0.0,0.0,0.0,0.0,0.0,0.0,0.0,0.0,0.0,0.0,0.0,0.0,0.0,0.0,0.0,0.0,0.0,0.0,0.0,0.0,0.0,0.0,2.0,0.0,1.0,0.0,0.0,0.0,0.0,0.0,0.0,0.0,0.0,0.0,0.0,0.0,0.0,0.0,0.0,0.0,0.0,0.0,0.0,0.0,0.0,0.0,0.0,0.0,0.0,0.0,0.0,0.0,0.0,0.0,0.0,0.0
10,2024,8,0.0,0.0,0.0,0.0,0.0,0.0,0.0,0.0,0.0,0.0,0.0,0.0,0.0,0.0,0.0,0.0,0.0,0.0,0.0,0.0,0.0,0.0,0.0,1.0,0.0,0.0,0.0,0.0,0.0,0.0,0.0,0.0,0.0,0.0,0.0,0.0,0.0,0.0,0.0,0.0,0.0,0.0,0.0,0.0,0.0,0.0,0.0,0.0,0.0,0.0,0.0,0.0,1.0,0.0,0.0,0.0,0.0
10,2024,9,0.0,0.0,0.0,0.0,0.0,0.0,0.0,0.0,0.0,0.0,0.0,0.0,0.0,0.0,0.0,0.0,0.0,0.0,0.0,0.0,0.0,0.0,0.0,2.0,0.0,2.0,0.0,0.0,0.0,0.0,0.0,0.0,0.0,0.0,0.0,0.0,0.0,0.0,0.0,0.0,0.0,0.0,0.0,0.0,0.0,0.0,0.0,0.0,0.0,0.0,1.0,0.0,0.0,0.0,0.0,0.0,0.0
10,2024,10,0.0,0.0,0.0,0.0,0.0,0.0,0.0,0.0,0.0,0.0,0.0,0.0,1.0,0.0,0.0,0.0,0.0,0.0,0.0,0.0,0.0,0.0,0.0,2.0,0.0,1.0,0.0,0.0,0.0,0.0,0.0,0.0,0.0,0.0,0.0,0.0,0.0,0.0,0.0,0.0,0.0,0.0,0.0,0.0,0.0,0.0,2.0,0.0,0.0,0.0,0.0,0.0,0.0,0.0,0.0,0.0,0.0
10,2024,11,0.0,0.0,0.0,0.0,0.0,0.0,0.0,0.0,0.0,0.0,0.0,0.0,0.0,0.0,0.0,0.0,0.0,0.0,0.0,0.0,0.0,0.0,0.0,2.0,0.0,4.0,0.0,0.0,0.0,0.0,0.0,0.0,0.0,0.0,0.0,0.0,0.0,0.0,0.0,0.0,0.0,0.0,0.0,0.0,0.0,0.0,1.0,0.0,0.0,0.0,0.0,0.0,0.0,0.0,0.0,0.0,0.0
10,2024,12,0.0,0.0,0.0,0.0,0.0,0.0,0.0,2.0,0.0,0.0,0.0,1.0,0.0,0.0,0.0,0.0,0.0,0.0,0.0,0.0,0.0,0.0,0.0,8.0,0.0,4.0,0.0,0.0,0.0,0.0,0.0,0.0,0.0,0.0,0.0,0.0,0.0,1.0,1.0,0.0,0.0,0.0,0.0,0.0,0.0,0.0,10.0,0.0,0.0,0.0,1.0,0.0,0.0,1.0,0.0,0.0,1.0
10,2025,1,0.0,4.0,0.0,0.0,0.0,25.0,0.0,5.0,0.0,0.0,25.0,3.0,17.0,2.0,0.0,0.0,0.0,14.0,11.0,0.0,0.0,0.0,0.0,48.0,2.0,35.0,0.0,0.0,0.0,0.0,1.0,0.0,0.0,0.0,10.0,0.0,1.0,7.0,5.0,0.0,1.0,0.0,0.0,7.0,1.0,0.0,67.0,0.0,3.0,0.0,1.0,8.0,6.0,5.0,0.0,0.0,15.0
10,2025,2,0.0,3.0,0.0,0.0,0.0,27.0,1.0,10.0,0.0,0.0,23.0,7.0,8.0,8.0,0.0,0.0,0.0,12.0,5.0,0.0,0.0,0.0,0.0,44.0,1.0,43.0,0.0,0.0,0.0,0.0,0.0,0.0,0.0,0.0,8.0,0.0,0.0,3.0,6.0,0.0,1.0,0.0,0.0,11.0,1.0,0.0,43.0,0.0,0.0,0.0,1.0,8.0,3.0,1.0,0.0,0.0,9.0
10,2025,3,0.0,3.0,0.0,0.0,0.0,26.0,1.0,14.0,0.0,0.0,20.0,8.0,19.0,4.0,0.0,0.0,0.0,10.0,4.0,0.0,1.0,0.0,0.0,52.0,2.0,55.0,0.0,0.0,0.0,0.0,0.0,1.0,0.0,0.0,13.0,0.0,0.0,10.0,6.0,0.0,0.0,1.0,0.0,5.0,1.0,0.0,86.0,0.0,0.0,0.0,4.0,10.0,4.0,1.0,0.0,0.0,21.0
10,2025,4,0.0,5.0,0.0,0.0,0.0,36.0,0.0,11.0,0.0,0.0,17.0,6.0,19.0,2.0,0.0,0.0,0.0,15.0,4.0,0.0,0.0,0.0,0.0,42.0,1.0,50.0,0.0,0.0,0.0,0.0,0.0,0.0,0.0,0.0,12.0,0.0,0.0,7.0,1.0,0.0,0.0,0.0,0.0,4.0,3.0,0.0,70.0,1.0,2.0,0.0,2.0,9.0,2.0,1.0,0.0,0.0,29.0
10,2025,5,0.0,3.0,0.0,0.0,0.0,33.0,1.0,5.0,0.0,0.0,21.0,10.0,10.0,3.0,0.0,0.0,0.0,12.0,2.0,0.0,0.0,0.0,0.0,58.0,4.0,34.0,0.0,0.0,2.0,0.0,0.0,0.0,0.0,0.0,9.0,0.0,0.0,7.0,4.0,0.0,1.0,2.0,0.0,10.0,3.0,0.0,80.0,0.0,2.0,0.0,0.0,8.0,5.0,1.0,0.0,0.0,14.0
10,2025,6,0.0,1.0,0.0,0.0,2.0,34.0,0.0,7.0,0.0,0.0,19.0,10.0,17.0,3.0,0.0,0.0,0.0,17.0,3.0,0.0,5.0,0.0,1.0,53.0,0.0,57.0,0.0,0.0,1.0,0.0,0.0,0.0,0.0,0.0,8.0,1.0,0.0,13.0,3.0,0.0,2.0,2.0,0.0,2.0,0.0,0.0,81.0,0.0,1.0,0.0,0.0,6.0,13.0,1.0,1.0,0.0,12.0
10,2025,7,0.0,3.0,0.0,0.0,1.0,48.0,1.0,13.0,0.0,0.0,28.0,11.0,14.0,7.0,0.0,0.0,0.0,10.0,1.0,0.0,1.0,0.0,0.0,49.0,1.0,51.0,0.0,0.0,0.0,0.0,0.0,0.0,0.0,0.0,12.0,0.0,0.0,10.0,3.0,0.0,0.0,2.0,0.0,17.0,1.0,0.0,63.0,0.0,2.0,0.0,0.0,14.0,5.0,2.0,1.0,0.0,16.0
10,2025,8,0.0,3.0,0.0,0.0,1.0,30.0,1.0,11.0,0.0,0.0,31.0,13.0,13.0,7.0,0.0,0.0,0.0,14.0,1.0,0.0,3.0,0.0,0.0,46.0,9.0,60.0,0.0,0.0,4.0,0.0,0.0,0.0,0.0,0.0,7.0,0.0,0.0,11.0,6.0,0.0,1.0,0.0,0.0,7.0,0.0,0.0,94.0,0.0,0.0,0.0,1.0,10.0,6.0,6.0,2.0,0.0,6.0
10,2025,9,0.0,1.0,0.0,0.0,0.0,29.0,0.0,7.0,0.0,0.0,29.0,7.0,17.0,9.0,0.0,0.0,0.0,13.0,1.0,0.0,2.0,0.0,0.0,79.0,3.0,61.0,0.0,0.0,0.0,0.0,0.0,0.0,0.0,0.0,15.0,0.0,0.0,28.0,6.0,0.0,1.0,3.0,0.0,4.0,2.0,0.0,78.0,0.0,0.0,1.0,0.0,8.0,9.0,3.0,1.0,0.0,7.0
10,2025,10,0.0,1.0,0.0,0.0,0.0,36.0,0.0,8.0,0.0,0.0,26.0,11.0,13.0,5.0,0.0,0.0,0.0,18.0,4.0,0.0,0.0,0.0,0.0,62.0,4.0,43.0,0.0,0.0,2.0,0.0,0.0,0.0,0.0,0.0,19.0,0.0,0.0,15.0,2.0,0.0,0.0,1.0,0.0,6.0,3.0,1.0,57.0,0.0,0.0,0.0,2.0,11.0,6.0,3.0,0.0,0.0,14.0
10,2025,11,0.0,0.0,0.0,0.0,1.0,32.0,0.0,2.0,0.0,0.0,18.0,2.0,11.0,9.0,0.0,0.0,0.0,9.0,4.0,0.0,2.0,1.0,0.0,43.0,3.0,39.0,0.0,0.0,1.0,0.0,0.0,0.0,0.0,0.0,8.0,0.0,0.0,3.0,7.0,0.0,0.0,0.0,0.0,1.0,1.0,0.0,76.0,0.0,1.0,0.0,2.0,10.0,4.0,1.0,0.0,0.0,12.0
10,2025,12,0.0,0.0,0.0,0.0,0.0,24.0,0.0,6.0,0.0,0.0,18.0,2.0,2.0,1.0,0.0,0.0,0.0,11.0,2.0,0.0,0.0,0.0,0.0,25.0,5.0,40.0,0.0,0.0,0.0,0.0,0.0,1.0,0.0,0.0,12.0,0.0,0.0,6.0,6.0,1.0,0.0,4.0,0.0,4.0,1.0,0.0,51.0,0.0,0.0,0.0,0.0,8.0,3.0,1.0,0.0,0.0,16.0
100,2024,1,0.0,0.0,0.0,0.0,0.0,0.0,0.0,0.0,0.0,0.0,0.0,0.0,0.0,0.0,0.0,0.0,0.0,0.0,0.0,0.0,0.0,0.0,0.0,0.0,0.0,0.0,0.0,0.0,0.0,0.0,0.0,0.0,0.0,0.0,0.0,0.0,0.0,0.0,0.0,0.0,0.0,0.0,0.0,0.0,0.0,0.0,0.0,0.0,0.0,0.0,1.0,0.0,0.0,0.0,0.0,0.0,0.0
100,2024,2,0.0,0.0,0.0,0.0,0.0,0.0,0.0,0.0,0.0,0.0,0.0,0.0,0.0,0.0,0.0,0.0,0.0,0.0,0.0,0.0,0.0,0.0,0.0,0.0,0.0,0.0,0.0,0.0,0.0,0.0,0.0,0.0,0.0,0.0,0.0,0.0,0.0,0.0,0.0,0.0,0.0,0.0,0.0,0.0,0.0,0.0,0.0,0.0,0.0,0.0,1.0,0.0,0.0,0.0,0.0,0.0,0.0
100,2024,5,0.0,0.0,0.0,0.0,0.0,1.0,0.0,0.0,0.0,0.0,0.0,0.0,0.0,0.0,0.0,0.0,0.0,0.0,0.0,0.0,0.0,0.0,0.0,0.0,0.0,1.0,0.0,0.0,0.0,0.0,0.0,0.0,0.0,0.0,0.0,0.0,0.0,0.0,0.0,0.0,0.0,0.0,0.0,0.0,0.0,0.0,0.0,0.0,0.0,0.0,0.0,0.0,0.0,0.0,0.0,0.0,0.0
100,2024,6,0.0,0.0,0.0,0.0,0.0,0.0,0.0,0.0,0.0,0.0,0.0,0.0,0.0,0.0,0.0,0.0,0.0,0.0,0.0,0.0,1.0,0.0,0.0,0.0,0.0,0.0,0.0,0.0,0.0,0.0,0.0,0.0,0.0,0.0,0.0,0.0,0.0,0.0,0.0,0.0,0.0,0.0,0.0,0.0,0.0,0.0,2.0,0.0,0.0,0.0,0.0,0.0,0.0,0.0,0.0,0.0,0.0
100,2024,7,0.0,0.0,0.0,0.0,0.0,0.0,0.0,0.0,0.0,0.0,0.0,0.0,0.0,0.0,0.0,0.0,0.0,1.0,0.0,0.0,0.0,0.0,0.0,0.0,0.0,0.0,0.0,0.0,0.0,0.0,0.0,0.0,0.0,0.0,0.0,0.0,0.0,0.0,0.0,0.0,0.0,0.0,0.0,0.0,0.0,0.0,0.0,0.0,0.0,0.0,0.0,0.0,0.0,0.0,0.0,0.0,0.0
100,2024,9,0.0,0.0,0.0,0.0,0.0,1.0,0.0,0.0,0.0,0.0,0.0,0.0,0.0,0.0,0.0,0.0,0.0,0.0,0.0,0.0,2.0,0.0,0.0,2.0,0.0,1.0,0.0,0.0,0.0,0.0,0.0,0.0,0.0,0.0,0.0,0.0,0.0,0.0,0.0,0.0,0.0,0.0,0.0,0.0,0.0,0.0,1.0,0.0,0.0,0.0,0.0,1.0,0.0,0.0,0.0,0.0,0.0
100,2024,10,0.0,0.0,0.0,0.0,0.0,0.0,0.0,0.0,0.0,0.0,0.0,0.0,0.0,0.0,0.0,0.0,0.0,0.0,0.0,0.0,0.0,0.0,0.0,2.0,0.0,1.0,0.0,0.0,0.0,0.0,0.0,0.0,0.0,0.0,0.0,0.0,0.0,1.0,0.0,0.0,0.0,0.0,0.0,0.0,0.0,0.0,0.0,0.0,0.0,0.0,1.0,0.0,1.0,0.0,0.0,0.0,0.0
100,2024,11,0.0,0.0,0.0,0.0,0.0,0.0,0.0,0.0,0.0,0.0,0.0,0.0,0.0,0.0,0.0,0.0,0.0,0.0,0.0,0.0,0.0,0.0,0.0,0.0,0.0,0.0,0.0,0.0,0.0,0.0,0.0,0.0,0.0,0.0,0.0,0.0,0.0,0.0,0.0,0.0,0.0,0.0,0.0,0.0,0.0,0.0,2.0,0.0,0.0,0.0,0.0,1.0,0.0,0.0,1.0,0.0,0.0
100,2024,12,0.0,0.0,0.0,0.0,0.0,1.0,0.0,1.0,0.0,0.0,2.0,0.0,0.0,0.0,0.0,0.0,0.0,0.0,1.0,0.0,0.0,0.0,0.0,4.0,0.0,3.0,0.0,0.0,0.0,0.0,0.0,0.0,0.0,0.0,1.0,0.0,0.0,0.0,0.0,0.0,0.0,0.0,0.0,0.0,0.0,0.0,4.0,0.0,0.0,0.0,1.0,0.0,0.0,1.0,0.0,0.0,0.0
100,2025,1,0.0,1.0,0.0,0.0,0.0,23.0,0.0,3.0,0.0,0.0,25.0,1.0,3.0,3.0,0.0,0.0,0.0,8.0,0.0,0.0,0.0,0.0,0.0,6.0,1.0,52.0,0.0,0.0,2.0,0.0,0.0,0.0,0.0,0.0,15.0,0.0,0.0,8.0,4.0,0.0,1.0,0.0,0.0,2.0,0.0,1.0,34.0,0.0,1.0,0.0,0.0,0.0,3.0,0.0,0.0,1.0,15.0
100,2025,2,0.0,0.0,0.0,0.0,0.0,14.0,0.0,2.0,0.0,0.0,24.0,2.0,4.0,3.0,0.0,0.0,0.0,4.0,0.0,0.0,1.0,0.0,0.0,7.0,1.0,36.0,0.0,0.0,1.0,0.0,0.0,0.0,0.0,0.0,15.0,0.0,0.0,9.0,2.0,0.0,1.0,0.0,0.0,0.0,1.0,1.0,25.0,0.0,1.0,0.0,0.0,2.0,6.0,3.0,4.0,0.0,8.0
100,2025,3,0.0,2.0,0.0,0.0,0.0,20.0,0.0,4.0,0.0,0.0,21.0,3.0,3.0,0.0,0.0,0.0,0.0,5.0,2.0,0.0,1.0,0.0,0.0,12.0,4.0,51.0,0.0,0.0,3.0,0.0,0.0,0.0,0.0,0.0,9.0,0.0,0.0,8.0,4.0,0.0,0.0,0.0,0.0,0.0,2.0,0.0,39.0,0.0,1.0,0.0,0.0,4.0,6.0,1.0,1.0,0.0,12.0
100,2025,4,0.0,1.0,0.0,0.0,0.0,25.0,0.0,6.0,0.0,0.0,21.0,1.0,3.0,4.0,0.0,0.0,0.0,12.0,0.0,0.0,2.0,0.0,0.0,14.0,0.0,61.0,0.0,0.0,0.0,0.0,0.0,0.0,0.0,0.0,11.0,0.0,0.0,7.0,2.0,0.0,2.0,0.0,0.0,0.0,1.0,1.0,36.0,0.0,0.0,0.0,0.0,6.0,5.0,0.0,2.0,0.0,3.0
100,2025,5,0.0,1.0,0.0,0.0,1.0,24.0,0.0,6.0,0.0,0.0,23.0,5.0,7.0,2.0,0.0,0.0,0.0,6.0,0.0,0.0,1.0,0.0,0.0,12.0,3.0,47.0,0.0,0.0,2.0,0.0,0.0,0.0,0.0,0.0,20.0,0.0,0.0,6.0,0.0,0.0,1.0,1.0,1.0,2.0,3.0,0.0,62.0,0.0,1.0,0.0,0.0,6.0,0.0,0.0,7.0,0.0,4.0
100,2025,6,0.0,1.0,0.0,0.0,0.0,51.0,0.0,5.0,0.0,0.0,15.0,0.0,3.0,3.0,0.0,0.0,0.0,13.0,1.0,0.0,1.0,0.0,0.0,9.0,2.0,48.0,0.0,0.0,2.0,0.0,0.0,0.0,0.0,0.0,14.0,0.0,0.0,2.0,2.0,0.0,0.0,1.0,0.0,2.0,1.0,1.0,45.0,0.0,0.0,0.0,0.0,6.0,6.0,1.0,0.0,0.0,4.0
100,2025,7,0.0,0.0,0.0,0.0,0.0,34.0,0.0,10.0,0.0,0.0,19.0,2.0,0.0,1.0,0.0,0.0,0.0,14.0,1.0,0.0,1.0,0.0,0.0,16.0,5.0,53.0,0.0,0.0,2.0,0.0,0.0,0.0,0.0,0.0,13.0,0.0,0.0,15.0,1.0,0.0,0.0,0.0,0.0,6.0,0.0,1.0,47.0,0.0,0.0,0.0,1.0,2.0,7.0,1.0,1.0,0.0,8.0
100,2025,8,0.0,2.0,0.0,0.0,0.0,32.0,1.0,6.0,0.0,0.0,17.0,3.0,1.0,2.0,0.0,0.0,0.0,17.0,0.0,0.0,1.0,0.0,0.0,9.0,2.0,41.0,0.0,0.0,1.0,0.0,0.0,0.0,0.0,0.0,20.0,2.0,0.0,9.0,5.0,0.0,1.0,0.0,0.0,1.0,0.0,0.0,24.0,0.0,0.0,0.0,1.0,2.0,5.0,0.0,3.0,0.0,8.0
100,2025,9,0.0,1.0,0.0,0.0,0.0,24.0,0.0,3.0,0.0,0.0,19.0,0.0,1.0,1.0,0.0,0.0,0.0,11.0,0.0,0.0,0.0,0.0,0.0,16.0,2.0,41.0,0.0,0.0,1.0,0.0,0.0,0.0,0.0,0.0,12.0,0.0,0.0,10.0,4.0,0.0,0.0,0.0,0.0,0.0,1.0,0.0,32.0,0.0,0.0,0.0,1.0,3.0,4.0,0.0,0.0,0.0,4.0
100,2025,10,0.0,0.0,0.0,0.0,0.0,32.0,0.0,4.0,1.0,0.0,17.0,2.0,3.0,0.0,0.0,0.0,0.0,7.0,2.0,0.0,1.0,0.0,0.0,9.0,5.0,40.0,0.0,0.0,2.0,0.0,0.0,0.0,0.0,0.0,18.0,0.0,0.0,4.0,0.0,0.0,0.0,0.0,0.0,0.0,1.0,1.0,40.0,0.0,1.0,0.0,0.0,6.0,4.0,2.0,0.0,0.0,3.0
100,2025,11,0.0,1.0,0.0,0.0,0.0,22.0,0.0,5.0,0.0,0.0,16.0,1.0,2.0,0.0,0.0,0.0,0.0,6.0,0.0,0.0,2.0,0.0,0.0,5.0,3.0,39.0,0.0,0.0,1.0,0.0,0.0,0.0,0.0,0.0,29.0,0.0,0.0,5.0,1.0,0.0,0.0,0.0,0.0,2.0,2.0,0.0,35.0,0.0,1.0,0.0,1.0,2.0,2.0,1.0,1.0,0.0,6.0
100,2025,12,0.0,0.0,0.0,0.0,0.0,22.0,0.0,6.0,0.0,0.0,5.0,0.0,2.0,5.0,0.0,0.0,0.0,4.0,0.0,0.0,1.0,0.0,0.0,14.0,3.0,47.0,0.0,0.0,0.0,0.0,0.0,0.0,0.0,0.0,10.0,0.0,0.0,2.0,3.0,0.0,0.0,0.0,0.0,0.0,2.0,0.0,30.0,0.0,0.0,0.0,0.0,5.0,8.0,0.0,0.0,0.0,4.0
101,2024,1,0.0,0.0,0.0,0.0,0.0,0.0,0.0,0.0,0.0,0.0,0.0,0.0,0.0,0.0,0.0,0.0,0.0,0.0,0.0,0.0,0.0,0.0,0.0,0.0,0.0,1.0,0.0,0.0,0.0,0.0,0.0,0.0,0.0,0.0,0.0,0.0,0.0,0.0,0.0,0.0,0.0,0.0,0.0,0.0,0.0,0.0,0.0,0.0,0.0,0.0,0.0,0.0,2.0,0.0,0.0,0.0,0.0
101,2024,2,0.0,0.0,0.0,0.0,0.0,0.0,0.0,0.0,0.0,0.0,1.0,0.0,0.0,0.0,0.0,0.0,0.0,0.0,0.0,0.0,0.0,0.0,0.0,0.0,0.0,1.0,0.0,0.0,1.0,0.0,0.0,0.0,0.0,0.0,0.0,0.0,0.0,0.0,0.0,0.0,0.0,0.0,0.0,0.0,0.0,0.0,0.0,0.0,0.0,0.0,0.0,1.0,0.0,0.0,0.0,0.0,0.0
101,2024,3,0.0,0.0,0.0,0.0,0.0,0.0,0.0,0.0,0.0,0.0,0.0,0.0,0.0,0.0,0.0,0.0,0.0,1.0,0.0,0.0,0.0,0.0,0.0,0.0,0.0,0.0,0.0,0.0,0.0,0.0,0.0,0.0,0.0,0.0,0.0,0.0,0.0,0.0,0.0,0.0,0.0,0.0,0.0,0.0,0.0,0.0,0.0,0.0,0.0,0.0,0.0,0.0,1.0,0.0,0.0,0.0,0.0
101,2024,4,0.0,0.0,0.0,0.0,0.0,0.0,0.0,0.0,0.0,0.0,0.0,0.0,0.0,0.0,0.0,0.0,0.0,0.0,0.0,0.0,2.0,0.0,0.0,0.0,0.0,0.0,0.0,0.0,0.0,0.0,0.0,0.0,0.0,0.0,0.0,0.0,0.0,0.0,0.0,0.0,0.0,0.0,0.0,0.0,0.0,0.0,0.0,0.0,0.0,0.0,0.0,0.0,0.0,0.0,0.0,0.0,0.0
101,2024,5,0.0,0.0,0.0,0.0,0.0,0.0,0.0,0.0,0.0,0.0,0.0,0.0,0.0,0.0,0.0,0.0,0.0,1.0,0.0,0.0,0.0,0.0,0.0,0.0,0.0,0.0,0.0,0.0,0.0,0.0,0.0,0.0,0.0,0.0,1.0,0.0,0.0,1.0,0.0,0.0,0.0,0.0,0.0,0.0,0.0,0.0,0.0,0.0,0.0,0.0,1.0,0.0,0.0,0.0,0.0,0.0,0.0
101,2024,6,0.0,0.0,0.0,0.0,0.0,0.0,0.0,1.0,0.0,0.0,0.0,0.0,0.0,0.0,0.0,0.0,0.0,0.0,0.0,0.0,0.0,0.0,0.0,0.0,0.0,0.0,0.0,0.0,0.0,0.0,0.0,0.0,0.0,0.0,0.0,0.0,0.0,0.0,0.0,0.0,0.0,0.0,0.0,0.0,0.0,0.0,0.0,0.0,0.0,0.0,0.0,0.0,0.0,0.0,0.0,0.0,0.0
101,2024,7,0.0,0.0,0.0,0.0,0.0,0.0,0.0,0.0,0.0,0.0,0.0,0.0,0.0,0.0,0.0,0.0,0.0,0.0,0.0,0.0,0.0,0.0,0.0,0.0,0.0,2.0,0.0,0.0,0.0,0.0,0.0,0.0,0.0,0.0,0.0,0.0,0.0,1.0,0.0,0.0,0.0,0.0,0.0,0.0,0.0,0.0,1.0,0.0,0.0,0.0,0.0,0.0,0.0,0.0,0.0,0.0,0.0
101,2024,8,0.0,0.0,0.0,0.0,0.0,0.0,0.0,0.0,0.0,0.0,0.0,0.0,0.0,0.0,0.0,0.0,0.0,0.0,0.0,0.0,0.0,0.0,0.0,1.0,0.0,1.0,0.0,0.0,0.0,0.0,0.0,0.0,0.0,0.0,0.0,0.0,0.0,0.0,0.0,0.0,0.0,0.0,0.0,0.0,0.0,0.0,0.0,0.0,0.0,0.0,0.0,0.0,0.0,0.0,0.0,0.0,0.0
101,2024,9,0.0,0.0,0.0,0.0,0.0,0.0,0.0,0.0,0.0,0.0,1.0,0.0,0.0,0.0,0.0,0.0,0.0,0.0,0.0,0.0,0.0,0.0,0.0,0.0,0.0,1.0,0.0,0.0,0.0,0.0,0.0,0.0,0.0,0.0,0.0,0.0,0.0,1.0,0.0,0.0,0.0,0.0,0.0,0.0,0.0,0.0,1.0,0.0,0.0,0.0,0.0,0.0,0.0,1.0,0.0,0.0,0.0
101,2024,10,0.0,0.0,0.0,0.0,0.0,0.0,0.0,0.0,0.0,0.0,0.0,0.0,0.0,0.0,0.0,0.0,0.0,0.0,0.0,0.0,0.0,0.0,0.0,1.0,0.0,1.0,0.0,0.0,0.0,0.0,0.0,0.0,0.0,0.0,2.0,0.0,0.0,1.0,0.0,0.0,0.0,0.0,0.0,0.0,1.0,0.0,0.0,0.0,0.0,0.0,0.0,0.0,0.0,0.0,0.0,0.0,0.0
101,2024,11,0.0,0.0,0.0,0.0,0.0,0.0,0.0,0.0,0.0,0.0,0.0,0.0,0.0,0.0,0.0,0.0,0.0,0.0,0.0,0.0,0.0,0.0,0.0,0.0,0.0,1.0,0.0,0.0,0.0,0.0,0.0,0.0,0.0,0.0,0.0,0.0,0.0,0.0,0.0,0.0,0.0,0.0,0.0,0.0,0.0,0.0,1.0,0.0,0.0,0.0,0.0,0.0,0.0,1.0,0.0,0.0,0.0
101,2024,12,0.0,0.0,0.0,0.0,2.0,1.0,0.0,0.0,0.0,0.0,0.0,0.0,0.0,0.0,0.0,0.0,0.0,1.0,0.0,0.0,0.0,0.0,0.0,3.0,0.0,2.0,0.0,0.0,0.0,0.0,0.0,0.0,0.0,0.0,4.0,1.0,0.0,3.0,0.0,0.0,0.0,0.0,0.0,0.0,0.0,0.0,3.0,0.0,0.0,0.0,1.0,0.0,4.0,2.0,0.0,0.0,0.0
101,2025,1,0.0,3.0,0.0,0.0,2.0,53.0,0.0,2.0,2.0,0.0,28.0,2.0,18.0,12.0,0.0,0.0,0.0,25.0,1.0,0.0,0.0,0.0,0.0,12.0,1.0,92.0,0.0,0.0,2.0,0.0,0.0,0.0,0.0,0.0,30.0,0.0,0.0,13.0,6.0,0.0,0.0,3.0,0.0,9.0,3.0,1.0,55.0,0.0,4.0,0.0,1.0,5.0,9.0,2.0,1.0,0.0,17.0
101,2025,2,0.0,1.0,0.0,0.0,0.0,48.0,1.0,3.0,0.0,0.0,19.0,2.0,15.0,7.0,1.0,0.0,0.0,18.0,0.0,0.0,3.0,0.0,0.0,11.0,2.0,92.0,0.0,0.0,3.0,0.0,0.0,0.0,0.0,0.0,24.0,1.0,0.0,8.0,6.0,1.0,1.0,4.0,0.0,3.0,5.0,1.0,50.0,0.0,1.0,0.0,3.0,6.0,15.0,3.0,3.0,0.0,19.0
101,2025,3,0.0,1.0,0.0,0.0,0.0,52.0,0.0,8.0,0.0,0.0,38.0,5.0,22.0,13.0,0.0,0.0,0.0,36.0,5.0,0.0,2.0,0.0,1.0,15.0,4.0,112.0,0.0,0.0,4.0,0.0,0.0,0.0,0.0,0.0,28.0,0.0,0.0,5.0,5.0,0.0,0.0,4.0,0.0,2.0,5.0,1.0,68.0,0.0,2.0,0.0,5.0,6.0,13.0,1.0,0.0,0.0,27.0
101,2025,4,0.0,2.0,0.0,0.0,1.0,70.0,0.0,9.0,2.0,0.0,19.0,3.0,15.0,12.0,0.0,0.0,0.0,35.0,5.0,0.0,1.0,0.0,3.0,14.0,4.0,98.0,0.0,0.0,4.0,0.0,0.0,0.0,0.0,0.0,31.0,0.0,0.0,19.0,6.0,1.0,1.0,2.0,0.0,1.0,6.0,3.0,60.0,0.0,2.0,0.0,3.0,14.0,12.0,0.0,1.0,0.0,13.0
101,2025,5,0.0,1.0,0.0,0.0,1.0,55.0,0.0,5.0,2.0,1.0,27.0,4.0,15.0,15.0,0.0,0.0,0.0,31.0,5.0,0.0,4.0,0.0,0.0,14.0,5.0,112.0,0.0,0.0,7.0,0.0,0.0,0.0,0.0,0.0,27.0,1.0,0.0,9.0,10.0,1.0,2.0,2.0,0.0,8.0,6.0,2.0,80.0,0.0,0.0,0.0,2.0,7.0,11.0,7.0,2.0,0.0,15.0
101,2025,6,0.0,1.0,0.0,0.0,0.0,59.0,0.0,3.0,2.0,0.0,27.0,4.0,17.0,20.0,0.0,0.0,1.0,48.0,5.0,0.0,3.0,0.0,0.0,18.0,2.0,112.0,0.0,0.0,3.0,0.0,0.0,0.0,0.0,0.0,41.0,0.0,0.0,21.0,9.0,0.0,1.0,6.0,0.0,9.0,5.0,0.0,65.0,0.0,4.0,0.0,3.0,4.0,8.0,5.0,1.0,0.0,18.0
101,2025,7,0.0,0.0,0.0,0.0,1.0,63.0,0.0,7.0,1.0,0.0,37.0,3.0,10.0,22.0,0.0,0.0,0.0,35.0,2.0,0.0,1.0,0.0,0.0,16.0,2.0,97.0,0.0,0.0,4.0,0.0,0.0,0.0,0.0,0.0,31.0,0.0,0.0,15.0,16.0,1.0,2.0,2.0,0.0,4.0,5.0,0.0,89.0,0.0,2.0,0.0,1.0,14.0,11.0,1.0,2.0,0.0,17.0
101,2025,8,0.0,4.0,0.0,0.0,2.0,54.0,0.0,10.0,0.0,1.0,27.0,2.0,18.0,21.0,0.0,0.0,0.0,34.0,2.0,0.0,1.0,0.0,2.0,11.0,5.0,105.0,0.0,0.0,5.0,0.0,0.0,0.0,0.0,0.0,36.0,0.0,0.0,17.0,13.0,1.0,1.0,5.0,0.0,10.0,5.0,0.0,87.0,0.0,0.0,0.0,3.0,10.0,8.0,3.0,2.0,0.0,12.0
101,2025,9,0.0,3.0,2.0,0.0,0.0,60.0,0.0,9.0,0.0,0.0,26.0,4.0,13.0,12.0,0.0,0.0,0.0,33.0,2.0,0.0,4.0,0.0,1.0,23.0,3.0,105.0,0.0,0.0,5.0,0.0,0.0,0.0,0.0,0.0,34.0,0.0,0.0,23.0,12.0,0.0,2.0,2.0,0.0,9.0,4.0,1.0,94.0,0.0,4.0,0.0,1.0,8.0,13.0,6.0,0.0,0.0,20.0
101,2025,10,0.0,3.0,0.0,0.0,1.0,81.0,0.0,7.0,0.0,0.0,46.0,2.0,12.0,8.0,0.0,0.0,0.0,32.0,3.0,0.0,1.0,0.0,0.0,18.0,5.0,112.0,0.0,0.0,4.0,0.0,0.0,1.0,0.0,0.0,34.0,0.0,0.0,20.0,6.0,0.0,0.0,0.0,0.0,15.0,4.0,0.0,91.0,0.0,1.0,0.0,4.0,8.0,10.0,4.0,2.0,0.0,12.0
101,2025,11,0.0,1.0,0.0,0.0,0.0,63.0,0.0,7.0,2.0,0.0,31.0,1.0,2.0,9.0,0.0,0.0,0.0,24.0,2.0,0.0,1.0,0.0,0.0,18.0,3.0,92.0,0.0,0.0,8.0,0.0,0.0,0.0,0.0,0.0,25.0,0.0,0.0,10.0,10.0,0.0,0.0,0.0,0.0,13.0,6.0,1.0,95.0,0.0,0.0,0.0,1.0,10.0,14.0,0.0,2.0,0.0,18.0
101,2025,12,0.0,2.0,0.0,0.0,0.0,69.0,0.0,6.0,0.0,0.0,22.0,3.0,4.0,8.0,0.0,0.0,0.0,30.0,0.0,0.0,0.0,0.0,0.0,14.0,5.0,82.0,0.0,0.0,4.0,0.0,0.0,0.0,0.0,0.0,19.0,1.0,0.0,22.0,6.0,0.0,0.0,0.0,0.0,8.0,5.0,2.0,74.0,1.0,0.0,0.0,1.0,9.0,12.0,2.0,2.0,0.0,4.0
102,2024,1,0.0,0.0,0.0,0.0,0.0,0.0,0.0,0.0,0.0,0.0,0.0,0.0,0.0,0.0,0.0,0.0,0.0,0.0,0.0,0.0,0.0,0.0,0.0,0.0,0.0,2.0,0.0,0.0,0.0,0.0,0.0,0.0,0.0,0.0,0.0,0.0,0.0,0.0,0.0,0.0,0.0,0.0,0.0,0.0,0.0,0.0,1.0,0.0,0.0,0.0,0.0,0.0,0.0,0.0,0.0,0.0,0.0
102,2024,2,0.0,0.0,0.0,0.0,0.0,0.0,0.0,0.0,0.0,0.0,0.0,0.0,0.0,0.0,0.0,0.0,0.0,0.0,0.0,0.0,0.0,0.0,0.0,1.0,0.0,0.0,0.0,0.0,0.0,0.0,0.0,0.0,0.0,0.0,0.0,0.0,0.0,0.0,0.0,0.0,0.0,0.0,0.0,0.0,0.0,0.0,0.0,0.0,0.0,0.0,0.0,0.0,0.0,0.0,0.0,0.0,0.0
102,2024,3,0.0,0.0,0.0,0.0,0.0,0.0,0.0,0.0,0.0,0.0,0.0,0.0,0.0,0.0,0.0,0.0,0.0,0.0,0.0,0.0,0.0,0.0,0.0,0.0,0.0,0.0,0.0,0.0,0.0,0.0,0.0,0.0,0.0,0.0,0.0,0.0,0.0,0.0,0.0,0.0,0.0,0.0,0.0,0.0,0.0,0.0,0.0,0.0,0.0,0.0,1.0,0.0,0.0,1.0,0.0,0.0,0.0
102,2024,4,0.0,0.0,0.0,0.0,0.0,0.0,0.0,0.0,0.0,0.0,0.0,0.0,0.0,0.0,0.0,0.0,0.0,0.0,0.0,0.0,0.0,0.0,0.0,0.0,0.0,1.0,0.0,0.0,0.0,0.0,0.0,0.0,0.0,0.0,0.0,0.0,0.0,0.0,0.0,0.0,0.0,0.0,0.0,0.0,0.0,0.0,2.0,0.0,0.0,0.0,0.0,0.0,0.0,0.0,0.0,0.0,0.0
102,2024,5,0.0,0.0,0.0,0.0,0.0,0.0,0.0,0.0,0.0,0.0,0.0,0.0,0.0,0.0,0.0,0.0,0.0,0.0,0.0,0.0,0.0,0.0,0.0,0.0,0.0,0.0,0.0,0.0,0.0,0.0,0.0,0.0,0.0,0.0,0.0,0.0,0.0,0.0,0.0,0.0,0.0,0.0,0.0,0.0,0.0,0.0,0.0,0.0,0.0,0.0,0.0,0.0,1.0,0.0,0.0,0.0,0.0
102,2024,6,0.0,0.0,0.0,0.0,0.0,1.0,0.0,0.0,0.0,0.0,0.0,0.0,0.0,0.0,0.0,0.0,0.0,1.0,0.0,0.0,0.0,0.0,0.0,2.0,0.0,2.0,0.0,0.0,0.0,0.0,0.0,0.0,0.0,0.0,0.0,0.0,0.0,1.0,0.0,0.0,0.0,0.0,0.0,0.0,0.0,0.0,0.0,0.0,0.0,0.0,1.0,0.0,2.0,0.0,0.0,0.0,0.0
102,2024,7,0.0,0.0,0.0,0.0,0.0,0.0,0.0,0.0,0.0,0.0,0.0,0.0,0.0,0.0,0.0,0.0,0.0,0.0,0.0,0.0,0.0,0.0,0.0,1.0,0.0,0.0,0.0,0.0,0.0,0.0,0.0,0.0,0.0,0.0,1.0,0.0,0.0,0.0,0.0,0.0,0.0,0.0,0.0,0.0,0.0,0.0,0.0,0.0,0.0,0.0,0.0,0.0,0.0,1.0,0.0,0.0,0.0
102,2024,8,0.0,0.0,0.0,0.0,0.0,1.0,0.0,0.0,0.0,0.0,0.0,0.0,0.0,0.0,0.0,0.0,0.0,0.0,0.0,0.0,1.0,0.0,0.0,1.0,0.0,3.0,0.0,0.0,0.0,0.0,0.0,0.0,0.0,0.0,4.0,0.0,0.0,0.0,0.0,0.0,0.0,0.0,0.0,0.0,0.0,0.0,0.0,0.0,0.0,0.0,0.0,0.0,2.0,0.0,0.0,0.0,0.0
102,2024,9,0.0,0.0,0.0,0.0,0.0,0.0,0.0,0.0,0.0,0.0,0.0,0.0,0.0,0.0,0.0,0.0,0.0,0.0,0.0,0.0,0.0,0.0,0.0,1.0,0.0,1.0,0.0,0.0,0.0,0.0,0.0,0.0,0.0,0.0,3.0,0.0,0.0,0.0,1.0,0.0,0.0,0.0,0.0,0.0,0.0,0.0,1.0,0.0,0.0,0.0,0.0,0.0,0.0,1.0,0.0,0.0,0.0
102,2024,10,0.0,0.0,0.0,0.0,1.0,0.0,0.0,0.0,0.0,0.0,0.0,0.0,0.0,0.0,0.0,0.0,0.0,1.0,0.0,0.0,1.0,0.0,0.0,0.0,0.0,1.0,0.0,0.0,0.0,0.0,0.0,0.0,0.0,0.0,0.0,0.0,0.0,1.0,0.0,0.0,0.0,0.0,0.0,0.0,0.0,0.0,6.0,0.0,0.0,0.0,1.0,0.0,1.0,0.0,0.0,0.0,0.0
102,2024,11,0.0,0.0,0.0,0.0,0.0,2.0,0.0,0.0,0.0,0.0,0.0,0.0,0.0,0.0,0.0,0.0,0.0,0.0,0.0,0.0,2.0,0.0,0.0,2.0,0.0,1.0,0.0,0.0,0.0,0.0,0.0,0.0,0.0,0.0,2.0,0.0,0.0,1.0,0.0,0.0,0.0,0.0,0.0,0.0,0.0,0.0,3.0,0.0,0.0,0.0,1.0,0.0,1.0,0.0,0.0,0.0,0.0
102,2024,12,0.0,0.0,0.0,0.0,1.0,3.0,0.0,0.0,0.0,0.0,6.0,0.0,0.0,0.0,0.0,0.0,0.0,2.0,0.0,0.0,2.0,0.0,0.0,2.0,0.0,6.0,0.0,0.0,0.0,0.0,0.0,0.0,0.0,0.0,2.0,0.0,0.0,4.0,0.0,0.0,0.0,0.0,0.0,0.0,0.0,0.0,8.0,0.0,0.0,0.0,0.0,0.0,3.0,1.0,1.0,0.0,1.0
102,2025,1,0.0,3.0,0.0,0.0,0.0,42.0,0.0,8.0,1.0,0.0,32.0,2.0,8.0,6.0,0.0,0.0,0.0,25.0,3.0,0.0,4.0,0.0,0.0,36.0,21.0,91.0,0.0,0.0,10.0,0.0,0.0,0.0,0.0,0.0,17.0,0.0,0.0,14.0,4.0,0.0,1.0,3.0,0.0,0.0,6.0,0.0,104.0,1.0,0.0,1.0,0.0,13.0,6.0,0.0,0.0,0.0,28.0
102,2025,2,0.0,1.0,0.0,0.0,0.0,40.0,0.0,11.0,0.0,1.0,41.0,0.0,8.0,10.0,0.0,0.0,0.0,18.0,2.0,0.0,3.0,0.0,0.0,14.0,11.0,80.0,0.0,0.0,5.0,0.0,0.0,0.0,0.0,0.0,19.0,1.0,0.0,15.0,3.0,0.0,1.0,2.0,0.0,0.0,6.0,6.0,98.0,5.0,2.0,0.0,0.0,8.0,12.0,0.0,1.0,0.0,26.0
102,2025,3,0.0,1.0,1.0,0.0,1.0,66.0,0.0,15.0,0.0,0.0,40.0,2.0,11.0,2.0,0.0,0.0,0.0,27.0,3.0,0.0,0.0,0.0,0.0,23.0,30.0,92.0,0.0,0.0,3.0,0.0,0.0,0.0,0.0,0.0,26.0,0.0,0.0,17.0,2.0,0.0,2.0,5.0,0.0,1.0,1.0,1.0,99.0,3.0,3.0,1.0,1.0,12.0,11.0,0.0,1.0,0.0,21.0
102,2025,4,0.0,0.0,0.0,0.0,0.0,63.0,0.0,7.0,0.0,0.0,55.0,3.0,9.0,5.0,1.0,0.0,0.0,25.0,3.0,0.0,4.0,0.0,0.0,26.0,29.0,99.0,0.0,0.0,7.0,0.0,0.0,0.0,0.0,0.0,18.0,0.0,0.0,17.0,2.0,0.0,0.0,5.0,0.0,0.0,3.0,4.0,114.0,2.0,0.0,0.0,0.0,8.0,8.0,3.0,1.0,0.0,28.0
102,2025,5,0.0,3.0,0.0,0.0,0.0,66.0,1.0,7.0,0.0,0.0,41.0,3.0,5.0,1.0,0.0,0.0,0.0,28.0,6.0,0.0,8.0,0.0,0.0,27.0,28.0,96.0,0.0,0.0,8.0,0.0,0.0,2.0,0.0,0.0,36.0,0.0,0.0,9.0,7.0,0.0,1.0,3.0,0.0,0.0,1.0,6.0,117.0,4.0,0.0,1.0,2.0,13.0,14.0,0.0,2.0,0.0,30.0
102,2025,6,0.0,1.0,0.0,0.0,1.0,76.0,0.0,2.0,1.0,0.0,44.0,5.0,13.0,7.0,0.0,0.0,0.0,22.0,6.0,0.0,3.0,0.0,0.0,29.0,37.0,88.0,0.0,0.0,3.0,0.0,0.0,1.0,0.0,0.0,26.0,0.0,0.0,16.0,4.0,0.0,0.0,2.0,0.0,1.0,3.0,0.0,83.0,5.0,1.0,0.0,1.0,12.0,16.0,1.0,1.0,0.0,18.0
102,2025,7,0.0,0.0,1.0,0.0,0.0,61.0,0.0,11.0,0.0,0.0,36.0,4.0,6.0,3.0,0.0,0.0,0.0,36.0,4.0,0.0,2.0,0.0,0.0,24.0,33.0,93.0,0.0,0.0,4.0,0.0,0.0,2.0,0.0,0.0,33.0,0.0,0.0,21.0,6.0,0.0,0.0,1.0,0.0,2.0,2.0,1.0,101.0,5.0,2.0,0.0,2.0,15.0,12.0,0.0,2.0,0.0,26.0
102,2025,8,0.0,0.0,0.0,0.0,0.0,55.0,0.0,12.0,0.0,1.0,44.0,1.0,7.0,6.0,0.0,0.0,0.0,27.0,4.0,0.0,4.0,0.0,0.0,33.0,32.0,94.0,1.0,0.0,5.0,0.0,0.0,0.0,0.0,0.0,27.0,1.0,0.0,18.0,2.0,0.0,0.0,1.0,0.0,1.0,6.0,0.0,105.0,7.0,0.0,1.0,0.0,10.0,11.0,2.0,2.0,0.0,18.0
102,2025,9,0.0,3.0,0.0,0.0,1.0,68.0,0.0,8.0,0.0,0.0,43.0,2.0,20.0,3.0,0.0,0.0,0.0,30.0,4.0,0.0,3.0,0.0,0.0,32.0,28.0,68.0,0.0,0.0,2.0,0.0,0.0,0.0,0.0,0.0,35.0,0.0,0.0,21.0,3.0,0.0,1.0,0.0,0.0,1.0,2.0,1.0,141.0,4.0,0.0,0.0,1.0,16.0,8.0,2.0,1.0,0.0,23.0
102,2025,10,0.0,1.0,0.0,0.0,0.0,58.0,0.0,9.0,1.0,0.0,48.0,0.0,9.0,3.0,0.0,0.0,0.0,27.0,5.0,0.0,3.0,0.0,0.0,42.0,26.0,101.0,0.0,0.0,2.0,0.0,0.0,0.0,0.0,0.0,30.0,0.0,0.0,10.0,1.0,0.0,1.0,0.0,0.0,1.0,6.0,3.0,79.0,5.0,0.0,2.0,1.0,12.0,10.0,2.0,1.0,0.0,23.0
102,2025,11,0.0,2.0,0.0,0.0,1.0,56.0,0.0,3.0,0.0,0.0,36.0,1.0,6.0,4.0,0.0,0.0,0.0,22.0,3.0,0.0,4.0,0.0,0.0,25.0,19.0,80.0,0.0,0.0,3.0,0.0,0.0,0.0,0.0,0.0,24.0,0.0,0.0,12.0,2.0,0.0,0.0,0.0,0.0,2.0,1.0,1.0,85.0,3.0,0.0,1.0,0.0,8.0,17.0,2.0,0.0,0.0,14.0
102,2025,12,0.0,2.0,0.0,0.0,0.0,65.0,0.0,9.0,2.0,0.0,36.0,1.0,4.0,3.0,0.0,0.0,0.0,24.0,5.0,0.0,1.0,0.0,0.0,16.0,24.0,69.0,0.0,0.0,3.0,0.0,0.0,0.0,0.0,0.0,20.0,0.0,0.0,6.0,1.0,0.0,0.0,0.0,0.0,4.0,2.0,0.0,96.0,5.0,0.0,0.0,0.0,12.0,16.0,1.0,1.0,0.0,25.0
103,2024,1,0.0,0.0,0.0,0.0,0.0,0.0,0.0,0.0,0.0,0.0,0.0,1.0,0.0,1.0,0.0,0.0,0.0,0.0,0.0,0.0,1.0,0.0,0.0,2.0,0.0,2.0,0.0,0.0,0.0,0.0,0.0,0.0,0.0,0.0,0.0,0.0,0.0,1.0,0.0,0.0,0.0,0.0,0.0,0.0,0.0,0.0,0.0,0.0,0.0,0.0,0.0,0.0,0.0,0.0,0.0,0.0,0.0
103,2024,2,0.0,0.0,0.0,0.0,0.0,0.0,0.0,0.0,0.0,0.0,0.0,0.0,2.0,0.0,0.0,0.0,0.0,1.0,0.0,0.0,0.0,0.0,0.0,2.0,0.0,0.0,0.0,0.0,0.0,0.0,0.0,0.0,0.0,0.0,0.0,0.0,0.0,1.0,0.0,0.0,0.0,0.0,0.0,0.0,0.0,0.0,0.0,0.0,0.0,0.0,0.0,1.0,1.0,0.0,0.0,0.0,0.0
103,2024,3,0.0,0.0,0.0,0.0,0.0,0.0,0.0,0.0,0.0,0.0,0.0,0.0,0.0,0.0,0.0,0.0,0.0,0.0,0.0,0.0,1.0,0.0,0.0,0.0,0.0,1.0,0.0,0.0,0.0,0.0,0.0,0.0,0.0,0.0,0.0,0.0,0.0,0.0,0.0,0.0,0.0,0.0,0.0,0.0,0.0,0.0,0.0,0.0,0.0,0.0,0.0,0.0,0.0,0.0,0.0,0.0,0.0
103,2024,4,0.0,0.0,0.0,0.0,0.0,1.0,0.0,0.0,0.0,0.0,0.0,0.0,0.0,0.0,0.0,0.0,0.0,1.0,2.0,0.0,0.0,0.0,0.0,0.0,0.0,0.0,0.0,0.0,0.0,0.0,0.0,0.0,0.0,0.0,0.0,0.0,0.0,1.0,0.0,0.0,0.0,0.0,0.0,0.0,0.0,0.0,0.0,0.0,1.0,0.0,0.0,0.0,1.0,0.0,0.0,0.0,0.0
103,2024,5,0.0,0.0,0.0,0.0,0.0,1.0,0.0,0.0,0.0,0.0,0.0,0.0,0.0,0.0,0.0,0.0,0.0,0.0,0.0,0.0,0.0,0.0,0.0,0.0,0.0,1.0,0.0,0.0,0.0,0.0,0.0,0.0,0.0,0.0,0.0,0.0,0.0,0.0,0.0,0.0,0.0,0.0,0.0,0.0,0.0,0.0,0.0,0.0,0.0,0.0,0.0,0.0,1.0,1.0,0.0,0.0,0.0
103,2024,6,0.0,0.0,0.0,0.0,0.0,1.0,0.0,0.0,0.0,0.0,1.0,0.0,0.0,0.0,0.0,0.0,0.0,1.0,0.0,0.0,0.0,0.0,0.0,2.0,0.0,0.0,0.0,0.0,0.0,0.0,0.0,0.0,0.0,0.0,0.0,0.0,0.0,1.0,0.0,0.0,0.0,0.0,0.0,0.0,1.0,0.0,3.0,0.0,0.0,0.0,0.0,0.0,0.0,0.0,0.0,0.0,0.0
103,2024,7,0.0,0.0,0.0,0.0,0.0,3.0,0.0,0.0,0.0,0.0,0.0,0.0,0.0,0.0,0.0,0.0,0.0,0.0,0.0,0.0,0.0,0.0,0.0,1.0,0.0,0.0,0.0,0.0,0.0,0.0,0.0,0.0,0.0,0.0,0.0,0.0,0.0,1.0,0.0,0.0,0.0,0.0,0.0,0.0,0.0,0.0,3.0,0.0,0.0,1.0,0.0,0.0,0.0,0.0,0.0,0.0,0.0
103,2024,8,0.0,0.0,0.0,0.0,0.0,0.0,0.0,0.0,0.0,0.0,0.0,0.0,0.0,0.0,0.0,0.0,0.0,0.0,0.0,0.0,0.0,0.0,0.0,2.0,0.0,1.0,0.0,0.0,0.0,0.0,0.0,0.0,0.0,0.0,1.0,0.0,0.0,0.0,0.0,0.0,0.0,0.0,0.0,1.0,0.0,0.0,3.0,0.0,0.0,0.0,0.0,0.0,1.0,1.0,0.0,0.0,0.0
103,2024,9,0.0,0.0,0.0,0.0,0.0,4.0,0.0,0.0,0.0,0.0,0.0,0.0,1.0,0.0,0.0,0.0,0.0,1.0,0.0,0.0,0.0,0.0,0.0,1.0,0.0,1.0,0.0,0.0,0.0,0.0,0.0,0.0,0.0,0.0,0.0,0.0,0.0,3.0,0.0,0.0,0.0,0.0,0.0,0.0,0.0,0.0,5.0,0.0,0.0,0.0,0.0,0.0,4.0,0.0,0.0,0.0,0.0
103,2024,10,0.0,0.0,0.0,0.0,0.0,2.0,0.0,1.0,0.0,0.0,0.0,0.0,1.0,0.0,0.0,0.0,0.0,0.0,0.0,0.0,0.0,0.0,0.0,0.0,1.0,3.0,0.0,0.0,0.0,0.0,0.0,0.0,0.0,0.0,0.0,0.0,0.0,0.0,0.0,0.0,0.0,0.0,0.0,0.0,0.0,0.0,4.0,0.0,0.0,0.0,0.0,0.0,1.0,1.0,0.0,0.0,0.0
103,2024,11,0.0,0.0,0.0,0.0,0.0,2.0,0.0,1.0,0.0,0.0,1.0,0.0,1.0,0.0,0.0,0.0,0.0,1.0,0.0,0.0,0.0,0.0,0.0,4.0,1.0,3.0,0.0,0.0,0.0,0.0,0.0,0.0,0.0,0.0,1.0,0.0,0.0,1.0,0.0,0.0,0.0,0.0,0.0,0.0,1.0,0.0,3.0,0.0,0.0,0.0,1.0,0.0,1.0,2.0,0.0,0.0,0.0
103,2024,12,0.0,0.0,0.0,0.0,0.0,3.0,0.0,2.0,0.0,0.0,4.0,0.0,0.0,0.0,0.0,0.0,0.0,4.0,0.0,0.0,0.0,0.0,0.0,8.0,3.0,7.0,0.0,0.0,0.0,0.0,0.0,0.0,0.0,0.0,1.0,0.0,0.0,6.0,0.0,0.0,0.0,0.0,0.0,0.0,1.0,0.0,27.0,0.0,1.0,0.0,1.0,0.0,1.0,0.0,1.0,0.0,0.0
103,2025,1,0.0,15.0,0.0,0.0,0.0,98.0,0.0,19.0,1.0,1.0,71.0,9.0,83.0,17.0,0.0,0.0,0.0,60.0,11.0,0.0,10.0,0.0,2.0,44.0,14.0,127.0,0.0,0.0,3.0,0.0,0.0,0.0,0.0,0.0,54.0,1.0,0.0,36.0,27.0,1.0,0.0,15.0,0.0,72.0,5.0,3.0,142.0,0.0,4.0,2.0,5.0,29.0,18.0,2.0,0.0,0.0,64.0
103,2025,2,0.0,8.0,0.0,0.0,0.0,82.0,0.0,11.0,0.0,2.0,57.0,5.0,70.0,16.0,0.0,0.0,0.0,54.0,6.0,0.0,4.0,0.0,0.0,33.0,14.0,117.0,0.0,0.0,2.0,0.0,0.0,0.0,0.0,0.0,38.0,0.0,0.0,27.0,13.0,1.0,3.0,10.0,0.0,80.0,9.0,1.0,163.0,0.0,1.0,1.0,1.0,20.0,20.0,1.0,2.0,0.0,46.0
103,2025,3,0.0,9.0,0.0,0.0,1.0,75.0,0.0,24.0,0.0,0.0,53.0,3.0,74.0,15.0,0.0,0.0,0.0,51.0,7.0,0.0,1.0,0.0,0.0,42.0,16.0,137.0,0.0,0.0,3.0,0.0,0.0,0.0,0.0,0.0,47.0,1.0,0.0,39.0,16.0,2.0,2.0,14.0,0.0,89.0,5.0,0.0,177.0,0.0,2.0,4.0,2.0,19.0,23.0,2.0,0.0,0.0,52.0
103,2025,4,0.0,8.0,0.0,0.0,1.0,113.0,1.0,15.0,0.0,0.0,63.0,2.0,76.0,13.0,0.0,0.0,0.0,61.0,3.0,0.0,2.0,0.0,0.0,36.0,14.0,157.0,0.0,0.0,2.0,0.0,0.0,0.0,0.0,0.0,39.0,0.0,0.0,28.0,16.0,0.0,1.0,9.0,0.0,74.0,6.0,2.0,147.0,1.0,0.0,5.0,1.0,21.0,33.0,2.0,0.0,0.0,55.0
103,2025,5,0.0,9.0,0.0,0.0,0.0,122.0,0.0,20.0,1.0,0.0,55.0,10.0,85.0,23.0,0.0,0.0,0.0,77.0,13.0,0.0,6.0,0.0,0.0,48.0,16.0,157.0,0.0,0.0,4.0,0.0,0.0,0.0,0.0,0.0,56.0,0.0,1.0,27.0,20.0,0.0,0.0,6.0,0.0,78.0,5.0,1.0,175.0,1.0,1.0,1.0,7.0,47.0,57.0,5.0,5.0,0.0,56.0
103,2025,6,0.0,6.0,0.0,0.0,1.0,122.0,0.0,23.0,2.0,0.0,46.0,2.0,78.0,27.0,0.0,0.0,0.0,67.0,12.0,1.0,2.0,0.0,0.0,51.0,23.0,178.0,0.0,0.0,6.0,0.0,0.0,0.0,0.0,0.0,48.0,1.0,0.0,35.0,18.0,0.0,0.0,7.0,0.0,67.0,8.0,2.0,157.0,3.0,2.0,3.0,7.0,26.0,57.0,4.0,2.0,0.0,62.0
103,2025,7,0.0,6.0,0.0,0.0,2.0,124.0,1.0,23.0,2.0,0.0,62.0,7.0,100.0,21.0,0.0,0.0,0.0,63.0,11.0,0.0,7.0,0.0,1.0,58.0,19.0,202.0,0.0,0.0,2.0,0.0,0.0,0.0,0.0,0.0,60.0,1.0,0.0,28.0,26.0,0.0,2.0,4.0,0.0,43.0,9.0,0.0,170.0,2.0,5.0,4.0,9.0,39.0,37.0,7.0,1.0,0.0,59.0
103,2025,8,0.0,2.0,1.0,0.0,1.0,126.0,0.0,11.0,0.0,1.0,56.0,15.0,57.0,19.0,1.0,0.0,0.0,61.0,12.0,0.0,4.0,0.0,2.0,53.0,14.0,143.0,0.0,0.0,2.0,0.0,0.0,0.0,0.0,0.0,58.0,0.0,0.0,31.0,24.0,1.0,1.0,4.0,0.0,38.0,9.0,1.0,149.0,0.0,0.0,1.0,4.0,38.0,54.0,3.0,2.0,0.0,48.0
103,2025,9,0.0,4.0,0.0,0.0,1.0,104.0,1.0,22.0,0.0,0.0,55.0,7.0,84.0,16.0,3.0,0.0,0.0,54.0,8.0,0.0,5.0,0.0,1.0,61.0,29.0,152.0,0.0,0.0,5.0,0.0,0.0,0.0,0.0,0.0,49.0,0.0,0.0,28.0,25.0,0.0,1.0,4.0,0.0,30.0,6.0,3.0,166.0,0.0,2.0,3.0,4.0,37.0,35.0,4.0,4.0,1.0,42.0
103,2025,10,0.0,10.0,0.0,0.0,1.0,99.0,0.0,11.0,0.0,0.0,55.0,3.0,82.0,18.0,0.0,0.0,0.0,58.0,6.0,0.0,3.0,0.0,0.0,50.0,15.0,149.0,1.0,0.0,4.0,0.0,0.0,0.0,0.0,0.0,52.0,2.0,0.0,37.0,19.0,0.0,0.0,3.0,0.0,44.0,7.0,2.0,176.0,2.0,3.0,2.0,1.0,46.0,21.0,1.0,1.0,0.0,55.0
103,2025,11,0.0,12.0,0.0,0.0,0.0,92.0,1.0,24.0,2.0,0.0,58.0,12.0,67.0,14.0,0.0,0.0,0.0,77.0,11.0,0.0,2.0,0.0,0.0,46.0,14.0,124.0,0.0,0.0,3.0,0.0,0.0,0.0,0.0,0.0,38.0,0.0,0.0,38.0,18.0,0.0,0.0,7.0,0.0,46.0,12.0,0.0,152.0,0.0,4.0,2.0,2.0,29.0,30.0,6.0,2.0,0.0,45.0
103,2025,12,0.0,9.0,0.0,0.0,0.0,85.0,0.0,15.0,1.0,0.0,51.0,5.0,60.0,13.0,0.0,0.0,0.0,58.0,8.0,0.0,3.0,0.0,0.0,47.0,15.0,117.0,0.0,0.0,4.0,0.0,0.0,0.0,0.0,0.0,45.0,1.0,0.0,19.0,14.0,0.0,3.0,4.0,0.0,52.0,4.0,1.0,174.0,1.0,2.0,1.0,1.0,25.0,34.0,1.0,0.0,0.0,61.0
104,2024,1,0.0,0.0,0.0,0.0,0.0,0.0,0.0,0.0,0.0,0.0,0.0,0.0,0.0,0.0,0.0,0.0,0.0,0.0,0.0,0.0,0.0,0.0,0.0,2.0,1.0,3.0,0.0,0.0,0.0,0.0,0.0,0.0,0.0,0.0,0.0,0.0,0.0,0.0,0.0,0.0,0.0,0.0,0.0,0.0,0.0,0.0,1.0,0.0,0.0,0.0,0.0,0.0,1.0,0.0,0.0,0.0,0.0
104,2024,2,0.0,0.0,0.0,0.0,0.0,0.0,0.0,0.0,0.0,0.0,0.0,0.0,0.0,0.0,0.0,0.0,0.0,0.0,0.0,0.0,0.0,0.0,0.0,0.0,0.0,1.0,0.0,0.0,0.0,0.0,0.0,0.0,0.0,0.0,0.0,0.0,0.0,1.0,0.0,0.0,0.0,0.0,0.0,0.0,0.0,0.0,0.0,0.0,0.0,0.0,0.0,0.0,0.0,0.0,0.0,0.0,0.0
104,2024,3,0.0,0.0,0.0,0.0,0.0,2.0,0.0,0.0,0.0,0.0,0.0,0.0,0.0,0.0,0.0,0.0,0.0,0.0,0.0,0.0,0.0,0.0,0.0,1.0,0.0,2.0,0.0,0.0,0.0,0.0,0.0,0.0,0.0,0.0,0.0,0.0,0.0,0.0,0.0,0.0,0.0,0.0,0.0,0.0,0.0,0.0,0.0,0.0,0.0,0.0,0.0,0.0,0.0,1.0,0.0,0.0,0.0
104,2024,4,0.0,0.0,0.0,0.0,0.0,0.0,0.0,0.0,0.0,0.0,0.0,0.0,0.0,0.0,0.0,0.0,0.0,0.0,0.0,0.0,0.0,0.0,0.0,3.0,0.0,0.0,0.0,0.0,0.0,0.0,0.0,0.0,0.0,0.0,0.0,0.0,0.0,0.0,0.0,0.0,0.0,0.0,0.0,0.0,0.0,0.0,0.0,0.0,0.0,0.0,0.0,0.0,0.0,0.0,0.0,0.0,0.0
104,2024,5,0.0,0.0,0.0,0.0,0.0,0.0,0.0,0.0,0.0,0.0,0.0,0.0,0.0,0.0,0.0,0.0,0.0,0.0,2.0,0.0,0.0,0.0,0.0,2.0,0.0,3.0,0.0,0.0,0.0,0.0,0.0,0.0,0.0,0.0,0.0,0.0,0.0,0.0,0.0,0.0,0.0,0.0,0.0,0.0,0.0,0.0,0.0,0.0,0.0,0.0,1.0,0.0,0.0,0.0,0.0,0.0,0.0
104,2024,6,0.0,0.0,0.0,0.0,0.0,0.0,0.0,0.0,0.0,0.0,0.0,0.0,0.0,0.0,0.0,0.0,0.0,0.0,0.0,0.0,0.0,0.0,0.0,0.0,0.0,1.0,0.0,0.0,0.0,0.0,0.0,0.0,0.0,0.0,0.0,0.0,0.0,0.0,0.0,0.0,0.0,0.0,0.0,0.0,0.0,0.0,1.0,0.0,0.0,0.0,2.0,0.0,0.0,1.0,0.0,0.0,0.0
104,2024,7,0.0,0.0,0.0,0.0,0.0,2.0,0.0,0.0,0.0,0.0,0.0,0.0,0.0,0.0,0.0,0.0,0.0,0.0,1.0,0.0,0.0,0.0,0.0,0.0,0.0,1.0,0.0,0.0,0.0,0.0,0.0,0.0,0.0,0.0,0.0,0.0,0.0,0.0,0.0,0.0,0.0,0.0,0.0,0.0,0.0,0.0,0.0,0.0,0.0,0.0,0.0,0.0,0.0,0.0,0.0,0.0,0.0
104,2024,8,0.0,0.0,0.0,0.0,0.0,0.0,0.0,0.0,0.0,0.0,1.0,0.0,0.0,0.0,0.0,0.0,0.0,1.0,0.0,0.0,0.0,0.0,0.0,1.0,0.0,2.0,0.0,0.0,0.0,0.0,0.0,0.0,0.0,0.0,0.0,0.0,0.0,0.0,0.0,0.0,0.0,0.0,0.0,0.0,0.0,0.0,1.0,0.0,0.0,0.0,0.0,0.0,1.0,0.0,0.0,0.0,0.0
104,2024,9,0.0,0.0,0.0,0.0,0.0,0.0,0.0,0.0,0.0,0.0,0.0,0.0,0.0,0.0,0.0,0.0,0.0,0.0,0.0,0.0,0.0,0.0,0.0,1.0,0.0,1.0,0.0,0.0,0.0,0.0,0.0,0.0,0.0,0.0,0.0,0.0,0.0,2.0,0.0,0.0,0.0,0.0,0.0,0.0,0.0,0.0,1.0,0.0,0.0,0.0,0.0,0.0,2.0,0.0,0.0,0.0,0.0
104,2024,10,0.0,0.0,0.0,0.0,0.0,0.0,0.0,0.0,0.0,0.0,0.0,0.0,0.0,0.0,0.0,0.0,0.0,0.0,0.0,0.0,0.0,0.0,0.0,2.0,0.0,2.0,0.0,0.0,0.0,0.0,0.0,0.0,0.0,0.0,0.0,0.0,0.0,0.0,0.0,0.0,0.0,0.0,0.0,0.0,0.0,0.0,2.0,0.0,0.0,0.0,0.0,0.0,1.0,2.0,0.0,0.0,0.0
104,2024,11,0.0,0.0,0.0,0.0,0.0,0.0,0.0,0.0,0.0,0.0,0.0,0.0,0.0,0.0,0.0,0.0,0.0,0.0,2.0,0.0,0.0,0.0,0.0,3.0,1.0,3.0,0.0,0.0,0.0,0.0,0.0,0.0,0.0,0.0,1.0,0.0,0.0,0.0,0.0,0.0,0.0,0.0,0.0,0.0,0.0,0.0,5.0,1.0,0.0,0.0,0.0,0.0,2.0,0.0,0.0,0.0,0.0
104,2024,12,0.0,0.0,0.0,0.0,0.0,2.0,0.0,0.0,0.0,0.0,0.0,0.0,0.0,0.0,0.0,0.0,0.0,1.0,3.0,0.0,1.0,0.0,0.0,10.0,1.0,7.0,0.0,0.0,0.0,0.0,0.0,0.0,0.0,0.0,0.0,0.0,0.0,1.0,0.0,0.0,0.0,0.0,0.0,0.0,0.0,0.0,11.0,0.0,0.0,0.0,1.0,0.0,1.0,3.0,0.0,0.0,0.0
104,2025,1,0.0,1.0,0.0,0.0,1.0,53.0,0.0,10.0,0.0,0.0,45.0,1.0,7.0,3.0,1.0,0.0,0.0,21.0,16.0,0.0,0.0,0.0,0.0,46.0,17.0,81.0,0.0,0.0,2.0,0.0,0.0,0.0,0.0,0.0,18.0,0.0,0.0,6.0,3.0,0.0,1.0,0.0,0.0,3.0,2.0,1.0,113.0,2.0,3.0,0.0,1.0,10.0,1.0,4.0,0.0,0.0,30.0
104,2025,2,0.0,2.0,3.0,0.0,1.0,41.0,0.0,17.0,0.0,0.0,37.0,4.0,7.0,3.0,0.0,0.0,0.0,23.0,16.0,0.0,3.0,0.0,0.0,43.0,7.0,72.0,0.0,0.0,4.0,0.0,0.0,1.0,0.0,0.0,14.0,0.0,0.0,14.0,3.0,0.0,1.0,0.0,0.0,2.0,4.0,2.0,86.0,2.0,1.0,0.0,5.0,5.0,8.0,8.0,2.0,0.0,20.0
104,2025,3,0.0,3.0,0.0,0.0,0.0,51.0,0.0,24.0,0.0,0.0,44.0,3.0,3.0,4.0,0.0,0.0,0.0,25.0,16.0,0.0,2.0,0.0,0.0,57.0,29.0,92.0,0.0,0.0,3.0,0.0,0.0,0.0,0.0,0.0,36.0,0.0,0.0,13.0,0.0,0.0,0.0,0.0,0.0,2.0,3.0,0.0,94.0,1.0,9.0,0.0,2.0,15.0,6.0,8.0,1.0,0.0,37.0
104,2025,4,0.0,4.0,1.0,0.0,0.0,56.0,0.0,14.0,0.0,0.0,34.0,9.0,4.0,3.0,0.0,0.0,0.0,28.0,15.0,0.0,1.0,0.0,0.0,51.0,42.0,106.0,0.0,0.0,6.0,0.0,0.0,0.0,0.0,0.0,31.0,1.0,0.0,10.0,4.0,0.0,0.0,0.0,0.0,4.0,4.0,1.0,96.0,4.0,2.0,1.0,2.0,10.0,12.0,6.0,0.0,0.0,22.0
104,2025,5,0.0,1.0,0.0,0.0,0.0,72.0,0.0,12.0,0.0,0.0,40.0,5.0,3.0,2.0,0.0,0.0,0.0,40.0,11.0,0.0,2.0,0.0,0.0,68.0,25.0,109.0,0.0,0.0,4.0,0.0,0.0,1.0,0.0,0.0,35.0,0.0,0.0,10.0,4.0,0.0,2.0,0.0,0.0,3.0,2.0,0.0,107.0,2.0,3.0,0.0,3.0,16.0,10.0,4.0,3.0,0.0,17.0
104,2025,6,0.0,2.0,0.0,0.0,1.0,70.0,0.0,9.0,0.0,0.0,41.0,8.0,4.0,3.0,0.0,0.0,0.0,28.0,12.0,0.0,0.0,0.0,0.0,38.0,29.0,104.0,0.0,0.0,3.0,0.0,0.0,0.0,0.0,0.0,41.0,1.0,0.0,13.0,6.0,0.0,2.0,1.0,0.0,4.0,5.0,0.0,98.0,7.0,9.0,0.0,2.0,14.0,8.0,3.0,1.0,0.0,31.0
104,2025,7,0.0,4.0,0.0,0.0,1.0,54.0,0.0,14.0,0.0,0.0,51.0,3.0,3.0,4.0,0.0,0.0,0.0,26.0,8.0,0.0,1.0,0.0,0.0,71.0,48.0,84.0,0.0,0.0,2.0,0.0,0.0,0.0,0.0,0.0,32.0,2.0,0.0,9.0,1.0,0.0,1.0,1.0,0.0,2.0,1.0,1.0,106.0,3.0,3.0,0.0,3.0,10.0,12.0,1.0,4.0,0.0,31.0
104,2025,8,0.0,2.0,1.0,0.0,0.0,72.0,0.0,16.0,1.0,0.0,50.0,7.0,3.0,2.0,0.0,0.0,0.0,17.0,8.0,0.0,4.0,0.0,0.0,62.0,45.0,93.0,0.0,0.0,7.0,0.0,0.0,0.0,0.0,0.0,33.0,1.0,0.0,16.0,3.0,0.0,0.0,1.0,0.0,2.0,0.0,3.0,124.0,5.0,0.0,0.0,1.0,17.0,7.0,4.0,2.0,0.0,29.0
104,2025,9,0.0,1.0,0.0,0.0,0.0,81.0,1.0,14.0,0.0,0.0,40.0,7.0,6.0,4.0,0.0,0.0,0.0,15.0,9.0,0.0,4.0,0.0,0.0,75.0,45.0,85.0,0.0,0.0,4.0,0.0,0.0,0.0,0.0,0.0,12.0,0.0,0.0,7.0,0.0,0.0,0.0,0.0,0.0,1.0,0.0,1.0,149.0,7.0,5.0,0.0,0.0,18.0,9.0,2.0,3.0,0.0,19.0
104,2025,10,0.0,3.0,0.0,0.0,0.0,71.0,0.0,14.0,0.0,0.0,55.0,4.0,5.0,5.0,0.0,0.0,0.0,22.0,6.0,0.0,1.0,0.0,0.0,73.0,37.0,103.0,0.0,0.0,5.0,0.0,0.0,0.0,0.0,0.0,30.0,0.0,0.0,10.0,3.0,0.0,0.0,0.0,0.0,2.0,8.0,0.0,135.0,2.0,4.0,0.0,2.0,14.0,5.0,2.0,1.0,0.0,27.0
104,2025,11,0.0,1.0,1.0,0.0,0.0,68.0,0.0,13.0,0.0,0.0,32.0,5.0,4.0,3.0,0.0,0.0,0.0,22.0,9.0,0.0,3.0,0.0,0.0,49.0,34.0,90.0,0.0,0.0,7.0,0.0,0.0,0.0,0.0,0.0,20.0,0.0,0.0,12.0,7.0,0.0,0.0,0.0,0.0,1.0,2.0,1.0,122.0,5.0,2.0,1.0,1.0,14.0,8.0,3.0,0.0,0.0,27.0
104,2025,12,0.0,2.0,0.0,0.0,0.0,50.0,0.0,9.0,0.0,0.0,25.0,2.0,4.0,0.0,0.0,0.0,0.0,26.0,8.0,0.0,2.0,0.0,0.0,39.0,24.0,84.0,0.0,0.0,5.0,0.0,0.0,0.0,0.0,0.0,26.0,0.0,0.0,9.0,6.0,0.0,0.0,0.0,0.0,0.0,3.0,0.0,99.0,4.0,2.0,0.0,2.0,16.0,6.0,3.0,3.0,0.0,26.0
105,2024,1,0.0,0.0,0.0,0.0,0.0,0.0,0.0,0.0,0.0,0.0,0.0,0.0,0.0,0.0,0.0,0.0,0.0,0.0,0.0,0.0,0.0,0.0,0.0,0.0,0.0,2.0,0.0,0.0,0.0,0.0,0.0,0.0,0.0,0.0,0.0,0.0,0.0,3.0,0.0,0.0,0.0,0.0,0.0,0.0,0.0,0.0,0.0,0.0,0.0,0.0,0.0,0.0,0.0,1.0,0.0,0.0,0.0
105,2024,2,0.0,0.0,0.0,0.0,0.0,0.0,0.0,0.0,0.0,0.0,0.0,0.0,0.0,0.0,0.0,0.0,0.0,0.0,0.0,0.0,0.0,0.0,0.0,0.0,0.0,0.0,0.0,0.0,0.0,0.0,0.0,0.0,0.0,0.0,0.0,0.0,0.0,1.0,0.0,0.0,0.0,0.0,0.0,0.0,0.0,0.0,0.0,0.0,0.0,0.0,0.0,0.0,0.0,0.0,0.0,0.0,0.0
105,2024,3,0.0,0.0,0.0,0.0,0.0,0.0,0.0,0.0,0.0,0.0,2.0,0.0,0.0,0.0,0.0,0.0,0.0,0.0,0.0,0.0,0.0,0.0,0.0,1.0,0.0,0.0,0.0,0.0,0.0,0.0,0.0,0.0,0.0,0.0,0.0,0.0,0.0,0.0,0.0,0.0,0.0,0.0,0.0,0.0,0.0,0.0,0.0,0.0,0.0,0.0,0.0,0.0,0.0,0.0,1.0,0.0,1.0
105,2024,5,0.0,0.0,0.0,0.0,0.0,2.0,0.0,0.0,0.0,0.0,0.0,0.0,0.0,0.0,0.0,0.0,0.0,0.0,0.0,0.0,0.0,0.0,0.0,0.0,0.0,0.0,0.0,0.0,0.0,0.0,0.0,0.0,0.0,0.0,0.0,0.0,0.0,0.0,0.0,0.0,0.0,0.0,0.0,0.0,0.0,0.0,0.0,0.0,0.0,0.0,0.0,0.0,0.0,0.0,0.0,0.0,0.0
105,2024,6,0.0,0.0,0.0,0.0,0.0,0.0,0.0,0.0,0.0,0.0,0.0,0.0,0.0,0.0,0.0,0.0,0.0,0.0,0.0,0.0,0.0,0.0,0.0,0.0,0.0,0.0,0.0,0.0,0.0,0.0,0.0,0.0,0.0,0.0,0.0,0.0,0.0,1.0,0.0,0.0,0.0,0.0,0.0,0.0,0.0,0.0,1.0,0.0,0.0,0.0,0.0,0.0,0.0,0.0,0.0,0.0,0.0
105,2024,7,0.0,0.0,0.0,0.0,0.0,1.0,0.0,0.0,0.0,0.0,0.0,0.0,1.0,0.0,0.0,0.0,0.0,0.0,0.0,0.0,0.0,0.0,0.0,0.0,0.0,1.0,0.0,0.0,0.0,0.0,0.0,0.0,0.0,0.0,0.0,0.0,0.0,1.0,0.0,0.0,0.0,0.0,0.0,0.0,0.0,0.0,0.0,0.0,0.0,0.0,0.0,0.0,0.0,0.0,0.0,0.0,0.0
105,2024,8,0.0,0.0,0.0,0.0,0.0,0.0,0.0,0.0,0.0,0.0,0.0,0.0,0.0,0.0,0.0,0.0,0.0,0.0,0.0,0.0,0.0,0.0,0.0,1.0,0.0,0.0,0.0,0.0,0.0,0.0,0.0,0.0,0.0,0.0,0.0,0.0,0.0,0.0,0.0,0.0,0.0,0.0,0.0,0.0,0.0,0.0,0.0,0.0,0.0,0.0,0.0,0.0,0.0,0.0,0.0,0.0,1.0
105,2024,9,0.0,0.0,0.0,0.0,0.0,0.0,0.0,0.0,0.0,0.0,0.0,0.0,0.0,0.0,0.0,0.0,0.0,0.0,0.0,0.0,0.0,0.0,0.0,2.0,0.0,0.0,0.0,0.0,0.0,0.0,0.0,0.0,0.0,0.0,1.0,0.0,0.0,4.0,0.0,0.0,0.0,0.0,0.0,0.0,0.0,0.0,0.0,0.0,0.0,0.0,0.0,0.0,0.0,0.0,0.0,0.0,0.0
105,2024,10,0.0,0.0,0.0,0.0,0.0,1.0,0.0,0.0,0.0,0.0,0.0,0.0,0.0,0.0,0.0,0.0,0.0,0.0,0.0,0.0,0.0,0.0,0.0,1.0,0.0,2.0,0.0,0.0,0.0,0.0,0.0,0.0,0.0,0.0,1.0,0.0,0.0,1.0,0.0,0.0,0.0,0.0,0.0,0.0,0.0,0.0,2.0,0.0,0.0,0.0,0.0,0.0,1.0,0.0,0.0,0.0,0.0
105,2024,11,0.0,0.0,0.0,0.0,0.0,2.0,0.0,0.0,0.0,0.0,1.0,0.0,0.0,0.0,0.0,0.0,0.0,0.0,0.0,0.0,0.0,0.0,0.0,3.0,1.0,0.0,0.0,0.0,0.0,0.0,0.0,0.0,0.0,0.0,0.0,0.0,0.0,1.0,0.0,0.0,0.0,0.0,0.0,0.0,0.0,0.0,4.0,0.0,0.0,0.0,0.0,0.0,1.0,0.0,0.0,0.0,0.0
105,2024,12,0.0,0.0,0.0,0.0,0.0,3.0,0.0,0.0,0.0,0.0,3.0,0.0,1.0,0.0,0.0,0.0,0.0,2.0,0.0,0.0,0.0,0.0,0.0,4.0,2.0,3.0,0.0,0.0,0.0,0.0,0.0,0.0,0.0,0.0,1.0,0.0,0.0,6.0,0.0,0.0,0.0,0.0,0.0,0.0,0.0,0.0,9.0,0.0,0.0,0.0,0.0,0.0,1.0,2.0,1.0,0.0,0.0
105,2025,1,0.0,3.0,0.0,0.0,0.0,56.0,0.0,20.0,0.0,0.0,38.0,3.0,5.0,6.0,0.0,0.0,0.0,22.0,3.0,0.0,0.0,0.0,0.0,41.0,11.0,83.0,0.0,0.0,5.0,0.0,0.0,0.0,0.0,0.0,27.0,1.0,0.0,24.0,2.0,0.0,4.0,3.0,0.0,0.0,5.0,1.0,55.0,0.0,2.0,0.0,3.0,9.0,17.0,3.0,3.0,0.0,50.0
105,2025,2,0.0,0.0,0.0,0.0,0.0,40.0,0.0,5.0,0.0,1.0,25.0,4.0,2.0,8.0,0.0,0.0,0.0,11.0,5.0,0.0,1.0,0.0,0.0,26.0,13.0,61.0,0.0,0.0,5.0,0.0,0.0,0.0,0.0,0.0,20.0,0.0,0.0,30.0,6.0,1.0,0.0,2.0,0.0,2.0,3.0,1.0,45.0,0.0,0.0,0.0,1.0,6.0,14.0,2.0,3.0,0.0,47.0
105,2025,3,0.0,2.0,0.0,0.0,0.0,54.0,0.0,17.0,0.0,0.0,33.0,5.0,3.0,5.0,0.0,0.0,0.0,19.0,9.0,0.0,4.0,0.0,0.0,29.0,19.0,68.0,0.0,0.0,5.0,0.0,0.0,1.0,0.0,0.0,19.0,0.0,0.0,16.0,1.0,1.0,0.0,0.0,0.0,0.0,4.0,1.0,34.0,0.0,1.0,0.0,0.0,8.0,13.0,2.0,2.0,0.0,30.0
105,2025,4,0.0,0.0,0.0,0.0,0.0,55.0,0.0,12.0,0.0,0.0,29.0,1.0,6.0,10.0,0.0,0.0,0.0,19.0,9.0,0.0,2.0,0.0,0.0,32.0,14.0,81.0,0.0,0.0,5.0,0.0,0.0,0.0,0.0,0.0,27.0,0.0,0.0,18.0,4.0,0.0,1.0,2.0,0.0,0.0,3.0,0.0,37.0,0.0,2.0,0.0,0.0,7.0,14.0,5.0,5.0,0.0,56.0
105,2025,5,0.0,2.0,0.0,0.0,1.0,42.0,0.0,7.0,0.0,0.0,28.0,4.0,1.0,5.0,0.0,0.0,0.0,28.0,2.0,0.0,3.0,0.0,0.0,23.0,22.0,75.0,0.0,0.0,4.0,0.0,0.0,1.0,0.0,0.0,14.0,0.0,0.0,19.0,5.0,0.0,0.0,6.0,0.0,0.0,3.0,0.0,51.0,1.0,2.0,0.0,1.0,6.0,13.0,2.0,2.0,0.0,31.0
105,2025,6,0.0,4.0,0.0,0.0,1.0,45.0,0.0,13.0,0.0,0.0,29.0,2.0,0.0,2.0,1.0,0.0,0.0,11.0,3.0,0.0,4.0,0.0,0.0,27.0,11.0,85.0,0.0,0.0,1.0,0.0,0.0,0.0,0.0,0.0,26.0,0.0,0.0,22.0,2.0,0.0,0.0,2.0,0.0,0.0,4.0,1.0,63.0,0.0,1.0,0.0,3.0,6.0,3.0,0.0,5.0,0.0,19.0
105,2025,7,0.0,2.0,0.0,0.0,0.0,38.0,0.0,11.0,0.0,0.0,37.0,2.0,3.0,2.0,0.0,0.0,0.0,19.0,5.0,0.0,0.0,0.0,0.0,32.0,17.0,88.0,0.0,0.0,3.0,0.0,0.0,1.0,0.0,0.0,18.0,0.0,0.0,12.0,4.0,0.0,1.0,0.0,0.0,0.0,1.0,1.0,48.0,0.0,1.0,1.0,1.0,4.0,11.0,1.0,2.0,0.0,15.0
105,2025,8,0.0,2.0,0.0,0.0,1.0,31.0,0.0,11.0,0.0,0.0,34.0,3.0,4.0,5.0,0.0,0.0,0.0,22.0,2.0,0.0,1.0,0.0,0.0,40.0,19.0,94.0,0.0,0.0,3.0,0.0,0.0,1.0,0.0,0.0,17.0,0.0,0.0,24.0,4.0,0.0,0.0,1.0,0.0,1.0,2.0,1.0,107.0,0.0,4.0,0.0,3.0,9.0,10.0,3.0,3.0,0.0,22.0
105,2025,9,0.0,2.0,0.0,0.0,0.0,38.0,1.0,6.0,2.0,1.0,27.0,1.0,1.0,4.0,0.0,0.0,0.0,17.0,2.0,0.0,3.0,0.0,0.0,38.0,9.0,82.0,0.0,0.0,5.0,0.0,0.0,0.0,0.0,0.0,23.0,3.0,0.0,13.0,4.0,0.0,2.0,1.0,0.0,0.0,2.0,0.0,65.0,0.0,1.0,0.0,1.0,5.0,13.0,2.0,3.0,0.0,16.0
105,2025,10,0.0,0.0,0.0,0.0,0.0,35.0,2.0,2.0,0.0,0.0,35.0,5.0,3.0,4.0,0.0,0.0,0.0,26.0,0.0,0.0,4.0,0.0,0.0,48.0,23.0,81.0,0.0,0.0,0.0,0.0,0.0,0.0,0.0,0.0,23.0,0.0,0.0,17.0,2.0,0.0,1.0,0.0,0.0,1.0,1.0,1.0,71.0,0.0,2.0,0.0,2.0,10.0,9.0,3.0,1.0,0.0,30.0
105,2025,11,0.0,5.0,0.0,0.0,0.0,36.0,0.0,4.0,2.0,0.0,28.0,3.0,6.0,3.0,0.0,0.0,0.0,17.0,2.0,0.0,0.0,0.0,0.0,31.0,12.0,78.0,0.0,0.0,4.0,0.0,0.0,0.0,0.0,0.0,18.0,0.0,0.0,17.0,2.0,0.0,0.0,1.0,1.0,0.0,2.0,0.0,65.0,0.0,0.0,2.0,0.0,5.0,11.0,2.0,3.0,0.0,26.0
105,2025,12,0.0,0.0,1.0,0.0,0.0,33.0,1.0,9.0,1.0,0.0,24.0,1.0,3.0,3.0,0.0,0.0,0.0,21.0,2.0,0.0,2.0,0.0,1.0,30.0,24.0,76.0,0.0,0.0,5.0,0.0,0.0,0.0,0.0,0.0,15.0,0.0,0.0,18.0,5.0,0.0,2.0,4.0,1.0,0.0,2.0,0.0,52.0,0.0,0.0,0.0,1.0,5.0,11.0,0.0,0.0,0.0,35.0
106,2024,1,0.0,0.0,0.0,0.0,0.0,0.0,0.0,1.0,0.0,0.0,1.0,0.0,0.0,0.0,0.0,0.0,0.0,0.0,0.0,0.0,0.0,0.0,0.0,0.0,0.0,1.0,0.0,0.0,0.0,0.0,0.0,0.0,0.0,0.0,0.0,0.0,0.0,0.0,0.0,0.0,0.0,0.0,0.0,0.0,0.0,0.0,1.0,0.0,0.0,0.0,0.0,0.0,0.0,0.0,0.0,0.0,0.0
106,2024,2,0.0,0.0,0.0,0.0,0.0,0.0,0.0,0.0,0.0,0.0,1.0,0.0,0.0,0.0,0.0,0.0,0.0,0.0,0.0,0.0,1.0,0.0,0.0,1.0,0.0,0.0,0.0,0.0,0.0,0.0,0.0,0.0,0.0,0.0,0.0,0.0,0.0,2.0,0.0,0.0,0.0,0.0,0.0,0.0,0.0,0.0,0.0,0.0,0.0,0.0,1.0,0.0,0.0,1.0,0.0,0.0,0.0
106,2024,3,0.0,0.0,0.0,0.0,0.0,0.0,0.0,0.0,0.0,0.0,0.0,0.0,0.0,0.0,0.0,0.0,0.0,0.0,0.0,0.0,1.0,0.0,0.0,1.0,0.0,0.0,0.0,0.0,0.0,0.0,0.0,0.0,0.0,0.0,0.0,0.0,0.0,2.0,0.0,0.0,0.0,0.0,0.0,0.0,0.0,0.0,0.0,0.0,0.0,0.0,0.0,0.0,1.0,0.0,0.0,0.0,0.0
106,2024,4,0.0,0.0,0.0,0.0,0.0,1.0,0.0,0.0,0.0,0.0,0.0,0.0,0.0,0.0,0.0,0.0,0.0,0.0,0.0,0.0,0.0,0.0,0.0,0.0,0.0,1.0,0.0,0.0,0.0,0.0,0.0,0.0,0.0,0.0,0.0,0.0,0.0,0.0,0.0,0.0,0.0,0.0,0.0,0.0,0.0,0.0,0.0,0.0,0.0,0.0,0.0,0.0,0.0,0.0,0.0,0.0,0.0
106,2024,5,0.0,0.0,0.0,0.0,0.0,0.0,0.0,0.0,0.0,0.0,1.0,0.0,0.0,0.0,0.0,0.0,0.0,0.0,0.0,0.0,0.0,0.0,0.0,3.0,0.0,1.0,0.0,0.0,0.0,0.0,0.0,0.0,0.0,0.0,0.0,0.0,0.0,0.0,0.0,0.0,0.0,0.0,0.0,0.0,0.0,0.0,0.0,0.0,0.0,0.0,0.0,0.0,0.0,0.0,0.0,0.0,0.0
106,2024,6,0.0,0.0,0.0,0.0,0.0,0.0,0.0,0.0,0.0,0.0,0.0,0.0,0.0,0.0,0.0,0.0,0.0,0.0,0.0,0.0,0.0,0.0,0.0,1.0,0.0,0.0,0.0,0.0,0.0,0.0,0.0,0.0,0.0,0.0,0.0,0.0,0.0,0.0,0.0,0.0,0.0,0.0,0.0,0.0,0.0,0.0,0.0,0.0,0.0,0.0,0.0,0.0,0.0,0.0,0.0,0.0,0.0
106,2024,7,0.0,0.0,0.0,0.0,0.0,0.0,0.0,0.0,0.0,0.0,0.0,0.0,0.0,0.0,0.0,0.0,0.0,0.0,1.0,0.0,0.0,0.0,0.0,2.0,0.0,1.0,0.0,0.0,0.0,0.0,0.0,0.0,0.0,0.0,0.0,0.0,0.0,0.0,0.0,0.0,0.0,0.0,0.0,0.0,0.0,0.0,1.0,0.0,0.0,0.0,1.0,0.0,0.0,0.0,0.0,0.0,0.0
106,2024,8,0.0,0.0,0.0,0.0,0.0,0.0,0.0,0.0,0.0,0.0,0.0,0.0,0.0,0.0,0.0,0.0,0.0,1.0,0.0,0.0,0.0,0.0,0.0,2.0,0.0,1.0,0.0,0.0,0.0,0.0,0.0,0.0,0.0,0.0,0.0,0.0,0.0,0.0,1.0,0.0,0.0,0.0,0.0,0.0,0.0,0.0,0.0,0.0,0.0,0.0,0.0,0.0,0.0,1.0,0.0,0.0,0.0
106,2024,9,0.0,0.0,0.0,0.0,0.0,1.0,0.0,0.0,0.0,0.0,0.0,0.0,0.0,0.0,0.0,0.0,0.0,3.0,0.0,0.0,0.0,0.0,0.0,1.0,0.0,0.0,0.0,0.0,0.0,0.0,0.0,0.0,0.0,0.0,0.0,0.0,0.0,0.0,0.0,0.0,0.0,0.0,0.0,0.0,0.0,0.0,1.0,0.0,0.0,0.0,0.0,0.0,1.0,0.0,0.0,0.0,0.0
106,2024,10,0.0,1.0,0.0,0.0,0.0,1.0,0.0,0.0,0.0,0.0,0.0,0.0,0.0,0.0,0.0,0.0,0.0,1.0,0.0,0.0,0.0,0.0,0.0,1.0,0.0,1.0,0.0,0.0,0.0,0.0,0.0,0.0,0.0,0.0,0.0,0.0,0.0,0.0,0.0,0.0,0.0,0.0,0.0,0.0,0.0,0.0,4.0,0.0,0.0,0.0,1.0,0.0,1.0,0.0,0.0,0.0,0.0
106,2024,11,0.0,0.0,0.0,0.0,0.0,1.0,0.0,0.0,0.0,0.0,0.0,0.0,0.0,0.0,0.0,0.0,0.0,1.0,0.0,0.0,0.0,0.0,0.0,3.0,0.0,3.0,0.0,0.0,0.0,0.0,0.0,0.0,0.0,0.0,0.0,0.0,0.0,0.0,0.0,0.0,0.0,0.0,0.0,0.0,0.0,0.0,1.0,0.0,0.0,0.0,0.0,0.0,1.0,1.0,0.0,0.0,0.0
106,2024,12,0.0,0.0,0.0,0.0,1.0,2.0,0.0,0.0,0.0,0.0,3.0,0.0,0.0,0.0,0.0,0.0,0.0,1.0,0.0,0.0,0.0,0.0,0.0,5.0,2.0,3.0,0.0,0.0,0.0,0.0,0.0,0.0,0.0,0.0,0.0,0.0,0.0,2.0,0.0,0.0,0.0,0.0,0.0,0.0,0.0,0.0,16.0,0.0,0.0,0.0,1.0,0.0,1.0,0.0,0.0,0.0,0.0
106,2025,1,0.0,0.0,0.0,0.0,0.0,69.0,0.0,10.0,0.0,0.0,30.0,2.0,6.0,6.0,0.0,0.0,0.0,19.0,0.0,0.0,1.0,0.0,0.0,40.0,16.0,75.0,0.0,0.0,6.0,0.0,0.0,0.0,0.0,0.0,22.0,0.0,0.0,22.0,2.0,1.0,0.0,0.0,0.0,12.0,4.0,0.0,113.0,0.0,1.0,0.0,1.0,20.0,14.0,6.0,2.0,0.0,26.0
106,2025,2,0.0,1.0,0.0,0.0,0.0,45.0,0.0,9.0,0.0,0.0,41.0,5.0,3.0,6.0,0.0,0.0,0.0,37.0,1.0,0.0,0.0,0.0,1.0,39.0,35.0,68.0,0.0,0.0,3.0,0.0,0.0,0.0,0.0,0.0,37.0,1.0,0.0,14.0,3.0,0.0,0.0,0.0,0.0,25.0,1.0,0.0,99.0,1.0,1.0,0.0,2.0,10.0,15.0,4.0,1.0,0.0,15.0
106,2025,3,0.0,16.0,0.0,0.0,0.0,68.0,0.0,8.0,0.0,0.0,53.0,3.0,8.0,6.0,0.0,0.0,0.0,18.0,4.0,0.0,3.0,0.0,0.0,31.0,24.0,72.0,0.0,0.0,6.0,0.0,0.0,0.0,0.0,0.0,20.0,0.0,1.0,13.0,4.0,1.0,0.0,2.0,0.0,37.0,1.0,0.0,112.0,1.0,1.0,0.0,0.0,14.0,12.0,2.0,0.0,0.0,28.0
106,2025,4,0.0,8.0,0.0,0.0,0.0,58.0,1.0,9.0,0.0,0.0,33.0,6.0,10.0,3.0,1.0,0.0,0.0,23.0,3.0,0.0,4.0,0.0,0.0,32.0,40.0,87.0,0.0,0.0,0.0,0.0,0.0,0.0,0.0,0.0,21.0,0.0,0.0,13.0,3.0,1.0,2.0,1.0,0.0,24.0,2.0,1.0,92.0,0.0,3.0,0.0,2.0,14.0,10.0,3.0,0.0,0.0,27.0
106,2025,5,0.0,0.0,1.0,0.0,1.0,71.0,0.0,6.0,0.0,0.0,39.0,1.0,3.0,8.0,0.0,0.0,0.0,38.0,4.0,0.0,1.0,0.0,0.0,57.0,21.0,88.0,0.0,0.0,5.0,0.0,0.0,0.0,0.0,0.0,44.0,0.0,0.0,23.0,4.0,1.0,1.0,0.0,0.0,10.0,1.0,0.0,105.0,1.0,0.0,0.0,0.0,13.0,10.0,4.0,1.0,0.0,25.0
106,2025,6,0.0,1.0,0.0,0.0,0.0,88.0,0.0,10.0,0.0,1.0,37.0,3.0,6.0,5.0,0.0,0.0,0.0,27.0,3.0,0.0,2.0,0.0,0.0,51.0,34.0,101.0,0.0,0.0,2.0,0.0,0.0,3.0,0.0,0.0,16.0,1.0,0.0,14.0,4.0,0.0,1.0,4.0,0.0,1.0,2.0,1.0,74.0,2.0,0.0,0.0,0.0,16.0,13.0,5.0,0.0,0.0,18.0
106,2025,7,0.0,0.0,0.0,0.0,0.0,91.0,0.0,18.0,0.0,0.0,48.0,4.0,4.0,5.0,0.0,0.0,0.0,27.0,3.0,0.0,3.0,0.0,0.0,42.0,43.0,94.0,0.0,0.0,2.0,0.0,0.0,0.0,0.0,0.0,18.0,0.0,0.0,11.0,5.0,2.0,1.0,2.0,0.0,8.0,2.0,2.0,104.0,1.0,0.0,1.0,2.0,19.0,14.0,3.0,1.0,0.0,19.0
106,2025,8,0.0,2.0,0.0,0.0,0.0,74.0,0.0,10.0,1.0,0.0,40.0,2.0,4.0,1.0,0.0,0.0,0.0,35.0,2.0,0.0,0.0,0.0,0.0,60.0,43.0,85.0,0.0,0.0,4.0,0.0,0.0,1.0,0.0,0.0,26.0,0.0,0.0,16.0,2.0,0.0,0.0,1.0,0.0,6.0,0.0,0.0,99.0,1.0,0.0,0.0,1.0,17.0,10.0,0.0,1.0,0.0,21.0
106,2025,9,0.0,2.0,0.0,0.0,0.0,79.0,0.0,11.0,0.0,0.0,44.0,3.0,2.0,7.0,0.0,0.0,0.0,30.0,2.0,0.0,4.0,0.0,0.0,51.0,37.0,89.0,0.0,0.0,3.0,0.0,0.0,0.0,0.0,0.0,26.0,1.0,0.0,20.0,5.0,0.0,2.0,2.0,0.0,13.0,2.0,3.0,75.0,1.0,0.0,0.0,0.0,13.0,14.0,2.0,0.0,0.0,20.0
106,2025,10,0.0,2.0,0.0,0.0,1.0,58.0,0.0,7.0,0.0,0.0,50.0,1.0,3.0,5.0,0.0,0.0,0.0,41.0,1.0,0.0,2.0,0.0,0.0,50.0,35.0,97.0,0.0,0.0,4.0,0.0,0.0,0.0,0.0,0.0,19.0,0.0,0.0,17.0,2.0,0.0,1.0,1.0,0.0,8.0,5.0,0.0,117.0,0.0,0.0,0.0,3.0,24.0,20.0,1.0,7.0,0.0,17.0
106,2025,11,1.0,0.0,0.0,0.0,0.0,53.0,0.0,7.0,0.0,0.0,25.0,3.0,1.0,4.0,0.0,0.0,0.0,26.0,1.0,0.0,0.0,0.0,0.0,37.0,27.0,69.0,0.0,0.0,2.0,0.0,0.0,0.0,0.0,0.0,17.0,0.0,0.0,23.0,4.0,0.0,2.0,0.0,0.0,2.0,0.0,0.0,142.0,0.0,1.0,0.0,0.0,21.0,13.0,0.0,1.0,0.0,12.0
106,2025,12,0.0,0.0,1.0,0.0,0.0,58.0,0.0,10.0,0.0,0.0,28.0,4.0,3.0,2.0,0.0,0.0,0.0,30.0,2.0,0.0,1.0,0.0,0.0,36.0,33.0,62.0,0.0,0.0,6.0,0.0,0.0,0.0,0.0,0.0,12.0,0.0,0.0,13.0,7.0,0.0,3.0,0.0,0.0,2.0,1.0,2.0,84.0,0.0,1.0,0.0,2.0,13.0,18.0,1.0,1.0,0.0,17.0
107,2024,1,0.0,0.0,0.0,0.0,0.0,0.0,0.0,0.0,0.0,0.0,0.0,0.0,0.0,0.0,0.0,0.0,0.0,0.0,0.0,0.0,0.0,0.0,0.0,0.0,0.0,1.0,0.0,0.0,0.0,0.0,0.0,0.0,0.0,0.0,0.0,0.0,0.0,1.0,0.0,0.0,0.0,0.0,0.0,0.0,0.0,0.0,1.0,0.0,0.0,0.0,0.0,0.0,0.0,1.0,0.0,0.0,0.0
107,2024,2,0.0,0.0,0.0,0.0,0.0,0.0,0.0,0.0,0.0,0.0,0.0,0.0,0.0,0.0,0.0,0.0,0.0,1.0,0.0,0.0,0.0,0.0,0.0,1.0,0.0,1.0,0.0,0.0,0.0,0.0,0.0,0.0,0.0,0.0,0.0,0.0,0.0,0.0,0.0,0.0,0.0,0.0,0.0,0.0,0.0,0.0,0.0,0.0,0.0,0.0,0.0,0.0,0.0,1.0,0.0,0.0,0.0
107,2024,3,0.0,0.0,0.0,0.0,0.0,1.0,0.0,0.0,0.0,0.0,1.0,0.0,0.0,0.0,0.0,0.0,0.0,0.0,0.0,0.0,0.0,0.0,0.0,1.0,0.0,0.0,0.0,0.0,0.0,0.0,0.0,0.0,0.0,0.0,0.0,0.0,0.0,0.0,0.0,0.0,0.0,0.0,0.0,0.0,0.0,0.0,0.0,0.0,0.0,0.0,0.0,0.0,0.0,0.0,0.0,0.0,0.0
107,2024,4,0.0,0.0,0.0,0.0,0.0,0.0,0.0,0.0,0.0,0.0,0.0,0.0,0.0,0.0,0.0,0.0,0.0,0.0,0.0,0.0,0.0,0.0,0.0,0.0,0.0,1.0,0.0,0.0,0.0,0.0,0.0,0.0,0.0,0.0,0.0,0.0,0.0,0.0,0.0,0.0,0.0,0.0,0.0,0.0,0.0,0.0,1.0,0.0,0.0,0.0,1.0,0.0,1.0,0.0,0.0,0.0,0.0
107,2024,5,0.0,0.0,0.0,0.0,0.0,0.0,0.0,0.0,0.0,0.0,0.0,0.0,0.0,0.0,0.0,0.0,0.0,0.0,0.0,0.0,0.0,0.0,0.0,0.0,0.0,0.0,0.0,0.0,0.0,0.0,0.0,0.0,0.0,0.0,0.0,0.0,0.0,1.0,0.0,0.0,0.0,0.0,0.0,0.0,0.0,0.0,1.0,0.0,0.0,0.0,0.0,0.0,0.0,0.0,0.0,0.0,0.0
107,2024,6,0.0,0.0,0.0,0.0,0.0,0.0,0.0,1.0,0.0,0.0,0.0,0.0,0.0,0.0,0.0,0.0,0.0,0.0,0.0,0.0,0.0,0.0,0.0,4.0,0.0,2.0,0.0,0.0,0.0,0.0,0.0,0.0,0.0,0.0,0.0,0.0,0.0,0.0,0.0,0.0,0.0,0.0,0.0,0.0,0.0,0.0,1.0,0.0,0.0,0.0,1.0,0.0,0.0,0.0,0.0,0.0,0.0
107,2024,7,0.0,0.0,0.0,0.0,0.0,1.0,0.0,0.0,0.0,0.0,0.0,0.0,0.0,0.0,0.0,0.0,0.0,0.0,0.0,0.0,2.0,0.0,0.0,1.0,0.0,0.0,0.0,0.0,0.0,0.0,0.0,0.0,0.0,0.0,0.0,0.0,0.0,2.0,0.0,0.0,0.0,0.0,0.0,0.0,0.0,0.0,0.0,1.0,0.0,0.0,0.0,0.0,1.0,0.0,0.0,0.0,0.0
107,2024,8,0.0,0.0,0.0,0.0,0.0,0.0,0.0,0.0,0.0,0.0,0.0,0.0,0.0,0.0,0.0,0.0,0.0,0.0,0.0,0.0,0.0,0.0,0.0,2.0,0.0,1.0,0.0,0.0,0.0,0.0,0.0,0.0,0.0,0.0,0.0,0.0,0.0,0.0,0.0,0.0,0.0,0.0,0.0,0.0,0.0,0.0,2.0,0.0,0.0,0.0,0.0,0.0,1.0,1.0,0.0,0.0,0.0
107,2024,9,0.0,0.0,0.0,0.0,0.0,0.0,0.0,0.0,0.0,0.0,0.0,0.0,0.0,0.0,0.0,0.0,0.0,0.0,0.0,0.0,0.0,0.0,0.0,3.0,0.0,0.0,0.0,0.0,0.0,0.0,0.0,0.0,0.0,0.0,0.0,0.0,0.0,0.0,0.0,0.0,0.0,0.0,0.0,0.0,0.0,0.0,1.0,0.0,0.0,0.0,0.0,0.0,0.0,1.0,0.0,0.0,0.0
107,2024,10,0.0,0.0,0.0,0.0,0.0,1.0,0.0,0.0,0.0,0.0,0.0,0.0,0.0,0.0,0.0,0.0,0.0,1.0,0.0,0.0,1.0,0.0,0.0,5.0,1.0,0.0,0.0,0.0,0.0,0.0,0.0,0.0,0.0,0.0,1.0,0.0,0.0,0.0,0.0,0.0,0.0,0.0,0.0,0.0,0.0,0.0,2.0,1.0,0.0,0.0,0.0,0.0,2.0,2.0,0.0,0.0,0.0
107,2024,11,0.0,0.0,0.0,0.0,0.0,2.0,0.0,0.0,0.0,0.0,0.0,0.0,0.0,0.0,0.0,0.0,0.0,1.0,0.0,0.0,0.0,0.0,0.0,7.0,1.0,1.0,0.0,0.0,0.0,0.0,0.0,0.0,0.0,0.0,1.0,0.0,0.0,1.0,0.0,0.0,0.0,0.0,0.0,0.0,0.0,0.0,6.0,0.0,0.0,0.0,1.0,0.0,2.0,1.0,0.0,0.0,0.0
107,2024,12,0.0,0.0,0.0,0.0,2.0,2.0,0.0,4.0,0.0,0.0,2.0,0.0,0.0,0.0,0.0,0.0,0.0,4.0,0.0,0.0,1.0,0.0,0.0,7.0,2.0,6.0,0.0,0.0,0.0,0.0,0.0,0.0,0.0,0.0,1.0,0.0,0.0,4.0,2.0,0.0,0.0,0.0,0.0,0.0,0.0,0.0,7.0,0.0,0.0,0.0,0.0,0.0,2.0,2.0,0.0,0.0,3.0
107,2025,1,0.0,7.0,0.0,0.0,1.0,65.0,3.0,28.0,0.0,0.0,32.0,8.0,9.0,7.0,0.0,0.0,0.0,18.0,4.0,0.0,7.0,0.0,0.0,39.0,28.0,94.0,1.0,0.0,7.0,0.0,0.0,0.0,0.0,0.0,22.0,2.0,0.0,28.0,11.0,0.0,3.0,4.0,0.0,4.0,5.0,1.0,84.0,0.0,5.0,1.0,2.0,9.0,9.0,9.0,1.0,0.0,32.0
107,2025,2,0.0,14.0,0.0,0.0,0.0,49.0,2.0,13.0,0.0,0.0,25.0,4.0,7.0,4.0,1.0,0.0,0.0,15.0,7.0,0.0,4.0,0.0,0.0,38.0,28.0,90.0,0.0,0.0,7.0,0.0,0.0,0.0,0.0,0.0,17.0,1.0,0.0,29.0,9.0,1.0,1.0,5.0,0.0,5.0,6.0,1.0,77.0,1.0,2.0,1.0,1.0,10.0,8.0,10.0,0.0,0.0,43.0
107,2025,3,0.0,12.0,0.0,0.0,0.0,63.0,0.0,24.0,0.0,0.0,42.0,6.0,11.0,3.0,0.0,0.0,0.0,27.0,7.0,0.0,8.0,0.0,0.0,38.0,29.0,83.0,0.0,0.0,10.0,0.0,0.0,0.0,0.0,0.0,24.0,0.0,0.0,18.0,7.0,0.0,1.0,1.0,0.0,8.0,11.0,1.0,95.0,2.0,3.0,1.0,1.0,11.0,6.0,7.0,0.0,0.0,57.0
107,2025,4,0.0,4.0,0.0,0.0,1.0,51.0,0.0,18.0,0.0,0.0,39.0,6.0,8.0,2.0,0.0,0.0,0.0,17.0,4.0,0.0,5.0,0.0,0.0,57.0,29.0,79.0,0.0,0.0,4.0,0.0,0.0,0.0,0.0,0.0,18.0,0.0,0.0,21.0,6.0,0.0,3.0,1.0,0.0,3.0,7.0,0.0,96.0,4.0,3.0,0.0,2.0,6.0,11.0,4.0,0.0,0.0,49.0
107,2025,5,0.0,4.0,0.0,0.0,1.0,54.0,0.0,11.0,0.0,0.0,40.0,4.0,8.0,5.0,0.0,0.0,0.0,26.0,2.0,0.0,4.0,0.0,0.0,56.0,29.0,91.0,0.0,0.0,6.0,0.0,0.0,0.0,0.0,0.0,25.0,0.0,0.0,19.0,12.0,0.0,0.0,1.0,0.0,6.0,5.0,0.0,98.0,1.0,3.0,1.0,1.0,7.0,16.0,3.0,3.0,0.0,18.0
107,2025,6,0.0,9.0,0.0,0.0,1.0,51.0,0.0,12.0,0.0,0.0,46.0,5.0,4.0,6.0,0.0,0.0,0.0,26.0,0.0,0.0,4.0,0.0,0.0,46.0,29.0,73.0,0.0,0.0,4.0,0.0,0.0,0.0,0.0,0.0,23.0,0.0,0.0,30.0,8.0,0.0,1.0,0.0,0.0,5.0,1.0,1.0,87.0,1.0,2.0,0.0,2.0,6.0,10.0,8.0,1.0,0.0,23.0
107,2025,7,0.0,6.0,0.0,0.0,0.0,59.0,0.0,16.0,0.0,0.0,26.0,5.0,4.0,2.0,0.0,0.0,0.0,20.0,1.0,0.0,1.0,0.0,0.0,44.0,26.0,64.0,0.0,0.0,6.0,0.0,0.0,0.0,0.0,0.0,15.0,0.0,0.0,19.0,13.0,0.0,0.0,1.0,0.0,0.0,1.0,0.0,81.0,0.0,1.0,1.0,2.0,14.0,11.0,4.0,0.0,0.0,21.0
107,2025,8,0.0,6.0,0.0,0.0,0.0,55.0,0.0,17.0,0.0,0.0,29.0,5.0,5.0,0.0,0.0,0.0,0.0,29.0,0.0,0.0,4.0,0.0,0.0,50.0,32.0,97.0,0.0,0.0,5.0,0.0,0.0,0.0,0.0,0.0,21.0,0.0,0.0,20.0,13.0,0.0,0.0,0.0,0.0,1.0,0.0,0.0,80.0,2.0,1.0,0.0,0.0,7.0,7.0,10.0,0.0,0.0,21.0
107,2025,9,0.0,7.0,0.0,0.0,0.0,65.0,0.0,15.0,1.0,0.0,51.0,12.0,6.0,4.0,0.0,0.0,0.0,15.0,3.0,0.0,3.0,0.0,0.0,64.0,22.0,74.0,0.0,0.0,4.0,0.0,0.0,0.0,0.0,0.0,13.0,0.0,0.0,19.0,5.0,0.0,0.0,0.0,0.0,2.0,1.0,0.0,95.0,1.0,2.0,0.0,2.0,10.0,4.0,5.0,1.0,0.0,22.0
107,2025,10,0.0,8.0,0.0,0.0,0.0,53.0,1.0,21.0,0.0,0.0,52.0,1.0,2.0,4.0,0.0,0.0,0.0,17.0,1.0,0.0,5.0,0.0,0.0,51.0,49.0,72.0,0.0,0.0,2.0,0.0,0.0,0.0,0.0,0.0,19.0,0.0,0.0,13.0,8.0,0.0,2.0,2.0,0.0,4.0,4.0,0.0,86.0,2.0,1.0,0.0,4.0,16.0,11.0,10.0,3.0,0.0,21.0
107,2025,11,0.0,9.0,0.0,0.0,0.0,55.0,0.0,26.0,0.0,0.0,35.0,11.0,8.0,4.0,0.0,0.0,0.0,21.0,4.0,0.0,3.0,0.0,0.0,41.0,30.0,75.0,0.0,0.0,10.0,0.0,0.0,0.0,0.0,0.0,26.0,0.0,0.0,25.0,10.0,0.0,0.0,0.0,0.0,6.0,2.0,0.0,88.0,2.0,0.0,2.0,2.0,9.0,11.0,1.0,1.0,0.0,26.0
107,2025,12,0.0,4.0,0.0,0.0,0.0,42.0,0.0,32.0,0.0,0.0,27.0,5.0,4.0,2.0,0.0,0.0,0.0,20.0,1.0,0.0,4.0,0.0,0.0,45.0,20.0,59.0,0.0,0.0,8.0,0.0,0.0,0.0,0.0,0.0,18.0,0.0,0.0,11.0,11.0,0.0,0.0,3.0,0.0,1.0,2.0,0.0,62.0,0.0,2.0,1.0,1.0,4.0,7.0,2.0,1.0,0.0,24.0
108,2024,1,0.0,0.0,0.0,0.0,0.0,3.0,0.0,0.0,0.0,0.0,0.0,0.0,0.0,0.0,0.0,0.0,0.0,0.0,0.0,0.0,1.0,0.0,0.0,3.0,1.0,0.0,0.0,0.0,0.0,0.0,0.0,0.0,0.0,0.0,0.0,0.0,0.0,0.0,0.0,0.0,0.0,0.0,0.0,0.0,0.0,0.0,1.0,0.0,0.0,0.0,0.0,0.0,1.0,0.0,0.0,0.0,0.0
108,2024,2,0.0,0.0,0.0,0.0,0.0,0.0,0.0,1.0,0.0,0.0,0.0,0.0,0.0,0.0,0.0,0.0,0.0,0.0,0.0,0.0,1.0,0.0,0.0,2.0,0.0,0.0,0.0,0.0,0.0,0.0,0.0,1.0,0.0,0.0,0.0,0.0,0.0,0.0,0.0,0.0,0.0,0.0,0.0,0.0,0.0,0.0,0.0,0.0,0.0,0.0,0.0,0.0,0.0,1.0,0.0,0.0,0.0
108,2024,3,0.0,0.0,0.0,0.0,0.0,1.0,0.0,0.0,0.0,0.0,0.0,0.0,0.0,0.0,0.0,0.0,0.0,0.0,0.0,0.0,0.0,0.0,0.0,0.0,0.0,0.0,0.0,0.0,0.0,0.0,0.0,0.0,0.0,0.0,0.0,0.0,0.0,1.0,0.0,0.0,0.0,0.0,0.0,0.0,0.0,0.0,0.0,0.0,0.0,0.0,0.0,0.0,1.0,0.0,0.0,0.0,0.0
108,2024,4,0.0,0.0,0.0,0.0,0.0,0.0,0.0,0.0,0.0,0.0,0.0,0.0,0.0,0.0,0.0,0.0,0.0,1.0,0.0,0.0,1.0,0.0,0.0,3.0,0.0,1.0,0.0,0.0,1.0,0.0,0.0,0.0,0.0,0.0,0.0,0.0,0.0,0.0,0.0,0.0,0.0,0.0,0.0,0.0,0.0,0.0,0.0,0.0,0.0,0.0,0.0,0.0,0.0,0.0,0.0,0.0,0.0
108,2024,5,0.0,0.0,0.0,0.0,0.0,0.0,0.0,0.0,0.0,0.0,0.0,0.0,0.0,0.0,0.0,0.0,0.0,0.0,0.0,0.0,0.0,0.0,0.0,2.0,0.0,1.0,0.0,0.0,0.0,0.0,0.0,0.0,0.0,0.0,0.0,0.0,0.0,1.0,0.0,0.0,0.0,0.0,0.0,0.0,0.0,0.0,1.0,0.0,1.0,0.0,0.0,0.0,0.0,0.0,0.0,0.0,0.0
108,2024,6,0.0,0.0,0.0,0.0,0.0,0.0,0.0,0.0,0.0,0.0,0.0,0.0,0.0,0.0,0.0,0.0,0.0,0.0,0.0,0.0,0.0,0.0,0.0,3.0,0.0,1.0,0.0,0.0,0.0,0.0,0.0,0.0,0.0,0.0,0.0,0.0,0.0,0.0,0.0,0.0,0.0,0.0,0.0,0.0,0.0,0.0,1.0,0.0,0.0,0.0,0.0,0.0,0.0,0.0,0.0,0.0,0.0
108,2024,7,0.0,0.0,0.0,0.0,0.0,0.0,0.0,0.0,0.0,0.0,1.0,0.0,0.0,0.0,0.0,0.0,0.0,0.0,1.0,0.0,1.0,0.0,0.0,1.0,1.0,0.0,0.0,0.0,0.0,0.0,0.0,0.0,0.0,0.0,0.0,0.0,0.0,2.0,0.0,0.0,0.0,0.0,0.0,0.0,0.0,0.0,1.0,0.0,0.0,0.0,0.0,0.0,0.0,0.0,0.0,0.0,0.0
108,2024,8,0.0,0.0,0.0,0.0,0.0,0.0,0.0,0.0,0.0,0.0,0.0,0.0,0.0,0.0,0.0,0.0,0.0,1.0,0.0,0.0,1.0,0.0,0.0,4.0,0.0,1.0,0.0,0.0,0.0,0.0,0.0,0.0,0.0,0.0,0.0,0.0,0.0,0.0,0.0,0.0,0.0,0.0,0.0,0.0,0.0,0.0,1.0,0.0,0.0,0.0,0.0,0.0,1.0,0.0,1.0,0.0,0.0
108,2024,9,0.0,0.0,0.0,0.0,0.0,0.0,0.0,0.0,0.0,0.0,0.0,0.0,0.0,0.0,0.0,0.0,0.0,0.0,0.0,0.0,0.0,0.0,0.0,2.0,0.0,1.0,0.0,0.0,0.0,0.0,0.0,0.0,0.0,0.0,1.0,0.0,0.0,0.0,0.0,0.0,0.0,0.0,0.0,0.0,0.0,0.0,3.0,0.0,0.0,0.0,0.0,0.0,0.0,2.0,0.0,0.0,0.0
108,2024,10,0.0,0.0,0.0,0.0,0.0,0.0,0.0,0.0,0.0,0.0,0.0,0.0,0.0,0.0,0.0,0.0,0.0,0.0,0.0,0.0,0.0,0.0,0.0,4.0,0.0,3.0,0.0,0.0,0.0,0.0,0.0,0.0,0.0,0.0,0.0,0.0,0.0,0.0,0.0,0.0,0.0,0.0,0.0,0.0,0.0,0.0,5.0,0.0,0.0,0.0,0.0,0.0,0.0,0.0,0.0,0.0,1.0
108,2024,11,0.0,0.0,0.0,0.0,0.0,0.0,0.0,1.0,0.0,0.0,1.0,0.0,0.0,0.0,0.0,0.0,0.0,0.0,0.0,0.0,0.0,0.0,0.0,1.0,0.0,3.0,0.0,0.0,0.0,0.0,0.0,0.0,0.0,0.0,0.0,0.0,0.0,1.0,1.0,0.0,0.0,0.0,0.0,0.0,0.0,0.0,7.0,0.0,0.0,0.0,0.0,0.0,0.0,1.0,1.0,0.0,0.0
108,2024,12,0.0,0.0,0.0,0.0,0.0,2.0,0.0,3.0,0.0,0.0,2.0,0.0,0.0,0.0,0.0,0.0,0.0,1.0,1.0,0.0,2.0,0.0,0.0,17.0,4.0,10.0,0.0,0.0,0.0,0.0,0.0,0.0,0.0,0.0,1.0,0.0,0.0,2.0,0.0,0.0,0.0,0.0,0.0,0.0,1.0,0.0,15.0,0.0,0.0,0.0,1.0,0.0,2.0,2.0,3.0,0.0,0.0
108,2025,1,0.0,6.0,0.0,0.0,0.0,43.0,2.0,19.0,0.0,0.0,20.0,2.0,2.0,0.0,0.0,0.0,0.0,18.0,0.0,0.0,2.0,0.0,0.0,47.0,7.0,66.0,0.0,0.0,5.0,0.0,0.0,0.0,0.0,0.0,12.0,0.0,0.0,16.0,7.0,0.0,2.0,0.0,0.0,4.0,4.0,0.0,145.0,1.0,1.0,0.0,3.0,11.0,3.0,3.0,2.0,0.0,17.0
108,2025,2,0.0,5.0,1.0,0.0,0.0,40.0,0.0,19.0,0.0,0.0,30.0,2.0,7.0,4.0,1.0,0.0,0.0,22.0,2.0,0.0,2.0,0.0,0.0,45.0,10.0,70.0,0.0,0.0,5.0,0.0,0.0,0.0,0.0,0.0,16.0,1.0,0.0,15.0,4.0,0.0,2.0,0.0,0.0,3.0,1.0,1.0,104.0,4.0,2.0,0.0,0.0,13.0,8.0,7.0,0.0,0.0,20.0
108,2025,3,0.0,8.0,1.0,0.0,0.0,54.0,2.0,19.0,1.0,0.0,47.0,3.0,8.0,3.0,0.0,0.0,0.0,26.0,0.0,0.0,2.0,0.0,0.0,59.0,10.0,98.0,0.0,0.0,4.0,0.0,0.0,1.0,0.0,0.0,21.0,0.0,0.0,11.0,7.0,1.0,3.0,1.0,0.0,6.0,7.0,2.0,121.0,5.0,3.0,0.0,1.0,17.0,13.0,6.0,1.0,0.0,29.0
108,2025,4,0.0,11.0,0.0,0.0,1.0,59.0,1.0,14.0,0.0,0.0,39.0,6.0,6.0,6.0,0.0,0.0,0.0,27.0,7.0,0.0,5.0,0.0,0.0,62.0,18.0,75.0,0.0,0.0,2.0,0.0,0.0,1.0,0.0,0.0,12.0,0.0,0.0,12.0,6.0,0.0,4.0,0.0,0.0,9.0,3.0,0.0,121.0,2.0,1.0,0.0,2.0,16.0,15.0,4.0,1.0,0.0,23.0
108,2025,5,0.0,13.0,0.0,0.0,0.0,56.0,1.0,18.0,1.0,0.0,58.0,2.0,8.0,2.0,0.0,0.0,0.0,19.0,2.0,0.0,6.0,0.0,1.0,66.0,31.0,97.0,0.0,0.0,2.0,0.0,0.0,0.0,0.0,0.0,16.0,0.0,0.0,20.0,8.0,0.0,2.0,2.0,0.0,5.0,0.0,0.0,137.0,1.0,1.0,0.0,2.0,13.0,12.0,3.0,1.0,0.0,19.0
108,2025,6,0.0,3.0,0.0,0.0,0.0,58.0,0.0,11.0,0.0,0.0,44.0,6.0,2.0,4.0,0.0,0.0,0.0,27.0,1.0,0.0,5.0,0.0,0.0,76.0,25.0,74.0,0.0,0.0,1.0,0.0,0.0,0.0,0.0,0.0,11.0,0.0,0.0,12.0,8.0,1.0,3.0,1.0,0.0,2.0,2.0,0.0,117.0,5.0,2.0,0.0,2.0,20.0,6.0,6.0,1.0,0.0,22.0
108,2025,7,0.0,6.0,0.0,0.0,0.0,58.0,0.0,16.0,0.0,0.0,26.0,2.0,5.0,6.0,0.0,0.0,0.0,29.0,2.0,0.0,3.0,0.0,0.0,84.0,24.0,81.0,0.0,0.0,0.0,0.0,0.0,0.0,0.0,0.0,18.0,0.0,0.0,17.0,8.0,0.0,2.0,2.0,0.0,3.0,5.0,0.0,156.0,5.0,1.0,2.0,3.0,27.0,7.0,6.0,1.0,0.0,40.0
108,2025,8,0.0,5.0,1.0,0.0,1.0,50.0,0.0,30.0,1.0,0.0,57.0,6.0,5.0,6.0,0.0,0.0,0.0,25.0,4.0,0.0,3.0,0.0,0.0,71.0,28.0,74.0,0.0,0.0,7.0,0.0,0.0,0.0,0.0,0.0,9.0,0.0,0.0,15.0,3.0,0.0,5.0,0.0,0.0,1.0,3.0,1.0,154.0,3.0,1.0,0.0,1.0,17.0,12.0,2.0,5.0,0.0,22.0
108,2025,9,0.0,3.0,0.0,0.0,0.0,62.0,1.0,21.0,0.0,0.0,42.0,4.0,5.0,4.0,0.0,0.0,0.0,31.0,3.0,0.0,1.0,0.0,0.0,65.0,26.0,95.0,0.0,0.0,3.0,0.0,0.0,0.0,0.0,0.0,19.0,0.0,0.0,11.0,2.0,0.0,5.0,0.0,0.0,1.0,1.0,0.0,129.0,0.0,2.0,2.0,0.0,27.0,9.0,5.0,2.0,0.0,13.0
108,2025,10,0.0,8.0,0.0,0.0,1.0,56.0,0.0,21.0,0.0,0.0,48.0,3.0,4.0,1.0,0.0,0.0,0.0,20.0,2.0,0.0,5.0,0.0,0.0,68.0,26.0,114.0,0.0,0.0,4.0,0.0,0.0,0.0,0.0,0.0,16.0,0.0,0.0,16.0,4.0,0.0,1.0,0.0,0.0,2.0,3.0,1.0,127.0,1.0,2.0,0.0,4.0,17.0,11.0,8.0,0.0,0.0,32.0
108,2025,11,0.0,11.0,0.0,0.0,0.0,50.0,0.0,27.0,0.0,0.0,30.0,7.0,2.0,2.0,1.0,0.0,0.0,29.0,1.0,0.0,4.0,0.0,0.0,57.0,16.0,72.0,0.0,0.0,3.0,0.0,0.0,0.0,0.0,0.0,11.0,0.0,0.0,10.0,6.0,0.0,5.0,1.0,0.0,2.0,3.0,1.0,105.0,3.0,1.0,1.0,4.0,19.0,8.0,4.0,1.0,0.0,22.0
108,2025,12,0.0,7.0,1.0,0.0,0.0,48.0,0.0,17.0,0.0,0.0,24.0,3.0,3.0,1.0,0.0,0.0,0.0,19.0,2.0,0.0,2.0,0.0,0.0,42.0,26.0,88.0,0.0,0.0,2.0,0.0,0.0,0.0,0.0,0.0,19.0,0.0,0.0,7.0,4.0,0.0,1.0,0.0,0.0,2.0,1.0,0.0,103.0,2.0,1.0,0.0,0.0,17.0,10.0,3.0,1.0,0.0,16.0
109,2024,1,0.0,0.0,0.0,0.0,0.0,0.0,0.0,0.0,0.0,0.0,0.0,0.0,0.0,0.0,0.0,0.0,0.0,0.0,0.0,0.0,0.0,0.0,0.0,0.0,1.0,0.0,0.0,0.0,0.0,0.0,0.0,0.0,0.0,0.0,0.0,0.0,0.0,0.0,0.0,0.0,0.0,0.0,0.0,0.0,0.0,0.0,2.0,0.0,0.0,0.0,1.0,0.0,1.0,0.0,0.0,0.0,0.0
109,2024,2,0.0,0.0,0.0,0.0,0.0,0.0,0.0,0.0,0.0,0.0,0.0,0.0,1.0,0.0,0.0,0.0,0.0,0.0,0.0,0.0,0.0,0.0,0.0,0.0,0.0,0.0,0.0,0.0,0.0,0.0,0.0,0.0,0.0,0.0,0.0,0.0,0.0,0.0,0.0,0.0,0.0,0.0,0.0,0.0,0.0,0.0,2.0,0.0,0.0,0.0,0.0,0.0,0.0,0.0,0.0,0.0,0.0
109,2024,3,0.0,0.0,0.0,0.0,0.0,2.0,0.0,0.0,0.0,0.0,0.0,0.0,0.0,0.0,0.0,0.0,0.0,0.0,0.0,0.0,0.0,0.0,0.0,1.0,0.0,0.0,0.0,0.0,0.0,0.0,0.0,0.0,0.0,0.0,1.0,0.0,0.0,0.0,0.0,0.0,0.0,0.0,0.0,0.0,0.0,0.0,0.0,0.0,0.0,0.0,1.0,0.0,1.0,0.0,0.0,0.0,0.0
109,2024,4,0.0,0.0,0.0,0.0,0.0,0.0,0.0,0.0,0.0,0.0,0.0,0.0,2.0,0.0,0.0,0.0,0.0,1.0,0.0,0.0,0.0,0.0,0.0,2.0,1.0,0.0,0.0,0.0,0.0,0.0,0.0,0.0,0.0,0.0,0.0,0.0,0.0,0.0,0.0,0.0,0.0,0.0,0.0,0.0,0.0,0.0,1.0,0.0,0.0,0.0,0.0,0.0,0.0,1.0,0.0,0.0,0.0
109,2024,5,0.0,0.0,0.0,0.0,0.0,1.0,0.0,0.0,0.0,0.0,0.0,0.0,0.0,0.0,0.0,0.0,0.0,1.0,0.0,0.0,0.0,0.0,0.0,5.0,0.0,0.0,0.0,0.0,0.0,0.0,0.0,0.0,0.0,0.0,0.0,0.0,0.0,1.0,0.0,0.0,0.0,0.0,0.0,0.0,0.0,0.0,0.0,0.0,0.0,0.0,2.0,0.0,2.0,0.0,0.0,0.0,0.0
109,2024,6,0.0,0.0,0.0,0.0,0.0,0.0,0.0,0.0,0.0,0.0,0.0,0.0,2.0,0.0,0.0,0.0,0.0,0.0,0.0,0.0,0.0,0.0,0.0,3.0,0.0,0.0,0.0,0.0,0.0,0.0,0.0,0.0,0.0,0.0,1.0,0.0,0.0,0.0,0.0,0.0,0.0,0.0,0.0,0.0,0.0,0.0,0.0,0.0,0.0,0.0,0.0,0.0,1.0,2.0,0.0,0.0,0.0
109,2024,7,0.0,0.0,0.0,0.0,0.0,0.0,0.0,0.0,0.0,0.0,1.0,0.0,0.0,0.0,0.0,0.0,0.0,1.0,0.0,0.0,1.0,0.0,0.0,1.0,0.0,1.0,0.0,0.0,0.0,0.0,0.0,0.0,0.0,0.0,0.0,0.0,0.0,0.0,0.0,0.0,0.0,0.0,0.0,0.0,1.0,0.0,2.0,0.0,0.0,0.0,1.0,0.0,0.0,0.0,0.0,0.0,0.0
109,2024,8,0.0,0.0,0.0,0.0,0.0,0.0,0.0,1.0,0.0,0.0,0.0,0.0,0.0,0.0,0.0,0.0,0.0,0.0,0.0,0.0,1.0,0.0,0.0,2.0,0.0,0.0,0.0,0.0,0.0,0.0,0.0,0.0,0.0,0.0,0.0,0.0,0.0,0.0,0.0,0.0,0.0,0.0,0.0,0.0,0.0,0.0,0.0,0.0,0.0,0.0,1.0,0.0,0.0,0.0,0.0,0.0,0.0
109,2024,9,0.0,0.0,0.0,0.0,0.0,2.0,0.0,0.0,0.0,0.0,0.0,0.0,0.0,1.0,0.0,0.0,0.0,0.0,0.0,0.0,1.0,0.0,0.0,2.0,0.0,1.0,0.0,0.0,0.0,0.0,0.0,0.0,0.0,0.0,0.0,0.0,0.0,0.0,0.0,0.0,0.0,0.0,0.0,0.0,0.0,0.0,1.0,0.0,0.0,0.0,2.0,0.0,1.0,2.0,0.0,0.0,0.0
109,2024,10,0.0,0.0,0.0,0.0,0.0,0.0,0.0,0.0,0.0,0.0,0.0,0.0,1.0,0.0,0.0,0.0,0.0,0.0,0.0,0.0,2.0,0.0,0.0,8.0,0.0,0.0,0.0,0.0,0.0,0.0,0.0,0.0,0.0,0.0,1.0,0.0,0.0,1.0,0.0,0.0,0.0,0.0,0.0,0.0,0.0,0.0,2.0,0.0,0.0,0.0,0.0,0.0,2.0,1.0,0.0,0.0,0.0
109,2024,11,0.0,0.0,0.0,0.0,0.0,1.0,0.0,0.0,0.0,0.0,1.0,0.0,1.0,0.0,0.0,0.0,0.0,1.0,0.0,0.0,1.0,0.0,0.0,6.0,2.0,1.0,0.0,0.0,0.0,0.0,0.0,0.0,0.0,0.0,0.0,0.0,0.0,1.0,0.0,0.0,0.0,0.0,0.0,1.0,0.0,0.0,5.0,0.0,0.0,0.0,0.0,0.0,2.0,0.0,0.0,0.0,0.0
109,2024,12,0.0,0.0,0.0,0.0,0.0,12.0,0.0,4.0,0.0,0.0,4.0,0.0,0.0,0.0,0.0,0.0,0.0,0.0,1.0,0.0,1.0,0.0,0.0,9.0,3.0,5.0,0.0,0.0,0.0,0.0,0.0,0.0,0.0,0.0,1.0,0.0,0.0,3.0,0.0,0.0,0.0,0.0,0.0,0.0,0.0,0.0,25.0,0.0,0.0,0.0,0.0,1.0,5.0,4.0,1.0,0.0,1.0
109,2025,1,0.0,14.0,1.0,0.0,1.0,82.0,2.0,60.0,0.0,0.0,38.0,3.0,10.0,8.0,0.0,0.0,0.0,40.0,10.0,0.0,4.0,0.0,4.0,76.0,34.0,116.0,0.0,0.0,7.0,0.0,1.0,0.0,0.0,0.0,23.0,0.0,0.0,15.0,5.0,1.0,1.0,1.0,0.0,9.0,3.0,1.0,203.0,3.0,5.0,4.0,2.0,14.0,16.0,2.0,4.0,0.0,29.0
109,2025,2,0.0,5.0,1.0,0.0,1.0,85.0,6.0,32.0,0.0,0.0,53.0,10.0,8.0,10.0,0.0,0.0,0.0,33.0,5.0,0.0,4.0,1.0,6.0,65.0,37.0,108.0,0.0,0.0,7.0,0.0,1.0,1.0,0.0,0.0,18.0,0.0,0.0,17.0,5.0,0.0,0.0,0.0,0.0,3.0,1.0,2.0,198.0,3.0,3.0,1.0,2.0,20.0,16.0,2.0,3.0,0.0,17.0
109,2025,3,0.0,7.0,0.0,0.0,0.0,88.0,1.0,36.0,0.0,0.0,71.0,6.0,10.0,6.0,0.0,0.0,0.0,31.0,9.0,0.0,8.0,0.0,2.0,79.0,35.0,139.0,0.0,0.0,10.0,0.0,0.0,0.0,0.0,0.0,21.0,0.0,0.0,15.0,8.0,1.0,2.0,3.0,0.0,11.0,4.0,1.0,251.0,2.0,2.0,1.0,0.0,19.0,15.0,7.0,2.0,0.0,24.0
109,2025,4,0.0,11.0,0.0,0.0,0.0,110.0,3.0,37.0,0.0,0.0,43.0,4.0,13.0,7.0,0.0,0.0,0.0,41.0,22.0,0.0,6.0,0.0,5.0,68.0,59.0,127.0,0.0,0.0,6.0,0.0,0.0,2.0,0.0,0.0,32.0,0.0,0.0,17.0,5.0,0.0,2.0,5.0,0.0,5.0,5.0,2.0,222.0,2.0,3.0,4.0,3.0,22.0,32.0,4.0,1.0,0.0,30.0
109,2025,5,0.0,9.0,1.0,0.0,0.0,87.0,2.0,30.0,0.0,0.0,36.0,2.0,12.0,2.0,0.0,0.0,0.0,36.0,13.0,0.0,8.0,0.0,4.0,101.0,38.0,125.0,0.0,0.0,10.0,0.0,0.0,3.0,0.0,0.0,35.0,0.0,0.0,12.0,8.0,1.0,3.0,6.0,0.0,11.0,2.0,3.0,223.0,8.0,0.0,6.0,5.0,27.0,9.0,7.0,2.0,1.0,27.0
109,2025,6,0.0,8.0,2.0,0.0,1.0,97.0,1.0,39.0,1.0,0.0,56.0,3.0,10.0,6.0,0.0,0.0,0.0,32.0,13.0,0.0,2.0,0.0,3.0,80.0,60.0,131.0,0.0,0.0,6.0,0.0,0.0,1.0,0.0,1.0,34.0,0.0,0.0,7.0,7.0,1.0,4.0,3.0,0.0,7.0,7.0,2.0,230.0,6.0,3.0,7.0,0.0,19.0,13.0,9.0,3.0,0.0,27.0
109,2025,7,0.0,3.0,3.0,0.0,1.0,94.0,1.0,32.0,0.0,0.0,60.0,3.0,10.0,6.0,0.0,0.0,0.0,29.0,13.0,0.0,4.0,0.0,1.0,84.0,40.0,126.0,0.0,0.0,4.0,0.0,1.0,0.0,0.0,0.0,39.0,1.0,0.0,9.0,12.0,0.0,2.0,12.0,0.0,10.0,6.0,4.0,229.0,3.0,0.0,7.0,2.0,19.0,24.0,5.0,3.0,0.0,31.0
109,2025,8,0.0,3.0,2.0,0.0,0.0,95.0,1.0,45.0,0.0,0.0,60.0,5.0,6.0,3.0,0.0,0.0,0.0,25.0,12.0,0.0,4.0,0.0,2.0,93.0,73.0,134.0,0.0,0.0,6.0,0.0,0.0,1.0,0.0,0.0,30.0,0.0,0.0,16.0,6.0,1.0,0.0,16.0,0.0,4.0,3.0,1.0,182.0,5.0,4.0,8.0,3.0,17.0,17.0,2.0,4.0,0.0,27.0
109,2025,9,0.0,1.0,0.0,0.0,2.0,75.0,2.0,33.0,1.0,0.0,53.0,4.0,9.0,3.0,0.0,0.0,0.0,27.0,9.0,0.0,2.0,0.0,0.0,110.0,50.0,115.0,0.0,0.0,11.0,0.0,0.0,1.0,0.0,0.0,30.0,0.0,0.0,9.0,6.0,1.0,1.0,16.0,0.0,2.0,1.0,2.0,207.0,6.0,4.0,3.0,3.0,25.0,17.0,1.0,2.0,0.0,25.0
109,2025,10,0.0,2.0,2.0,0.0,0.0,86.0,3.0,35.0,0.0,0.0,39.0,7.0,5.0,7.0,0.0,0.0,0.0,35.0,8.0,0.0,1.0,0.0,1.0,95.0,66.0,122.0,0.0,0.0,5.0,0.0,2.0,2.0,0.0,0.0,22.0,1.0,0.0,10.0,9.0,0.0,1.0,14.0,0.0,7.0,8.0,0.0,243.0,5.0,4.0,3.0,0.0,26.0,23.0,6.0,3.0,0.0,30.0
109,2025,11,0.0,1.0,2.0,0.0,1.0,78.0,1.0,32.0,0.0,0.0,48.0,5.0,7.0,4.0,0.0,0.0,0.0,24.0,9.0,0.0,0.0,0.0,0.0,83.0,49.0,124.0,0.0,0.0,6.0,0.0,0.0,0.0,0.0,0.0,30.0,0.0,0.0,10.0,12.0,1.0,2.0,31.0,0.0,4.0,3.0,1.0,196.0,5.0,4.0,4.0,2.0,21.0,13.0,1.0,2.0,0.0,28.0
109,2025,12,0.0,3.0,0.0,0.0,0.0,90.0,3.0,33.0,0.0,0.0,40.0,2.0,8.0,6.0,0.0,0.0,0.0,31.0,5.0,0.0,1.0,0.0,0.0,59.0,37.0,109.0,0.0,0.0,8.0,0.0,1.0,0.0,0.0,0.0,15.0,0.0,0.0,13.0,5.0,0.0,0.0,12.0,0.0,6.0,7.0,2.0,170.0,2.0,1.0,3.0,6.0,23.0,24.0,2.0,0.0,0.0,30.0
110,2024,1,0.0,0.0,0.0,0.0,0.0,0.0,0.0,0.0,0.0,0.0,0.0,0.0,0.0,0.0,0.0,0.0,0.0,1.0,0.0,0.0,0.0,0.0,0.0,0.0,0.0,2.0,0.0,0.0,0.0,0.0,0.0,0.0,0.0,0.0,0.0,0.0,0.0,0.0,0.0,0.0,0.0,0.0,0.0,0.0,0.0,0.0,0.0,0.0,0.0,0.0,1.0,1.0,1.0,0.0,0.0,0.0,0.0
110,2024,2,0.0,0.0,0.0,0.0,0.0,0.0,0.0,0.0,0.0,0.0,0.0,0.0,0.0,0.0,0.0,0.0,0.0,0.0,0.0,0.0,0.0,0.0,0.0,1.0,0.0,0.0,0.0,0.0,0.0,0.0,0.0,0.0,0.0,0.0,0.0,0.0,0.0,0.0,0.0,0.0,0.0,0.0,0.0,0.0,0.0,0.0,0.0,0.0,0.0,0.0,0.0,0.0,0.0,0.0,0.0,0.0,0.0
110,2024,4,0.0,0.0,0.0,0.0,0.0,0.0,0.0,0.0,0.0,0.0,0.0,0.0,0.0,0.0,0.0,0.0,0.0,0.0,0.0,0.0,0.0,0.0,0.0,0.0,0.0,1.0,0.0,0.0,0.0,0.0,0.0,0.0,0.0,0.0,0.0,1.0,0.0,0.0,0.0,0.0,0.0,0.0,0.0,0.0,0.0,0.0,0.0,0.0,0.0,0.0,0.0,0.0,0.0,0.0,0.0,0.0,0.0
110,2024,6,0.0,0.0,0.0,0.0,0.0,0.0,0.0,0.0,0.0,0.0,1.0,0.0,0.0,0.0,0.0,0.0,0.0,1.0,0.0,0.0,1.0,0.0,0.0,1.0,0.0,2.0,0.0,0.0,0.0,0.0,0.0,0.0,0.0,0.0,0.0,0.0,0.0,0.0,0.0,0.0,0.0,0.0,0.0,0.0,0.0,0.0,0.0,0.0,0.0,0.0,0.0,0.0,0.0,0.0,0.0,0.0,0.0
110,2024,7,0.0,0.0,0.0,0.0,0.0,0.0,0.0,0.0,0.0,0.0,0.0,0.0,0.0,0.0,0.0,0.0,0.0,1.0,0.0,0.0,0.0,0.0,0.0,1.0,0.0,1.0,0.0,0.0,0.0,0.0,0.0,0.0,0.0,0.0,0.0,0.0,0.0,0.0,0.0,0.0,0.0,0.0,0.0,0.0,0.0,0.0,0.0,0.0,0.0,0.0,0.0,0.0,1.0,0.0,0.0,0.0,0.0
110,2024,8,0.0,0.0,0.0,0.0,0.0,0.0,0.0,0.0,0.0,0.0,0.0,0.0,0.0,0.0,0.0,0.0,0.0,0.0,0.0,0.0,0.0,0.0,0.0,1.0,0.0,1.0,0.0,0.0,0.0,0.0,0.0,0.0,0.0,0.0,0.0,0.0,0.0,3.0,0.0,0.0,0.0,0.0,0.0,0.0,1.0,0.0,0.0,0.0,0.0,0.0,1.0,0.0,0.0,0.0,0.0,0.0,0.0
110,2024,9,0.0,0.0,0.0,0.0,0.0,0.0,0.0,0.0,0.0,0.0,0.0,0.0,0.0,0.0,0.0,0.0,0.0,0.0,0.0,0.0,0.0,0.0,0.0,1.0,0.0,2.0,0.0,0.0,0.0,0.0,0.0,0.0,0.0,0.0,0.0,0.0,0.0,0.0,0.0,0.0,0.0,0.0,0.0,0.0,0.0,0.0,2.0,0.0,0.0,0.0,1.0,0.0,1.0,0.0,0.0,0.0,0.0
110,2024,10,0.0,0.0,0.0,0.0,0.0,2.0,0.0,0.0,0.0,0.0,0.0,0.0,0.0,0.0,0.0,0.0,0.0,0.0,0.0,0.0,0.0,0.0,0.0,4.0,2.0,1.0,0.0,0.0,0.0,0.0,0.0,0.0,0.0,0.0,1.0,0.0,0.0,0.0,0.0,0.0,0.0,0.0,0.0,3.0,0.0,0.0,1.0,0.0,0.0,0.0,1.0,0.0,1.0,0.0,0.0,0.0,0.0
110,2024,11,0.0,0.0,0.0,0.0,0.0,2.0,0.0,0.0,0.0,0.0,1.0,0.0,0.0,0.0,0.0,0.0,0.0,2.0,0.0,0.0,0.0,0.0,0.0,7.0,0.0,1.0,0.0,0.0,0.0,0.0,0.0,0.0,0.0,0.0,0.0,0.0,0.0,2.0,0.0,0.0,0.0,0.0,0.0,2.0,0.0,0.0,5.0,0.0,0.0,0.0,0.0,0.0,1.0,0.0,0.0,0.0,0.0
110,2024,12,0.0,0.0,0.0,0.0,0.0,3.0,0.0,0.0,0.0,0.0,0.0,0.0,0.0,0.0,0.0,0.0,0.0,2.0,0.0,0.0,0.0,0.0,0.0,12.0,4.0,7.0,0.0,0.0,0.0,0.0,0.0,0.0,0.0,0.0,1.0,0.0,0.0,4.0,0.0,0.0,0.0,0.0,0.0,0.0,0.0,0.0,19.0,0.0,0.0,0.0,0.0,2.0,4.0,0.0,0.0,0.0,0.0
110,2025,1,0.0,5.0,1.0,0.0,0.0,92.0,3.0,18.0,0.0,0.0,53.0,3.0,25.0,14.0,0.0,0.0,0.0,54.0,17.0,0.0,7.0,0.0,1.0,60.0,11.0,82.0,0.0,0.0,9.0,0.0,1.0,0.0,0.0,0.0,24.0,0.0,0.0,16.0,13.0,0.0,2.0,5.0,0.0,27.0,4.0,1.0,201.0,2.0,2.0,17.0,3.0,25.0,18.0,1.0,2.0,0.0,32.0
110,2025,2,0.0,4.0,0.0,0.0,1.0,67.0,1.0,18.0,0.0,0.0,41.0,5.0,15.0,7.0,0.0,0.0,0.0,43.0,7.0,0.0,2.0,0.0,2.0,45.0,20.0,83.0,0.0,0.0,7.0,0.0,0.0,0.0,0.0,0.0,13.0,0.0,0.0,11.0,10.0,0.0,1.0,2.0,0.0,11.0,7.0,0.0,208.0,1.0,4.0,8.0,1.0,20.0,20.0,1.0,1.0,0.0,27.0
110,2025,3,0.0,7.0,0.0,0.0,0.0,95.0,2.0,15.0,0.0,0.0,46.0,2.0,22.0,8.0,0.0,0.0,0.0,57.0,12.0,0.0,4.0,0.0,1.0,70.0,10.0,97.0,0.0,0.0,4.0,0.0,0.0,0.0,0.0,0.0,28.0,0.0,0.0,13.0,14.0,0.0,1.0,1.0,0.0,13.0,5.0,3.0,217.0,0.0,4.0,19.0,7.0,38.0,22.0,3.0,1.0,0.0,32.0
110,2025,4,0.0,14.0,0.0,0.0,0.0,121.0,1.0,17.0,0.0,0.0,43.0,3.0,15.0,6.0,0.0,0.0,0.0,38.0,8.0,0.0,7.0,0.0,3.0,51.0,21.0,91.0,0.0,0.0,10.0,0.0,0.0,1.0,0.0,0.0,28.0,1.0,0.0,14.0,9.0,0.0,3.0,2.0,0.0,7.0,2.0,0.0,185.0,3.0,1.0,30.0,1.0,38.0,17.0,3.0,1.0,0.0,22.0
110,2025,5,0.0,16.0,1.0,0.0,0.0,114.0,2.0,13.0,0.0,0.0,42.0,6.0,14.0,8.0,0.0,0.0,0.0,62.0,11.0,0.0,11.0,0.0,2.0,58.0,24.0,110.0,0.0,0.0,12.0,0.0,0.0,1.0,0.0,0.0,17.0,0.0,0.0,14.0,12.0,1.0,4.0,0.0,0.0,24.0,3.0,0.0,195.0,5.0,2.0,31.0,3.0,36.0,19.0,2.0,1.0,0.0,29.0
110,2025,6,0.0,5.0,0.0,0.0,0.0,114.0,1.0,14.0,0.0,0.0,50.0,2.0,8.0,8.0,0.0,0.0,0.0,44.0,2.0,0.0,9.0,0.0,0.0,76.0,27.0,85.0,0.0,0.0,6.0,0.0,0.0,0.0,0.0,0.0,15.0,0.0,0.0,12.0,14.0,0.0,1.0,2.0,0.0,6.0,1.0,1.0,218.0,2.0,2.0,24.0,5.0,32.0,27.0,1.0,0.0,0.0,19.0
110,2025,7,0.0,15.0,1.0,0.0,0.0,93.0,2.0,14.0,0.0,0.0,36.0,5.0,8.0,9.0,0.0,0.0,0.0,38.0,6.0,0.0,1.0,0.0,3.0,78.0,18.0,118.0,0.0,0.0,8.0,0.0,0.0,0.0,0.0,0.0,20.0,0.0,0.0,8.0,10.0,0.0,2.0,1.0,0.0,5.0,1.0,1.0,197.0,4.0,8.0,17.0,2.0,42.0,12.0,2.0,2.0,0.0,32.0
110,2025,8,0.0,6.0,0.0,0.0,0.0,121.0,1.0,9.0,1.0,0.0,40.0,5.0,11.0,4.0,0.0,0.0,0.0,53.0,7.0,0.0,4.0,0.0,1.0,75.0,27.0,117.0,0.0,0.0,19.0,0.0,0.0,1.0,0.0,0.0,33.0,1.0,0.0,9.0,6.0,0.0,2.0,1.0,0.0,11.0,2.0,0.0,210.0,1.0,2.0,9.0,3.0,36.0,24.0,0.0,2.0,0.0,39.0
110,2025,9,0.0,27.0,1.0,0.0,0.0,135.0,0.0,12.0,1.0,0.0,29.0,4.0,20.0,11.0,0.0,0.0,0.0,55.0,10.0,0.0,3.0,0.0,0.0,55.0,23.0,84.0,0.0,1.0,5.0,0.0,0.0,1.0,0.0,0.0,31.0,1.0,0.0,10.0,24.0,2.0,2.0,2.0,0.0,12.0,1.0,0.0,165.0,1.0,3.0,13.0,2.0,45.0,16.0,4.0,3.0,0.0,38.0
110,2025,10,0.0,31.0,0.0,0.0,0.0,96.0,3.0,14.0,0.0,0.0,44.0,5.0,13.0,13.0,0.0,0.0,0.0,54.0,8.0,0.0,4.0,0.0,1.0,62.0,23.0,83.0,0.0,0.0,9.0,0.0,0.0,0.0,0.0,0.0,18.0,0.0,0.0,13.0,20.0,0.0,4.0,3.0,0.0,10.0,4.0,0.0,181.0,1.0,7.0,22.0,5.0,38.0,15.0,1.0,0.0,0.0,38.0
110,2025,11,0.0,36.0,1.0,0.0,0.0,89.0,1.0,9.0,0.0,0.0,42.0,6.0,15.0,5.0,0.0,0.0,0.0,50.0,2.0,0.0,6.0,0.0,1.0,50.0,20.0,91.0,0.0,0.0,12.0,0.0,0.0,0.0,0.0,0.0,26.0,0.0,0.0,7.0,11.0,0.0,1.0,0.0,0.0,6.0,2.0,1.0,186.0,0.0,10.0,6.0,3.0,42.0,17.0,1.0,2.0,0.0,53.0
110,2025,12,0.0,25.0,1.0,0.0,0.0,88.0,0.0,16.0,0.0,0.0,42.0,1.0,10.0,7.0,0.0,0.0,0.0,52.0,6.0,0.0,5.0,0.0,0.0,38.0,23.0,93.0,1.0,0.0,17.0,0.0,0.0,0.0,0.0,0.0,20.0,1.0,0.0,2.0,15.0,2.0,1.0,1.0,0.0,4.0,4.0,0.0,154.0,0.0,2.0,7.0,2.0,44.0,10.0,1.0,0.0,0.0,40.0
111,2024,1,0.0,0.0,0.0,0.0,0.0,1.0,0.0,0.0,0.0,0.0,0.0,0.0,0.0,0.0,0.0,0.0,0.0,1.0,0.0,0.0,0.0,0.0,0.0,4.0,0.0,0.0,0.0,0.0,0.0,0.0,0.0,0.0,0.0,0.0,0.0,0.0,0.0,1.0,0.0,0.0,0.0,0.0,0.0,0.0,0.0,0.0,0.0,0.0,0.0,0.0,0.0,0.0,1.0,0.0,0.0,0.0,0.0
111,2024,2,0.0,0.0,0.0,0.0,0.0,0.0,0.0,0.0,0.0,0.0,0.0,0.0,0.0,0.0,0.0,0.0,0.0,0.0,0.0,0.0,1.0,0.0,0.0,1.0,0.0,1.0,0.0,0.0,0.0,0.0,0.0,0.0,0.0,0.0,0.0,0.0,0.0,0.0,0.0,0.0,0.0,0.0,0.0,0.0,0.0,0.0,0.0,0.0,0.0,0.0,0.0,0.0,0.0,0.0,0.0,0.0,0.0
111,2024,3,0.0,0.0,0.0,0.0,0.0,0.0,0.0,0.0,0.0,0.0,0.0,0.0,0.0,0.0,0.0,0.0,0.0,1.0,0.0,0.0,0.0,0.0,0.0,2.0,0.0,0.0,0.0,0.0,0.0,0.0,0.0,0.0,0.0,0.0,0.0,0.0,0.0,0.0,0.0,0.0,0.0,0.0,0.0,0.0,0.0,0.0,0.0,0.0,0.0,0.0,0.0,0.0,0.0,0.0,0.0,0.0,0.0
111,2024,4,0.0,0.0,0.0,0.0,0.0,0.0,0.0,0.0,0.0,0.0,0.0,0.0,0.0,0.0,0.0,0.0,0.0,1.0,0.0,0.0,0.0,0.0,0.0,1.0,0.0,0.0,0.0,0.0,0.0,0.0,0.0,0.0,0.0,0.0,0.0,0.0,0.0,0.0,0.0,0.0,0.0,0.0,0.0,0.0,0.0,0.0,3.0,0.0,0.0,0.0,0.0,0.0,0.0,0.0,0.0,0.0,0.0
111,2024,5,0.0,0.0,0.0,0.0,0.0,0.0,0.0,0.0,0.0,0.0,0.0,0.0,0.0,0.0,0.0,0.0,0.0,0.0,0.0,0.0,0.0,0.0,0.0,1.0,0.0,0.0,0.0,0.0,0.0,0.0,0.0,0.0,0.0,0.0,0.0,0.0,0.0,0.0,0.0,0.0,0.0,0.0,0.0,0.0,0.0,0.0,0.0,0.0,0.0,0.0,0.0,0.0,0.0,0.0,0.0,0.0,0.0
111,2024,6,0.0,0.0,0.0,0.0,0.0,0.0,0.0,0.0,0.0,0.0,1.0,0.0,0.0,0.0,0.0,0.0,0.0,0.0,0.0,0.0,1.0,0.0,0.0,0.0,0.0,0.0,0.0,0.0,0.0,0.0,0.0,0.0,0.0,0.0,0.0,0.0,0.0,1.0,0.0,0.0,0.0,0.0,0.0,0.0,0.0,0.0,0.0,0.0,0.0,0.0,0.0,0.0,0.0,0.0,0.0,0.0,0.0
111,2024,7,0.0,0.0,0.0,0.0,0.0,0.0,0.0,0.0,0.0,0.0,0.0,0.0,0.0,0.0,0.0,0.0,0.0,0.0,0.0,0.0,0.0,0.0,0.0,2.0,0.0,1.0,0.0,0.0,0.0,0.0,0.0,0.0,0.0,0.0,0.0,0.0,0.0,0.0,0.0,0.0,0.0,0.0,0.0,0.0,0.0,0.0,0.0,0.0,0.0,0.0,0.0,0.0,0.0,1.0,0.0,0.0,0.0
111,2024,8,0.0,0.0,0.0,0.0,0.0,0.0,0.0,0.0,0.0,0.0,0.0,0.0,0.0,0.0,0.0,0.0,0.0,1.0,0.0,0.0,0.0,0.0,0.0,1.0,0.0,1.0,0.0,0.0,0.0,0.0,0.0,0.0,0.0,0.0,0.0,0.0,0.0,0.0,0.0,0.0,0.0,0.0,0.0,0.0,0.0,0.0,1.0,0.0,0.0,0.0,0.0,0.0,1.0,0.0,0.0,0.0,0.0
111,2024,9,0.0,0.0,0.0,0.0,0.0,0.0,0.0,0.0,0.0,0.0,1.0,0.0,0.0,0.0,0.0,0.0,0.0,1.0,0.0,0.0,0.0,0.0,0.0,3.0,0.0,1.0,0.0,0.0,0.0,0.0,0.0,0.0,0.0,0.0,1.0,0.0,0.0,0.0,0.0,0.0,0.0,0.0,0.0,0.0,0.0,0.0,2.0,0.0,0.0,0.0,0.0,0.0,1.0,0.0,0.0,0.0,0.0
111,2024,10,0.0,0.0,0.0,0.0,0.0,0.0,0.0,0.0,0.0,0.0,0.0,0.0,0.0,0.0,0.0,0.0,0.0,0.0,0.0,0.0,1.0,0.0,0.0,3.0,0.0,0.0,0.0,0.0,0.0,0.0,0.0,0.0,0.0,0.0,0.0,0.0,0.0,0.0,0.0,0.0,0.0,0.0,0.0,0.0,0.0,0.0,0.0,0.0,0.0,0.0,1.0,0.0,0.0,0.0,0.0,0.0,0.0
111,2024,11,0.0,0.0,0.0,0.0,0.0,1.0,0.0,0.0,0.0,0.0,0.0,0.0,0.0,0.0,0.0,0.0,0.0,1.0,0.0,0.0,0.0,0.0,0.0,6.0,0.0,1.0,0.0,0.0,0.0,0.0,0.0,0.0,0.0,0.0,0.0,0.0,0.0,0.0,0.0,0.0,0.0,0.0,0.0,0.0,0.0,0.0,0.0,0.0,0.0,0.0,1.0,0.0,0.0,1.0,0.0,0.0,0.0
111,2024,12,0.0,0.0,0.0,0.0,0.0,1.0,0.0,1.0,0.0,0.0,1.0,0.0,0.0,0.0,0.0,0.0,0.0,0.0,0.0,0.0,2.0,0.0,0.0,13.0,1.0,0.0,0.0,0.0,0.0,0.0,0.0,0.0,0.0,0.0,0.0,0.0,0.0,1.0,0.0,0.0,0.0,0.0,0.0,0.0,0.0,0.0,5.0,0.0,0.0,0.0,0.0,0.0,0.0,4.0,0.0,0.0,0.0
111,2025,1,0.0,1.0,0.0,0.0,0.0,11.0,0.0,27.0,0.0,0.0,17.0,4.0,0.0,3.0,0.0,0.0,0.0,13.0,3.0,0.0,2.0,0.0,0.0,36.0,16.0,43.0,0.0,0.0,3.0,0.0,0.0,0.0,0.0,0.0,8.0,0.0,0.0,5.0,0.0,0.0,0.0,0.0,0.0,1.0,2.0,0.0,41.0,0.0,0.0,0.0,0.0,3.0,1.0,3.0,1.0,0.0,12.0
111,2025,2,0.0,2.0,0.0,0.0,0.0,7.0,1.0,20.0,0.0,0.0,19.0,0.0,1.0,0.0,0.0,0.0,0.0,2.0,3.0,0.0,1.0,0.0,0.0,26.0,19.0,48.0,0.0,0.0,6.0,0.0,0.0,0.0,0.0,0.0,6.0,1.0,0.0,5.0,1.0,0.0,1.0,0.0,0.0,1.0,2.0,0.0,45.0,1.0,0.0,0.0,1.0,0.0,2.0,3.0,1.0,0.0,16.0
111,2025,3,0.0,0.0,0.0,0.0,0.0,27.0,0.0,24.0,0.0,0.0,21.0,5.0,0.0,1.0,0.0,0.0,0.0,9.0,0.0,0.0,4.0,0.0,0.0,34.0,21.0,55.0,0.0,0.0,6.0,0.0,0.0,0.0,0.0,0.0,7.0,0.0,0.0,6.0,1.0,0.0,0.0,1.0,0.0,0.0,1.0,0.0,53.0,0.0,0.0,1.0,0.0,4.0,8.0,2.0,0.0,0.0,24.0
111,2025,4,0.0,2.0,0.0,0.0,1.0,21.0,0.0,24.0,0.0,0.0,14.0,5.0,2.0,0.0,0.0,0.0,0.0,13.0,3.0,0.0,1.0,0.0,0.0,35.0,23.0,45.0,0.0,0.0,7.0,0.0,0.0,0.0,0.0,0.0,7.0,1.0,0.0,6.0,1.0,0.0,1.0,0.0,0.0,0.0,2.0,0.0,44.0,0.0,1.0,1.0,0.0,1.0,6.0,6.0,0.0,0.0,24.0
111,2025,5,0.0,0.0,0.0,0.0,0.0,29.0,0.0,28.0,0.0,0.0,11.0,3.0,2.0,1.0,1.0,0.0,0.0,12.0,0.0,0.0,3.0,0.0,0.0,29.0,21.0,62.0,0.0,0.0,7.0,0.0,0.0,0.0,0.0,0.0,7.0,0.0,0.0,3.0,1.0,0.0,1.0,1.0,0.0,4.0,2.0,0.0,39.0,0.0,0.0,0.0,1.0,3.0,3.0,6.0,3.0,0.0,28.0
111,2025,6,0.0,0.0,0.0,0.0,0.0,15.0,0.0,28.0,0.0,0.0,20.0,5.0,1.0,2.0,0.0,0.0,0.0,8.0,2.0,0.0,0.0,0.0,0.0,51.0,32.0,56.0,0.0,0.0,4.0,0.0,0.0,0.0,0.0,0.0,12.0,0.0,0.0,5.0,2.0,1.0,0.0,0.0,0.0,0.0,0.0,0.0,51.0,0.0,0.0,0.0,0.0,4.0,8.0,3.0,0.0,0.0,17.0
111,2025,7,0.0,0.0,0.0,0.0,0.0,27.0,0.0,21.0,0.0,0.0,18.0,3.0,1.0,1.0,0.0,0.0,0.0,12.0,1.0,0.0,0.0,0.0,0.0,44.0,27.0,61.0,0.0,0.0,6.0,0.0,0.0,0.0,0.0,0.0,14.0,0.0,0.0,5.0,2.0,0.0,0.0,0.0,0.0,0.0,0.0,0.0,51.0,0.0,1.0,3.0,2.0,2.0,3.0,1.0,0.0,0.0,20.0
111,2025,8,0.0,0.0,0.0,0.0,2.0,29.0,0.0,26.0,1.0,0.0,29.0,3.0,0.0,1.0,0.0,0.0,0.0,14.0,1.0,0.0,5.0,0.0,0.0,49.0,35.0,63.0,0.0,0.0,4.0,0.0,0.0,0.0,0.0,0.0,6.0,0.0,0.0,3.0,1.0,0.0,1.0,0.0,0.0,1.0,0.0,0.0,44.0,0.0,1.0,1.0,0.0,9.0,3.0,3.0,0.0,0.0,8.0
111,2025,9,0.0,0.0,0.0,0.0,0.0,24.0,0.0,25.0,0.0,0.0,27.0,3.0,1.0,1.0,0.0,0.0,0.0,10.0,0.0,0.0,2.0,0.0,0.0,55.0,45.0,52.0,0.0,0.0,1.0,0.0,0.0,0.0,0.0,0.0,11.0,0.0,0.0,4.0,2.0,0.0,2.0,1.0,0.0,0.0,0.0,0.0,47.0,0.0,1.0,0.0,3.0,7.0,5.0,1.0,0.0,0.0,13.0
111,2025,10,0.0,1.0,0.0,0.0,0.0,14.0,0.0,41.0,0.0,0.0,19.0,1.0,0.0,1.0,0.0,0.0,0.0,11.0,3.0,0.0,1.0,0.0,0.0,44.0,21.0,42.0,0.0,0.0,10.0,0.0,0.0,0.0,0.0,0.0,8.0,0.0,0.0,4.0,1.0,0.0,0.0,0.0,0.0,1.0,4.0,0.0,37.0,0.0,0.0,0.0,0.0,4.0,0.0,2.0,0.0,0.0,27.0
111,2025,11,0.0,0.0,0.0,0.0,0.0,20.0,0.0,35.0,0.0,0.0,17.0,1.0,0.0,0.0,0.0,0.0,0.0,7.0,1.0,0.0,1.0,0.0,0.0,40.0,30.0,34.0,0.0,0.0,9.0,0.0,0.0,0.0,0.0,0.0,6.0,0.0,0.0,1.0,0.0,1.0,0.0,1.0,0.0,0.0,2.0,0.0,42.0,0.0,0.0,0.0,1.0,2.0,2.0,0.0,1.0,0.0,23.0
111,2025,12,0.0,0.0,0.0,0.0,0.0,28.0,0.0,17.0,0.0,0.0,18.0,2.0,3.0,4.0,0.0,0.0,0.0,6.0,2.0,0.0,0.0,0.0,0.0,40.0,23.0,46.0,0.0,0.0,5.0,0.0,0.0,0.0,0.0,0.0,9.0,0.0,0.0,6.0,1.0,0.0,0.0,0.0,0.0,0.0,2.0,0.0,26.0,1.0,0.0,0.0,1.0,1.0,1.0,1.0,2.0,0.0,15.0
112,2024,1,0.0,0.0,0.0,0.0,0.0,0.0,0.0,0.0,0.0,0.0,0.0,0.0,0.0,0.0,0.0,0.0,0.0,0.0,0.0,0.0,0.0,0.0,0.0,1.0,0.0,0.0,0.0,0.0,0.0,0.0,0.0,0.0,0.0,0.0,0.0,0.0,0.0,0.0,0.0,0.0,0.0,0.0,0.0,0.0,0.0,0.0,2.0,0.0,0.0,0.0,0.0,0.0,0.0,0.0,0.0,0.0,0.0
112,2024,2,0.0,0.0,0.0,0.0,0.0,0.0,0.0,0.0,0.0,0.0,0.0,0.0,0.0,0.0,0.0,0.0,0.0,0.0,0.0,0.0,1.0,0.0,0.0,0.0,0.0,0.0,0.0,0.0,0.0,0.0,0.0,0.0,0.0,0.0,0.0,0.0,0.0,0.0,0.0,0.0,0.0,0.0,0.0,0.0,0.0,0.0,0.0,0.0,0.0,0.0,0.0,0.0,0.0,0.0,0.0,0.0,0.0
112,2024,3,0.0,0.0,0.0,0.0,0.0,0.0,0.0,0.0,0.0,0.0,0.0,0.0,0.0,0.0,0.0,0.0,0.0,0.0,0.0,0.0,0.0,0.0,0.0,1.0,0.0,0.0,0.0,0.0,0.0,0.0,0.0,0.0,0.0,0.0,0.0,0.0,0.0,0.0,0.0,0.0,0.0,0.0,0.0,0.0,0.0,0.0,0.0,0.0,0.0,0.0,1.0,0.0,0.0,0.0,0.0,0.0,0.0
112,2024,4,0.0,0.0,0.0,0.0,0.0,0.0,0.0,0.0,0.0,0.0,0.0,0.0,0.0,0.0,0.0,0.0,0.0,0.0,0.0,0.0,0.0,0.0,0.0,0.0,0.0,1.0,0.0,0.0,0.0,0.0,0.0,0.0,0.0,0.0,0.0,0.0,0.0,0.0,0.0,0.0,0.0,0.0,0.0,0.0,0.0,0.0,0.0,0.0,0.0,0.0,0.0,0.0,0.0,0.0,0.0,0.0,0.0
112,2024,5,0.0,0.0,0.0,0.0,0.0,0.0,0.0,0.0,0.0,0.0,0.0,0.0,0.0,0.0,0.0,0.0,0.0,0.0,0.0,0.0,1.0,0.0,0.0,0.0,0.0,1.0,0.0,0.0,0.0,0.0,0.0,0.0,0.0,0.0,0.0,0.0,0.0,1.0,0.0,0.0,0.0,0.0,0.0,0.0,0.0,0.0,0.0,0.0,0.0,0.0,0.0,0.0,0.0,0.0,0.0,0.0,0.0
112,2024,6,0.0,0.0,0.0,0.0,0.0,0.0,0.0,0.0,0.0,0.0,0.0,0.0,0.0,0.0,0.0,0.0,0.0,0.0,0.0,0.0,1.0,0.0,0.0,0.0,0.0,0.0,0.0,0.0,0.0,0.0,0.0,0.0,0.0,0.0,0.0,0.0,0.0,0.0,0.0,0.0,0.0,0.0,0.0,0.0,0.0,0.0,0.0,0.0,0.0,0.0,0.0,0.0,0.0,0.0,0.0,0.0,0.0
112,2024,7,0.0,0.0,0.0,0.0,0.0,0.0,0.0,0.0,0.0,0.0,0.0,0.0,0.0,0.0,0.0,0.0,0.0,0.0,0.0,0.0,0.0,0.0,0.0,0.0,0.0,1.0,0.0,0.0,0.0,0.0,0.0,0.0,0.0,0.0,1.0,0.0,0.0,1.0,0.0,0.0,0.0,0.0,0.0,0.0,0.0,0.0,1.0,0.0,0.0,0.0,0.0,0.0,0.0,0.0,0.0,0.0,0.0
112,2024,8,0.0,0.0,0.0,0.0,0.0,0.0,0.0,0.0,0.0,0.0,0.0,0.0,0.0,0.0,0.0,0.0,0.0,1.0,0.0,0.0,0.0,0.0,0.0,1.0,0.0,0.0,0.0,0.0,0.0,0.0,0.0,0.0,0.0,0.0,0.0,0.0,0.0,0.0,0.0,0.0,0.0,0.0,0.0,0.0,0.0,0.0,0.0,0.0,0.0,0.0,1.0,0.0,1.0,1.0,0.0,0.0,0.0
112,2024,9,0.0,0.0,0.0,0.0,0.0,1.0,0.0,0.0,0.0,0.0,0.0,0.0,0.0,0.0,0.0,0.0,0.0,0.0,0.0,0.0,0.0,0.0,0.0,2.0,0.0,1.0,0.0,0.0,0.0,0.0,0.0,0.0,0.0,0.0,0.0,0.0,0.0,0.0,0.0,0.0,0.0,0.0,0.0,0.0,0.0,0.0,0.0,0.0,0.0,0.0,0.0,0.0,0.0,0.0,0.0,0.0,0.0
112,2024,10,0.0,0.0,0.0,0.0,0.0,0.0,0.0,0.0,0.0,0.0,1.0,0.0,0.0,0.0,0.0,0.0,0.0,0.0,0.0,0.0,0.0,0.0,0.0,4.0,0.0,2.0,0.0,0.0,0.0,0.0,0.0,0.0,0.0,0.0,0.0,0.0,0.0,0.0,0.0,0.0,0.0,0.0,0.0,0.0,0.0,0.0,1.0,0.0,0.0,0.0,0.0,0.0,0.0,0.0,0.0,0.0,0.0
112,2024,11,0.0,0.0,0.0,0.0,0.0,1.0,0.0,0.0,0.0,0.0,0.0,0.0,0.0,0.0,0.0,0.0,0.0,0.0,0.0,0.0,1.0,0.0,0.0,2.0,0.0,1.0,0.0,0.0,0.0,0.0,0.0,0.0,0.0,0.0,0.0,0.0,0.0,0.0,0.0,0.0,0.0,0.0,0.0,0.0,0.0,0.0,4.0,0.0,0.0,0.0,0.0,0.0,0.0,2.0,0.0,0.0,0.0
112,2024,12,0.0,0.0,0.0,0.0,0.0,1.0,0.0,1.0,0.0,0.0,0.0,0.0,0.0,0.0,0.0,0.0,0.0,2.0,0.0,0.0,0.0,0.0,0.0,8.0,0.0,4.0,0.0,0.0,0.0,0.0,0.0,0.0,0.0,0.0,1.0,0.0,0.0,3.0,0.0,0.0,0.0,0.0,0.0,0.0,0.0,0.0,9.0,0.0,0.0,0.0,0.0,0.0,0.0,0.0,0.0,0.0,0.0
112,2025,1,0.0,6.0,0.0,0.0,0.0,35.0,0.0,24.0,0.0,0.0,9.0,3.0,9.0,6.0,1.0,0.0,0.0,13.0,4.0,0.0,9.0,0.0,0.0,28.0,15.0,46.0,0.0,0.0,4.0,0.0,0.0,0.0,0.0,0.0,14.0,0.0,0.0,12.0,14.0,0.0,1.0,0.0,0.0,2.0,4.0,1.0,159.0,2.0,0.0,1.0,1.0,13.0,6.0,1.0,4.0,0.0,32.0
112,2025,2,0.0,11.0,0.0,0.0,0.0,45.0,1.0,13.0,0.0,1.0,23.0,3.0,6.0,1.0,0.0,0.0,0.0,9.0,2.0,0.0,4.0,0.0,0.0,29.0,7.0,45.0,0.0,0.0,5.0,0.0,0.0,1.0,0.0,0.0,21.0,0.0,0.0,8.0,12.0,0.0,4.0,0.0,0.0,3.0,0.0,0.0,196.0,2.0,1.0,0.0,0.0,3.0,5.0,1.0,0.0,0.0,19.0
112,2025,3,0.0,11.0,0.0,0.0,0.0,37.0,0.0,11.0,0.0,0.0,33.0,4.0,4.0,5.0,1.0,0.0,0.0,16.0,4.0,0.0,6.0,0.0,0.0,29.0,18.0,59.0,0.0,0.0,4.0,0.0,0.0,0.0,0.0,0.0,7.0,0.0,0.0,7.0,8.0,0.0,1.0,1.0,0.0,4.0,1.0,1.0,145.0,0.0,2.0,0.0,0.0,7.0,7.0,1.0,1.0,0.0,25.0
112,2025,4,0.0,7.0,0.0,0.0,0.0,28.0,0.0,10.0,1.0,0.0,17.0,1.0,2.0,0.0,0.0,0.0,0.0,17.0,5.0,0.0,6.0,0.0,0.0,32.0,11.0,62.0,0.0,0.0,2.0,0.0,0.0,0.0,0.0,0.0,7.0,1.0,0.0,3.0,5.0,0.0,0.0,3.0,0.0,3.0,1.0,1.0,166.0,1.0,4.0,0.0,2.0,5.0,8.0,1.0,0.0,0.0,16.0
112,2025,5,0.0,9.0,0.0,0.0,0.0,32.0,0.0,11.0,0.0,0.0,19.0,4.0,7.0,2.0,0.0,0.0,0.0,15.0,3.0,0.0,1.0,0.0,0.0,26.0,15.0,82.0,0.0,0.0,6.0,0.0,0.0,0.0,0.0,0.0,3.0,0.0,0.0,7.0,5.0,0.0,0.0,4.0,0.0,4.0,2.0,2.0,171.0,0.0,0.0,0.0,0.0,6.0,4.0,3.0,1.0,1.0,27.0
112,2025,6,0.0,9.0,0.0,0.0,0.0,18.0,1.0,13.0,0.0,0.0,27.0,2.0,3.0,3.0,0.0,0.0,0.0,15.0,4.0,1.0,5.0,0.0,0.0,30.0,12.0,66.0,0.0,0.0,5.0,0.0,0.0,0.0,0.0,0.0,7.0,0.0,0.0,5.0,6.0,0.0,0.0,1.0,0.0,2.0,2.0,0.0,162.0,4.0,2.0,0.0,0.0,7.0,5.0,1.0,3.0,0.0,21.0
112,2025,7,0.0,5.0,0.0,0.0,0.0,20.0,0.0,13.0,0.0,0.0,16.0,0.0,4.0,0.0,0.0,0.0,0.0,15.0,1.0,0.0,8.0,0.0,0.0,32.0,11.0,70.0,0.0,0.0,3.0,0.0,0.0,0.0,0.0,0.0,6.0,0.0,0.0,6.0,9.0,0.0,0.0,0.0,0.0,2.0,1.0,0.0,154.0,1.0,0.0,0.0,1.0,6.0,4.0,2.0,0.0,0.0,22.0
112,2025,8,0.0,2.0,0.0,0.0,0.0,43.0,1.0,9.0,0.0,0.0,30.0,2.0,4.0,2.0,0.0,0.0,0.0,13.0,1.0,0.0,0.0,0.0,0.0,44.0,21.0,52.0,0.0,0.0,6.0,0.0,0.0,0.0,0.0,0.0,7.0,0.0,0.0,10.0,8.0,0.0,0.0,0.0,0.0,3.0,2.0,1.0,169.0,0.0,4.0,0.0,0.0,5.0,8.0,4.0,0.0,0.0,12.0
112,2025,9,0.0,4.0,0.0,0.0,0.0,25.0,1.0,13.0,0.0,0.0,17.0,1.0,1.0,2.0,0.0,0.0,0.0,7.0,1.0,0.0,2.0,0.0,0.0,34.0,15.0,68.0,0.0,0.0,4.0,0.0,0.0,0.0,0.0,0.0,8.0,1.0,0.0,7.0,8.0,2.0,0.0,3.0,0.0,3.0,0.0,0.0,146.0,2.0,3.0,0.0,0.0,3.0,4.0,2.0,1.0,0.0,14.0
112,2025,10,0.0,10.0,0.0,0.0,0.0,26.0,0.0,22.0,0.0,0.0,25.0,5.0,2.0,4.0,0.0,0.0,0.0,9.0,4.0,0.0,2.0,0.0,0.0,41.0,16.0,70.0,0.0,0.0,4.0,0.0,0.0,0.0,0.0,0.0,12.0,0.0,0.0,8.0,11.0,0.0,1.0,1.0,0.0,5.0,1.0,0.0,171.0,0.0,0.0,0.0,0.0,7.0,6.0,2.0,0.0,0.0,29.0
112,2025,11,0.0,11.0,0.0,0.0,0.0,48.0,0.0,14.0,0.0,0.0,18.0,2.0,3.0,1.0,0.0,0.0,0.0,17.0,1.0,0.0,2.0,0.0,0.0,33.0,16.0,69.0,0.0,0.0,5.0,0.0,0.0,0.0,0.0,0.0,8.0,0.0,0.0,7.0,7.0,0.0,0.0,0.0,0.0,9.0,2.0,0.0,176.0,1.0,1.0,0.0,1.0,10.0,6.0,0.0,2.0,0.0,14.0
112,2025,12,0.0,3.0,0.0,0.0,1.0,24.0,0.0,12.0,0.0,0.0,12.0,7.0,7.0,1.0,0.0,0.0,0.0,19.0,1.0,0.0,3.0,0.0,0.0,41.0,7.0,61.0,0.0,0.0,3.0,0.0,0.0,0.0,0.0,0.0,9.0,0.0,0.0,4.0,5.0,1.0,3.0,0.0,0.0,8.0,2.0,0.0,130.0,0.0,0.0,0.0,1.0,3.0,3.0,1.0,0.0,0.0,10.0
113,2024,1,0.0,0.0,0.0,0.0,0.0,1.0,0.0,0.0,0.0,0.0,0.0,0.0,0.0,0.0,0.0,0.0,0.0,0.0,0.0,0.0,0.0,0.0,0.0,1.0,1.0,1.0,0.0,0.0,0.0,0.0,0.0,0.0,0.0,0.0,0.0,0.0,0.0,1.0,0.0,0.0,0.0,0.0,0.0,0.0,1.0,0.0,2.0,0.0,0.0,0.0,1.0,0.0,0.0,0.0,0.0,0.0,0.0
113,2024,2,0.0,0.0,0.0,0.0,0.0,0.0,0.0,0.0,0.0,0.0,0.0,0.0,0.0,0.0,0.0,0.0,0.0,0.0,0.0,0.0,0.0,0.0,0.0,0.0,0.0,0.0,0.0,0.0,0.0,0.0,0.0,0.0,0.0,0.0,0.0,0.0,0.0,0.0,0.0,0.0,0.0,0.0,0.0,0.0,0.0,0.0,0.0,0.0,0.0,0.0,0.0,0.0,2.0,1.0,1.0,0.0,0.0
113,2024,3,0.0,0.0,0.0,0.0,0.0,0.0,0.0,0.0,0.0,0.0,0.0,0.0,0.0,0.0,0.0,0.0,0.0,0.0,0.0,0.0,0.0,0.0,0.0,1.0,0.0,0.0,0.0,0.0,0.0,0.0,0.0,0.0,0.0,0.0,0.0,0.0,0.0,1.0,0.0,0.0,0.0,0.0,0.0,0.0,0.0,0.0,0.0,0.0,0.0,0.0,0.0,0.0,0.0,0.0,0.0,0.0,0.0
113,2024,4,0.0,0.0,0.0,0.0,0.0,0.0,0.0,0.0,0.0,0.0,1.0,0.0,0.0,0.0,0.0,0.0,0.0,0.0,0.0,0.0,0.0,0.0,0.0,1.0,0.0,0.0,0.0,0.0,0.0,0.0,0.0,0.0,0.0,0.0,0.0,0.0,0.0,0.0,0.0,0.0,0.0,0.0,0.0,0.0,0.0,0.0,1.0,0.0,0.0,0.0,0.0,0.0,0.0,2.0,0.0,0.0,0.0
113,2024,5,0.0,0.0,0.0,0.0,0.0,1.0,0.0,0.0,0.0,0.0,0.0,0.0,0.0,0.0,0.0,0.0,0.0,0.0,0.0,0.0,0.0,0.0,0.0,1.0,0.0,2.0,0.0,0.0,0.0,0.0,0.0,0.0,0.0,0.0,0.0,0.0,0.0,0.0,0.0,0.0,0.0,0.0,0.0,0.0,0.0,0.0,0.0,0.0,0.0,0.0,0.0,0.0,0.0,0.0,0.0,0.0,0.0
113,2024,6,0.0,0.0,0.0,0.0,0.0,2.0,0.0,0.0,0.0,0.0,2.0,0.0,0.0,1.0,0.0,0.0,0.0,0.0,0.0,0.0,0.0,0.0,0.0,2.0,0.0,0.0,0.0,0.0,0.0,0.0,0.0,0.0,0.0,0.0,0.0,0.0,0.0,0.0,0.0,0.0,0.0,0.0,0.0,0.0,0.0,0.0,2.0,0.0,0.0,0.0,0.0,0.0,0.0,0.0,0.0,0.0,0.0
113,2024,7,0.0,0.0,0.0,0.0,0.0,1.0,0.0,0.0,0.0,0.0,0.0,0.0,0.0,0.0,0.0,0.0,0.0,0.0,0.0,0.0,0.0,0.0,0.0,3.0,0.0,1.0,0.0,0.0,0.0,0.0,0.0,0.0,0.0,0.0,0.0,0.0,0.0,2.0,0.0,0.0,0.0,0.0,0.0,0.0,0.0,0.0,1.0,0.0,0.0,0.0,0.0,0.0,2.0,0.0,0.0,0.0,0.0
113,2024,8,0.0,0.0,0.0,0.0,0.0,2.0,0.0,0.0,0.0,0.0,0.0,0.0,0.0,0.0,0.0,0.0,0.0,0.0,0.0,0.0,0.0,0.0,0.0,0.0,0.0,0.0,0.0,0.0,0.0,0.0,0.0,0.0,0.0,0.0,0.0,0.0,0.0,0.0,0.0,0.0,0.0,0.0,0.0,0.0,0.0,0.0,2.0,0.0,0.0,0.0,0.0,0.0,0.0,3.0,0.0,0.0,0.0
113,2024,9,0.0,0.0,0.0,0.0,0.0,2.0,0.0,0.0,0.0,0.0,1.0,0.0,0.0,0.0,0.0,0.0,0.0,1.0,0.0,0.0,0.0,0.0,0.0,2.0,0.0,2.0,0.0,0.0,0.0,0.0,0.0,0.0,0.0,0.0,0.0,0.0,0.0,0.0,0.0,0.0,0.0,0.0,0.0,0.0,0.0,0.0,1.0,0.0,0.0,0.0,0.0,0.0,1.0,0.0,0.0,0.0,0.0
113,2024,10,0.0,0.0,0.0,0.0,0.0,2.0,0.0,0.0,0.0,0.0,0.0,0.0,1.0,0.0,0.0,0.0,0.0,1.0,0.0,0.0,0.0,0.0,0.0,3.0,0.0,2.0,0.0,0.0,0.0,0.0,0.0,0.0,0.0,0.0,0.0,0.0,0.0,1.0,0.0,0.0,0.0,0.0,0.0,0.0,0.0,0.0,1.0,0.0,0.0,0.0,0.0,0.0,0.0,1.0,2.0,0.0,0.0
113,2024,11,0.0,0.0,0.0,0.0,0.0,3.0,0.0,0.0,0.0,0.0,0.0,0.0,0.0,0.0,0.0,0.0,0.0,2.0,0.0,0.0,0.0,0.0,0.0,3.0,0.0,2.0,0.0,0.0,0.0,0.0,0.0,0.0,0.0,0.0,0.0,0.0,0.0,2.0,0.0,0.0,0.0,0.0,0.0,0.0,0.0,0.0,2.0,0.0,0.0,0.0,0.0,0.0,1.0,0.0,0.0,0.0,0.0
113,2024,12,0.0,1.0,0.0,0.0,2.0,6.0,0.0,0.0,0.0,0.0,4.0,0.0,0.0,0.0,0.0,0.0,0.0,1.0,1.0,0.0,0.0,0.0,0.0,9.0,0.0,4.0,0.0,0.0,0.0,0.0,0.0,0.0,0.0,0.0,5.0,0.0,0.0,1.0,0.0,0.0,0.0,0.0,0.0,0.0,0.0,0.0,11.0,0.0,0.0,0.0,4.0,0.0,3.0,1.0,1.0,0.0,0.0
113,2025,1,0.0,0.0,1.0,0.0,2.0,74.0,0.0,5.0,16.0,1.0,40.0,11.0,14.0,23.0,1.0,0.0,1.0,29.0,14.0,0.0,3.0,1.0,0.0,25.0,19.0,92.0,0.0,0.0,11.0,0.0,0.0,0.0,0.0,0.0,46.0,1.0,0.0,24.0,11.0,0.0,4.0,5.0,1.0,3.0,10.0,3.0,71.0,0.0,4.0,0.0,2.0,8.0,14.0,2.0,3.0,0.0,83.0
113,2025,2,0.0,1.0,0.0,0.0,1.0,63.0,0.0,3.0,10.0,0.0,56.0,5.0,14.0,25.0,0.0,0.0,0.0,23.0,12.0,0.0,1.0,0.0,0.0,31.0,12.0,83.0,0.0,0.0,3.0,0.0,0.0,0.0,0.0,0.0,32.0,0.0,0.0,21.0,7.0,0.0,4.0,5.0,0.0,0.0,13.0,2.0,65.0,0.0,3.0,0.0,0.0,9.0,26.0,1.0,3.0,0.0,51.0
113,2025,3,0.0,1.0,0.0,0.0,0.0,64.0,0.0,5.0,7.0,0.0,49.0,6.0,14.0,16.0,0.0,0.0,0.0,25.0,12.0,0.0,3.0,0.0,0.0,21.0,15.0,106.0,0.0,0.0,4.0,0.0,0.0,0.0,0.0,0.0,42.0,0.0,0.0,27.0,17.0,2.0,2.0,6.0,0.0,1.0,2.0,1.0,73.0,0.0,4.0,0.0,0.0,7.0,18.0,4.0,2.0,0.0,65.0
113,2025,4,0.0,0.0,0.0,0.0,0.0,67.0,0.0,5.0,15.0,0.0,52.0,3.0,15.0,24.0,0.0,0.0,0.0,30.0,11.0,0.0,1.0,1.0,0.0,26.0,13.0,115.0,0.0,0.0,6.0,0.0,0.0,0.0,0.0,0.0,43.0,0.0,0.0,26.0,12.0,0.0,1.0,7.0,0.0,1.0,5.0,0.0,90.0,0.0,6.0,0.0,1.0,4.0,9.0,1.0,11.0,0.0,28.0
113,2025,5,0.0,0.0,0.0,0.0,0.0,81.0,0.0,7.0,7.0,1.0,45.0,2.0,15.0,28.0,0.0,0.0,0.0,30.0,5.0,0.0,2.0,3.0,2.0,34.0,25.0,113.0,0.0,0.0,3.0,0.0,0.0,0.0,0.0,0.0,40.0,0.0,0.0,17.0,17.0,1.0,4.0,4.0,0.0,2.0,7.0,0.0,113.0,1.0,5.0,0.0,1.0,8.0,8.0,0.0,7.0,0.0,34.0
113,2025,6,0.0,2.0,0.0,0.0,1.0,71.0,0.0,5.0,3.0,0.0,55.0,3.0,12.0,28.0,0.0,0.0,1.0,38.0,4.0,0.0,4.0,5.0,0.0,40.0,16.0,135.0,0.0,0.0,3.0,0.0,0.0,0.0,0.0,0.0,35.0,1.0,0.0,33.0,13.0,1.0,4.0,1.0,0.0,0.0,8.0,2.0,96.0,0.0,1.0,0.0,3.0,12.0,13.0,10.0,4.0,0.0,27.0
113,2025,7,0.0,2.0,0.0,0.0,0.0,81.0,0.0,6.0,2.0,0.0,55.0,2.0,7.0,28.0,0.0,0.0,0.0,38.0,4.0,0.0,0.0,0.0,2.0,44.0,20.0,111.0,0.0,0.0,3.0,0.0,0.0,0.0,0.0,0.0,30.0,1.0,0.0,19.0,19.0,0.0,0.0,1.0,0.0,0.0,5.0,2.0,120.0,3.0,2.0,0.0,2.0,11.0,18.0,3.0,5.0,0.0,25.0
113,2025,8,1.0,0.0,0.0,0.0,1.0,110.0,0.0,11.0,2.0,0.0,65.0,2.0,9.0,39.0,0.0,0.0,0.0,43.0,10.0,0.0,2.0,5.0,1.0,51.0,29.0,126.0,0.0,0.0,6.0,0.0,0.0,0.0,0.0,0.0,36.0,1.0,0.0,23.0,15.0,0.0,1.0,0.0,0.0,2.0,3.0,2.0,138.0,2.0,1.0,0.0,1.0,9.0,14.0,4.0,4.0,0.0,48.0
113,2025,9,0.0,0.0,0.0,0.0,2.0,84.0,0.0,4.0,3.0,0.0,43.0,3.0,5.0,30.0,0.0,0.0,0.0,35.0,10.0,0.0,1.0,3.0,0.0,46.0,27.0,107.0,0.0,0.0,2.0,0.0,0.0,0.0,0.0,0.0,32.0,1.0,0.0,22.0,19.0,0.0,2.0,1.0,0.0,0.0,6.0,1.0,99.0,0.0,2.0,0.0,3.0,16.0,19.0,2.0,5.0,0.0,51.0
113,2025,10,1.0,2.0,0.0,0.0,0.0,82.0,1.0,15.0,5.0,1.0,39.0,4.0,10.0,24.0,0.0,0.0,0.0,43.0,12.0,0.0,0.0,4.0,0.0,37.0,13.0,97.0,0.0,0.0,7.0,0.0,0.0,0.0,0.0,0.0,35.0,1.0,0.0,24.0,9.0,0.0,2.0,5.0,0.0,3.0,11.0,2.0,91.0,0.0,2.0,0.0,2.0,12.0,14.0,1.0,9.0,0.0,66.0
113,2025,11,1.0,1.0,1.0,0.0,1.0,82.0,0.0,6.0,7.0,0.0,38.0,8.0,5.0,19.0,0.0,0.0,0.0,26.0,7.0,0.0,0.0,6.0,0.0,36.0,17.0,100.0,0.0,0.0,9.0,0.0,0.0,0.0,0.0,0.0,37.0,0.0,0.0,21.0,16.0,1.0,0.0,3.0,0.0,2.0,3.0,0.0,86.0,1.0,2.0,0.0,0.0,8.0,9.0,3.0,2.0,0.0,51.0
113,2025,12,0.0,1.0,0.0,0.0,0.0,77.0,0.0,10.0,11.0,0.0,50.0,2.0,9.0,22.0,0.0,0.0,0.0,32.0,9.0,0.0,4.0,2.0,0.0,33.0,12.0,91.0,0.0,0.0,5.0,0.0,0.0,1.0,0.0,0.0,26.0,0.0,0.0,24.0,9.0,0.0,0.0,3.0,0.0,2.0,5.0,1.0,68.0,0.0,1.0,0.0,2.0,4.0,2.0,1.0,0.0,0.0,42.0
114,2024,1,0.0,0.0,0.0,0.0,0.0,0.0,0.0,0.0,0.0,0.0,0.0,0.0,0.0,0.0,0.0,0.0,0.0,1.0,0.0,0.0,1.0,0.0,0.0,1.0,0.0,1.0,0.0,0.0,0.0,0.0,0.0,0.0,0.0,0.0,1.0,0.0,0.0,2.0,0.0,0.0,0.0,1.0,0.0,0.0,0.0,0.0,2.0,0.0,0.0,0.0,0.0,0.0,0.0,1.0,0.0,0.0,0.0
114,2024,2,0.0,0.0,0.0,0.0,0.0,0.0,0.0,0.0,0.0,0.0,0.0,0.0,0.0,0.0,0.0,0.0,0.0,0.0,0.0,0.0,0.0,0.0,0.0,0.0,0.0,2.0,0.0,0.0,0.0,0.0,0.0,0.0,0.0,0.0,0.0,0.0,0.0,0.0,0.0,0.0,0.0,0.0,0.0,0.0,0.0,0.0,0.0,0.0,0.0,0.0,0.0,0.0,0.0,1.0,0.0,0.0,0.0
114,2024,3,0.0,0.0,0.0,0.0,0.0,1.0,0.0,0.0,0.0,0.0,0.0,0.0,0.0,0.0,0.0,0.0,0.0,0.0,0.0,0.0,0.0,0.0,0.0,0.0,0.0,0.0,0.0,0.0,0.0,0.0,0.0,0.0,0.0,0.0,1.0,1.0,0.0,0.0,0.0,0.0,0.0,0.0,0.0,0.0,0.0,0.0,1.0,0.0,0.0,0.0,0.0,0.0,0.0,0.0,0.0,0.0,0.0
114,2024,4,0.0,0.0,0.0,0.0,0.0,1.0,0.0,0.0,0.0,0.0,0.0,0.0,0.0,0.0,0.0,0.0,0.0,0.0,0.0,0.0,0.0,0.0,0.0,2.0,1.0,0.0,0.0,0.0,0.0,0.0,0.0,0.0,0.0,0.0,0.0,0.0,0.0,0.0,0.0,0.0,0.0,0.0,0.0,0.0,0.0,0.0,1.0,0.0,0.0,0.0,0.0,0.0,0.0,1.0,0.0,0.0,0.0
114,2024,5,0.0,0.0,0.0,0.0,0.0,1.0,0.0,0.0,0.0,0.0,1.0,0.0,0.0,0.0,0.0,0.0,0.0,0.0,0.0,0.0,0.0,0.0,0.0,2.0,0.0,3.0,0.0,0.0,0.0,0.0,0.0,0.0,0.0,0.0,0.0,0.0,0.0,0.0,0.0,0.0,0.0,0.0,0.0,0.0,1.0,0.0,1.0,0.0,0.0,0.0,0.0,1.0,0.0,0.0,0.0,0.0,0.0
114,2024,6,0.0,0.0,0.0,0.0,0.0,1.0,0.0,0.0,0.0,0.0,0.0,0.0,0.0,1.0,0.0,0.0,0.0,2.0,0.0,0.0,1.0,0.0,0.0,1.0,0.0,2.0,0.0,0.0,0.0,0.0,0.0,0.0,0.0,0.0,0.0,0.0,0.0,1.0,0.0,0.0,0.0,0.0,0.0,0.0,0.0,0.0,1.0,0.0,0.0,0.0,0.0,0.0,0.0,0.0,0.0,0.0,0.0
114,2024,7,0.0,0.0,0.0,0.0,0.0,1.0,0.0,0.0,0.0,0.0,0.0,0.0,1.0,0.0,0.0,0.0,0.0,1.0,0.0,0.0,0.0,0.0,0.0,2.0,1.0,5.0,0.0,0.0,0.0,0.0,0.0,0.0,0.0,0.0,0.0,0.0,0.0,1.0,0.0,0.0,0.0,0.0,0.0,0.0,0.0,0.0,0.0,0.0,0.0,0.0,0.0,0.0,1.0,0.0,0.0,0.0,0.0
114,2024,8,0.0,0.0,0.0,0.0,0.0,1.0,0.0,0.0,0.0,0.0,1.0,0.0,2.0,0.0,0.0,0.0,0.0,0.0,0.0,0.0,2.0,0.0,0.0,4.0,0.0,4.0,0.0,0.0,0.0,0.0,0.0,0.0,0.0,0.0,0.0,0.0,0.0,1.0,0.0,0.0,0.0,0.0,0.0,0.0,0.0,0.0,2.0,0.0,0.0,0.0,0.0,0.0,1.0,0.0,0.0,0.0,0.0
114,2024,9,0.0,0.0,0.0,0.0,0.0,2.0,0.0,0.0,0.0,0.0,0.0,0.0,0.0,0.0,0.0,0.0,0.0,1.0,0.0,0.0,0.0,0.0,0.0,3.0,1.0,5.0,0.0,0.0,0.0,0.0,0.0,0.0,0.0,0.0,1.0,0.0,0.0,1.0,0.0,0.0,0.0,0.0,0.0,0.0,0.0,0.0,1.0,0.0,0.0,0.0,1.0,0.0,0.0,1.0,0.0,0.0,0.0
114,2024,10,0.0,0.0,0.0,0.0,0.0,1.0,0.0,0.0,0.0,0.0,1.0,0.0,0.0,0.0,0.0,0.0,0.0,1.0,0.0,0.0,0.0,0.0,0.0,7.0,1.0,3.0,0.0,0.0,0.0,0.0,0.0,0.0,0.0,0.0,1.0,0.0,0.0,1.0,0.0,0.0,0.0,0.0,0.0,0.0,0.0,0.0,6.0,0.0,0.0,0.0,0.0,0.0,3.0,1.0,0.0,0.0,0.0
114,2024,11,0.0,0.0,0.0,0.0,0.0,2.0,0.0,1.0,0.0,0.0,0.0,0.0,0.0,0.0,0.0,0.0,0.0,5.0,0.0,0.0,0.0,0.0,0.0,14.0,1.0,4.0,0.0,0.0,0.0,0.0,0.0,0.0,0.0,0.0,0.0,0.0,0.0,1.0,0.0,0.0,0.0,0.0,0.0,0.0,0.0,0.0,8.0,0.0,0.0,0.0,0.0,0.0,3.0,1.0,2.0,0.0,0.0
114,2024,12,0.0,0.0,0.0,0.0,2.0,4.0,0.0,1.0,0.0,0.0,2.0,0.0,0.0,0.0,0.0,0.0,0.0,5.0,0.0,0.0,0.0,0.0,0.0,21.0,4.0,12.0,0.0,0.0,0.0,0.0,0.0,0.0,0.0,0.0,1.0,0.0,0.0,6.0,0.0,0.0,0.0,0.0,0.0,0.0,0.0,0.0,20.0,0.0,0.0,0.0,1.0,0.0,0.0,2.0,1.0,0.0,0.0
114,2025,1,0.0,0.0,0.0,0.0,2.0,95.0,0.0,15.0,0.0,0.0,66.0,13.0,34.0,18.0,0.0,0.0,0.0,50.0,9.0,0.0,2.0,0.0,0.0,61.0,16.0,137.0,0.0,0.0,4.0,0.0,0.0,1.0,0.0,0.0,39.0,0.0,0.0,35.0,8.0,2.0,2.0,1.0,0.0,10.0,11.0,1.0,187.0,2.0,3.0,0.0,3.0,16.0,12.0,2.0,2.0,0.0,50.0
114,2025,2,0.0,8.0,0.0,0.0,0.0,80.0,2.0,17.0,0.0,0.0,51.0,6.0,42.0,15.0,2.0,0.0,0.0,48.0,9.0,0.0,6.0,0.0,0.0,63.0,16.0,124.0,0.0,0.0,5.0,0.0,0.0,0.0,0.0,0.0,34.0,0.0,0.0,34.0,4.0,0.0,1.0,4.0,0.0,14.0,3.0,5.0,181.0,4.0,4.0,0.0,1.0,10.0,7.0,6.0,1.0,0.0,52.0
114,2025,3,0.0,8.0,0.0,0.0,1.0,83.0,1.0,12.0,0.0,1.0,45.0,15.0,22.0,9.0,0.0,0.0,0.0,40.0,5.0,0.0,2.0,0.0,2.0,58.0,19.0,147.0,1.0,0.0,6.0,0.0,0.0,0.0,0.0,0.0,36.0,1.0,0.0,42.0,10.0,0.0,2.0,3.0,0.0,13.0,9.0,0.0,209.0,0.0,6.0,0.0,5.0,15.0,14.0,5.0,5.0,0.0,53.0
114,2025,4,0.0,7.0,0.0,0.0,1.0,76.0,2.0,19.0,0.0,0.0,72.0,4.0,28.0,6.0,1.0,0.0,0.0,57.0,4.0,0.0,4.0,0.0,0.0,74.0,25.0,154.0,0.0,0.0,7.0,0.0,0.0,0.0,0.0,0.0,28.0,0.0,0.0,21.0,12.0,1.0,3.0,3.0,0.0,15.0,3.0,1.0,195.0,1.0,3.0,0.0,2.0,7.0,20.0,4.0,3.0,0.0,36.0
114,2025,5,0.0,4.0,0.0,0.0,1.0,105.0,0.0,26.0,0.0,1.0,64.0,6.0,28.0,13.0,1.0,0.0,0.0,60.0,3.0,0.0,7.0,0.0,0.0,88.0,36.0,166.0,0.0,0.0,1.0,0.0,0.0,0.0,0.0,0.0,36.0,0.0,0.0,31.0,7.0,0.0,0.0,3.0,0.0,13.0,9.0,4.0,181.0,1.0,4.0,1.0,3.0,20.0,11.0,3.0,2.0,0.0,47.0
114,2025,6,0.0,5.0,0.0,0.0,2.0,102.0,2.0,19.0,0.0,0.0,74.0,3.0,32.0,9.0,0.0,0.0,0.0,55.0,0.0,0.0,0.0,0.0,0.0,76.0,38.0,153.0,0.0,0.0,9.0,0.0,0.0,0.0,0.0,0.0,34.0,0.0,0.0,40.0,11.0,0.0,0.0,0.0,0.0,8.0,8.0,4.0,157.0,2.0,2.0,0.0,4.0,23.0,17.0,7.0,5.0,0.0,29.0
114,2025,7,0.0,2.0,0.0,0.0,0.0,91.0,0.0,17.0,0.0,0.0,50.0,9.0,22.0,16.0,1.0,0.0,0.0,34.0,4.0,0.0,2.0,0.0,0.0,82.0,42.0,193.0,0.0,0.0,6.0,0.0,0.0,1.0,0.0,0.0,35.0,0.0,0.0,40.0,9.0,2.0,1.0,1.0,0.0,7.0,4.0,1.0,167.0,3.0,5.0,0.0,4.0,20.0,18.0,6.0,1.0,0.0,47.0
114,2025,8,0.0,0.0,0.0,0.0,0.0,93.0,0.0,30.0,1.0,0.0,65.0,6.0,19.0,15.0,0.0,0.0,0.0,35.0,6.0,0.0,1.0,0.0,1.0,68.0,29.0,171.0,0.0,0.0,6.0,0.0,0.0,0.0,0.0,0.0,39.0,0.0,0.0,31.0,11.0,0.0,2.0,0.0,0.0,3.0,4.0,0.0,208.0,1.0,1.0,1.0,0.0,16.0,16.0,7.0,2.0,0.0,56.0
114,2025,9,0.0,5.0,1.0,0.0,0.0,106.0,3.0,20.0,0.0,1.0,59.0,3.0,31.0,7.0,0.0,0.0,0.0,39.0,7.0,0.0,4.0,0.0,0.0,89.0,40.0,169.0,0.0,0.0,4.0,0.0,0.0,0.0,0.0,0.0,37.0,0.0,0.0,28.0,10.0,0.0,3.0,1.0,0.0,3.0,17.0,0.0,187.0,1.0,2.0,0.0,2.0,19.0,7.0,19.0,0.0,0.0,71.0
114,2025,10,0.0,2.0,1.0,0.0,1.0,86.0,1.0,21.0,0.0,0.0,65.0,8.0,21.0,4.0,0.0,0.0,0.0,32.0,3.0,0.0,2.0,0.0,0.0,95.0,33.0,162.0,0.0,0.0,4.0,0.0,0.0,0.0,0.0,0.0,30.0,0.0,0.0,30.0,10.0,0.0,3.0,1.0,0.0,5.0,12.0,0.0,252.0,3.0,3.0,1.0,0.0,15.0,16.0,15.0,4.0,0.0,54.0
114,2025,11,0.0,3.0,0.0,0.0,1.0,88.0,0.0,10.0,1.0,1.0,85.0,2.0,35.0,8.0,0.0,0.0,0.0,34.0,10.0,0.0,7.0,0.0,0.0,71.0,28.0,153.0,0.0,0.0,2.0,0.0,0.0,0.0,0.0,0.0,35.0,0.0,0.0,38.0,7.0,0.0,2.0,0.0,0.0,6.0,16.0,0.0,213.0,1.0,3.0,0.0,1.0,21.0,6.0,5.0,4.0,0.0,72.0
114,2025,12,0.0,2.0,0.0,0.0,0.0,86.0,1.0,14.0,0.0,0.0,59.0,14.0,16.0,7.0,0.0,0.0,1.0,35.0,3.0,0.0,2.0,0.0,1.0,59.0,22.0,151.0,0.0,0.0,5.0,0.0,0.0,1.0,0.0,0.0,34.0,0.0,0.0,32.0,6.0,0.0,1.0,2.0,0.0,1.0,2.0,0.0,222.0,0.0,0.0,1.0,1.0,24.0,3.0,4.0,1.0,0.0,22.0
115,2024,1,0.0,0.0,0.0,0.0,0.0,0.0,0.0,0.0,0.0,0.0,0.0,0.0,0.0,0.0,0.0,0.0,0.0,0.0,0.0,0.0,0.0,0.0,0.0,0.0,0.0,1.0,0.0,0.0,0.0,0.0,0.0,0.0,0.0,0.0,0.0,0.0,0.0,0.0,0.0,0.0,0.0,0.0,0.0,0.0,0.0,0.0,3.0,0.0,0.0,0.0,0.0,0.0,1.0,0.0,0.0,0.0,0.0
115,2024,2,0.0,0.0,0.0,0.0,0.0,0.0,0.0,0.0,0.0,0.0,0.0,0.0,1.0,0.0,0.0,0.0,0.0,0.0,0.0,0.0,0.0,0.0,0.0,2.0,0.0,1.0,0.0,0.0,0.0,0.0,0.0,0.0,0.0,0.0,0.0,0.0,0.0,0.0,0.0,0.0,0.0,0.0,0.0,0.0,0.0,0.0,0.0,0.0,0.0,0.0,1.0,0.0,0.0,0.0,0.0,0.0,0.0
115,2024,3,0.0,0.0,0.0,0.0,0.0,0.0,0.0,0.0,0.0,0.0,0.0,0.0,1.0,0.0,0.0,0.0,0.0,0.0,0.0,0.0,0.0,0.0,0.0,2.0,0.0,1.0,0.0,0.0,0.0,0.0,0.0,0.0,0.0,0.0,0.0,0.0,0.0,0.0,0.0,0.0,0.0,0.0,0.0,0.0,0.0,0.0,0.0,0.0,1.0,1.0,0.0,0.0,0.0,0.0,0.0,0.0,0.0
115,2024,4,0.0,0.0,0.0,0.0,0.0,1.0,0.0,0.0,0.0,0.0,0.0,0.0,0.0,0.0,0.0,0.0,0.0,0.0,0.0,0.0,1.0,0.0,0.0,2.0,0.0,0.0,0.0,0.0,0.0,0.0,0.0,0.0,0.0,0.0,0.0,0.0,0.0,0.0,0.0,0.0,0.0,0.0,0.0,0.0,0.0,0.0,1.0,0.0,0.0,0.0,0.0,0.0,1.0,0.0,0.0,0.0,0.0
115,2024,5,0.0,0.0,0.0,0.0,0.0,0.0,0.0,0.0,0.0,0.0,0.0,0.0,0.0,0.0,0.0,0.0,0.0,0.0,0.0,0.0,0.0,0.0,0.0,0.0,0.0,0.0,0.0,0.0,0.0,0.0,0.0,0.0,0.0,0.0,0.0,0.0,0.0,0.0,0.0,0.0,0.0,0.0,0.0,0.0,0.0,0.0,1.0,0.0,0.0,0.0,0.0,0.0,0.0,0.0,0.0,0.0,0.0
115,2024,6,0.0,0.0,0.0,0.0,0.0,2.0,0.0,0.0,0.0,0.0,0.0,0.0,0.0,0.0,0.0,0.0,0.0,0.0,0.0,0.0,0.0,0.0,0.0,1.0,0.0,1.0,0.0,0.0,0.0,0.0,0.0,0.0,0.0,0.0,0.0,0.0,0.0,0.0,0.0,0.0,0.0,0.0,0.0,0.0,0.0,0.0,2.0,0.0,0.0,0.0,1.0,0.0,0.0,0.0,0.0,0.0,0.0
115,2024,7,0.0,0.0,0.0,0.0,0.0,0.0,0.0,0.0,0.0,0.0,0.0,0.0,0.0,0.0,0.0,0.0,0.0,0.0,0.0,0.0,1.0,0.0,0.0,3.0,0.0,1.0,0.0,0.0,0.0,0.0,0.0,0.0,0.0,0.0,0.0,0.0,0.0,1.0,0.0,0.0,0.0,0.0,0.0,0.0,0.0,0.0,0.0,0.0,0.0,0.0,0.0,0.0,2.0,0.0,0.0,0.0,0.0
115,2024,8,0.0,0.0,0.0,0.0,0.0,2.0,0.0,0.0,0.0,0.0,0.0,0.0,0.0,0.0,0.0,0.0,0.0,0.0,0.0,0.0,0.0,0.0,0.0,2.0,0.0,0.0,0.0,0.0,0.0,0.0,0.0,0.0,0.0,0.0,0.0,0.0,0.0,0.0,0.0,0.0,0.0,0.0,0.0,0.0,0.0,0.0,0.0,0.0,0.0,0.0,0.0,0.0,1.0,0.0,0.0,0.0,0.0
115,2024,9,0.0,0.0,0.0,0.0,0.0,0.0,0.0,1.0,0.0,0.0,0.0,0.0,0.0,0.0,0.0,0.0,0.0,0.0,0.0,0.0,0.0,0.0,0.0,1.0,0.0,1.0,0.0,0.0,0.0,0.0,0.0,0.0,0.0,0.0,0.0,0.0,0.0,0.0,0.0,0.0,0.0,0.0,0.0,0.0,0.0,0.0,0.0,0.0,0.0,0.0,0.0,0.0,0.0,1.0,0.0,0.0,0.0
115,2024,10,0.0,1.0,0.0,0.0,0.0,0.0,0.0,0.0,0.0,0.0,0.0,0.0,1.0,0.0,0.0,0.0,0.0,0.0,0.0,0.0,0.0,0.0,0.0,5.0,0.0,1.0,0.0,0.0,0.0,0.0,0.0,0.0,0.0,0.0,0.0,0.0,0.0,0.0,0.0,0.0,0.0,0.0,0.0,4.0,0.0,0.0,0.0,0.0,0.0,0.0,0.0,0.0,0.0,0.0,2.0,0.0,0.0
115,2024,11,0.0,0.0,0.0,0.0,0.0,2.0,0.0,1.0,0.0,0.0,0.0,0.0,1.0,0.0,0.0,0.0,0.0,0.0,0.0,0.0,0.0,0.0,0.0,7.0,0.0,3.0,0.0,0.0,0.0,0.0,0.0,0.0,0.0,0.0,0.0,1.0,0.0,1.0,0.0,0.0,0.0,0.0,0.0,0.0,1.0,0.0,0.0,0.0,0.0,0.0,0.0,0.0,1.0,0.0,3.0,0.0,0.0
115,2024,12,0.0,0.0,0.0,0.0,0.0,0.0,0.0,1.0,0.0,0.0,1.0,0.0,1.0,0.0,0.0,0.0,0.0,1.0,0.0,0.0,3.0,0.0,0.0,12.0,1.0,3.0,0.0,0.0,0.0,0.0,0.0,0.0,0.0,0.0,5.0,0.0,0.0,3.0,0.0,0.0,0.0,0.0,0.0,0.0,0.0,0.0,14.0,0.0,0.0,0.0,0.0,0.0,0.0,2.0,5.0,0.0,0.0
115,2025,1,0.0,5.0,0.0,0.0,0.0,101.0,2.0,10.0,1.0,0.0,32.0,5.0,30.0,26.0,0.0,0.0,0.0,43.0,35.0,0.0,4.0,2.0,0.0,55.0,14.0,70.0,0.0,0.0,25.0,0.0,0.0,0.0,0.0,0.0,25.0,1.0,0.0,10.0,11.0,0.0,1.0,3.0,1.0,12.0,14.0,2.0,116.0,6.0,5.0,16.0,6.0,15.0,16.0,0.0,6.0,0.0,30.0
115,2025,2,0.0,1.0,0.0,0.0,0.0,74.0,3.0,19.0,0.0,1.0,36.0,9.0,41.0,17.0,0.0,0.0,0.0,31.0,11.0,0.0,2.0,0.0,0.0,63.0,14.0,82.0,0.0,0.0,20.0,0.0,0.0,0.0,0.0,0.0,21.0,0.0,0.0,12.0,7.0,0.0,3.0,2.0,0.0,4.0,3.0,0.0,106.0,3.0,2.0,20.0,1.0,21.0,17.0,1.0,4.0,0.0,36.0
115,2025,3,0.0,9.0,2.0,0.0,0.0,129.0,1.0,18.0,1.0,0.0,42.0,5.0,39.0,26.0,0.0,0.0,0.0,49.0,19.0,0.0,2.0,0.0,2.0,45.0,30.0,86.0,0.0,0.0,21.0,0.0,0.0,0.0,0.0,0.0,21.0,0.0,0.0,14.0,8.0,0.0,3.0,0.0,0.0,12.0,4.0,1.0,115.0,4.0,6.0,34.0,2.0,26.0,12.0,1.0,8.0,0.0,37.0
115,2025,4,0.0,5.0,0.0,0.0,0.0,96.0,0.0,15.0,0.0,1.0,39.0,2.0,61.0,12.0,0.0,0.0,0.0,53.0,18.0,0.0,7.0,0.0,0.0,46.0,14.0,61.0,1.0,0.0,20.0,0.0,0.0,0.0,0.0,0.0,31.0,1.0,0.0,20.0,9.0,0.0,0.0,0.0,0.0,16.0,7.0,1.0,91.0,2.0,3.0,26.0,4.0,30.0,26.0,4.0,5.0,0.0,33.0
115,2025,5,0.0,7.0,0.0,0.0,0.0,114.0,3.0,11.0,1.0,0.0,46.0,1.0,28.0,20.0,0.0,0.0,0.0,52.0,15.0,0.0,8.0,0.0,0.0,64.0,32.0,98.0,0.0,0.0,23.0,0.0,0.0,0.0,0.0,0.0,29.0,1.0,0.0,15.0,11.0,0.0,4.0,0.0,0.0,10.0,7.0,0.0,114.0,9.0,1.0,42.0,2.0,28.0,24.0,2.0,9.0,0.0,34.0
115,2025,6,0.0,9.0,2.0,0.0,0.0,110.0,2.0,7.0,0.0,0.0,40.0,2.0,38.0,16.0,0.0,0.0,0.0,44.0,9.0,0.0,9.0,0.0,0.0,64.0,17.0,60.0,0.0,0.0,18.0,0.0,0.0,1.0,0.0,0.0,30.0,0.0,0.0,18.0,6.0,0.0,4.0,0.0,0.0,8.0,2.0,0.0,115.0,4.0,5.0,13.0,1.0,26.0,19.0,1.0,6.0,0.0,21.0
115,2025,7,0.0,16.0,0.0,0.0,0.0,95.0,4.0,10.0,0.0,1.0,44.0,4.0,43.0,22.0,0.0,0.0,0.0,53.0,10.0,0.0,10.0,0.0,1.0,70.0,19.0,93.0,0.0,0.0,20.0,0.0,0.0,0.0,0.0,0.0,32.0,0.0,0.0,17.0,17.0,1.0,3.0,2.0,0.0,12.0,3.0,2.0,139.0,9.0,1.0,18.0,2.0,31.0,11.0,3.0,4.0,0.0,24.0
115,2025,8,0.0,7.0,1.0,0.0,0.0,99.0,1.0,13.0,1.0,0.0,50.0,6.0,49.0,24.0,0.0,0.0,0.0,43.0,11.0,0.0,8.0,2.0,2.0,65.0,24.0,81.0,0.0,0.0,12.0,0.0,0.0,0.0,0.0,0.0,29.0,1.0,0.0,11.0,6.0,0.0,4.0,1.0,0.0,9.0,2.0,2.0,152.0,5.0,4.0,17.0,0.0,33.0,16.0,2.0,5.0,0.0,33.0
115,2025,9,0.0,12.0,0.0,0.0,0.0,97.0,2.0,17.0,0.0,0.0,50.0,4.0,38.0,22.0,0.0,0.0,0.0,37.0,11.0,0.0,9.0,0.0,1.0,46.0,22.0,85.0,0.0,0.0,18.0,0.0,0.0,0.0,0.0,0.0,22.0,1.0,0.0,19.0,14.0,0.0,6.0,2.0,0.0,5.0,2.0,0.0,124.0,3.0,6.0,20.0,1.0,31.0,14.0,3.0,4.0,0.0,18.0
115,2025,10,0.0,28.0,0.0,0.0,0.0,107.0,1.0,11.0,2.0,0.0,52.0,6.0,25.0,22.0,0.0,0.0,0.0,53.0,13.0,0.0,6.0,0.0,0.0,62.0,21.0,65.0,0.0,0.0,17.0,0.0,0.0,0.0,0.0,0.0,30.0,0.0,0.0,12.0,11.0,0.0,2.0,1.0,0.0,11.0,4.0,0.0,111.0,8.0,5.0,11.0,1.0,29.0,10.0,3.0,5.0,0.0,34.0
115,2025,11,0.0,12.0,0.0,0.0,0.0,100.0,3.0,7.0,0.0,1.0,42.0,4.0,30.0,19.0,0.0,0.0,0.0,43.0,8.0,0.0,3.0,0.0,0.0,57.0,19.0,80.0,0.0,0.0,33.0,0.0,0.0,0.0,0.0,0.0,35.0,0.0,0.0,16.0,20.0,1.0,1.0,3.0,0.0,5.0,4.0,0.0,89.0,4.0,0.0,6.0,3.0,10.0,12.0,5.0,2.0,0.0,38.0
115,2025,12,0.0,3.0,0.0,0.0,1.0,84.0,1.0,19.0,0.0,0.0,43.0,2.0,13.0,19.0,0.0,0.0,0.0,25.0,8.0,0.0,5.0,0.0,0.0,46.0,34.0,63.0,0.0,0.0,24.0,0.0,0.0,0.0,0.0,0.0,18.0,0.0,0.0,8.0,4.0,0.0,1.0,0.0,0.0,1.0,6.0,1.0,97.0,2.0,2.0,1.0,1.0,17.0,6.0,2.0,2.0,0.0,21.0
116,2024,1,0.0,0.0,0.0,0.0,0.0,0.0,0.0,0.0,0.0,0.0,0.0,0.0,0.0,0.0,0.0,0.0,0.0,0.0,0.0,0.0,0.0,0.0,0.0,1.0,0.0,0.0,0.0,0.0,0.0,0.0,0.0,0.0,0.0,0.0,0.0,0.0,0.0,0.0,0.0,0.0,0.0,0.0,0.0,0.0,0.0,0.0,0.0,0.0,0.0,0.0,0.0,1.0,0.0,0.0,0.0,0.0,0.0
116,2024,2,0.0,0.0,0.0,0.0,0.0,0.0,0.0,0.0,0.0,0.0,0.0,0.0,0.0,0.0,0.0,0.0,0.0,0.0,0.0,0.0,0.0,0.0,0.0,0.0,0.0,0.0,0.0,0.0,0.0,0.0,0.0,0.0,0.0,0.0,0.0,0.0,0.0,1.0,0.0,0.0,0.0,0.0,0.0,0.0,0.0,0.0,0.0,0.0,0.0,0.0,0.0,0.0,0.0,0.0,0.0,0.0,0.0
116,2024,3,0.0,0.0,0.0,0.0,0.0,1.0,0.0,0.0,0.0,0.0,0.0,0.0,0.0,0.0,0.0,0.0,0.0,0.0,0.0,0.0,0.0,0.0,0.0,1.0,0.0,0.0,0.0,0.0,0.0,0.0,0.0,0.0,0.0,0.0,0.0,0.0,0.0,0.0,0.0,0.0,0.0,0.0,0.0,0.0,0.0,0.0,0.0,0.0,0.0,0.0,0.0,0.0,2.0,0.0,0.0,0.0,0.0
116,2024,4,0.0,0.0,0.0,0.0,0.0,0.0,0.0,0.0,0.0,0.0,0.0,0.0,0.0,0.0,0.0,0.0,0.0,0.0,0.0,0.0,0.0,0.0,0.0,1.0,0.0,0.0,0.0,0.0,0.0,0.0,0.0,0.0,0.0,0.0,0.0,0.0,0.0,1.0,0.0,0.0,0.0,0.0,0.0,0.0,0.0,0.0,0.0,0.0,0.0,0.0,0.0,0.0,0.0,0.0,0.0,0.0,0.0
116,2024,6,0.0,0.0,0.0,0.0,0.0,1.0,0.0,0.0,0.0,0.0,0.0,0.0,0.0,0.0,0.0,0.0,0.0,0.0,0.0,0.0,0.0,0.0,0.0,1.0,0.0,0.0,0.0,0.0,0.0,0.0,0.0,0.0,0.0,0.0,0.0,0.0,0.0,2.0,0.0,0.0,0.0,0.0,0.0,0.0,0.0,0.0,0.0,0.0,0.0,0.0,0.0,0.0,0.0,0.0,0.0,0.0,0.0
116,2024,7,0.0,0.0,0.0,0.0,0.0,0.0,0.0,0.0,0.0,0.0,0.0,0.0,0.0,0.0,0.0,0.0,0.0,0.0,0.0,0.0,0.0,0.0,0.0,0.0,0.0,0.0,0.0,0.0,0.0,0.0,0.0,0.0,0.0,0.0,0.0,0.0,0.0,1.0,0.0,0.0,0.0,0.0,0.0,0.0,0.0,0.0,0.0,0.0,0.0,0.0,1.0,0.0,0.0,1.0,0.0,0.0,0.0
116,2024,8,0.0,0.0,0.0,0.0,0.0,2.0,0.0,0.0,0.0,0.0,1.0,0.0,0.0,0.0,0.0,0.0,0.0,0.0,0.0,0.0,0.0,0.0,0.0,1.0,0.0,1.0,0.0,0.0,0.0,0.0,0.0,0.0,0.0,0.0,0.0,0.0,0.0,2.0,0.0,0.0,0.0,0.0,0.0,0.0,0.0,0.0,1.0,0.0,0.0,0.0,0.0,0.0,0.0,1.0,0.0,0.0,0.0
116,2024,9,0.0,0.0,0.0,0.0,0.0,1.0,0.0,0.0,0.0,0.0,0.0,0.0,0.0,0.0,0.0,0.0,0.0,0.0,0.0,0.0,0.0,0.0,0.0,0.0,0.0,0.0,0.0,0.0,0.0,0.0,0.0,0.0,0.0,0.0,1.0,0.0,0.0,2.0,0.0,0.0,0.0,0.0,0.0,0.0,0.0,0.0,1.0,0.0,0.0,0.0,0.0,0.0,0.0,0.0,0.0,0.0,0.0
116,2024,10,0.0,0.0,0.0,0.0,0.0,0.0,0.0,0.0,0.0,0.0,0.0,0.0,0.0,0.0,0.0,0.0,0.0,0.0,0.0,0.0,0.0,0.0,0.0,3.0,0.0,2.0,0.0,0.0,0.0,0.0,0.0,0.0,0.0,0.0,0.0,0.0,0.0,1.0,0.0,0.0,0.0,0.0,0.0,0.0,0.0,0.0,2.0,0.0,0.0,0.0,2.0,0.0,0.0,1.0,0.0,0.0,0.0
116,2024,11,0.0,0.0,0.0,0.0,0.0,0.0,0.0,0.0,0.0,0.0,1.0,0.0,0.0,0.0,0.0,0.0,0.0,0.0,0.0,0.0,0.0,0.0,0.0,2.0,1.0,0.0,0.0,0.0,0.0,0.0,0.0,0.0,0.0,0.0,0.0,0.0,0.0,0.0,0.0,0.0,0.0,0.0,0.0,0.0,0.0,0.0,4.0,0.0,0.0,0.0,1.0,0.0,0.0,4.0,1.0,0.0,0.0
116,2024,12,0.0,0.0,0.0,0.0,0.0,1.0,0.0,0.0,0.0,0.0,3.0,0.0,0.0,0.0,0.0,0.0,0.0,1.0,1.0,0.0,0.0,0.0,0.0,4.0,2.0,7.0,0.0,0.0,0.0,0.0,0.0,0.0,0.0,0.0,1.0,0.0,0.0,1.0,0.0,0.0,0.0,0.0,0.0,0.0,0.0,0.0,9.0,0.0,0.0,0.0,1.0,1.0,0.0,2.0,0.0,0.0,0.0
116,2025,1,0.0,0.0,0.0,0.0,0.0,44.0,0.0,5.0,0.0,0.0,38.0,2.0,4.0,10.0,1.0,0.0,0.0,24.0,12.0,0.0,0.0,0.0,1.0,19.0,21.0,65.0,0.0,0.0,4.0,0.0,0.0,0.0,0.0,0.0,27.0,0.0,0.0,14.0,10.0,1.0,0.0,8.0,0.0,0.0,35.0,1.0,46.0,0.0,2.0,0.0,4.0,6.0,23.0,2.0,2.0,0.0,97.0
116,2025,2,0.0,1.0,0.0,0.0,0.0,51.0,0.0,2.0,0.0,0.0,26.0,3.0,11.0,8.0,0.0,0.0,0.0,19.0,10.0,0.0,2.0,0.0,0.0,21.0,10.0,50.0,0.0,0.0,4.0,0.0,0.0,0.0,0.0,0.0,27.0,0.0,0.0,17.0,8.0,0.0,0.0,4.0,0.0,2.0,32.0,1.0,38.0,0.0,8.0,0.0,3.0,4.0,13.0,5.0,1.0,0.0,66.0
116,2025,3,0.0,0.0,3.0,0.0,0.0,43.0,0.0,5.0,0.0,0.0,22.0,2.0,4.0,11.0,0.0,0.0,0.0,20.0,7.0,0.0,2.0,0.0,0.0,20.0,14.0,62.0,0.0,0.0,9.0,0.0,0.0,0.0,0.0,0.0,20.0,0.0,0.0,13.0,10.0,0.0,0.0,0.0,0.0,0.0,28.0,0.0,41.0,0.0,0.0,0.0,1.0,2.0,15.0,2.0,1.0,0.0,98.0
116,2025,4,0.0,2.0,0.0,0.0,0.0,38.0,0.0,3.0,0.0,0.0,24.0,2.0,9.0,16.0,0.0,0.0,0.0,21.0,5.0,0.0,0.0,0.0,0.0,22.0,21.0,78.0,0.0,0.0,7.0,0.0,0.0,1.0,0.0,0.0,20.0,0.0,0.0,11.0,2.0,1.0,1.0,4.0,0.0,1.0,28.0,2.0,39.0,0.0,2.0,0.0,2.0,8.0,10.0,5.0,5.0,0.0,87.0
116,2025,5,0.0,0.0,0.0,0.0,1.0,66.0,0.0,6.0,0.0,0.0,33.0,2.0,5.0,12.0,0.0,0.0,0.0,28.0,13.0,0.0,0.0,0.0,0.0,10.0,11.0,61.0,0.0,0.0,10.0,0.0,0.0,0.0,0.0,0.0,21.0,0.0,0.0,18.0,11.0,0.0,0.0,3.0,0.0,0.0,19.0,0.0,37.0,0.0,1.0,0.0,2.0,6.0,36.0,4.0,2.0,0.0,64.0
116,2025,6,0.0,0.0,0.0,0.0,0.0,70.0,0.0,1.0,0.0,0.0,37.0,2.0,6.0,6.0,0.0,0.0,0.0,16.0,7.0,0.0,2.0,0.0,0.0,15.0,16.0,70.0,0.0,0.0,6.0,0.0,0.0,0.0,0.0,0.0,27.0,0.0,0.0,7.0,5.0,0.0,0.0,4.0,0.0,1.0,8.0,0.0,38.0,0.0,3.0,0.0,1.0,3.0,11.0,3.0,3.0,0.0,38.0
116,2025,7,0.0,1.0,1.0,0.0,0.0,71.0,0.0,7.0,0.0,0.0,46.0,2.0,3.0,9.0,0.0,0.0,0.0,26.0,3.0,0.0,2.0,0.0,1.0,15.0,10.0,78.0,0.0,0.0,1.0,0.0,0.0,0.0,0.0,0.0,22.0,0.0,0.0,9.0,5.0,0.0,2.0,4.0,0.0,1.0,9.0,1.0,63.0,1.0,2.0,0.0,4.0,10.0,13.0,4.0,2.0,0.0,29.0
116,2025,8,0.0,2.0,1.0,0.0,0.0,64.0,0.0,7.0,0.0,0.0,26.0,4.0,3.0,11.0,0.0,0.0,0.0,27.0,4.0,0.0,2.0,0.0,0.0,20.0,10.0,85.0,0.0,0.0,3.0,0.0,0.0,0.0,0.0,0.0,32.0,0.0,0.0,19.0,10.0,0.0,3.0,4.0,0.0,1.0,14.0,0.0,97.0,1.0,5.0,0.0,1.0,5.0,15.0,4.0,6.0,0.0,27.0
116,2025,9,0.0,1.0,1.0,0.0,1.0,41.0,0.0,8.0,0.0,0.0,29.0,0.0,1.0,5.0,0.0,0.0,0.0,16.0,2.0,0.0,3.0,0.0,0.0,22.0,10.0,71.0,0.0,0.0,6.0,0.0,0.0,0.0,0.0,0.0,15.0,0.0,0.0,20.0,6.0,0.0,1.0,2.0,0.0,0.0,9.0,1.0,35.0,0.0,0.0,0.0,1.0,8.0,10.0,3.0,2.0,0.0,25.0
116,2025,10,0.0,1.0,1.0,0.0,0.0,46.0,0.0,5.0,1.0,0.0,23.0,1.0,3.0,6.0,0.0,0.0,0.0,19.0,6.0,0.0,1.0,0.0,0.0,32.0,10.0,74.0,0.0,0.0,8.0,0.0,0.0,0.0,0.0,0.0,22.0,0.0,0.0,13.0,14.0,0.0,0.0,2.0,0.0,2.0,8.0,1.0,41.0,0.0,1.0,0.0,0.0,9.0,25.0,1.0,0.0,0.0,33.0
116,2025,11,0.0,1.0,0.0,0.0,0.0,54.0,0.0,4.0,0.0,0.0,35.0,4.0,2.0,8.0,0.0,0.0,0.0,24.0,9.0,0.0,0.0,0.0,0.0,21.0,19.0,67.0,0.0,0.0,7.0,0.0,0.0,0.0,0.0,0.0,28.0,0.0,0.0,12.0,6.0,0.0,2.0,5.0,0.0,2.0,10.0,1.0,64.0,0.0,3.0,0.0,0.0,11.0,18.0,1.0,2.0,0.0,25.0
116,2025,12,0.0,2.0,0.0,0.0,0.0,33.0,0.0,8.0,1.0,0.0,25.0,2.0,2.0,5.0,0.0,0.0,0.0,14.0,1.0,0.0,1.0,0.0,0.0,16.0,17.0,54.0,0.0,0.0,7.0,0.0,0.0,0.0,0.0,0.0,18.0,0.0,0.0,17.0,2.0,0.0,2.0,1.0,0.0,3.0,8.0,0.0,28.0,0.0,3.0,0.0,0.0,3.0,12.0,0.0,1.0,0.0,33.0
120,2024,1,0.0,0.0,0.0,0.0,0.0,0.0,0.0,0.0,0.0,0.0,0.0,0.0,1.0,0.0,0.0,0.0,0.0,0.0,1.0,0.0,0.0,0.0,0.0,0.0,0.0,1.0,0.0,0.0,0.0,0.0,0.0,0.0,0.0,0.0,0.0,0.0,0.0,0.0,0.0,0.0,0.0,0.0,0.0,0.0,0.0,0.0,2.0,0.0,0.0,0.0,0.0,0.0,0.0,1.0,0.0,0.0,0.0
120,2024,2,0.0,0.0,0.0,0.0,0.0,2.0,0.0,0.0,0.0,0.0,1.0,0.0,0.0,0.0,0.0,0.0,0.0,0.0,0.0,0.0,0.0,0.0,0.0,1.0,0.0,1.0,0.0,0.0,0.0,0.0,0.0,0.0,0.0,0.0,1.0,0.0,0.0,1.0,0.0,0.0,0.0,0.0,0.0,0.0,0.0,0.0,0.0,0.0,0.0,0.0,0.0,0.0,0.0,0.0,0.0,0.0,0.0
120,2024,3,0.0,0.0,0.0,0.0,0.0,0.0,0.0,0.0,0.0,0.0,0.0,0.0,0.0,0.0,0.0,0.0,0.0,0.0,0.0,0.0,0.0,0.0,0.0,1.0,0.0,0.0,0.0,0.0,0.0,0.0,0.0,0.0,0.0,0.0,1.0,0.0,0.0,0.0,0.0,0.0,0.0,0.0,0.0,0.0,0.0,0.0,0.0,0.0,0.0,0.0,0.0,0.0,0.0,0.0,0.0,0.0,0.0
120,2024,4,0.0,0.0,0.0,0.0,0.0,0.0,0.0,0.0,0.0,0.0,0.0,0.0,1.0,0.0,0.0,0.0,0.0,0.0,0.0,0.0,0.0,0.0,0.0,1.0,0.0,0.0,0.0,0.0,0.0,0.0,0.0,0.0,0.0,0.0,0.0,0.0,0.0,1.0,0.0,0.0,0.0,0.0,0.0,0.0,0.0,0.0,2.0,0.0,0.0,0.0,0.0,0.0,0.0,0.0,0.0,0.0,0.0
120,2024,5,0.0,0.0,0.0,0.0,0.0,0.0,0.0,0.0,0.0,0.0,0.0,0.0,0.0,0.0,0.0,0.0,0.0,0.0,0.0,0.0,0.0,0.0,0.0,2.0,0.0,0.0,0.0,0.0,0.0,0.0,0.0,0.0,0.0,0.0,0.0,0.0,0.0,0.0,0.0,0.0,0.0,0.0,0.0,0.0,0.0,0.0,1.0,0.0,0.0,0.0,0.0,0.0,2.0,0.0,0.0,0.0,0.0
120,2024,6,0.0,0.0,0.0,0.0,0.0,0.0,0.0,0.0,0.0,0.0,1.0,0.0,0.0,1.0,0.0,0.0,0.0,1.0,0.0,0.0,0.0,0.0,0.0,2.0,0.0,3.0,0.0,0.0,0.0,0.0,0.0,0.0,0.0,0.0,0.0,0.0,0.0,0.0,0.0,0.0,0.0,0.0,0.0,0.0,0.0,0.0,1.0,0.0,0.0,0.0,0.0,0.0,0.0,0.0,0.0,0.0,0.0
120,2024,7,0.0,0.0,0.0,0.0,0.0,1.0,0.0,0.0,0.0,0.0,0.0,0.0,0.0,0.0,0.0,0.0,0.0,0.0,0.0,0.0,0.0,0.0,0.0,1.0,0.0,1.0,0.0,0.0,0.0,0.0,0.0,0.0,0.0,0.0,0.0,0.0,0.0,0.0,0.0,0.0,0.0,0.0,0.0,0.0,0.0,0.0,0.0,0.0,0.0,0.0,0.0,0.0,0.0,1.0,0.0,0.0,0.0
120,2024,8,0.0,0.0,0.0,0.0,0.0,0.0,0.0,0.0,0.0,0.0,1.0,0.0,0.0,0.0,0.0,0.0,0.0,0.0,0.0,0.0,0.0,0.0,0.0,0.0,0.0,3.0,0.0,0.0,0.0,0.0,0.0,0.0,0.0,0.0,2.0,0.0,0.0,2.0,0.0,0.0,0.0,0.0,0.0,0.0,0.0,0.0,2.0,0.0,0.0,0.0,0.0,1.0,0.0,0.0,0.0,0.0,0.0
120,2024,9,0.0,0.0,0.0,0.0,0.0,1.0,0.0,0.0,0.0,0.0,2.0,0.0,1.0,0.0,0.0,0.0,0.0,0.0,0.0,0.0,1.0,0.0,0.0,2.0,0.0,1.0,0.0,0.0,0.0,0.0,0.0,0.0,0.0,0.0,0.0,0.0,0.0,1.0,0.0,0.0,0.0,0.0,0.0,0.0,1.0,0.0,2.0,0.0,0.0,0.0,0.0,0.0,1.0,1.0,0.0,0.0,0.0
120,2024,10,0.0,0.0,0.0,0.0,0.0,0.0,0.0,0.0,0.0,0.0,0.0,0.0,0.0,0.0,0.0,0.0,0.0,0.0,0.0,0.0,0.0,0.0,0.0,1.0,0.0,2.0,0.0,0.0,0.0,0.0,0.0,0.0,0.0,0.0,0.0,0.0,0.0,2.0,1.0,0.0,0.0,0.0,0.0,0.0,0.0,0.0,1.0,0.0,0.0,0.0,1.0,0.0,0.0,0.0,0.0,0.0,0.0
120,2024,11,0.0,0.0,0.0,0.0,0.0,2.0,0.0,0.0,0.0,0.0,2.0,0.0,1.0,0.0,0.0,0.0,0.0,1.0,0.0,0.0,0.0,0.0,0.0,5.0,1.0,1.0,0.0,0.0,0.0,0.0,0.0,0.0,0.0,0.0,0.0,0.0,0.0,1.0,0.0,0.0,0.0,0.0,0.0,0.0,0.0,0.0,0.0,0.0,0.0,0.0,1.0,0.0,2.0,0.0,0.0,0.0,0.0
120,2024,12,0.0,0.0,0.0,0.0,0.0,2.0,0.0,0.0,0.0,0.0,0.0,0.0,0.0,0.0,0.0,0.0,0.0,2.0,0.0,0.0,2.0,0.0,0.0,6.0,0.0,8.0,0.0,0.0,0.0,0.0,0.0,0.0,0.0,0.0,5.0,0.0,0.0,3.0,0.0,0.0,0.0,0.0,0.0,0.0,0.0,0.0,5.0,0.0,1.0,0.0,1.0,1.0,3.0,0.0,0.0,0.0,0.0
120,2025,1,0.0,0.0,0.0,0.0,1.0,83.0,1.0,15.0,0.0,0.0,52.0,5.0,64.0,21.0,0.0,0.0,0.0,18.0,19.0,0.0,5.0,0.0,0.0,22.0,4.0,137.0,0.0,0.0,2.0,0.0,0.0,1.0,0.0,0.0,33.0,1.0,0.0,29.0,17.0,0.0,2.0,1.0,0.0,11.0,8.0,2.0,127.0,0.0,3.0,1.0,3.0,17.0,13.0,9.0,1.0,0.0,92.0
120,2025,2,0.0,3.0,0.0,0.0,0.0,72.0,0.0,9.0,0.0,0.0,35.0,8.0,48.0,11.0,0.0,0.0,0.0,35.0,11.0,0.0,4.0,0.0,0.0,26.0,4.0,127.0,0.0,0.0,4.0,0.0,0.0,0.0,0.0,0.0,36.0,0.0,0.0,23.0,18.0,2.0,0.0,0.0,0.0,29.0,5.0,1.0,102.0,0.0,3.0,0.0,2.0,13.0,8.0,4.0,2.0,0.0,69.0
120,2025,3,0.0,0.0,0.0,0.0,0.0,86.0,0.0,10.0,1.0,0.0,62.0,5.0,43.0,24.0,0.0,0.0,0.0,41.0,17.0,0.0,3.0,0.0,0.0,18.0,4.0,121.0,0.0,0.0,9.0,0.0,0.0,1.0,0.0,0.0,47.0,1.0,0.0,32.0,19.0,0.0,1.0,0.0,0.0,52.0,14.0,1.0,104.0,0.0,1.0,1.0,1.0,6.0,14.0,5.0,2.0,0.0,70.0
120,2025,4,0.0,1.0,0.0,0.0,2.0,75.0,0.0,5.0,0.0,0.0,56.0,6.0,54.0,17.0,0.0,0.0,0.0,44.0,16.0,0.0,8.0,0.0,0.0,22.0,4.0,127.0,0.0,0.0,10.0,0.0,0.0,1.0,0.0,0.0,52.0,0.0,0.0,35.0,26.0,0.0,1.0,0.0,0.0,56.0,12.0,0.0,96.0,0.0,0.0,1.0,4.0,11.0,21.0,1.0,2.0,0.0,86.0
120,2025,5,0.0,2.0,0.0,0.0,0.0,88.0,0.0,11.0,2.0,0.0,61.0,9.0,66.0,19.0,1.0,0.0,0.0,36.0,10.0,0.0,3.0,0.0,1.0,31.0,3.0,160.0,0.0,0.0,8.0,0.0,0.0,0.0,0.0,0.0,57.0,0.0,0.0,34.0,25.0,0.0,0.0,0.0,0.0,51.0,12.0,2.0,117.0,0.0,0.0,0.0,1.0,10.0,20.0,3.0,5.0,0.0,90.0
120,2025,6,0.0,2.0,0.0,0.0,0.0,82.0,0.0,3.0,1.0,0.0,48.0,8.0,58.0,11.0,1.0,0.0,0.0,37.0,8.0,0.0,4.0,0.0,0.0,28.0,6.0,156.0,0.0,0.0,6.0,0.0,0.0,0.0,0.0,0.0,44.0,0.0,0.0,39.0,32.0,0.0,3.0,1.0,0.0,37.0,9.0,1.0,100.0,0.0,1.0,1.0,2.0,13.0,8.0,1.0,2.0,0.0,51.0
120,2025,7,0.0,2.0,0.0,0.0,1.0,100.0,1.0,5.0,0.0,0.0,61.0,4.0,47.0,17.0,1.0,0.0,0.0,43.0,8.0,0.0,5.0,0.0,0.0,37.0,12.0,126.0,0.0,0.0,4.0,0.0,0.0,0.0,0.0,0.0,51.0,0.0,0.0,21.0,27.0,0.0,2.0,1.0,0.0,61.0,5.0,1.0,81.0,0.0,1.0,0.0,4.0,15.0,23.0,4.0,4.0,0.0,61.0
120,2025,8,0.0,1.0,1.0,0.0,0.0,87.0,0.0,10.0,0.0,0.0,58.0,3.0,58.0,11.0,0.0,0.0,0.0,35.0,12.0,0.0,2.0,0.0,0.0,27.0,13.0,142.0,0.0,0.0,15.0,0.0,0.0,1.0,0.0,0.0,32.0,0.0,0.0,29.0,26.0,0.0,2.0,2.0,0.0,38.0,17.0,0.0,87.0,0.0,6.0,0.0,2.0,15.0,12.0,2.0,3.0,0.0,78.0
120,2025,9,0.0,3.0,0.0,0.0,1.0,96.0,0.0,7.0,0.0,0.0,43.0,9.0,73.0,12.0,0.0,0.0,0.0,38.0,6.0,0.0,6.0,0.0,0.0,38.0,8.0,169.0,0.0,0.0,12.0,0.0,0.0,1.0,0.0,0.0,35.0,0.0,0.0,27.0,20.0,0.0,0.0,1.0,0.0,9.0,8.0,1.0,94.0,0.0,5.0,0.0,2.0,12.0,11.0,2.0,2.0,0.0,59.0
120,2025,10,0.0,2.0,0.0,0.0,1.0,100.0,0.0,17.0,2.0,0.0,41.0,8.0,57.0,10.0,0.0,0.0,0.0,37.0,7.0,0.0,4.0,0.0,0.0,28.0,11.0,120.0,1.0,0.0,6.0,0.0,0.0,0.0,0.0,0.0,30.0,1.0,0.0,18.0,25.0,1.0,0.0,1.0,1.0,9.0,6.0,3.0,85.0,0.0,2.0,0.0,3.0,16.0,18.0,5.0,3.0,0.0,79.0
120,2025,11,0.0,1.0,0.0,0.0,0.0,78.0,0.0,8.0,0.0,0.0,46.0,11.0,50.0,12.0,0.0,0.0,0.0,29.0,10.0,0.0,1.0,0.0,0.0,19.0,2.0,107.0,0.0,0.0,10.0,0.0,0.0,0.0,0.0,0.0,34.0,0.0,0.0,30.0,11.0,0.0,2.0,0.0,0.0,15.0,9.0,0.0,84.0,0.0,2.0,0.0,3.0,12.0,15.0,0.0,4.0,0.0,77.0
120,2025,12,0.0,0.0,0.0,0.0,0.0,83.0,1.0,9.0,2.0,0.0,32.0,5.0,23.0,19.0,0.0,0.0,0.0,31.0,5.0,0.0,4.0,0.0,0.0,20.0,6.0,118.0,0.0,0.0,8.0,0.0,0.0,0.0,0.0,0.0,37.0,0.0,0.0,29.0,17.0,0.0,1.0,1.0,0.0,9.0,11.0,1.0,74.0,0.0,1.0,0.0,0.0,4.0,10.0,4.0,4.0,0.0,80.0
121,2024,1,0.0,0.0,0.0,0.0,0.0,0.0,0.0,0.0,0.0,0.0,0.0,0.0,0.0,0.0,0.0,0.0,0.0,0.0,0.0,0.0,0.0,0.0,0.0,0.0,0.0,0.0,0.0,0.0,0.0,0.0,0.0,0.0,0.0,0.0,0.0,0.0,0.0,1.0,0.0,0.0,0.0,0.0,0.0,0.0,0.0,0.0,0.0,0.0,0.0,0.0,0.0,0.0,0.0,0.0,0.0,0.0,0.0
121,2024,2,0.0,0.0,0.0,0.0,0.0,0.0,0.0,1.0,0.0,0.0,0.0,0.0,0.0,0.0,0.0,0.0,0.0,0.0,0.0,0.0,0.0,0.0,0.0,0.0,0.0,0.0,0.0,0.0,0.0,0.0,0.0,0.0,0.0,0.0,0.0,0.0,0.0,0.0,0.0,0.0,0.0,0.0,0.0,0.0,0.0,0.0,0.0,0.0,0.0,0.0,0.0,0.0,0.0,1.0,0.0,0.0,0.0
121,2024,3,0.0,0.0,0.0,0.0,0.0,0.0,0.0,0.0,0.0,0.0,0.0,0.0,0.0,0.0,0.0,0.0,0.0,0.0,0.0,0.0,0.0,0.0,0.0,2.0,0.0,1.0,0.0,0.0,0.0,0.0,0.0,0.0,0.0,0.0,0.0,0.0,0.0,0.0,0.0,0.0,0.0,0.0,0.0,0.0,0.0,0.0,0.0,0.0,0.0,0.0,0.0,0.0,0.0,0.0,0.0,0.0,0.0
121,2024,4,0.0,0.0,0.0,0.0,0.0,0.0,0.0,0.0,0.0,0.0,0.0,0.0,0.0,0.0,0.0,0.0,0.0,0.0,0.0,0.0,1.0,0.0,0.0,1.0,0.0,1.0,0.0,0.0,0.0,0.0,0.0,0.0,0.0,0.0,0.0,0.0,0.0,0.0,0.0,0.0,0.0,0.0,0.0,0.0,0.0,0.0,1.0,0.0,0.0,0.0,0.0,0.0,0.0,2.0,0.0,0.0,0.0
121,2024,5,0.0,0.0,0.0,0.0,0.0,0.0,0.0,0.0,0.0,0.0,0.0,0.0,0.0,0.0,0.0,0.0,0.0,2.0,2.0,0.0,0.0,0.0,0.0,0.0,0.0,0.0,0.0,0.0,0.0,0.0,0.0,0.0,0.0,0.0,0.0,0.0,0.0,0.0,0.0,0.0,0.0,0.0,0.0,0.0,0.0,0.0,1.0,0.0,0.0,0.0,1.0,0.0,1.0,0.0,0.0,0.0,0.0
121,2024,6,0.0,0.0,0.0,0.0,0.0,0.0,0.0,0.0,0.0,0.0,0.0,0.0,0.0,0.0,0.0,0.0,0.0,0.0,0.0,0.0,0.0,0.0,0.0,0.0,0.0,2.0,0.0,0.0,0.0,0.0,0.0,0.0,0.0,0.0,0.0,0.0,0.0,0.0,0.0,0.0,0.0,0.0,0.0,0.0,0.0,0.0,0.0,0.0,0.0,0.0,0.0,0.0,2.0,0.0,0.0,0.0,0.0
121,2024,7,0.0,0.0,0.0,0.0,0.0,0.0,0.0,0.0,0.0,0.0,0.0,0.0,0.0,0.0,0.0,0.0,0.0,1.0,0.0,0.0,0.0,0.0,0.0,1.0,0.0,2.0,0.0,0.0,0.0,0.0,0.0,0.0,0.0,0.0,0.0,0.0,0.0,0.0,0.0,0.0,0.0,0.0,0.0,0.0,0.0,0.0,0.0,0.0,0.0,0.0,0.0,0.0,0.0,2.0,0.0,0.0,0.0
121,2024,8,0.0,0.0,0.0,0.0,0.0,0.0,0.0,0.0,0.0,0.0,0.0,0.0,0.0,0.0,0.0,0.0,0.0,0.0,0.0,0.0,0.0,0.0,0.0,1.0,0.0,1.0,0.0,0.0,0.0,0.0,0.0,0.0,0.0,0.0,0.0,0.0,0.0,0.0,0.0,0.0,0.0,0.0,0.0,0.0,0.0,0.0,1.0,0.0,0.0,0.0,0.0,0.0,0.0,0.0,1.0,0.0,0.0
121,2024,9,0.0,0.0,0.0,0.0,0.0,0.0,0.0,0.0,0.0,0.0,0.0,0.0,0.0,0.0,0.0,0.0,0.0,1.0,0.0,0.0,0.0,0.0,0.0,0.0,0.0,1.0,0.0,0.0,0.0,0.0,0.0,0.0,0.0,0.0,0.0,0.0,0.0,0.0,0.0,0.0,0.0,0.0,0.0,0.0,0.0,0.0,0.0,0.0,0.0,0.0,0.0,0.0,0.0,0.0,0.0,0.0,0.0
121,2024,10,0.0,0.0,0.0,0.0,0.0,0.0,0.0,0.0,0.0,0.0,0.0,0.0,0.0,0.0,0.0,0.0,0.0,0.0,0.0,0.0,0.0,0.0,0.0,1.0,0.0,0.0,0.0,0.0,0.0,0.0,0.0,0.0,0.0,0.0,0.0,0.0,0.0,1.0,0.0,0.0,0.0,0.0,0.0,0.0,0.0,0.0,5.0,0.0,0.0,0.0,0.0,0.0,0.0,0.0,1.0,0.0,0.0
121,2024,11,0.0,0.0,0.0,0.0,0.0,0.0,0.0,0.0,0.0,0.0,1.0,0.0,0.0,0.0,0.0,0.0,0.0,0.0,1.0,0.0,2.0,0.0,0.0,3.0,0.0,3.0,0.0,0.0,0.0,0.0,0.0,0.0,0.0,0.0,0.0,0.0,0.0,1.0,0.0,0.0,0.0,0.0,0.0,0.0,0.0,0.0,3.0,0.0,0.0,0.0,0.0,0.0,0.0,0.0,2.0,0.0,0.0
121,2024,12,0.0,0.0,0.0,0.0,0.0,1.0,0.0,1.0,0.0,0.0,1.0,0.0,0.0,0.0,0.0,0.0,0.0,0.0,0.0,0.0,1.0,0.0,0.0,9.0,1.0,8.0,0.0,0.0,0.0,0.0,0.0,0.0,0.0,0.0,8.0,0.0,0.0,1.0,0.0,0.0,0.0,0.0,0.0,0.0,0.0,0.0,12.0,0.0,0.0,0.0,1.0,0.0,3.0,0.0,0.0,0.0,1.0
121,2025,1,0.0,0.0,2.0,0.0,0.0,43.0,1.0,8.0,0.0,1.0,22.0,5.0,19.0,8.0,0.0,0.0,0.0,14.0,2.0,0.0,6.0,0.0,0.0,27.0,12.0,91.0,0.0,0.0,10.0,0.0,0.0,0.0,0.0,0.0,22.0,0.0,0.0,27.0,9.0,0.0,0.0,8.0,0.0,7.0,10.0,0.0,133.0,0.0,1.0,0.0,2.0,4.0,8.0,4.0,4.0,0.0,32.0
121,2025,2,0.0,0.0,0.0,0.0,0.0,41.0,2.0,10.0,0.0,0.0,33.0,5.0,14.0,8.0,0.0,0.0,0.0,22.0,2.0,0.0,6.0,0.0,0.0,36.0,6.0,103.0,0.0,0.0,5.0,0.0,0.0,0.0,0.0,0.0,34.0,0.0,0.0,27.0,6.0,0.0,1.0,2.0,0.0,2.0,3.0,3.0,121.0,0.0,2.0,0.0,1.0,6.0,9.0,3.0,7.0,0.0,23.0
121,2025,3,0.0,0.0,0.0,0.0,0.0,77.0,1.0,5.0,0.0,0.0,28.0,6.0,20.0,6.0,0.0,0.0,0.0,16.0,6.0,0.0,6.0,0.0,0.0,37.0,2.0,107.0,0.0,0.0,5.0,0.0,0.0,0.0,0.0,0.0,37.0,0.0,0.0,26.0,5.0,1.0,2.0,2.0,0.0,1.0,3.0,1.0,128.0,0.0,1.0,0.0,4.0,2.0,11.0,5.0,5.0,0.0,29.0
121,2025,4,0.0,2.0,0.0,0.0,0.0,76.0,1.0,3.0,0.0,0.0,34.0,2.0,15.0,9.0,0.0,0.0,0.0,16.0,2.0,0.0,7.0,0.0,0.0,26.0,0.0,141.0,0.0,0.0,5.0,0.0,0.0,0.0,0.0,0.0,31.0,0.0,0.0,30.0,9.0,0.0,2.0,2.0,1.0,7.0,4.0,0.0,130.0,1.0,8.0,0.0,3.0,6.0,3.0,2.0,3.0,0.0,15.0
121,2025,5,0.0,0.0,0.0,0.0,1.0,62.0,0.0,5.0,0.0,0.0,46.0,5.0,10.0,9.0,0.0,0.0,0.0,24.0,3.0,0.0,5.0,0.0,0.0,38.0,4.0,118.0,0.0,0.0,14.0,0.0,0.0,0.0,0.0,0.0,30.0,0.0,0.0,34.0,12.0,0.0,0.0,0.0,0.0,2.0,6.0,0.0,114.0,0.0,2.0,0.0,2.0,14.0,10.0,4.0,4.0,0.0,25.0
121,2025,6,0.0,2.0,0.0,0.0,1.0,65.0,0.0,7.0,0.0,0.0,27.0,9.0,6.0,7.0,0.0,0.0,0.0,19.0,3.0,0.0,3.0,0.0,0.0,31.0,5.0,109.0,0.0,0.0,5.0,0.0,0.0,0.0,0.0,0.0,15.0,0.0,0.0,27.0,11.0,0.0,0.0,1.0,0.0,4.0,2.0,0.0,97.0,0.0,1.0,0.0,3.0,8.0,9.0,2.0,4.0,0.0,22.0
121,2025,7,0.0,0.0,0.0,0.0,0.0,47.0,0.0,2.0,0.0,0.0,39.0,6.0,12.0,8.0,0.0,0.0,0.0,27.0,0.0,0.0,6.0,0.0,0.0,36.0,10.0,124.0,0.0,0.0,14.0,0.0,0.0,1.0,0.0,0.0,26.0,0.0,0.0,31.0,10.0,0.0,2.0,1.0,0.0,3.0,4.0,2.0,96.0,0.0,0.0,0.0,0.0,6.0,5.0,1.0,5.0,0.0,16.0
121,2025,8,0.0,0.0,0.0,0.0,0.0,59.0,0.0,5.0,0.0,0.0,37.0,3.0,10.0,9.0,0.0,0.0,0.0,18.0,1.0,0.0,4.0,0.0,0.0,51.0,14.0,121.0,0.0,0.0,11.0,0.0,0.0,0.0,0.0,0.0,26.0,0.0,0.0,26.0,4.0,0.0,0.0,0.0,0.0,4.0,3.0,0.0,109.0,0.0,1.0,0.0,0.0,5.0,2.0,1.0,5.0,0.0,18.0
121,2025,9,0.0,1.0,0.0,0.0,0.0,64.0,1.0,8.0,0.0,0.0,39.0,6.0,14.0,7.0,0.0,0.0,0.0,27.0,6.0,0.0,7.0,0.0,0.0,29.0,3.0,127.0,0.0,0.0,11.0,0.0,0.0,1.0,0.0,0.0,22.0,0.0,0.0,25.0,3.0,0.0,3.0,1.0,0.0,3.0,3.0,3.0,87.0,0.0,0.0,0.0,3.0,7.0,7.0,1.0,1.0,0.0,20.0
121,2025,10,0.0,1.0,0.0,0.0,0.0,72.0,0.0,8.0,0.0,0.0,40.0,3.0,8.0,9.0,0.0,0.0,0.0,18.0,1.0,0.0,4.0,0.0,0.0,35.0,6.0,119.0,0.0,0.0,8.0,0.0,0.0,0.0,0.0,0.0,21.0,0.0,0.0,17.0,3.0,1.0,1.0,1.0,0.0,1.0,2.0,2.0,115.0,0.0,2.0,1.0,1.0,6.0,6.0,4.0,5.0,0.0,14.0
121,2025,11,0.0,0.0,0.0,0.0,1.0,57.0,0.0,8.0,0.0,0.0,29.0,1.0,5.0,5.0,0.0,0.0,0.0,22.0,1.0,0.0,7.0,0.0,0.0,24.0,6.0,94.0,0.0,0.0,13.0,0.0,0.0,0.0,0.0,0.0,21.0,0.0,0.0,18.0,4.0,0.0,0.0,1.0,0.0,4.0,2.0,1.0,96.0,0.0,3.0,0.0,1.0,12.0,7.0,0.0,1.0,0.0,16.0
121,2025,12,0.0,0.0,0.0,0.0,0.0,56.0,0.0,11.0,0.0,0.0,32.0,2.0,3.0,5.0,0.0,0.0,0.0,19.0,0.0,0.0,1.0,0.0,0.0,29.0,9.0,87.0,0.0,0.0,10.0,0.0,0.0,0.0,0.0,0.0,18.0,0.0,0.0,14.0,7.0,0.0,2.0,0.0,0.0,0.0,2.0,1.0,75.0,0.0,0.0,0.0,1.0,8.0,8.0,1.0,2.0,0.0,17.0
122,2024,1,0.0,0.0,0.0,0.0,0.0,0.0,0.0,0.0,0.0,0.0,0.0,0.0,0.0,0.0,0.0,0.0,0.0,0.0,0.0,0.0,0.0,0.0,0.0,0.0,0.0,1.0,0.0,0.0,0.0,0.0,0.0,0.0,0.0,0.0,0.0,0.0,0.0,0.0,0.0,0.0,0.0,0.0,0.0,0.0,0.0,0.0,1.0,0.0,0.0,0.0,0.0,0.0,1.0,0.0,0.0,0.0,0.0
122,2024,2,0.0,0.0,0.0,0.0,0.0,0.0,0.0,0.0,0.0,0.0,0.0,0.0,0.0,0.0,0.0,0.0,0.0,0.0,0.0,0.0,1.0,0.0,0.0,2.0,0.0,1.0,0.0,0.0,0.0,0.0,0.0,0.0,0.0,0.0,0.0,0.0,0.0,0.0,0.0,0.0,0.0,0.0,0.0,0.0,0.0,0.0,0.0,0.0,0.0,0.0,0.0,0.0,0.0,0.0,0.0,0.0,0.0
122,2024,3,0.0,0.0,0.0,0.0,0.0,0.0,0.0,0.0,0.0,0.0,0.0,0.0,0.0,0.0,0.0,0.0,0.0,0.0,0.0,0.0,1.0,0.0,0.0,0.0,0.0,0.0,0.0,0.0,0.0,0.0,0.0,0.0,0.0,0.0,0.0,0.0,0.0,0.0,0.0,0.0,0.0,0.0,0.0,0.0,0.0,0.0,0.0,0.0,0.0,0.0,0.0,0.0,1.0,0.0,0.0,0.0,0.0
122,2024,4,0.0,0.0,0.0,0.0,0.0,0.0,0.0,0.0,0.0,0.0,0.0,0.0,0.0,0.0,0.0,0.0,0.0,0.0,0.0,0.0,0.0,0.0,0.0,2.0,0.0,0.0,0.0,0.0,0.0,0.0,0.0,0.0,0.0,0.0,0.0,0.0,0.0,1.0,0.0,0.0,0.0,0.0,0.0,0.0,0.0,0.0,0.0,0.0,0.0,0.0,0.0,0.0,0.0,0.0,0.0,0.0,0.0
122,2024,5,0.0,0.0,0.0,0.0,0.0,0.0,0.0,0.0,0.0,0.0,0.0,0.0,0.0,0.0,0.0,0.0,0.0,0.0,0.0,0.0,0.0,0.0,0.0,1.0,0.0,0.0,0.0,0.0,0.0,0.0,0.0,0.0,0.0,0.0,0.0,0.0,0.0,0.0,0.0,0.0,0.0,0.0,0.0,0.0,0.0,0.0,1.0,0.0,0.0,0.0,0.0,0.0,1.0,1.0,0.0,0.0,0.0
122,2024,6,0.0,0.0,0.0,0.0,0.0,0.0,0.0,0.0,0.0,0.0,0.0,0.0,0.0,0.0,0.0,0.0,0.0,0.0,0.0,0.0,0.0,0.0,0.0,2.0,0.0,0.0,0.0,0.0,0.0,0.0,0.0,0.0,0.0,0.0,0.0,0.0,0.0,1.0,0.0,0.0,0.0,0.0,0.0,0.0,0.0,0.0,0.0,0.0,0.0,0.0,0.0,0.0,0.0,1.0,0.0,0.0,0.0
122,2024,7,0.0,0.0,0.0,0.0,0.0,1.0,0.0,0.0,0.0,0.0,0.0,0.0,0.0,0.0,0.0,0.0,0.0,0.0,0.0,0.0,0.0,0.0,0.0,2.0,0.0,0.0,0.0,0.0,0.0,0.0,0.0,0.0,0.0,0.0,0.0,0.0,0.0,1.0,0.0,0.0,0.0,0.0,0.0,0.0,0.0,0.0,1.0,0.0,0.0,0.0,0.0,0.0,0.0,0.0,0.0,0.0,0.0
122,2024,8,0.0,0.0,0.0,0.0,0.0,1.0,0.0,0.0,0.0,0.0,0.0,0.0,0.0,0.0,0.0,0.0,0.0,2.0,0.0,0.0,0.0,0.0,0.0,0.0,0.0,0.0,0.0,0.0,0.0,0.0,0.0,0.0,0.0,0.0,0.0,0.0,0.0,0.0,0.0,0.0,0.0,0.0,0.0,0.0,0.0,0.0,0.0,0.0,0.0,0.0,0.0,0.0,0.0,0.0,0.0,0.0,0.0
122,2024,9,0.0,0.0,0.0,0.0,0.0,1.0,0.0,0.0,0.0,0.0,0.0,0.0,0.0,0.0,0.0,0.0,0.0,2.0,0.0,0.0,1.0,0.0,0.0,1.0,0.0,1.0,0.0,0.0,0.0,0.0,0.0,0.0,0.0,0.0,0.0,0.0,0.0,1.0,0.0,0.0,0.0,0.0,0.0,0.0,0.0,0.0,2.0,0.0,0.0,0.0,0.0,0.0,0.0,1.0,0.0,0.0,0.0
122,2024,10,0.0,0.0,0.0,0.0,0.0,3.0,0.0,0.0,0.0,0.0,0.0,0.0,0.0,0.0,0.0,0.0,0.0,1.0,0.0,0.0,1.0,0.0,0.0,3.0,0.0,2.0,0.0,0.0,0.0,0.0,0.0,0.0,0.0,0.0,1.0,0.0,0.0,1.0,0.0,0.0,0.0,0.0,0.0,0.0,0.0,0.0,3.0,0.0,0.0,0.0,0.0,0.0,1.0,0.0,0.0,0.0,0.0
122,2024,11,0.0,0.0,0.0,0.0,0.0,2.0,0.0,0.0,0.0,0.0,0.0,0.0,0.0,0.0,0.0,0.0,0.0,0.0,0.0,0.0,0.0,0.0,0.0,3.0,1.0,4.0,0.0,0.0,0.0,0.0,0.0,0.0,0.0,0.0,1.0,0.0,0.0,1.0,0.0,0.0,0.0,0.0,0.0,0.0,0.0,0.0,3.0,0.0,0.0,0.0,0.0,0.0,2.0,1.0,0.0,0.0,0.0
122,2024,12,0.0,0.0,0.0,0.0,0.0,1.0,0.0,2.0,0.0,0.0,0.0,1.0,1.0,0.0,0.0,0.0,0.0,1.0,0.0,0.0,1.0,0.0,0.0,11.0,0.0,6.0,0.0,0.0,0.0,0.0,0.0,0.0,0.0,0.0,4.0,0.0,0.0,3.0,1.0,0.0,0.0,0.0,0.0,0.0,0.0,0.0,14.0,0.0,0.0,0.0,0.0,0.0,4.0,2.0,0.0,0.0,1.0
122,2025,1,0.0,0.0,0.0,0.0,0.0,39.0,0.0,15.0,0.0,0.0,27.0,4.0,11.0,2.0,0.0,0.0,0.0,16.0,1.0,0.0,5.0,0.0,0.0,28.0,5.0,86.0,0.0,0.0,4.0,0.0,0.0,1.0,0.0,0.0,16.0,0.0,0.0,16.0,3.0,0.0,1.0,3.0,0.0,4.0,0.0,0.0,90.0,1.0,2.0,1.0,0.0,5.0,6.0,1.0,5.0,0.0,24.0
122,2025,2,0.0,1.0,0.0,0.0,0.0,15.0,0.0,9.0,0.0,0.0,27.0,4.0,2.0,3.0,0.0,0.0,0.0,15.0,1.0,0.0,2.0,0.0,0.0,23.0,3.0,65.0,0.0,0.0,4.0,0.0,0.0,0.0,0.0,0.0,14.0,0.0,0.0,21.0,8.0,0.0,1.0,2.0,0.0,2.0,1.0,2.0,80.0,0.0,1.0,0.0,0.0,1.0,1.0,3.0,1.0,0.0,20.0
122,2025,3,0.0,0.0,0.0,0.0,0.0,28.0,1.0,7.0,0.0,1.0,30.0,4.0,7.0,3.0,0.0,0.0,0.0,19.0,0.0,0.0,6.0,0.0,0.0,39.0,1.0,104.0,0.0,0.0,3.0,0.0,0.0,0.0,0.0,0.0,25.0,0.0,0.0,24.0,6.0,2.0,1.0,1.0,0.0,0.0,4.0,0.0,78.0,0.0,0.0,0.0,0.0,6.0,3.0,3.0,2.0,0.0,19.0
122,2025,4,0.0,0.0,0.0,0.0,0.0,42.0,0.0,8.0,0.0,0.0,35.0,2.0,5.0,4.0,0.0,0.0,0.0,26.0,0.0,0.0,3.0,0.0,0.0,25.0,7.0,76.0,0.0,0.0,3.0,0.0,0.0,0.0,0.0,0.0,33.0,0.0,0.0,23.0,4.0,0.0,0.0,3.0,0.0,4.0,0.0,2.0,90.0,0.0,2.0,0.0,1.0,4.0,8.0,4.0,1.0,0.0,23.0
122,2025,5,0.0,2.0,0.0,0.0,0.0,44.0,0.0,6.0,0.0,0.0,37.0,3.0,12.0,1.0,0.0,0.0,0.0,27.0,1.0,0.0,2.0,0.0,0.0,32.0,3.0,102.0,0.0,0.0,6.0,0.0,0.0,0.0,0.0,0.0,22.0,0.0,0.0,20.0,4.0,0.0,1.0,2.0,0.0,1.0,1.0,0.0,76.0,0.0,0.0,0.0,3.0,5.0,4.0,8.0,2.0,0.0,14.0
122,2025,6,0.0,0.0,0.0,0.0,0.0,53.0,0.0,9.0,0.0,0.0,39.0,9.0,7.0,5.0,0.0,0.0,0.0,31.0,0.0,0.0,5.0,0.0,0.0,34.0,8.0,97.0,0.0,0.0,4.0,0.0,0.0,0.0,0.0,0.0,26.0,0.0,0.0,18.0,7.0,0.0,3.0,0.0,0.0,1.0,1.0,0.0,88.0,0.0,0.0,0.0,2.0,4.0,4.0,2.0,0.0,0.0,15.0
122,2025,7,0.0,0.0,0.0,0.0,0.0,36.0,0.0,8.0,0.0,0.0,42.0,6.0,6.0,3.0,0.0,0.0,0.0,18.0,3.0,0.0,2.0,0.0,0.0,26.0,1.0,90.0,0.0,0.0,3.0,0.0,0.0,0.0,0.0,0.0,28.0,0.0,0.0,32.0,2.0,0.0,0.0,0.0,0.0,2.0,4.0,1.0,101.0,0.0,0.0,0.0,1.0,4.0,2.0,3.0,1.0,0.0,13.0
122,2025,8,0.0,0.0,0.0,0.0,0.0,38.0,0.0,0.0,0.0,0.0,37.0,3.0,4.0,2.0,0.0,1.0,0.0,11.0,2.0,0.0,6.0,0.0,0.0,40.0,7.0,82.0,0.0,0.0,1.0,0.0,0.0,0.0,0.0,0.0,38.0,0.0,0.0,30.0,5.0,1.0,0.0,1.0,1.0,1.0,3.0,0.0,75.0,0.0,2.0,1.0,2.0,5.0,3.0,5.0,2.0,0.0,6.0
122,2025,9,0.0,1.0,0.0,0.0,1.0,43.0,1.0,7.0,0.0,0.0,33.0,3.0,4.0,3.0,0.0,0.0,0.0,26.0,2.0,0.0,6.0,0.0,0.0,39.0,3.0,105.0,0.0,0.0,4.0,0.0,0.0,0.0,0.0,0.0,25.0,0.0,0.0,20.0,3.0,0.0,0.0,1.0,0.0,3.0,5.0,1.0,75.0,1.0,0.0,0.0,0.0,4.0,3.0,4.0,1.0,0.0,10.0
122,2025,10,0.0,0.0,0.0,0.0,0.0,36.0,0.0,6.0,0.0,0.0,28.0,3.0,4.0,3.0,0.0,0.0,0.0,23.0,3.0,0.0,5.0,0.0,0.0,32.0,7.0,99.0,0.0,0.0,5.0,0.0,0.0,0.0,0.0,0.0,16.0,0.0,0.0,24.0,2.0,0.0,1.0,0.0,0.0,5.0,0.0,2.0,93.0,1.0,1.0,0.0,3.0,3.0,7.0,2.0,3.0,0.0,15.0
122,2025,11,0.0,0.0,0.0,0.0,1.0,23.0,0.0,7.0,0.0,0.0,39.0,2.0,9.0,2.0,0.0,0.0,0.0,24.0,2.0,0.0,2.0,0.0,0.0,36.0,7.0,106.0,0.0,0.0,8.0,0.0,0.0,0.0,0.0,0.0,16.0,0.0,0.0,11.0,4.0,0.0,0.0,1.0,0.0,3.0,3.0,0.0,65.0,0.0,1.0,0.0,1.0,6.0,3.0,1.0,2.0,0.0,16.0
122,2025,12,0.0,1.0,0.0,0.0,0.0,28.0,0.0,7.0,0.0,0.0,13.0,2.0,7.0,4.0,0.0,0.0,0.0,11.0,0.0,0.0,1.0,0.0,0.0,20.0,5.0,48.0,0.0,0.0,6.0,0.0,0.0,0.0,0.0,0.0,18.0,0.0,0.0,8.0,4.0,0.0,1.0,2.0,0.0,1.0,1.0,0.0,59.0,0.0,0.0,0.0,0.0,1.0,5.0,1.0,0.0,0.0,21.0
123,2024,1,0.0,0.0,0.0,0.0,0.0,0.0,0.0,0.0,0.0,0.0,0.0,0.0,0.0,0.0,0.0,0.0,0.0,1.0,0.0,0.0,0.0,0.0,0.0,0.0,0.0,0.0,0.0,0.0,0.0,0.0,0.0,0.0,0.0,0.0,0.0,0.0,0.0,0.0,1.0,0.0,0.0,0.0,0.0,0.0,0.0,0.0,1.0,0.0,0.0,0.0,0.0,0.0,0.0,0.0,0.0,0.0,1.0
123,2024,2,0.0,0.0,0.0,0.0,0.0,0.0,0.0,0.0,0.0,0.0,1.0,0.0,0.0,0.0,0.0,0.0,0.0,0.0,0.0,0.0,0.0,0.0,0.0,0.0,0.0,0.0,0.0,0.0,0.0,0.0,0.0,0.0,0.0,0.0,0.0,0.0,0.0,0.0,0.0,0.0,0.0,0.0,0.0,0.0,0.0,0.0,0.0,0.0,0.0,0.0,0.0,0.0,0.0,0.0,0.0,0.0,0.0
123,2024,4,0.0,0.0,0.0,0.0,0.0,0.0,0.0,0.0,0.0,0.0,0.0,0.0,0.0,0.0,0.0,0.0,0.0,0.0,0.0,0.0,0.0,0.0,0.0,1.0,0.0,0.0,0.0,0.0,0.0,0.0,0.0,0.0,0.0,0.0,0.0,0.0,0.0,0.0,0.0,0.0,0.0,0.0,0.0,0.0,0.0,0.0,1.0,0.0,0.0,0.0,0.0,0.0,0.0,1.0,0.0,0.0,0.0
123,2024,5,0.0,0.0,0.0,0.0,0.0,0.0,0.0,1.0,0.0,0.0,0.0,0.0,0.0,0.0,0.0,0.0,0.0,0.0,0.0,0.0,0.0,0.0,0.0,1.0,0.0,1.0,0.0,0.0,0.0,0.0,0.0,0.0,0.0,0.0,0.0,0.0,0.0,0.0,0.0,0.0,0.0,0.0,0.0,0.0,0.0,0.0,2.0,0.0,0.0,0.0,0.0,0.0,0.0,0.0,1.0,0.0,0.0
123,2024,6,0.0,1.0,0.0,0.0,0.0,0.0,0.0,0.0,0.0,0.0,0.0,0.0,0.0,0.0,0.0,0.0,0.0,0.0,0.0,0.0,0.0,0.0,0.0,0.0,0.0,1.0,0.0,0.0,0.0,0.0,0.0,0.0,0.0,0.0,0.0,0.0,0.0,1.0,0.0,0.0,0.0,0.0,0.0,0.0,0.0,0.0,0.0,0.0,0.0,0.0,0.0,0.0,0.0,0.0,0.0,0.0,0.0
123,2024,8,0.0,0.0,0.0,0.0,0.0,0.0,0.0,0.0,0.0,0.0,0.0,0.0,0.0,0.0,0.0,0.0,0.0,0.0,0.0,0.0,0.0,0.0,0.0,0.0,0.0,0.0,0.0,0.0,0.0,0.0,0.0,0.0,0.0,0.0,0.0,0.0,0.0,0.0,0.0,0.0,0.0,0.0,0.0,0.0,0.0,0.0,0.0,0.0,0.0,0.0,1.0,0.0,0.0,0.0,0.0,0.0,0.0
123,2024,9,0.0,0.0,0.0,0.0,0.0,0.0,0.0,0.0,0.0,0.0,0.0,0.0,0.0,0.0,0.0,0.0,0.0,0.0,0.0,0.0,0.0,0.0,0.0,2.0,0.0,1.0,0.0,0.0,0.0,0.0,0.0,0.0,0.0,0.0,0.0,0.0,0.0,1.0,0.0,0.0,0.0,0.0,0.0,0.0,0.0,0.0,2.0,0.0,0.0,0.0,1.0,0.0,0.0,0.0,0.0,0.0,0.0
123,2024,10,0.0,0.0,0.0,0.0,0.0,0.0,0.0,0.0,0.0,0.0,0.0,0.0,0.0,0.0,0.0,0.0,0.0,1.0,0.0,0.0,0.0,0.0,0.0,3.0,0.0,2.0,0.0,0.0,0.0,0.0,0.0,0.0,0.0,0.0,0.0,0.0,0.0,2.0,0.0,0.0,0.0,0.0,0.0,0.0,0.0,0.0,3.0,0.0,0.0,0.0,0.0,0.0,0.0,0.0,0.0,0.0,0.0
123,2024,11,0.0,0.0,0.0,0.0,0.0,1.0,0.0,0.0,0.0,0.0,0.0,0.0,0.0,0.0,0.0,0.0,0.0,0.0,1.0,0.0,0.0,0.0,0.0,3.0,0.0,3.0,0.0,0.0,0.0,0.0,0.0,0.0,0.0,0.0,0.0,0.0,0.0,0.0,0.0,0.0,0.0,1.0,0.0,0.0,0.0,0.0,3.0,0.0,0.0,0.0,0.0,0.0,0.0,1.0,0.0,0.0,0.0
123,2024,12,0.0,0.0,0.0,0.0,0.0,0.0,0.0,1.0,0.0,0.0,1.0,0.0,0.0,0.0,0.0,0.0,0.0,3.0,0.0,0.0,2.0,0.0,0.0,5.0,0.0,1.0,0.0,0.0,0.0,0.0,0.0,0.0,0.0,0.0,0.0,0.0,0.0,2.0,0.0,0.0,0.0,0.0,0.0,1.0,0.0,0.0,9.0,0.0,0.0,0.0,0.0,0.0,0.0,2.0,0.0,0.0,0.0
123,2025,1,0.0,0.0,0.0,0.0,1.0,21.0,0.0,8.0,0.0,0.0,20.0,1.0,4.0,0.0,0.0,0.0,0.0,9.0,0.0,0.0,3.0,0.0,0.0,18.0,3.0,44.0,0.0,0.0,1.0,0.0,0.0,0.0,0.0,0.0,10.0,0.0,0.0,9.0,0.0,1.0,2.0,1.0,0.0,0.0,1.0,0.0,34.0,0.0,1.0,0.0,0.0,1.0,4.0,8.0,5.0,0.0,5.0
123,2025,2,0.0,0.0,0.0,0.0,0.0,24.0,0.0,5.0,0.0,0.0,13.0,3.0,2.0,0.0,0.0,0.0,0.0,9.0,1.0,0.0,2.0,0.0,0.0,18.0,3.0,47.0,0.0,0.0,1.0,0.0,0.0,0.0,0.0,0.0,17.0,0.0,0.0,12.0,0.0,0.0,0.0,0.0,0.0,0.0,1.0,0.0,35.0,0.0,0.0,0.0,0.0,3.0,6.0,1.0,5.0,0.0,7.0
123,2025,3,0.0,0.0,0.0,0.0,1.0,24.0,0.0,4.0,0.0,0.0,16.0,5.0,2.0,6.0,0.0,0.0,0.0,9.0,0.0,0.0,1.0,0.0,0.0,19.0,1.0,52.0,0.0,0.0,4.0,0.0,0.0,0.0,0.0,0.0,15.0,0.0,0.0,15.0,4.0,0.0,0.0,1.0,0.0,0.0,1.0,0.0,29.0,0.0,1.0,0.0,1.0,0.0,5.0,2.0,3.0,0.0,8.0
123,2025,4,0.0,0.0,0.0,0.0,0.0,26.0,0.0,5.0,0.0,0.0,28.0,2.0,3.0,1.0,0.0,0.0,0.0,5.0,1.0,0.0,1.0,0.0,0.0,26.0,1.0,49.0,0.0,0.0,5.0,0.0,0.0,0.0,0.0,0.0,10.0,0.0,0.0,20.0,3.0,0.0,0.0,0.0,0.0,1.0,0.0,0.0,40.0,0.0,0.0,0.0,0.0,1.0,4.0,4.0,0.0,0.0,6.0
123,2025,5,0.0,1.0,0.0,0.0,1.0,24.0,0.0,4.0,0.0,0.0,33.0,6.0,1.0,1.0,0.0,0.0,0.0,7.0,0.0,0.0,2.0,0.0,0.0,22.0,4.0,71.0,0.0,0.0,2.0,0.0,0.0,0.0,0.0,0.0,8.0,0.0,0.0,11.0,5.0,0.0,1.0,0.0,0.0,0.0,1.0,0.0,42.0,0.0,0.0,0.0,1.0,5.0,3.0,2.0,2.0,0.0,13.0
123,2025,6,0.0,0.0,0.0,0.0,0.0,29.0,0.0,3.0,0.0,0.0,23.0,3.0,1.0,1.0,0.0,0.0,0.0,14.0,0.0,0.0,0.0,0.0,0.0,24.0,3.0,75.0,0.0,0.0,1.0,0.0,0.0,0.0,0.0,0.0,16.0,0.0,0.0,19.0,7.0,0.0,2.0,0.0,0.0,0.0,2.0,3.0,25.0,0.0,0.0,0.0,0.0,4.0,4.0,7.0,8.0,0.0,9.0
123,2025,7,0.0,0.0,0.0,0.0,0.0,14.0,1.0,1.0,0.0,0.0,24.0,3.0,2.0,0.0,0.0,0.0,0.0,10.0,3.0,0.0,0.0,0.0,0.0,26.0,3.0,46.0,0.0,0.0,3.0,0.0,0.0,0.0,0.0,0.0,11.0,0.0,0.0,15.0,4.0,1.0,0.0,0.0,0.0,0.0,1.0,1.0,34.0,0.0,0.0,0.0,1.0,3.0,3.0,1.0,3.0,0.0,7.0
123,2025,8,0.0,0.0,0.0,0.0,1.0,25.0,0.0,2.0,0.0,0.0,31.0,1.0,2.0,5.0,0.0,0.0,0.0,5.0,1.0,0.0,3.0,0.0,0.0,35.0,0.0,38.0,0.0,0.0,2.0,0.0,0.0,0.0,0.0,0.0,9.0,0.0,0.0,17.0,6.0,0.0,0.0,0.0,0.0,1.0,0.0,1.0,41.0,0.0,0.0,0.0,0.0,2.0,3.0,8.0,4.0,0.0,5.0
123,2025,9,0.0,1.0,0.0,0.0,2.0,22.0,0.0,3.0,0.0,0.0,27.0,10.0,5.0,4.0,0.0,0.0,0.0,10.0,0.0,0.0,2.0,0.0,0.0,26.0,2.0,55.0,0.0,0.0,2.0,0.0,0.0,0.0,0.0,0.0,5.0,0.0,0.0,13.0,2.0,0.0,1.0,0.0,0.0,0.0,1.0,1.0,40.0,0.0,0.0,0.0,0.0,0.0,3.0,5.0,0.0,0.0,11.0
123,2025,10,0.0,0.0,0.0,0.0,0.0,22.0,0.0,4.0,0.0,0.0,17.0,0.0,4.0,0.0,0.0,0.0,0.0,4.0,1.0,0.0,1.0,0.0,0.0,16.0,2.0,42.0,0.0,0.0,3.0,0.0,0.0,0.0,0.0,0.0,8.0,0.0,0.0,18.0,2.0,0.0,3.0,1.0,0.0,0.0,1.0,0.0,35.0,0.0,0.0,0.0,0.0,2.0,4.0,2.0,3.0,0.0,8.0
123,2025,11,0.0,0.0,0.0,0.0,0.0,18.0,0.0,4.0,0.0,0.0,21.0,5.0,3.0,1.0,0.0,0.0,0.0,6.0,2.0,0.0,0.0,0.0,0.0,19.0,3.0,56.0,0.0,0.0,1.0,0.0,0.0,0.0,0.0,0.0,8.0,0.0,0.0,11.0,0.0,0.0,0.0,1.0,0.0,1.0,1.0,1.0,25.0,0.0,0.0,0.0,0.0,3.0,2.0,3.0,2.0,0.0,3.0
123,2025,12,0.0,0.0,0.0,0.0,0.0,14.0,0.0,2.0,1.0,0.0,18.0,0.0,1.0,2.0,0.0,0.0,0.0,6.0,2.0,0.0,0.0,0.0,0.0,20.0,4.0,47.0,0.0,0.0,2.0,0.0,0.0,0.0,0.0,0.0,12.0,0.0,0.0,9.0,1.0,0.0,3.0,0.0,0.0,0.0,2.0,0.0,20.0,0.0,1.0,0.0,0.0,2.0,4.0,2.0,2.0,0.0,6.0
13,2024,1,0.0,0.0,0.0,0.0,0.0,0.0,0.0,0.0,0.0,0.0,1.0,0.0,0.0,0.0,0.0,0.0,0.0,0.0,0.0,0.0,0.0,0.0,0.0,1.0,0.0,1.0,0.0,0.0,0.0,0.0,0.0,0.0,0.0,0.0,0.0,0.0,0.0,2.0,0.0,0.0,0.0,0.0,0.0,0.0,0.0,0.0,0.0,0.0,0.0,0.0,0.0,0.0,0.0,0.0,0.0,0.0,0.0
13,2024,2,0.0,0.0,0.0,0.0,0.0,0.0,0.0,0.0,0.0,0.0,0.0,0.0,0.0,0.0,0.0,0.0,0.0,0.0,0.0,0.0,0.0,0.0,0.0,2.0,0.0,0.0,0.0,0.0,0.0,0.0,0.0,0.0,0.0,0.0,0.0,0.0,0.0,0.0,0.0,0.0,0.0,0.0,0.0,0.0,0.0,0.0,0.0,0.0,0.0,0.0,0.0,0.0,0.0,0.0,0.0,0.0,0.0
13,2024,4,0.0,0.0,0.0,0.0,0.0,0.0,0.0,0.0,0.0,0.0,0.0,0.0,0.0,0.0,0.0,0.0,0.0,0.0,0.0,0.0,0.0,0.0,0.0,1.0,0.0,0.0,0.0,0.0,0.0,0.0,0.0,0.0,0.0,0.0,0.0,0.0,0.0,0.0,0.0,0.0,0.0,0.0,0.0,0.0,0.0,0.0,0.0,0.0,0.0,0.0,0.0,0.0,0.0,0.0,0.0,0.0,0.0
13,2024,6,0.0,0.0,0.0,0.0,0.0,0.0,0.0,0.0,0.0,0.0,0.0,0.0,0.0,0.0,0.0,0.0,0.0,0.0,0.0,0.0,0.0,0.0,0.0,2.0,0.0,0.0,0.0,0.0,0.0,0.0,0.0,0.0,0.0,0.0,0.0,0.0,0.0,0.0,0.0,0.0,0.0,0.0,0.0,0.0,0.0,0.0,3.0,0.0,0.0,0.0,0.0,0.0,0.0,0.0,0.0,0.0,0.0
13,2024,7,0.0,0.0,0.0,0.0,0.0,0.0,0.0,0.0,0.0,0.0,0.0,0.0,0.0,0.0,0.0,0.0,0.0,0.0,0.0,0.0,0.0,0.0,0.0,0.0,0.0,2.0,0.0,0.0,0.0,0.0,0.0,0.0,0.0,0.0,0.0,0.0,0.0,0.0,0.0,0.0,0.0,0.0,0.0,0.0,0.0,0.0,0.0,0.0,0.0,0.0,1.0,0.0,0.0,0.0,0.0,0.0,0.0
13,2024,8,0.0,0.0,0.0,0.0,0.0,0.0,0.0,0.0,0.0,0.0,0.0,0.0,0.0,0.0,0.0,0.0,0.0,0.0,0.0,0.0,0.0,0.0,0.0,3.0,0.0,0.0,0.0,0.0,0.0,0.0,0.0,0.0,0.0,0.0,0.0,0.0,0.0,1.0,0.0,0.0,0.0,0.0,0.0,0.0,0.0,0.0,0.0,0.0,0.0,0.0,1.0,0.0,1.0,0.0,0.0,0.0,0.0
13,2024,9,0.0,0.0,0.0,0.0,0.0,0.0,0.0,0.0,0.0,0.0,0.0,0.0,1.0,0.0,0.0,0.0,0.0,0.0,0.0,0.0,0.0,0.0,0.0,1.0,0.0,0.0,0.0,0.0,0.0,0.0,0.0,0.0,0.0,0.0,0.0,0.0,0.0,2.0,0.0,0.0,0.0,0.0,0.0,0.0,0.0,0.0,2.0,0.0,0.0,0.0,0.0,0.0,0.0,0.0,0.0,0.0,0.0
13,2024,10,0.0,0.0,0.0,0.0,0.0,1.0,0.0,0.0,0.0,0.0,0.0,0.0,0.0,0.0,0.0,0.0,0.0,0.0,0.0,0.0,0.0,0.0,0.0,3.0,0.0,1.0,0.0,0.0,0.0,0.0,0.0,0.0,0.0,0.0,0.0,0.0,0.0,3.0,0.0,0.0,0.0,0.0,0.0,0.0,1.0,0.0,1.0,0.0,0.0,0.0,2.0,0.0,0.0,0.0,1.0,0.0,0.0
13,2024,11,0.0,0.0,0.0,0.0,0.0,2.0,0.0,0.0,0.0,0.0,0.0,0.0,1.0,0.0,0.0,0.0,0.0,0.0,0.0,0.0,0.0,0.0,0.0,3.0,0.0,3.0,0.0,0.0,0.0,0.0,0.0,0.0,0.0,0.0,0.0,0.0,0.0,1.0,0.0,0.0,0.0,0.0,0.0,0.0,0.0,0.0,2.0,0.0,0.0,0.0,0.0,0.0,1.0,2.0,0.0,0.0,0.0
13,2024,12,0.0,0.0,0.0,0.0,0.0,0.0,0.0,3.0,0.0,0.0,2.0,0.0,0.0,0.0,0.0,0.0,0.0,1.0,1.0,0.0,1.0,0.0,0.0,13.0,0.0,4.0,0.0,0.0,0.0,0.0,0.0,0.0,0.0,0.0,0.0,0.0,0.0,5.0,0.0,0.0,0.0,0.0,0.0,0.0,2.0,0.0,12.0,0.0,0.0,0.0,1.0,0.0,0.0,0.0,0.0,0.0,0.0
13,2025,1,0.0,3.0,0.0,0.0,0.0,57.0,1.0,64.0,1.0,0.0,37.0,3.0,6.0,5.0,0.0,0.0,0.0,9.0,7.0,0.0,4.0,0.0,0.0,93.0,3.0,74.0,0.0,0.0,1.0,0.0,1.0,1.0,0.0,0.0,6.0,0.0,0.0,14.0,8.0,0.0,2.0,1.0,0.0,39.0,2.0,0.0,231.0,0.0,0.0,0.0,0.0,12.0,6.0,5.0,0.0,0.0,4.0
13,2025,2,0.0,7.0,0.0,0.0,2.0,49.0,4.0,21.0,0.0,0.0,32.0,3.0,7.0,5.0,0.0,0.0,0.0,19.0,4.0,0.0,5.0,0.0,0.0,70.0,0.0,67.0,0.0,0.0,0.0,0.0,0.0,0.0,0.0,0.0,5.0,0.0,0.0,17.0,11.0,0.0,0.0,1.0,0.0,32.0,1.0,0.0,214.0,0.0,5.0,2.0,0.0,12.0,6.0,2.0,0.0,0.0,6.0
13,2025,3,0.0,1.0,0.0,0.0,0.0,74.0,0.0,28.0,0.0,0.0,48.0,5.0,13.0,5.0,0.0,0.0,1.0,29.0,4.0,0.0,4.0,0.0,0.0,95.0,2.0,72.0,0.0,0.0,1.0,0.0,0.0,0.0,0.0,0.0,8.0,0.0,0.0,19.0,8.0,0.0,2.0,2.0,0.0,45.0,1.0,0.0,237.0,0.0,2.0,0.0,2.0,12.0,10.0,3.0,0.0,0.0,14.0
13,2025,4,0.0,3.0,0.0,0.0,0.0,57.0,0.0,23.0,0.0,0.0,39.0,10.0,14.0,8.0,0.0,0.0,0.0,23.0,2.0,0.0,5.0,0.0,0.0,94.0,7.0,59.0,0.0,0.0,1.0,0.0,1.0,0.0,0.0,0.0,8.0,0.0,0.0,24.0,8.0,0.0,2.0,2.0,0.0,33.0,0.0,2.0,230.0,0.0,0.0,1.0,2.0,15.0,13.0,1.0,0.0,0.0,12.0
13,2025,5,0.0,6.0,0.0,0.0,1.0,56.0,2.0,22.0,0.0,0.0,46.0,7.0,12.0,6.0,2.0,0.0,0.0,33.0,2.0,0.0,4.0,0.0,0.0,114.0,5.0,68.0,0.0,0.0,0.0,0.0,0.0,3.0,0.0,0.0,8.0,0.0,0.0,18.0,16.0,0.0,2.0,1.0,0.0,43.0,1.0,0.0,257.0,0.0,5.0,0.0,0.0,24.0,17.0,2.0,0.0,0.0,10.0
13,2025,6,0.0,3.0,0.0,0.0,0.0,71.0,2.0,21.0,0.0,0.0,37.0,9.0,8.0,6.0,0.0,0.0,0.0,33.0,5.0,0.0,2.0,0.0,0.0,78.0,7.0,67.0,0.0,0.0,2.0,0.0,0.0,0.0,0.0,0.0,2.0,0.0,0.0,20.0,9.0,0.0,0.0,1.0,0.0,34.0,0.0,0.0,207.0,0.0,2.0,0.0,0.0,21.0,5.0,3.0,0.0,0.0,10.0
13,2025,7,0.0,2.0,0.0,0.0,0.0,67.0,3.0,31.0,0.0,0.0,23.0,3.0,8.0,8.0,0.0,0.0,0.0,28.0,3.0,0.0,3.0,0.0,0.0,106.0,7.0,83.0,0.0,0.0,1.0,0.0,0.0,0.0,0.0,0.0,2.0,2.0,0.0,23.0,9.0,0.0,3.0,0.0,0.0,63.0,1.0,0.0,235.0,0.0,1.0,0.0,2.0,9.0,19.0,1.0,0.0,0.0,13.0
13,2025,8,0.0,2.0,0.0,0.0,0.0,82.0,1.0,41.0,0.0,0.0,33.0,6.0,8.0,2.0,0.0,0.0,0.0,23.0,0.0,0.0,1.0,0.0,0.0,114.0,6.0,88.0,0.0,0.0,2.0,0.0,0.0,1.0,0.0,0.0,6.0,0.0,0.0,16.0,8.0,0.0,3.0,6.0,0.0,40.0,1.0,1.0,241.0,0.0,1.0,0.0,1.0,19.0,11.0,4.0,0.0,0.0,13.0
13,2025,9,0.0,1.0,0.0,0.0,1.0,52.0,1.0,36.0,0.0,0.0,35.0,8.0,3.0,7.0,0.0,0.0,0.0,31.0,0.0,0.0,7.0,0.0,0.0,118.0,3.0,69.0,0.0,0.0,0.0,0.0,0.0,0.0,0.0,0.0,8.0,0.0,0.0,26.0,8.0,0.0,1.0,1.0,0.0,28.0,1.0,1.0,237.0,0.0,2.0,0.0,2.0,16.0,12.0,2.0,0.0,0.0,15.0
13,2025,10,0.0,1.0,0.0,0.0,2.0,59.0,2.0,36.0,0.0,1.0,27.0,8.0,8.0,8.0,1.0,0.0,0.0,24.0,0.0,0.0,4.0,0.0,0.0,144.0,3.0,79.0,0.0,0.0,0.0,0.0,0.0,0.0,0.0,0.0,5.0,0.0,0.0,18.0,11.0,0.0,5.0,0.0,0.0,26.0,0.0,0.0,291.0,0.0,0.0,1.0,2.0,19.0,8.0,2.0,1.0,0.0,7.0
13,2025,11,0.0,3.0,0.0,0.0,0.0,45.0,2.0,29.0,0.0,0.0,31.0,13.0,9.0,3.0,0.0,0.0,0.0,15.0,1.0,0.0,2.0,0.0,0.0,109.0,5.0,64.0,0.0,0.0,1.0,0.0,0.0,0.0,0.0,0.0,7.0,0.0,0.0,17.0,6.0,0.0,1.0,0.0,0.0,41.0,0.0,1.0,301.0,0.0,1.0,0.0,1.0,20.0,5.0,0.0,1.0,0.0,15.0
13,2025,12,0.0,1.0,0.0,0.0,0.0,47.0,1.0,29.0,0.0,0.0,38.0,4.0,5.0,4.0,0.0,0.0,0.0,17.0,1.0,0.0,2.0,0.0,0.0,80.0,5.0,49.0,0.0,0.0,1.0,0.0,0.0,0.0,0.0,0.0,7.0,0.0,0.0,4.0,3.0,0.0,1.0,0.0,0.0,16.0,2.0,1.0,213.0,0.0,1.0,0.0,2.0,10.0,7.0,2.0,0.0,0.0,6.0
14,2024,1,0.0,0.0,0.0,0.0,0.0,0.0,0.0,0.0,0.0,0.0,0.0,0.0,1.0,0.0,0.0,0.0,0.0,0.0,0.0,0.0,0.0,0.0,0.0,2.0,0.0,0.0,0.0,0.0,0.0,0.0,0.0,0.0,0.0,0.0,0.0,0.0,0.0,0.0,0.0,0.0,0.0,0.0,0.0,1.0,0.0,0.0,2.0,0.0,0.0,0.0,0.0,0.0,0.0,0.0,0.0,0.0,0.0
14,2024,2,0.0,0.0,0.0,0.0,0.0,0.0,0.0,0.0,0.0,0.0,0.0,0.0,1.0,0.0,0.0,0.0,0.0,1.0,0.0,0.0,0.0,0.0,0.0,0.0,0.0,0.0,0.0,0.0,0.0,0.0,0.0,0.0,0.0,0.0,0.0,0.0,0.0,0.0,0.0,0.0,0.0,0.0,0.0,0.0,0.0,0.0,0.0,0.0,0.0,0.0,0.0,0.0,0.0,0.0,0.0,0.0,0.0
14,2024,3,0.0,0.0,0.0,0.0,0.0,1.0,0.0,0.0,0.0,0.0,1.0,0.0,0.0,0.0,0.0,0.0,0.0,0.0,0.0,0.0,0.0,0.0,0.0,1.0,0.0,1.0,0.0,0.0,0.0,0.0,0.0,0.0,0.0,0.0,0.0,0.0,0.0,0.0,0.0,0.0,0.0,0.0,0.0,0.0,0.0,0.0,1.0,0.0,0.0,0.0,0.0,1.0,0.0,0.0,0.0,0.0,0.0
14,2024,4,0.0,0.0,0.0,0.0,0.0,1.0,0.0,0.0,0.0,0.0,1.0,0.0,0.0,0.0,0.0,0.0,0.0,0.0,0.0,0.0,0.0,0.0,0.0,0.0,0.0,0.0,0.0,0.0,0.0,0.0,0.0,0.0,0.0,0.0,0.0,0.0,0.0,1.0,0.0,0.0,0.0,0.0,0.0,0.0,0.0,0.0,1.0,0.0,0.0,0.0,0.0,0.0,0.0,0.0,0.0,0.0,0.0
14,2024,5,0.0,0.0,0.0,0.0,0.0,1.0,0.0,0.0,0.0,0.0,1.0,0.0,0.0,0.0,0.0,0.0,0.0,1.0,0.0,0.0,0.0,0.0,0.0,1.0,0.0,0.0,0.0,0.0,0.0,0.0,0.0,0.0,0.0,0.0,1.0,0.0,0.0,0.0,0.0,0.0,0.0,0.0,0.0,0.0,0.0,0.0,1.0,0.0,0.0,0.0,0.0,1.0,0.0,0.0,0.0,0.0,0.0
14,2024,6,0.0,0.0,0.0,0.0,0.0,0.0,0.0,0.0,0.0,0.0,0.0,0.0,0.0,0.0,0.0,0.0,0.0,0.0,0.0,0.0,0.0,0.0,0.0,1.0,0.0,3.0,0.0,0.0,0.0,0.0,0.0,0.0,0.0,0.0,0.0,0.0,0.0,0.0,0.0,0.0,0.0,0.0,0.0,0.0,0.0,0.0,0.0,0.0,0.0,0.0,0.0,0.0,0.0,0.0,0.0,0.0,0.0
14,2024,7,0.0,0.0,0.0,0.0,0.0,0.0,0.0,0.0,0.0,0.0,0.0,1.0,1.0,0.0,0.0,0.0,0.0,0.0,0.0,0.0,0.0,0.0,0.0,3.0,0.0,0.0,0.0,0.0,0.0,0.0,0.0,0.0,0.0,0.0,0.0,0.0,0.0,1.0,0.0,0.0,0.0,0.0,0.0,0.0,0.0,0.0,0.0,0.0,0.0,0.0,1.0,0.0,1.0,0.0,0.0,0.0,0.0
14,2024,8,0.0,0.0,0.0,0.0,0.0,0.0,0.0,0.0,0.0,0.0,0.0,0.0,1.0,0.0,0.0,0.0,0.0,0.0,0.0,0.0,0.0,0.0,0.0,4.0,0.0,0.0,0.0,0.0,0.0,0.0,0.0,0.0,0.0,0.0,1.0,0.0,0.0,1.0,0.0,0.0,0.0,0.0,0.0,3.0,0.0,0.0,1.0,0.0,1.0,0.0,1.0,0.0,0.0,0.0,0.0,0.0,0.0
14,2024,9,0.0,0.0,0.0,0.0,0.0,2.0,0.0,0.0,0.0,0.0,0.0,0.0,1.0,0.0,0.0,0.0,0.0,0.0,0.0,0.0,1.0,0.0,0.0,1.0,0.0,0.0,0.0,0.0,0.0,0.0,0.0,0.0,0.0,0.0,0.0,1.0,0.0,0.0,0.0,0.0,0.0,0.0,0.0,1.0,0.0,0.0,2.0,0.0,0.0,0.0,0.0,0.0,0.0,0.0,0.0,0.0,0.0
14,2024,10,0.0,0.0,0.0,0.0,0.0,1.0,0.0,0.0,0.0,0.0,0.0,0.0,0.0,1.0,0.0,0.0,0.0,0.0,0.0,0.0,0.0,0.0,0.0,8.0,0.0,1.0,0.0,0.0,0.0,0.0,0.0,0.0,0.0,0.0,0.0,0.0,0.0,0.0,1.0,0.0,0.0,0.0,0.0,0.0,0.0,0.0,3.0,0.0,0.0,0.0,0.0,0.0,0.0,1.0,0.0,0.0,0.0
14,2024,11,0.0,0.0,0.0,0.0,0.0,2.0,0.0,0.0,0.0,0.0,0.0,0.0,0.0,0.0,0.0,0.0,0.0,2.0,0.0,0.0,0.0,0.0,0.0,11.0,0.0,5.0,0.0,0.0,0.0,0.0,0.0,0.0,0.0,0.0,1.0,0.0,0.0,2.0,0.0,0.0,0.0,0.0,0.0,0.0,0.0,0.0,4.0,0.0,0.0,0.0,0.0,0.0,1.0,0.0,0.0,0.0,0.0
14,2024,12,0.0,0.0,0.0,0.0,1.0,2.0,0.0,3.0,0.0,0.0,12.0,0.0,2.0,0.0,0.0,0.0,0.0,3.0,1.0,0.0,0.0,0.0,0.0,45.0,0.0,8.0,0.0,0.0,0.0,0.0,0.0,0.0,0.0,0.0,2.0,0.0,0.0,4.0,0.0,0.0,0.0,0.0,0.0,0.0,0.0,0.0,14.0,0.0,0.0,0.0,0.0,1.0,5.0,1.0,0.0,0.0,4.0
14,2025,1,0.0,12.0,0.0,0.0,0.0,109.0,4.0,38.0,0.0,0.0,53.0,14.0,131.0,29.0,0.0,0.0,1.0,38.0,33.0,0.0,12.0,1.0,0.0,143.0,2.0,66.0,0.0,0.0,2.0,0.0,1.0,0.0,0.0,0.0,31.0,0.0,0.0,27.0,29.0,1.0,2.0,1.0,0.0,163.0,2.0,6.0,324.0,0.0,8.0,0.0,0.0,24.0,19.0,3.0,0.0,0.0,11.0
14,2025,2,0.0,26.0,0.0,0.0,2.0,79.0,3.0,31.0,0.0,0.0,29.0,15.0,119.0,30.0,1.0,0.0,1.0,38.0,35.0,0.0,8.0,3.0,0.0,137.0,2.0,70.0,0.0,0.0,2.0,0.0,0.0,1.0,0.0,0.0,19.0,0.0,0.0,26.0,29.0,0.0,3.0,6.0,0.0,118.0,1.0,0.0,302.0,0.0,4.0,3.0,8.0,24.0,18.0,4.0,1.0,0.0,14.0
14,2025,3,0.0,17.0,0.0,1.0,0.0,120.0,3.0,47.0,0.0,0.0,41.0,24.0,86.0,27.0,1.0,0.0,0.0,54.0,25.0,0.0,5.0,2.0,0.0,145.0,2.0,90.0,0.0,0.0,3.0,0.0,0.0,0.0,0.0,0.0,24.0,0.0,0.0,29.0,34.0,0.0,2.0,4.0,0.0,133.0,1.0,0.0,364.0,0.0,2.0,2.0,2.0,27.0,23.0,0.0,0.0,0.0,13.0
14,2025,4,0.0,13.0,0.0,0.0,0.0,101.0,3.0,36.0,0.0,0.0,57.0,24.0,92.0,38.0,1.0,0.0,0.0,56.0,37.0,0.0,9.0,1.0,0.0,111.0,2.0,91.0,0.0,0.0,1.0,0.0,1.0,0.0,0.0,0.0,32.0,0.0,0.0,27.0,36.0,0.0,4.0,4.0,0.0,150.0,5.0,0.0,321.0,0.0,4.0,0.0,4.0,28.0,26.0,3.0,2.0,0.0,9.0
14,2025,5,0.0,48.0,0.0,0.0,0.0,108.0,3.0,29.0,0.0,0.0,46.0,16.0,99.0,31.0,1.0,0.0,1.0,41.0,44.0,0.0,7.0,1.0,0.0,157.0,2.0,83.0,0.0,0.0,0.0,0.0,2.0,0.0,0.0,0.0,26.0,0.0,0.0,30.0,48.0,0.0,4.0,8.0,0.0,140.0,2.0,0.0,348.0,0.0,6.0,2.0,2.0,39.0,25.0,3.0,0.0,0.0,14.0
14,2025,6,0.0,28.0,0.0,0.0,1.0,120.0,5.0,29.0,0.0,0.0,56.0,11.0,109.0,37.0,0.0,0.0,0.0,45.0,31.0,0.0,11.0,0.0,0.0,144.0,2.0,85.0,0.0,0.0,0.0,0.0,1.0,0.0,0.0,0.0,27.0,1.0,0.0,38.0,37.0,1.0,9.0,1.0,0.0,117.0,0.0,1.0,332.0,0.0,2.0,1.0,4.0,28.0,15.0,1.0,1.0,0.0,11.0
14,2025,7,0.0,8.0,0.0,0.0,2.0,120.0,5.0,44.0,0.0,0.0,57.0,15.0,96.0,33.0,0.0,0.0,0.0,50.0,29.0,0.0,2.0,2.0,0.0,128.0,1.0,98.0,0.0,0.0,0.0,0.0,0.0,0.0,0.0,0.0,31.0,0.0,0.0,78.0,25.0,1.0,7.0,5.0,0.0,84.0,2.0,0.0,349.0,0.0,4.0,2.0,1.0,18.0,15.0,1.0,0.0,0.0,19.0
14,2025,8,0.0,6.0,0.0,0.0,0.0,122.0,5.0,41.0,1.0,1.0,54.0,15.0,103.0,29.0,0.0,0.0,0.0,54.0,21.0,0.0,3.0,2.0,0.0,117.0,2.0,91.0,0.0,0.0,0.0,0.0,0.0,0.0,0.0,0.0,21.0,0.0,0.0,71.0,22.0,0.0,3.0,3.0,0.0,106.0,0.0,1.0,345.0,0.0,3.0,0.0,1.0,31.0,14.0,4.0,0.0,0.0,13.0
14,2025,9,0.0,4.0,0.0,0.0,0.0,125.0,3.0,35.0,0.0,0.0,39.0,18.0,111.0,27.0,1.0,0.0,1.0,38.0,25.0,0.0,9.0,1.0,0.0,138.0,2.0,108.0,0.0,0.0,2.0,0.0,0.0,0.0,0.0,0.0,23.0,0.0,0.0,64.0,18.0,0.0,5.0,1.0,0.0,76.0,1.0,0.0,337.0,0.0,3.0,0.0,3.0,31.0,25.0,6.0,1.0,0.0,19.0
14,2025,10,0.0,5.0,0.0,0.0,0.0,112.0,4.0,47.0,0.0,1.0,55.0,11.0,101.0,38.0,1.0,0.0,0.0,39.0,18.0,0.0,11.0,2.0,0.0,147.0,4.0,86.0,0.0,0.0,0.0,0.0,3.0,0.0,0.0,0.0,18.0,0.0,0.0,26.0,27.0,1.0,5.0,0.0,0.0,93.0,0.0,0.0,383.0,0.0,3.0,1.0,2.0,41.0,18.0,1.0,0.0,0.0,13.0
14,2025,11,0.0,7.0,0.0,0.0,0.0,130.0,4.0,21.0,0.0,0.0,41.0,15.0,64.0,33.0,1.0,0.0,0.0,46.0,42.0,0.0,6.0,3.0,0.0,145.0,0.0,89.0,0.0,0.0,3.0,0.0,0.0,0.0,0.0,0.0,23.0,0.0,0.0,21.0,19.0,0.0,3.0,0.0,0.0,64.0,1.0,0.0,431.0,0.0,2.0,0.0,0.0,29.0,24.0,0.0,3.0,0.0,15.0
14,2025,12,0.0,5.0,0.0,0.0,0.0,107.0,1.0,29.0,0.0,0.0,54.0,15.0,60.0,26.0,2.0,0.0,0.0,37.0,44.0,0.0,6.0,4.0,0.0,148.0,2.0,73.0,0.0,0.0,2.0,0.0,0.0,0.0,0.0,0.0,24.0,0.0,0.0,21.0,18.0,1.0,3.0,1.0,0.0,90.0,2.0,7.0,316.0,0.0,5.0,0.0,0.0,26.0,15.0,0.0,0.0,0.0,21.0
17,2024,1,0.0,0.0,0.0,0.0,0.0,0.0,0.0,0.0,0.0,0.0,0.0,0.0,0.0,0.0,0.0,0.0,0.0,0.0,0.0,0.0,0.0,0.0,0.0,1.0,0.0,1.0,0.0,0.0,0.0,0.0,0.0,0.0,0.0,0.0,0.0,0.0,0.0,0.0,0.0,0.0,0.0,0.0,0.0,0.0,0.0,0.0,0.0,0.0,0.0,0.0,0.0,0.0,0.0,0.0,0.0,0.0,0.0
17,2024,2,0.0,0.0,0.0,0.0,0.0,0.0,0.0,0.0,0.0,0.0,0.0,0.0,0.0,0.0,0.0,0.0,0.0,0.0,0.0,0.0,0.0,0.0,0.0,0.0,0.0,0.0,0.0,0.0,0.0,0.0,0.0,0.0,0.0,0.0,0.0,0.0,0.0,0.0,0.0,0.0,1.0,0.0,0.0,0.0,0.0,0.0,0.0,0.0,0.0,0.0,0.0,0.0,0.0,0.0,0.0,0.0,0.0
17,2024,3,0.0,0.0,0.0,0.0,0.0,0.0,0.0,0.0,0.0,0.0,0.0,0.0,0.0,0.0,0.0,0.0,0.0,0.0,0.0,0.0,0.0,0.0,0.0,2.0,0.0,0.0,0.0,0.0,0.0,0.0,0.0,0.0,0.0,0.0,0.0,0.0,0.0,0.0,0.0,0.0,0.0,0.0,0.0,0.0,0.0,0.0,1.0,0.0,0.0,0.0,0.0,0.0,1.0,0.0,0.0,0.0,0.0
17,2024,4,0.0,0.0,0.0,0.0,0.0,0.0,0.0,0.0,0.0,0.0,0.0,0.0,0.0,0.0,0.0,0.0,0.0,1.0,0.0,0.0,0.0,0.0,0.0,0.0,0.0,0.0,0.0,0.0,0.0,0.0,0.0,0.0,0.0,0.0,0.0,0.0,0.0,0.0,0.0,0.0,0.0,0.0,0.0,0.0,0.0,0.0,0.0,0.0,0.0,0.0,0.0,0.0,0.0,0.0,0.0,0.0,0.0
17,2024,5,0.0,0.0,0.0,0.0,0.0,0.0,0.0,0.0,0.0,0.0,0.0,0.0,0.0,0.0,0.0,0.0,0.0,0.0,0.0,0.0,0.0,0.0,0.0,1.0,0.0,0.0,0.0,0.0,0.0,0.0,0.0,0.0,0.0,0.0,0.0,0.0,0.0,0.0,0.0,0.0,0.0,0.0,0.0,0.0,0.0,0.0,0.0,0.0,0.0,0.0,0.0,0.0,0.0,0.0,0.0,0.0,0.0
17,2024,6,0.0,0.0,0.0,0.0,0.0,0.0,0.0,0.0,0.0,0.0,0.0,0.0,0.0,0.0,0.0,0.0,0.0,0.0,0.0,0.0,0.0,0.0,0.0,2.0,0.0,0.0,0.0,0.0,0.0,0.0,0.0,0.0,0.0,0.0,0.0,0.0,0.0,0.0,0.0,0.0,0.0,0.0,0.0,0.0,0.0,0.0,0.0,0.0,0.0,0.0,0.0,0.0,0.0,0.0,0.0,0.0,0.0
17,2024,7,0.0,0.0,0.0,0.0,0.0,2.0,0.0,0.0,0.0,0.0,0.0,0.0,0.0,0.0,0.0,0.0,0.0,0.0,0.0,0.0,0.0,0.0,0.0,1.0,0.0,1.0,0.0,0.0,0.0,0.0,0.0,0.0,0.0,0.0,0.0,0.0,0.0,0.0,0.0,0.0,0.0,0.0,0.0,0.0,0.0,0.0,0.0,0.0,0.0,0.0,0.0,0.0,0.0,0.0,0.0,0.0,0.0
17,2024,8,0.0,0.0,0.0,0.0,0.0,0.0,0.0,0.0,0.0,0.0,0.0,0.0,1.0,0.0,0.0,0.0,0.0,0.0,0.0,0.0,0.0,0.0,0.0,4.0,0.0,0.0,0.0,0.0,0.0,0.0,0.0,0.0,0.0,0.0,0.0,0.0,0.0,0.0,0.0,0.0,0.0,0.0,0.0,0.0,0.0,0.0,0.0,0.0,0.0,0.0,0.0,0.0,0.0,0.0,0.0,0.0,0.0
17,2024,9,0.0,0.0,0.0,0.0,0.0,0.0,0.0,0.0,0.0,0.0,0.0,0.0,0.0,0.0,0.0,0.0,0.0,0.0,0.0,0.0,0.0,0.0,0.0,0.0,0.0,1.0,0.0,0.0,0.0,0.0,0.0,0.0,0.0,0.0,0.0,0.0,0.0,1.0,0.0,0.0,0.0,0.0,0.0,0.0,0.0,0.0,0.0,0.0,0.0,0.0,0.0,0.0,1.0,1.0,0.0,0.0,0.0
17,2024,10,0.0,0.0,0.0,0.0,0.0,0.0,0.0,0.0,0.0,0.0,0.0,0.0,0.0,0.0,0.0,0.0,0.0,0.0,0.0,0.0,0.0,0.0,0.0,3.0,0.0,0.0,0.0,0.0,0.0,0.0,0.0,0.0,0.0,0.0,0.0,0.0,0.0,1.0,0.0,0.0,0.0,0.0,0.0,0.0,0.0,0.0,1.0,0.0,0.0,0.0,0.0,0.0,0.0,0.0,0.0,0.0,0.0
17,2024,11,0.0,0.0,0.0,0.0,0.0,1.0,0.0,0.0,0.0,0.0,0.0,0.0,0.0,0.0,0.0,0.0,0.0,0.0,0.0,0.0,0.0,0.0,0.0,6.0,0.0,4.0,0.0,0.0,0.0,0.0,0.0,0.0,0.0,0.0,0.0,0.0,0.0,1.0,0.0,0.0,1.0,0.0,0.0,0.0,0.0,0.0,3.0,0.0,0.0,0.0,0.0,0.0,2.0,0.0,0.0,0.0,0.0
17,2024,12,0.0,0.0,0.0,0.0,0.0,0.0,0.0,0.0,0.0,0.0,0.0,0.0,0.0,0.0,0.0,0.0,0.0,0.0,1.0,0.0,0.0,0.0,0.0,6.0,0.0,3.0,0.0,0.0,0.0,0.0,0.0,0.0,0.0,0.0,0.0,0.0,0.0,2.0,0.0,0.0,0.0,0.0,0.0,0.0,0.0,0.0,6.0,0.0,0.0,0.0,2.0,0.0,2.0,0.0,0.0,0.0,0.0
17,2025,1,0.0,3.0,0.0,0.0,0.0,12.0,0.0,10.0,0.0,0.0,9.0,2.0,2.0,4.0,0.0,0.0,0.0,4.0,3.0,0.0,1.0,0.0,0.0,45.0,3.0,40.0,0.0,0.0,2.0,0.0,0.0,0.0,0.0,0.0,6.0,0.0,0.0,3.0,2.0,0.0,0.0,0.0,0.0,6.0,1.0,2.0,98.0,0.0,0.0,0.0,1.0,1.0,2.0,1.0,0.0,0.0,14.0
17,2025,2,0.0,1.0,0.0,0.0,0.0,7.0,0.0,10.0,0.0,0.0,19.0,2.0,1.0,2.0,0.0,0.0,0.0,5.0,2.0,0.0,2.0,0.0,0.0,37.0,2.0,41.0,0.0,0.0,2.0,0.0,0.0,0.0,0.0,0.0,7.0,0.0,0.0,4.0,2.0,0.0,0.0,0.0,0.0,7.0,0.0,0.0,57.0,0.0,0.0,2.0,0.0,5.0,5.0,3.0,0.0,0.0,13.0
17,2025,3,0.0,1.0,0.0,0.0,0.0,25.0,1.0,10.0,0.0,1.0,11.0,4.0,1.0,1.0,0.0,0.0,0.0,5.0,3.0,0.0,0.0,0.0,0.0,30.0,0.0,40.0,0.0,0.0,0.0,0.0,0.0,0.0,0.0,0.0,2.0,0.0,0.0,7.0,0.0,0.0,1.0,1.0,1.0,1.0,2.0,0.0,74.0,0.0,1.0,0.0,0.0,2.0,7.0,0.0,1.0,0.0,11.0
17,2025,4,0.0,2.0,0.0,0.0,0.0,25.0,0.0,12.0,0.0,0.0,14.0,2.0,2.0,0.0,0.0,0.0,0.0,5.0,3.0,0.0,4.0,0.0,0.0,56.0,3.0,36.0,0.0,0.0,1.0,0.0,0.0,1.0,0.0,0.0,6.0,0.0,0.0,6.0,2.0,0.0,3.0,0.0,0.0,7.0,1.0,0.0,94.0,0.0,0.0,0.0,0.0,5.0,10.0,0.0,0.0,0.0,9.0
17,2025,5,0.0,0.0,0.0,0.0,0.0,18.0,0.0,16.0,0.0,0.0,10.0,0.0,0.0,1.0,0.0,0.0,0.0,7.0,1.0,0.0,2.0,0.0,0.0,50.0,2.0,35.0,0.0,0.0,0.0,0.0,0.0,0.0,0.0,0.0,7.0,0.0,0.0,5.0,2.0,0.0,0.0,0.0,0.0,15.0,0.0,0.0,81.0,0.0,0.0,1.0,3.0,5.0,7.0,4.0,1.0,0.0,8.0
17,2025,6,0.0,0.0,0.0,0.0,0.0,21.0,1.0,6.0,0.0,0.0,17.0,0.0,4.0,1.0,0.0,0.0,0.0,7.0,2.0,0.0,2.0,0.0,0.0,51.0,3.0,48.0,0.0,0.0,1.0,0.0,0.0,0.0,0.0,0.0,1.0,0.0,0.0,7.0,1.0,1.0,2.0,0.0,0.0,3.0,2.0,0.0,93.0,0.0,0.0,0.0,2.0,5.0,4.0,2.0,0.0,0.0,13.0
17,2025,7,0.0,0.0,0.0,0.0,0.0,24.0,0.0,5.0,0.0,0.0,10.0,2.0,2.0,1.0,0.0,0.0,0.0,7.0,1.0,0.0,2.0,0.0,0.0,57.0,2.0,32.0,0.0,0.0,0.0,0.0,0.0,1.0,0.0,0.0,5.0,0.0,0.0,3.0,2.0,0.0,2.0,1.0,0.0,3.0,0.0,0.0,68.0,0.0,0.0,0.0,1.0,10.0,5.0,3.0,0.0,0.0,9.0
17,2025,8,0.0,1.0,0.0,0.0,0.0,20.0,0.0,6.0,0.0,0.0,13.0,1.0,1.0,0.0,0.0,0.0,1.0,14.0,3.0,0.0,2.0,0.0,0.0,35.0,2.0,38.0,0.0,0.0,0.0,0.0,0.0,0.0,0.0,0.0,5.0,0.0,0.0,3.0,4.0,0.0,1.0,1.0,0.0,4.0,0.0,1.0,74.0,0.0,1.0,1.0,2.0,10.0,5.0,0.0,0.0,0.0,6.0
17,2025,9,0.0,0.0,0.0,0.0,1.0,28.0,0.0,10.0,0.0,0.0,12.0,3.0,3.0,2.0,1.0,0.0,0.0,10.0,1.0,0.0,0.0,0.0,0.0,56.0,4.0,40.0,0.0,0.0,0.0,0.0,0.0,0.0,0.0,0.0,8.0,0.0,0.0,7.0,2.0,0.0,1.0,0.0,0.0,5.0,0.0,1.0,58.0,0.0,0.0,0.0,1.0,3.0,5.0,1.0,0.0,0.0,13.0
17,2025,10,0.0,1.0,0.0,0.0,0.0,14.0,2.0,6.0,0.0,0.0,23.0,0.0,1.0,2.0,0.0,0.0,0.0,7.0,6.0,0.0,0.0,0.0,0.0,36.0,2.0,42.0,0.0,0.0,2.0,0.0,0.0,0.0,0.0,0.0,4.0,0.0,0.0,8.0,4.0,0.0,1.0,0.0,0.0,1.0,1.0,0.0,109.0,0.0,0.0,0.0,0.0,7.0,5.0,1.0,0.0,0.0,7.0
17,2025,11,0.0,2.0,0.0,0.0,0.0,18.0,0.0,6.0,0.0,0.0,19.0,5.0,1.0,1.0,0.0,0.0,0.0,12.0,3.0,0.0,0.0,0.0,0.0,42.0,4.0,36.0,0.0,0.0,1.0,0.0,0.0,0.0,0.0,0.0,7.0,0.0,0.0,4.0,3.0,0.0,1.0,0.0,0.0,4.0,1.0,0.0,73.0,0.0,1.0,0.0,1.0,4.0,2.0,2.0,0.0,0.0,9.0
17,2025,12,0.0,1.0,0.0,0.0,0.0,18.0,0.0,5.0,0.0,0.0,11.0,5.0,3.0,1.0,0.0,0.0,0.0,9.0,4.0,0.0,0.0,0.0,0.0,32.0,1.0,32.0,0.0,0.0,1.0,0.0,0.0,0.0,0.0,0.0,6.0,0.0,0.0,1.0,3.0,0.0,2.0,0.0,0.0,0.0,0.0,0.0,57.0,0.0,0.0,0.0,0.0,2.0,5.0,2.0,0.0,0.0,13.0
18,2024,1,0.0,1.0,0.0,0.0,0.0,0.0,0.0,0.0,0.0,0.0,1.0,0.0,1.0,0.0,0.0,0.0,0.0,1.0,0.0,0.0,0.0,0.0,0.0,7.0,0.0,2.0,0.0,0.0,0.0,0.0,0.0,0.0,0.0,0.0,0.0,0.0,0.0,0.0,0.0,0.0,0.0,0.0,0.0,0.0,0.0,0.0,1.0,0.0,0.0,0.0,1.0,1.0,1.0,0.0,0.0,0.0,0.0
18,2024,2,0.0,0.0,0.0,0.0,0.0,0.0,0.0,0.0,0.0,0.0,2.0,0.0,0.0,0.0,0.0,0.0,0.0,0.0,0.0,0.0,1.0,0.0,0.0,0.0,0.0,0.0,0.0,0.0,0.0,0.0,0.0,0.0,0.0,0.0,0.0,0.0,0.0,0.0,0.0,0.0,0.0,0.0,0.0,0.0,0.0,0.0,1.0,0.0,0.0,0.0,0.0,0.0,0.0,0.0,0.0,0.0,0.0
18,2024,3,0.0,0.0,0.0,0.0,0.0,0.0,0.0,1.0,0.0,0.0,2.0,0.0,0.0,0.0,0.0,0.0,0.0,0.0,0.0,0.0,0.0,0.0,0.0,0.0,0.0,1.0,0.0,0.0,0.0,0.0,0.0,0.0,0.0,0.0,0.0,0.0,0.0,0.0,0.0,0.0,0.0,0.0,0.0,0.0,0.0,0.0,1.0,0.0,0.0,0.0,0.0,0.0,1.0,0.0,0.0,0.0,0.0
18,2024,4,0.0,0.0,0.0,0.0,0.0,0.0,0.0,0.0,0.0,0.0,2.0,0.0,0.0,0.0,0.0,0.0,0.0,0.0,0.0,0.0,0.0,0.0,0.0,0.0,0.0,1.0,0.0,0.0,0.0,0.0,0.0,0.0,0.0,0.0,0.0,0.0,0.0,2.0,0.0,0.0,0.0,0.0,0.0,0.0,0.0,0.0,0.0,0.0,0.0,0.0,0.0,0.0,2.0,0.0,0.0,0.0,0.0
18,2024,5,0.0,0.0,0.0,0.0,0.0,0.0,0.0,0.0,0.0,0.0,2.0,0.0,0.0,0.0,0.0,0.0,0.0,0.0,0.0,0.0,0.0,0.0,0.0,1.0,0.0,1.0,0.0,0.0,0.0,0.0,0.0,0.0,0.0,0.0,0.0,0.0,0.0,2.0,0.0,0.0,0.0,0.0,0.0,0.0,0.0,0.0,1.0,0.0,0.0,0.0,0.0,0.0,0.0,0.0,0.0,0.0,0.0
18,2024,6,0.0,0.0,0.0,0.0,0.0,0.0,0.0,0.0,0.0,0.0,0.0,0.0,0.0,0.0,0.0,0.0,0.0,0.0,0.0,0.0,0.0,0.0,0.0,2.0,0.0,2.0,0.0,0.0,0.0,0.0,0.0,0.0,0.0,0.0,0.0,0.0,0.0,1.0,0.0,0.0,0.0,0.0,0.0,0.0,0.0,0.0,0.0,0.0,0.0,0.0,0.0,0.0,1.0,0.0,0.0,0.0,0.0
18,2024,7,0.0,0.0,0.0,0.0,0.0,0.0,0.0,0.0,0.0,0.0,6.0,0.0,0.0,0.0,0.0,0.0,0.0,0.0,0.0,0.0,0.0,0.0,0.0,1.0,0.0,2.0,0.0,0.0,0.0,0.0,0.0,0.0,0.0,0.0,0.0,0.0,0.0,2.0,0.0,0.0,0.0,0.0,0.0,0.0,0.0,0.0,0.0,0.0,0.0,0.0,0.0,0.0,0.0,0.0,0.0,0.0,0.0
18,2024,8,0.0,0.0,0.0,0.0,0.0,0.0,0.0,0.0,0.0,0.0,2.0,0.0,0.0,0.0,0.0,0.0,0.0,1.0,0.0,0.0,1.0,0.0,0.0,5.0,2.0,1.0,0.0,0.0,0.0,0.0,0.0,0.0,0.0,0.0,0.0,0.0,0.0,0.0,0.0,0.0,0.0,0.0,0.0,1.0,0.0,0.0,2.0,0.0,0.0,0.0,0.0,0.0,1.0,1.0,1.0,0.0,0.0
18,2024,9,0.0,0.0,0.0,0.0,0.0,0.0,0.0,0.0,0.0,0.0,4.0,0.0,0.0,0.0,0.0,0.0,0.0,1.0,0.0,0.0,0.0,0.0,0.0,2.0,0.0,1.0,0.0,0.0,0.0,0.0,0.0,0.0,0.0,0.0,0.0,0.0,0.0,1.0,0.0,0.0,0.0,0.0,0.0,0.0,0.0,0.0,0.0,0.0,0.0,0.0,1.0,0.0,1.0,0.0,0.0,0.0,0.0
18,2024,10,0.0,0.0,0.0,0.0,0.0,0.0,0.0,0.0,0.0,0.0,3.0,0.0,0.0,0.0,0.0,0.0,0.0,0.0,0.0,0.0,0.0,0.0,0.0,2.0,1.0,1.0,0.0,0.0,0.0,0.0,0.0,0.0,0.0,0.0,0.0,0.0,0.0,0.0,0.0,0.0,0.0,0.0,0.0,0.0,0.0,0.0,0.0,0.0,0.0,0.0,0.0,0.0,0.0,0.0,0.0,0.0,0.0
18,2024,11,0.0,0.0,0.0,0.0,0.0,1.0,0.0,1.0,0.0,0.0,13.0,0.0,1.0,0.0,0.0,0.0,0.0,0.0,0.0,0.0,1.0,0.0,0.0,9.0,1.0,4.0,0.0,0.0,0.0,0.0,0.0,0.0,0.0,0.0,1.0,0.0,0.0,2.0,0.0,0.0,0.0,0.0,0.0,1.0,0.0,0.0,1.0,0.0,0.0,0.0,0.0,0.0,1.0,1.0,1.0,0.0,0.0
18,2024,12,0.0,0.0,0.0,0.0,0.0,3.0,0.0,3.0,0.0,0.0,15.0,0.0,0.0,0.0,0.0,0.0,0.0,1.0,0.0,0.0,1.0,0.0,0.0,34.0,1.0,5.0,0.0,0.0,0.0,0.0,0.0,0.0,0.0,0.0,1.0,0.0,0.0,3.0,1.0,0.0,0.0,0.0,0.0,0.0,0.0,0.0,17.0,0.0,0.0,0.0,0.0,1.0,4.0,3.0,0.0,0.0,0.0
18,2025,1,0.0,8.0,0.0,0.0,0.0,64.0,4.0,18.0,0.0,0.0,25.0,6.0,20.0,15.0,0.0,0.0,0.0,29.0,49.0,0.0,8.0,0.0,0.0,140.0,3.0,89.0,0.0,0.0,0.0,0.0,0.0,0.0,0.0,0.0,9.0,0.0,0.0,18.0,23.0,1.0,4.0,5.0,0.0,65.0,2.0,1.0,219.0,0.0,3.0,1.0,6.0,20.0,13.0,0.0,2.0,0.0,21.0
18,2025,2,0.0,6.0,0.0,0.0,0.0,51.0,6.0,10.0,0.0,0.0,37.0,9.0,18.0,13.0,2.0,0.0,0.0,30.0,17.0,0.0,5.0,0.0,0.0,138.0,6.0,78.0,0.0,0.0,1.0,0.0,1.0,0.0,0.0,0.0,5.0,0.0,0.0,16.0,24.0,0.0,3.0,3.0,0.0,47.0,2.0,0.0,180.0,0.0,2.0,0.0,1.0,18.0,13.0,0.0,2.0,0.0,6.0
18,2025,3,0.0,10.0,0.0,0.0,0.0,77.0,2.0,18.0,0.0,0.0,42.0,17.0,28.0,12.0,1.0,0.0,0.0,26.0,27.0,0.0,9.0,0.0,0.0,150.0,7.0,90.0,0.0,0.0,2.0,0.0,1.0,0.0,0.0,0.0,21.0,0.0,0.0,17.0,24.0,0.0,2.0,3.0,0.0,30.0,4.0,2.0,235.0,0.0,3.0,0.0,3.0,18.0,10.0,2.0,0.0,0.0,31.0
18,2025,4,0.0,15.0,0.0,0.0,1.0,78.0,1.0,16.0,0.0,0.0,49.0,13.0,18.0,16.0,1.0,0.0,0.0,32.0,25.0,0.0,4.0,0.0,0.0,135.0,3.0,90.0,0.0,0.0,0.0,0.0,0.0,0.0,0.0,0.0,15.0,0.0,0.0,22.0,12.0,0.0,2.0,4.0,0.0,57.0,3.0,1.0,212.0,0.0,3.0,0.0,3.0,17.0,7.0,1.0,2.0,0.0,22.0
18,2025,5,0.0,16.0,0.0,0.0,0.0,82.0,1.0,22.0,0.0,0.0,31.0,10.0,24.0,11.0,0.0,0.0,0.0,32.0,23.0,0.0,4.0,0.0,0.0,135.0,7.0,98.0,0.0,0.0,1.0,0.0,0.0,0.0,0.0,0.0,12.0,0.0,0.0,14.0,29.0,0.0,0.0,11.0,0.0,38.0,4.0,1.0,205.0,0.0,2.0,0.0,5.0,27.0,13.0,0.0,3.0,0.0,25.0
18,2025,6,0.0,9.0,0.0,0.0,0.0,81.0,5.0,13.0,0.0,1.0,36.0,12.0,14.0,13.0,0.0,0.0,0.0,29.0,31.0,0.0,2.0,0.0,0.0,130.0,6.0,91.0,0.0,0.0,1.0,0.0,0.0,0.0,0.0,0.0,7.0,0.0,0.0,7.0,31.0,0.0,2.0,7.0,0.0,27.0,2.0,0.0,201.0,1.0,6.0,0.0,2.0,21.0,10.0,1.0,2.0,0.0,17.0
18,2025,7,0.0,6.0,1.0,0.0,0.0,73.0,1.0,11.0,0.0,0.0,37.0,13.0,16.0,16.0,0.0,1.0,0.0,26.0,33.0,0.0,12.0,1.0,0.0,145.0,6.0,74.0,0.0,0.0,2.0,0.0,0.0,0.0,0.0,0.0,9.0,4.0,0.0,11.0,22.0,0.0,5.0,15.0,0.0,33.0,8.0,0.0,198.0,0.0,3.0,0.0,1.0,24.0,8.0,3.0,0.0,0.0,29.0
18,2025,8,0.0,6.0,1.0,0.0,0.0,73.0,4.0,20.0,0.0,0.0,28.0,12.0,28.0,22.0,0.0,0.0,0.0,19.0,34.0,0.0,9.0,1.0,0.0,166.0,1.0,83.0,0.0,0.0,1.0,0.0,0.0,1.0,0.0,0.0,16.0,0.0,0.0,9.0,25.0,0.0,2.0,6.0,0.0,38.0,7.0,2.0,220.0,0.0,6.0,2.0,1.0,27.0,13.0,1.0,0.0,0.0,22.0
18,2025,9,0.0,4.0,0.0,0.0,0.0,78.0,2.0,16.0,0.0,0.0,41.0,14.0,15.0,27.0,0.0,0.0,0.0,24.0,33.0,0.0,9.0,0.0,0.0,144.0,1.0,86.0,0.0,0.0,2.0,0.0,0.0,0.0,0.0,0.0,12.0,0.0,0.0,14.0,44.0,0.0,5.0,2.0,0.0,47.0,2.0,0.0,203.0,0.0,2.0,0.0,2.0,25.0,14.0,3.0,0.0,0.0,22.0
18,2025,10,0.0,1.0,0.0,0.0,0.0,87.0,2.0,13.0,0.0,0.0,35.0,9.0,27.0,13.0,0.0,0.0,0.0,22.0,30.0,0.0,5.0,1.0,1.0,145.0,3.0,100.0,0.0,0.0,2.0,0.0,0.0,0.0,0.0,0.0,12.0,0.0,0.0,17.0,16.0,0.0,2.0,9.0,0.0,47.0,7.0,0.0,205.0,0.0,2.0,1.0,2.0,26.0,12.0,2.0,0.0,0.0,27.0
18,2025,11,0.0,3.0,0.0,0.0,0.0,61.0,2.0,18.0,0.0,0.0,36.0,15.0,25.0,9.0,0.0,0.0,0.0,38.0,28.0,0.0,6.0,1.0,0.0,134.0,5.0,87.0,0.0,0.0,0.0,0.0,0.0,0.0,0.0,0.0,7.0,3.0,0.0,14.0,18.0,0.0,3.0,16.0,0.0,50.0,6.0,1.0,241.0,0.0,3.0,0.0,1.0,12.0,10.0,1.0,1.0,0.0,29.0
18,2025,12,0.0,1.0,0.0,1.0,0.0,69.0,4.0,12.0,0.0,0.0,28.0,14.0,14.0,10.0,0.0,0.0,0.0,27.0,48.0,0.0,2.0,0.0,0.0,145.0,0.0,69.0,0.0,0.0,3.0,0.0,3.0,0.0,0.0,0.0,13.0,0.0,0.0,11.0,26.0,0.0,1.0,10.0,0.0,27.0,3.0,0.0,174.0,0.0,3.0,0.0,0.0,12.0,18.0,0.0,0.0,0.0,27.0
19,2024,1,0.0,0.0,0.0,0.0,0.0,0.0,0.0,1.0,0.0,0.0,0.0,0.0,0.0,0.0,0.0,0.0,0.0,0.0,0.0,0.0,1.0,0.0,0.0,5.0,0.0,1.0,0.0,0.0,0.0,0.0,0.0,0.0,0.0,0.0,0.0,0.0,0.0,0.0,0.0,0.0,0.0,0.0,0.0,0.0,0.0,0.0,2.0,0.0,0.0,0.0,0.0,0.0,0.0,0.0,0.0,0.0,0.0
19,2024,2,0.0,0.0,0.0,0.0,0.0,0.0,0.0,0.0,0.0,0.0,0.0,0.0,0.0,0.0,0.0,0.0,0.0,0.0,0.0,0.0,0.0,0.0,0.0,0.0,0.0,0.0,0.0,0.0,0.0,0.0,0.0,0.0,0.0,0.0,0.0,0.0,0.0,0.0,0.0,0.0,0.0,0.0,0.0,0.0,0.0,0.0,1.0,0.0,0.0,0.0,0.0,0.0,0.0,0.0,0.0,0.0,0.0
19,2024,3,0.0,0.0,0.0,0.0,0.0,0.0,0.0,0.0,0.0,0.0,0.0,0.0,0.0,0.0,0.0,0.0,0.0,0.0,0.0,0.0,0.0,0.0,0.0,2.0,0.0,0.0,0.0,0.0,0.0,0.0,0.0,0.0,0.0,0.0,0.0,0.0,0.0,0.0,0.0,0.0,0.0,0.0,0.0,0.0,0.0,0.0,2.0,0.0,0.0,0.0,1.0,0.0,0.0,1.0,0.0,0.0,0.0
19,2024,4,0.0,0.0,0.0,0.0,0.0,0.0,0.0,0.0,0.0,0.0,0.0,0.0,0.0,0.0,0.0,0.0,0.0,0.0,0.0,0.0,0.0,0.0,0.0,3.0,0.0,1.0,0.0,0.0,0.0,0.0,0.0,0.0,0.0,0.0,0.0,0.0,0.0,1.0,0.0,0.0,0.0,0.0,0.0,0.0,0.0,0.0,0.0,0.0,0.0,0.0,0.0,0.0,0.0,0.0,0.0,0.0,0.0
19,2024,5,0.0,0.0,0.0,0.0,0.0,0.0,0.0,0.0,0.0,0.0,0.0,0.0,0.0,0.0,0.0,0.0,0.0,0.0,0.0,0.0,0.0,0.0,0.0,2.0,0.0,0.0,0.0,0.0,0.0,0.0,0.0,0.0,0.0,0.0,2.0,0.0,0.0,0.0,0.0,0.0,0.0,0.0,0.0,0.0,0.0,0.0,1.0,0.0,0.0,0.0,0.0,0.0,0.0,0.0,0.0,0.0,0.0
19,2024,6,0.0,0.0,0.0,0.0,0.0,0.0,0.0,0.0,0.0,0.0,0.0,0.0,0.0,0.0,0.0,0.0,0.0,1.0,0.0,0.0,0.0,0.0,0.0,4.0,0.0,1.0,0.0,0.0,0.0,0.0,0.0,0.0,0.0,0.0,0.0,0.0,0.0,0.0,0.0,0.0,0.0,0.0,0.0,0.0,0.0,0.0,1.0,0.0,0.0,0.0,0.0,0.0,0.0,0.0,0.0,0.0,0.0
19,2024,7,0.0,0.0,0.0,0.0,0.0,0.0,0.0,0.0,0.0,0.0,0.0,0.0,0.0,0.0,0.0,0.0,0.0,0.0,0.0,0.0,0.0,0.0,0.0,2.0,0.0,2.0,0.0,0.0,0.0,0.0,0.0,0.0,0.0,0.0,0.0,0.0,0.0,0.0,0.0,0.0,0.0,0.0,0.0,0.0,0.0,0.0,0.0,0.0,0.0,0.0,1.0,1.0,0.0,1.0,0.0,0.0,0.0
19,2024,8,0.0,0.0,0.0,0.0,0.0,1.0,0.0,0.0,0.0,0.0,0.0,0.0,0.0,0.0,0.0,0.0,0.0,1.0,0.0,0.0,0.0,0.0,0.0,2.0,0.0,1.0,0.0,0.0,0.0,0.0,0.0,0.0,0.0,0.0,0.0,0.0,0.0,0.0,0.0,0.0,0.0,0.0,0.0,0.0,0.0,0.0,0.0,0.0,0.0,0.0,0.0,0.0,0.0,1.0,0.0,0.0,0.0
19,2024,9,0.0,0.0,0.0,0.0,0.0,0.0,0.0,0.0,0.0,0.0,0.0,0.0,0.0,0.0,0.0,0.0,0.0,0.0,0.0,0.0,1.0,0.0,0.0,6.0,0.0,3.0,0.0,0.0,0.0,0.0,0.0,0.0,0.0,0.0,1.0,0.0,0.0,1.0,0.0,0.0,0.0,0.0,0.0,0.0,0.0,0.0,2.0,0.0,0.0,0.0,0.0,0.0,0.0,2.0,0.0,0.0,0.0
19,2024,10,0.0,0.0,0.0,0.0,0.0,0.0,0.0,0.0,0.0,0.0,0.0,0.0,0.0,0.0,0.0,0.0,0.0,0.0,0.0,0.0,0.0,0.0,0.0,13.0,0.0,2.0,0.0,0.0,0.0,0.0,0.0,0.0,0.0,0.0,0.0,0.0,0.0,0.0,1.0,0.0,0.0,0.0,0.0,0.0,0.0,0.0,3.0,0.0,0.0,0.0,0.0,0.0,0.0,1.0,0.0,0.0,1.0
19,2024,11,0.0,0.0,0.0,0.0,0.0,2.0,0.0,0.0,0.0,0.0,0.0,0.0,0.0,0.0,0.0,0.0,0.0,0.0,0.0,0.0,0.0,0.0,0.0,11.0,0.0,7.0,0.0,0.0,0.0,0.0,0.0,0.0,0.0,0.0,0.0,0.0,0.0,0.0,1.0,0.0,0.0,0.0,0.0,0.0,0.0,0.0,2.0,0.0,0.0,0.0,0.0,0.0,1.0,0.0,0.0,0.0,0.0
19,2024,12,0.0,0.0,0.0,0.0,0.0,2.0,0.0,3.0,0.0,0.0,2.0,0.0,0.0,0.0,0.0,0.0,0.0,1.0,0.0,0.0,0.0,0.0,0.0,37.0,1.0,8.0,0.0,0.0,0.0,0.0,0.0,0.0,0.0,0.0,0.0,0.0,0.0,1.0,0.0,0.0,0.0,0.0,0.0,0.0,1.0,0.0,38.0,0.0,0.0,0.0,0.0,0.0,2.0,1.0,1.0,0.0,0.0
19,2025,1,0.0,3.0,0.0,0.0,0.0,26.0,1.0,29.0,0.0,0.0,24.0,0.0,2.0,3.0,0.0,0.0,0.0,9.0,1.0,0.0,5.0,0.0,0.0,124.0,5.0,57.0,0.0,0.0,2.0,0.0,0.0,0.0,0.0,0.0,4.0,0.0,0.0,8.0,4.0,0.0,5.0,1.0,0.0,9.0,1.0,0.0,329.0,0.0,0.0,0.0,1.0,14.0,7.0,7.0,2.0,0.0,16.0
19,2025,2,0.0,7.0,0.0,0.0,0.0,33.0,1.0,20.0,2.0,0.0,27.0,2.0,4.0,1.0,0.0,0.0,0.0,16.0,1.0,0.0,1.0,0.0,0.0,95.0,3.0,68.0,0.0,0.0,0.0,0.0,0.0,0.0,0.0,0.0,10.0,0.0,0.0,12.0,4.0,0.0,0.0,1.0,0.0,13.0,3.0,0.0,222.0,0.0,1.0,0.0,1.0,14.0,5.0,7.0,0.0,0.0,14.0
19,2025,3,0.0,4.0,0.0,0.0,0.0,31.0,2.0,17.0,0.0,0.0,30.0,5.0,2.0,6.0,0.0,0.0,0.0,21.0,3.0,0.0,4.0,0.0,0.0,140.0,3.0,97.0,0.0,0.0,3.0,0.0,0.0,0.0,0.0,0.0,8.0,0.0,0.0,13.0,5.0,0.0,1.0,0.0,0.0,13.0,1.0,0.0,252.0,0.0,1.0,2.0,0.0,18.0,10.0,3.0,1.0,0.0,10.0
19,2025,4,0.0,4.0,0.0,0.0,0.0,39.0,1.0,37.0,0.0,0.0,33.0,1.0,3.0,4.0,0.0,0.0,0.0,18.0,4.0,0.0,3.0,0.0,0.0,152.0,3.0,69.0,0.0,0.0,1.0,0.0,1.0,1.0,0.0,0.0,3.0,0.0,0.0,12.0,2.0,0.0,2.0,0.0,0.0,8.0,1.0,1.0,214.0,0.0,1.0,0.0,0.0,15.0,5.0,8.0,2.0,0.0,8.0
19,2025,5,0.0,3.0,0.0,0.0,0.0,40.0,0.0,30.0,0.0,0.0,28.0,8.0,2.0,0.0,0.0,0.0,0.0,17.0,2.0,0.0,3.0,0.0,0.0,135.0,8.0,79.0,0.0,0.0,0.0,0.0,1.0,0.0,0.0,0.0,8.0,0.0,0.0,11.0,5.0,0.0,1.0,0.0,0.0,5.0,3.0,1.0,220.0,0.0,0.0,1.0,0.0,12.0,10.0,7.0,1.0,0.0,9.0
19,2025,6,0.0,1.0,0.0,0.0,2.0,45.0,1.0,22.0,0.0,0.0,21.0,2.0,4.0,5.0,0.0,0.0,0.0,16.0,3.0,0.0,2.0,0.0,0.0,165.0,5.0,102.0,0.0,0.0,0.0,0.0,0.0,0.0,0.0,0.0,6.0,0.0,0.0,5.0,7.0,0.0,1.0,0.0,0.0,12.0,2.0,0.0,216.0,0.0,0.0,0.0,0.0,14.0,15.0,1.0,2.0,0.0,15.0
19,2025,7,0.0,0.0,0.0,0.0,0.0,47.0,1.0,15.0,0.0,0.0,30.0,7.0,2.0,5.0,0.0,0.0,0.0,18.0,8.0,0.0,1.0,0.0,0.0,139.0,2.0,82.0,0.0,0.0,0.0,0.0,0.0,0.0,0.0,0.0,9.0,0.0,0.0,13.0,6.0,0.0,0.0,0.0,0.0,9.0,2.0,1.0,223.0,0.0,1.0,1.0,0.0,14.0,12.0,3.0,2.0,0.0,11.0
19,2025,8,0.0,0.0,0.0,0.0,0.0,39.0,0.0,21.0,0.0,0.0,31.0,0.0,1.0,0.0,0.0,0.0,0.0,16.0,8.0,0.0,2.0,0.0,0.0,131.0,5.0,68.0,0.0,0.0,0.0,0.0,0.0,0.0,0.0,0.0,5.0,0.0,0.0,11.0,5.0,0.0,0.0,0.0,0.0,7.0,3.0,0.0,251.0,1.0,2.0,0.0,1.0,12.0,4.0,5.0,0.0,0.0,13.0
19,2025,9,0.0,0.0,0.0,0.0,1.0,36.0,0.0,25.0,0.0,0.0,24.0,5.0,2.0,1.0,0.0,0.0,0.0,22.0,6.0,0.0,0.0,0.0,0.0,121.0,6.0,79.0,0.0,0.0,2.0,0.0,0.0,0.0,0.0,0.0,11.0,0.0,0.0,7.0,4.0,0.0,1.0,0.0,0.0,5.0,1.0,0.0,246.0,0.0,0.0,0.0,2.0,13.0,11.0,6.0,0.0,0.0,8.0
19,2025,10,0.0,0.0,0.0,0.0,1.0,44.0,2.0,24.0,0.0,0.0,25.0,3.0,0.0,1.0,0.0,0.0,0.0,18.0,4.0,0.0,6.0,0.0,0.0,125.0,6.0,88.0,0.0,0.0,1.0,0.0,0.0,0.0,0.0,0.0,8.0,0.0,0.0,5.0,4.0,0.0,3.0,1.0,0.0,8.0,4.0,0.0,207.0,0.0,0.0,0.0,2.0,19.0,11.0,5.0,0.0,0.0,19.0
19,2025,11,0.0,0.0,0.0,0.0,0.0,38.0,1.0,15.0,0.0,0.0,31.0,7.0,3.0,1.0,0.0,0.0,0.0,22.0,2.0,0.0,0.0,0.0,0.0,88.0,9.0,95.0,0.0,0.0,0.0,0.0,0.0,0.0,0.0,0.0,5.0,0.0,0.0,10.0,6.0,0.0,1.0,2.0,0.0,6.0,4.0,0.0,172.0,0.0,1.0,0.0,1.0,11.0,10.0,5.0,0.0,0.0,19.0
19,2025,12,0.0,0.0,0.0,0.0,0.0,32.0,0.0,16.0,0.0,0.0,11.0,0.0,0.0,0.0,0.0,0.0,0.0,10.0,4.0,0.0,3.0,0.0,0.0,77.0,4.0,57.0,0.0,0.0,0.0,0.0,0.0,0.0,0.0,0.0,11.0,0.0,0.0,9.0,5.0,0.0,0.0,0.0,0.0,6.0,2.0,0.0,176.0,0.0,1.0,0.0,0.0,8.0,7.0,0.0,0.0,0.0,10.0
20,2024,1,0.0,0.0,0.0,0.0,0.0,0.0,0.0,0.0,0.0,0.0,0.0,0.0,0.0,0.0,0.0,0.0,0.0,0.0,0.0,0.0,0.0,0.0,0.0,1.0,0.0,2.0,0.0,0.0,0.0,0.0,0.0,0.0,0.0,0.0,0.0,0.0,0.0,0.0,0.0,0.0,0.0,0.0,0.0,0.0,0.0,0.0,0.0,0.0,0.0,0.0,0.0,0.0,0.0,0.0,0.0,0.0,0.0
20,2024,2,0.0,0.0,0.0,0.0,0.0,0.0,0.0,0.0,0.0,0.0,0.0,0.0,0.0,0.0,0.0,0.0,0.0,1.0,0.0,0.0,0.0,0.0,0.0,1.0,0.0,0.0,0.0,0.0,0.0,0.0,0.0,0.0,0.0,0.0,0.0,0.0,0.0,0.0,0.0,0.0,0.0,0.0,0.0,0.0,0.0,0.0,0.0,0.0,0.0,0.0,0.0,0.0,1.0,0.0,0.0,0.0,0.0
20,2024,3,0.0,0.0,0.0,0.0,0.0,0.0,0.0,0.0,0.0,0.0,1.0,0.0,0.0,0.0,0.0,0.0,0.0,0.0,0.0,0.0,0.0,0.0,0.0,0.0,0.0,1.0,0.0,0.0,0.0,0.0,0.0,0.0,0.0,0.0,0.0,0.0,0.0,0.0,0.0,0.0,0.0,0.0,0.0,0.0,0.0,0.0,0.0,0.0,0.0,0.0,0.0,0.0,0.0,0.0,0.0,0.0,0.0
20,2024,4,0.0,0.0,0.0,0.0,0.0,0.0,0.0,0.0,0.0,0.0,0.0,0.0,0.0,0.0,0.0,0.0,0.0,0.0,0.0,0.0,0.0,0.0,0.0,0.0,0.0,0.0,0.0,0.0,0.0,0.0,0.0,0.0,0.0,0.0,0.0,0.0,0.0,0.0,0.0,0.0,0.0,0.0,0.0,0.0,0.0,0.0,0.0,0.0,0.0,0.0,0.0,0.0,1.0,0.0,0.0,0.0,0.0
20,2024,5,0.0,0.0,0.0,0.0,0.0,0.0,0.0,0.0,0.0,0.0,0.0,0.0,0.0,0.0,0.0,0.0,0.0,0.0,0.0,0.0,0.0,0.0,0.0,1.0,0.0,0.0,0.0,0.0,0.0,0.0,0.0,0.0,0.0,0.0,0.0,0.0,0.0,0.0,0.0,0.0,0.0,0.0,0.0,0.0,0.0,0.0,0.0,0.0,0.0,0.0,0.0,0.0,0.0,0.0,0.0,0.0,0.0
20,2024,6,0.0,0.0,0.0,0.0,0.0,0.0,0.0,0.0,0.0,0.0,0.0,0.0,0.0,0.0,0.0,0.0,0.0,0.0,0.0,0.0,1.0,0.0,0.0,2.0,0.0,0.0,0.0,0.0,0.0,0.0,0.0,0.0,0.0,0.0,0.0,0.0,0.0,0.0,0.0,0.0,0.0,0.0,0.0,0.0,0.0,0.0,1.0,0.0,0.0,0.0,0.0,0.0,1.0,0.0,0.0,0.0,0.0
20,2024,7,0.0,0.0,0.0,0.0,0.0,0.0,0.0,0.0,0.0,0.0,0.0,0.0,0.0,0.0,0.0,0.0,0.0,0.0,0.0,0.0,0.0,0.0,0.0,1.0,0.0,0.0,0.0,0.0,0.0,0.0,0.0,0.0,0.0,0.0,0.0,0.0,0.0,0.0,0.0,0.0,0.0,0.0,0.0,0.0,0.0,0.0,0.0,0.0,0.0,0.0,0.0,0.0,0.0,0.0,0.0,0.0,0.0
20,2024,9,0.0,0.0,0.0,0.0,0.0,0.0,0.0,0.0,0.0,0.0,0.0,0.0,0.0,0.0,0.0,0.0,0.0,0.0,0.0,0.0,0.0,0.0,0.0,2.0,0.0,0.0,0.0,0.0,0.0,0.0,0.0,0.0,0.0,0.0,0.0,0.0,0.0,0.0,0.0,0.0,0.0,0.0,0.0,0.0,1.0,0.0,0.0,0.0,0.0,0.0,0.0,0.0,0.0,0.0,0.0,0.0,0.0
20,2024,10,0.0,0.0,0.0,0.0,0.0,1.0,0.0,0.0,0.0,0.0,0.0,0.0,0.0,0.0,0.0,0.0,0.0,0.0,0.0,0.0,0.0,0.0,0.0,3.0,0.0,2.0,0.0,0.0,0.0,0.0,0.0,0.0,0.0,0.0,1.0,0.0,0.0,0.0,0.0,0.0,0.0,0.0,0.0,0.0,0.0,0.0,1.0,0.0,0.0,0.0,1.0,0.0,0.0,0.0,0.0,0.0,0.0
20,2024,11,0.0,0.0,0.0,0.0,0.0,0.0,0.0,0.0,0.0,0.0,1.0,0.0,0.0,0.0,0.0,0.0,0.0,0.0,0.0,0.0,0.0,0.0,0.0,6.0,0.0,2.0,0.0,0.0,0.0,0.0,0.0,0.0,0.0,0.0,0.0,0.0,0.0,0.0,0.0,0.0,0.0,0.0,0.0,0.0,0.0,0.0,2.0,0.0,0.0,0.0,0.0,0.0,0.0,1.0,0.0,0.0,0.0
20,2024,12,0.0,0.0,0.0,0.0,0.0,1.0,0.0,1.0,0.0,0.0,2.0,0.0,0.0,0.0,0.0,0.0,0.0,0.0,0.0,0.0,1.0,0.0,0.0,16.0,0.0,4.0,0.0,0.0,0.0,0.0,0.0,0.0,0.0,0.0,0.0,0.0,0.0,2.0,0.0,0.0,0.0,0.0,0.0,0.0,0.0,0.0,11.0,0.0,0.0,0.0,0.0,0.0,1.0,3.0,0.0,0.0,0.0
20,2025,1,0.0,3.0,0.0,0.0,0.0,21.0,0.0,16.0,0.0,0.0,14.0,5.0,0.0,5.0,0.0,0.0,0.0,6.0,1.0,0.0,1.0,0.0,0.0,44.0,3.0,39.0,0.0,0.0,1.0,0.0,0.0,0.0,0.0,0.0,2.0,0.0,0.0,8.0,8.0,0.0,0.0,2.0,0.0,7.0,4.0,0.0,100.0,0.0,0.0,0.0,0.0,10.0,3.0,3.0,0.0,0.0,7.0
20,2025,2,0.0,7.0,0.0,0.0,0.0,24.0,1.0,19.0,0.0,0.0,16.0,0.0,2.0,2.0,0.0,0.0,1.0,4.0,0.0,0.0,2.0,0.0,0.0,59.0,3.0,44.0,0.0,0.0,0.0,0.0,0.0,1.0,0.0,0.0,12.0,0.0,0.0,12.0,4.0,0.0,0.0,4.0,0.0,6.0,1.0,0.0,92.0,0.0,4.0,0.0,1.0,4.0,4.0,7.0,0.0,0.0,8.0
20,2025,3,0.0,2.0,0.0,0.0,0.0,17.0,0.0,9.0,0.0,0.0,26.0,1.0,5.0,3.0,0.0,0.0,0.0,5.0,3.0,0.0,3.0,0.0,0.0,46.0,2.0,52.0,0.0,0.0,2.0,0.0,0.0,0.0,0.0,0.0,5.0,0.0,0.0,9.0,6.0,1.0,0.0,0.0,0.0,7.0,1.0,0.0,109.0,0.0,1.0,0.0,2.0,5.0,6.0,3.0,0.0,0.0,11.0
20,2025,4,0.0,5.0,0.0,0.0,0.0,28.0,0.0,7.0,0.0,0.0,18.0,1.0,1.0,3.0,0.0,0.0,0.0,7.0,2.0,0.0,1.0,0.0,0.0,65.0,4.0,50.0,0.0,0.0,1.0,0.0,0.0,0.0,0.0,0.0,4.0,0.0,0.0,9.0,1.0,0.0,0.0,2.0,0.0,3.0,0.0,0.0,124.0,0.0,0.0,0.0,0.0,8.0,2.0,3.0,0.0,0.0,7.0
20,2025,5,0.0,8.0,0.0,0.0,1.0,27.0,0.0,12.0,0.0,0.0,28.0,2.0,5.0,3.0,0.0,0.0,0.0,4.0,0.0,0.0,3.0,0.0,0.0,66.0,4.0,72.0,0.0,0.0,0.0,0.0,0.0,0.0,0.0,0.0,6.0,0.0,0.0,6.0,4.0,0.0,0.0,1.0,0.0,5.0,1.0,0.0,114.0,0.0,2.0,0.0,0.0,7.0,5.0,0.0,1.0,0.0,8.0
20,2025,6,0.0,0.0,0.0,0.0,0.0,21.0,0.0,8.0,0.0,0.0,14.0,2.0,3.0,1.0,0.0,0.0,0.0,6.0,0.0,0.0,1.0,0.0,0.0,68.0,6.0,60.0,0.0,0.0,0.0,0.0,0.0,0.0,0.0,0.0,2.0,0.0,0.0,10.0,6.0,0.0,1.0,1.0,0.0,1.0,1.0,0.0,128.0,0.0,2.0,0.0,0.0,11.0,6.0,3.0,0.0,0.0,3.0
20,2025,7,0.0,1.0,0.0,0.0,0.0,26.0,0.0,7.0,0.0,0.0,16.0,4.0,2.0,2.0,0.0,0.0,0.0,12.0,0.0,0.0,0.0,0.0,0.0,72.0,5.0,46.0,0.0,0.0,0.0,0.0,0.0,0.0,0.0,0.0,4.0,0.0,0.0,11.0,4.0,0.0,0.0,0.0,0.0,5.0,0.0,0.0,161.0,1.0,0.0,0.0,1.0,9.0,5.0,3.0,0.0,0.0,1.0
20,2025,8,0.0,2.0,0.0,0.0,0.0,31.0,0.0,12.0,0.0,0.0,21.0,0.0,1.0,5.0,0.0,0.0,0.0,9.0,2.0,0.0,3.0,0.0,0.0,68.0,6.0,50.0,0.0,0.0,1.0,0.0,0.0,0.0,0.0,0.0,3.0,0.0,0.0,8.0,6.0,0.0,0.0,0.0,0.0,4.0,1.0,0.0,142.0,0.0,1.0,0.0,0.0,11.0,7.0,0.0,1.0,0.0,2.0
20,2025,9,0.0,1.0,0.0,0.0,0.0,23.0,0.0,13.0,1.0,0.0,18.0,2.0,7.0,5.0,0.0,0.0,0.0,14.0,2.0,0.0,2.0,0.0,0.0,63.0,3.0,74.0,0.0,0.0,0.0,0.0,0.0,1.0,0.0,0.0,6.0,0.0,0.0,6.0,3.0,0.0,0.0,3.0,0.0,4.0,0.0,0.0,93.0,0.0,0.0,0.0,1.0,5.0,6.0,4.0,1.0,0.0,5.0
20,2025,10,0.0,0.0,0.0,0.0,1.0,36.0,0.0,11.0,0.0,0.0,23.0,1.0,6.0,3.0,0.0,0.0,0.0,11.0,2.0,0.0,3.0,0.0,0.0,56.0,4.0,62.0,0.0,0.0,1.0,0.0,0.0,0.0,0.0,0.0,3.0,0.0,0.0,8.0,4.0,0.0,2.0,0.0,0.0,7.0,2.0,1.0,115.0,0.0,1.0,0.0,1.0,14.0,5.0,2.0,0.0,0.0,4.0
20,2025,11,0.0,0.0,0.0,0.0,0.0,24.0,0.0,6.0,0.0,0.0,12.0,2.0,1.0,2.0,0.0,0.0,0.0,7.0,0.0,0.0,2.0,0.0,0.0,49.0,0.0,57.0,0.0,0.0,0.0,0.0,0.0,0.0,0.0,0.0,7.0,0.0,0.0,7.0,7.0,0.0,2.0,0.0,0.0,4.0,1.0,1.0,136.0,0.0,2.0,0.0,0.0,8.0,3.0,3.0,0.0,0.0,4.0
20,2025,12,0.0,0.0,0.0,0.0,0.0,26.0,0.0,13.0,0.0,0.0,13.0,3.0,0.0,1.0,0.0,0.0,0.0,12.0,1.0,0.0,2.0,0.0,0.0,37.0,2.0,52.0,0.0,0.0,0.0,0.0,0.0,0.0,0.0,0.0,4.0,0.0,0.0,4.0,1.0,0.0,1.0,0.0,0.0,1.0,1.0,0.0,108.0,0.0,0.0,0.0,0.0,11.0,4.0,0.0,0.0,0.0,7.0
22,2024,7,0.0,0.0,0.0,0.0,0.0,0.0,0.0,0.0,0.0,0.0,0.0,0.0,0.0,0.0,0.0,0.0,0.0,0.0,0.0,0.0,0.0,0.0,0.0,0.0,0.0,0.0,0.0,0.0,0.0,0.0,0.0,0.0,0.0,0.0,0.0,0.0,0.0,0.0,0.0,0.0,0.0,0.0,0.0,0.0,0.0,0.0,1.0,0.0,0.0,0.0,0.0,0.0,0.0,0.0,0.0,0.0,0.0
22,2024,11,0.0,0.0,0.0,0.0,0.0,0.0,0.0,0.0,0.0,0.0,0.0,0.0,0.0,0.0,0.0,0.0,0.0,0.0,0.0,0.0,0.0,0.0,0.0,0.0,0.0,0.0,0.0,0.0,0.0,0.0,0.0,0.0,0.0,0.0,0.0,0.0,0.0,0.0,0.0,0.0,0.0,0.0,0.0,0.0,0.0,0.0,0.0,0.0,0.0,0.0,1.0,0.0,1.0,0.0,0.0,0.0,0.0
22,2025,1,0.0,0.0,0.0,0.0,0.0,4.0,0.0,0.0,0.0,0.0,0.0,0.0,1.0,0.0,0.0,0.0,0.0,1.0,0.0,0.0,0.0,0.0,0.0,0.0,0.0,1.0,0.0,0.0,0.0,0.0,0.0,0.0,0.0,0.0,1.0,0.0,0.0,0.0,0.0,0.0,0.0,0.0,0.0,0.0,0.0,0.0,0.0,0.0,0.0,0.0,0.0,0.0,0.0,0.0,0.0,0.0,1.0
22,2025,2,0.0,0.0,0.0,0.0,0.0,1.0,0.0,0.0,0.0,0.0,0.0,0.0,0.0,0.0,0.0,0.0,0.0,1.0,0.0,0.0,0.0,0.0,0.0,4.0,0.0,3.0,0.0,0.0,0.0,0.0,0.0,1.0,0.0,0.0,1.0,0.0,0.0,1.0,0.0,0.0,0.0,0.0,0.0,0.0,0.0,0.0,0.0,0.0,0.0,0.0,0.0,1.0,2.0,0.0,0.0,0.0,0.0
22,2025,3,0.0,0.0,0.0,0.0,0.0,1.0,0.0,0.0,0.0,0.0,3.0,0.0,2.0,0.0,0.0,0.0,0.0,2.0,2.0,0.0,0.0,0.0,0.0,6.0,0.0,4.0,0.0,0.0,0.0,0.0,0.0,0.0,0.0,0.0,0.0,0.0,0.0,0.0,0.0,0.0,0.0,0.0,0.0,0.0,0.0,0.0,0.0,0.0,0.0,0.0,0.0,1.0,1.0,0.0,0.0,0.0,1.0
22,2025,4,0.0,0.0,0.0,0.0,0.0,3.0,0.0,0.0,0.0,0.0,1.0,0.0,4.0,1.0,0.0,0.0,0.0,1.0,0.0,0.0,0.0,0.0,0.0,3.0,0.0,3.0,0.0,0.0,0.0,0.0,0.0,0.0,0.0,0.0,0.0,0.0,0.0,0.0,0.0,0.0,0.0,0.0,0.0,0.0,0.0,0.0,4.0,0.0,0.0,0.0,1.0,0.0,1.0,0.0,0.0,0.0,3.0
22,2025,5,0.0,0.0,0.0,0.0,0.0,6.0,0.0,0.0,0.0,0.0,0.0,0.0,2.0,0.0,0.0,0.0,0.0,1.0,1.0,0.0,0.0,0.0,0.0,2.0,0.0,3.0,0.0,0.0,0.0,0.0,0.0,0.0,0.0,0.0,1.0,0.0,0.0,0.0,0.0,0.0,0.0,0.0,0.0,0.0,0.0,0.0,4.0,0.0,0.0,0.0,0.0,0.0,3.0,0.0,0.0,0.0,2.0
22,2025,6,0.0,0.0,0.0,0.0,0.0,6.0,0.0,0.0,0.0,0.0,1.0,0.0,3.0,0.0,0.0,0.0,0.0,3.0,0.0,0.0,0.0,0.0,0.0,5.0,0.0,8.0,0.0,0.0,0.0,0.0,0.0,1.0,0.0,0.0,0.0,0.0,0.0,4.0,0.0,0.0,0.0,0.0,0.0,0.0,1.0,1.0,7.0,0.0,0.0,0.0,0.0,0.0,3.0,0.0,1.0,0.0,1.0
22,2025,7,0.0,0.0,0.0,0.0,0.0,3.0,0.0,1.0,0.0,0.0,4.0,0.0,4.0,0.0,0.0,0.0,0.0,2.0,0.0,0.0,0.0,0.0,0.0,6.0,0.0,4.0,0.0,0.0,0.0,0.0,0.0,0.0,0.0,0.0,0.0,0.0,0.0,2.0,0.0,0.0,0.0,0.0,0.0,0.0,0.0,0.0,1.0,0.0,0.0,0.0,0.0,2.0,3.0,0.0,0.0,0.0,3.0
22,2025,8,0.0,0.0,0.0,0.0,0.0,7.0,0.0,0.0,0.0,0.0,3.0,0.0,5.0,1.0,0.0,0.0,0.0,4.0,0.0,0.0,0.0,0.0,0.0,9.0,0.0,7.0,0.0,0.0,0.0,0.0,0.0,0.0,0.0,0.0,0.0,0.0,0.0,2.0,0.0,0.0,0.0,0.0,0.0,0.0,0.0,0.0,5.0,0.0,0.0,0.0,0.0,2.0,2.0,1.0,0.0,0.0,3.0
22,2025,9,0.0,0.0,0.0,0.0,0.0,3.0,0.0,0.0,0.0,0.0,7.0,0.0,2.0,1.0,0.0,0.0,0.0,1.0,0.0,0.0,0.0,0.0,0.0,5.0,0.0,6.0,0.0,0.0,1.0,0.0,0.0,0.0,0.0,0.0,2.0,0.0,0.0,2.0,0.0,0.0,0.0,0.0,0.0,0.0,0.0,0.0,2.0,0.0,0.0,0.0,1.0,1.0,4.0,0.0,0.0,0.0,4.0
22,2025,10,0.0,0.0,0.0,0.0,0.0,1.0,0.0,1.0,0.0,0.0,2.0,0.0,1.0,0.0,0.0,0.0,0.0,3.0,0.0,0.0,0.0,0.0,0.0,5.0,0.0,2.0,0.0,0.0,0.0,0.0,0.0,0.0,0.0,0.0,2.0,0.0,0.0,0.0,0.0,0.0,0.0,0.0,0.0,0.0,0.0,0.0,8.0,0.0,0.0,0.0,0.0,1.0,1.0,0.0,0.0,0.0,0.0
22,2025,11,0.0,0.0,0.0,0.0,0.0,2.0,0.0,0.0,0.0,0.0,3.0,0.0,0.0,0.0,0.0,0.0,0.0,1.0,0.0,0.0,0.0,0.0,0.0,0.0,0.0,2.0,0.0,0.0,0.0,0.0,0.0,0.0,0.0,0.0,1.0,0.0,0.0,0.0,0.0,0.0,0.0,0.0,0.0,0.0,0.0,0.0,3.0,0.0,0.0,0.0,0.0,2.0,0.0,0.0,0.0,0.0,1.0
22,2025,12,0.0,0.0,0.0,0.0,0.0,1.0,0.0,0.0,0.0,0.0,3.0,0.0,0.0,0.0,0.0,0.0,0.0,4.0,0.0,0.0,0.0,0.0,0.0,1.0,0.0,4.0,0.0,0.0,0.0,0.0,0.0,0.0,0.0,0.0,2.0,0.0,0.0,1.0,1.0,0.0,0.0,0.0,0.0,0.0,0.0,0.0,2.0,0.0,0.0,0.0,0.0,1.0,1.0,0.0,0.0,0.0,1.0
23,2024,1,0.0,0.0,0.0,0.0,0.0,0.0,0.0,0.0,0.0,0.0,0.0,0.0,0.0,0.0,0.0,0.0,0.0,0.0,0.0,0.0,0.0,0.0,0.0,2.0,0.0,3.0,0.0,0.0,0.0,0.0,0.0,0.0,0.0,0.0,0.0,0.0,0.0,0.0,0.0,0.0,0.0,0.0,0.0,0.0,0.0,0.0,2.0,0.0,0.0,0.0,0.0,0.0,1.0,0.0,0.0,0.0,0.0
23,2024,4,0.0,0.0,0.0,0.0,0.0,0.0,0.0,0.0,0.0,0.0,0.0,0.0,0.0,0.0,0.0,0.0,0.0,0.0,0.0,0.0,1.0,0.0,0.0,0.0,0.0,0.0,0.0,0.0,0.0,0.0,0.0,0.0,0.0,0.0,0.0,0.0,0.0,0.0,0.0,0.0,0.0,0.0,0.0,0.0,0.0,0.0,0.0,0.0,0.0,0.0,0.0,0.0,0.0,0.0,0.0,0.0,0.0
23,2024,5,0.0,0.0,0.0,0.0,0.0,0.0,0.0,0.0,0.0,0.0,0.0,0.0,0.0,0.0,0.0,0.0,0.0,0.0,0.0,0.0,0.0,0.0,0.0,0.0,0.0,0.0,0.0,0.0,0.0,0.0,0.0,0.0,0.0,0.0,0.0,0.0,0.0,1.0,0.0,0.0,0.0,0.0,0.0,0.0,0.0,0.0,0.0,0.0,0.0,0.0,0.0,0.0,0.0,0.0,0.0,0.0,0.0
23,2024,6,0.0,0.0,0.0,0.0,0.0,0.0,0.0,0.0,0.0,0.0,0.0,0.0,0.0,0.0,0.0,0.0,0.0,0.0,0.0,0.0,0.0,0.0,0.0,0.0,0.0,0.0,0.0,0.0,0.0,0.0,0.0,0.0,0.0,0.0,0.0,0.0,0.0,0.0,1.0,0.0,0.0,0.0,0.0,0.0,0.0,0.0,0.0,0.0,0.0,0.0,0.0,0.0,1.0,0.0,0.0,0.0,0.0
23,2024,7,0.0,0.0,0.0,0.0,0.0,0.0,0.0,0.0,0.0,0.0,0.0,0.0,0.0,0.0,0.0,0.0,0.0,0.0,0.0,0.0,0.0,0.0,0.0,0.0,0.0,3.0,0.0,0.0,0.0,0.0,0.0,0.0,0.0,0.0,0.0,0.0,0.0,0.0,0.0,0.0,0.0,0.0,0.0,0.0,0.0,0.0,0.0,0.0,0.0,0.0,1.0,0.0,2.0,0.0,0.0,0.0,0.0
23,2024,8,0.0,0.0,0.0,0.0,0.0,1.0,0.0,0.0,0.0,0.0,1.0,0.0,0.0,0.0,0.0,0.0,0.0,0.0,0.0,0.0,0.0,0.0,0.0,1.0,0.0,0.0,0.0,0.0,0.0,0.0,0.0,0.0,0.0,0.0,0.0,0.0,0.0,0.0,0.0,0.0,0.0,0.0,0.0,0.0,0.0,0.0,1.0,0.0,0.0,0.0,0.0,0.0,1.0,0.0,0.0,0.0,0.0
23,2024,9,0.0,0.0,0.0,0.0,0.0,0.0,0.0,0.0,0.0,0.0,0.0,0.0,0.0,0.0,0.0,0.0,0.0,0.0,1.0,0.0,0.0,0.0,0.0,2.0,0.0,1.0,0.0,0.0,0.0,0.0,0.0,0.0,0.0,0.0,0.0,0.0,0.0,0.0,0.0,0.0,0.0,0.0,0.0,0.0,0.0,0.0,2.0,0.0,0.0,0.0,0.0,0.0,0.0,0.0,0.0,0.0,0.0
23,2024,10,0.0,0.0,0.0,0.0,0.0,0.0,0.0,0.0,0.0,0.0,0.0,0.0,1.0,0.0,0.0,0.0,0.0,1.0,0.0,0.0,0.0,0.0,0.0,1.0,0.0,0.0,0.0,0.0,0.0,0.0,0.0,0.0,0.0,0.0,0.0,0.0,0.0,1.0,0.0,0.0,0.0,0.0,0.0,0.0,0.0,0.0,4.0,0.0,0.0,0.0,0.0,0.0,1.0,0.0,0.0,0.0,0.0
23,2024,11,0.0,0.0,0.0,0.0,0.0,0.0,0.0,0.0,0.0,0.0,1.0,0.0,0.0,0.0,0.0,0.0,0.0,0.0,1.0,0.0,0.0,0.0,0.0,6.0,0.0,0.0,0.0,0.0,0.0,0.0,0.0,0.0,0.0,0.0,0.0,0.0,0.0,5.0,1.0,0.0,0.0,0.0,0.0,0.0,0.0,0.0,4.0,0.0,0.0,0.0,0.0,0.0,0.0,1.0,0.0,0.0,0.0
23,2024,12,0.0,0.0,0.0,0.0,0.0,1.0,0.0,1.0,0.0,0.0,1.0,0.0,0.0,0.0,0.0,0.0,0.0,1.0,2.0,0.0,1.0,0.0,0.0,5.0,1.0,3.0,0.0,0.0,0.0,0.0,0.0,0.0,0.0,0.0,1.0,0.0,0.0,1.0,0.0,0.0,0.0,0.0,0.0,0.0,0.0,0.0,18.0,0.0,0.0,0.0,0.0,0.0,0.0,0.0,0.0,0.0,0.0
23,2025,1,0.0,0.0,0.0,0.0,2.0,61.0,0.0,12.0,0.0,1.0,26.0,2.0,29.0,11.0,0.0,0.0,0.0,36.0,7.0,0.0,2.0,0.0,0.0,39.0,1.0,105.0,0.0,0.0,3.0,0.0,0.0,0.0,0.0,0.0,17.0,1.0,0.0,15.0,17.0,0.0,0.0,2.0,0.0,1.0,4.0,1.0,77.0,0.0,1.0,0.0,0.0,23.0,12.0,2.0,3.0,0.0,17.0
23,2025,2,0.0,2.0,0.0,0.0,1.0,61.0,0.0,3.0,3.0,1.0,18.0,8.0,23.0,7.0,0.0,0.0,0.0,40.0,5.0,0.0,3.0,0.0,0.0,26.0,5.0,118.0,0.0,0.0,3.0,0.0,0.0,0.0,0.0,0.0,18.0,0.0,0.0,24.0,17.0,0.0,1.0,0.0,0.0,10.0,3.0,1.0,89.0,0.0,0.0,0.0,0.0,17.0,7.0,5.0,0.0,0.0,14.0
23,2025,3,0.0,1.0,0.0,0.0,2.0,63.0,0.0,15.0,0.0,0.0,46.0,8.0,23.0,4.0,0.0,0.0,0.0,44.0,4.0,0.0,1.0,0.0,0.0,32.0,8.0,87.0,0.0,0.0,5.0,0.0,0.0,0.0,0.0,0.0,16.0,0.0,0.0,27.0,14.0,0.0,2.0,0.0,0.0,2.0,4.0,4.0,101.0,0.0,8.0,0.0,2.0,20.0,11.0,2.0,0.0,0.0,17.0
23,2025,4,0.0,2.0,0.0,0.0,1.0,62.0,0.0,12.0,0.0,0.0,35.0,11.0,23.0,12.0,1.0,0.0,0.0,33.0,7.0,0.0,4.0,0.0,0.0,34.0,11.0,88.0,0.0,0.0,2.0,0.0,0.0,1.0,0.0,0.0,15.0,0.0,0.0,21.0,21.0,0.0,0.0,8.0,0.0,2.0,3.0,1.0,90.0,0.0,1.0,0.0,2.0,12.0,8.0,5.0,1.0,0.0,27.0
23,2025,5,0.0,0.0,0.0,0.0,0.0,76.0,0.0,9.0,0.0,0.0,46.0,2.0,13.0,18.0,0.0,0.0,0.0,32.0,6.0,0.0,4.0,0.0,0.0,39.0,9.0,113.0,0.0,0.0,4.0,0.0,0.0,0.0,0.0,0.0,17.0,1.0,0.0,22.0,17.0,0.0,4.0,5.0,0.0,2.0,0.0,5.0,76.0,1.0,3.0,0.0,2.0,20.0,20.0,5.0,0.0,0.0,14.0
23,2025,6,0.0,1.0,0.0,0.0,0.0,70.0,0.0,9.0,0.0,1.0,35.0,5.0,24.0,23.0,0.0,0.0,0.0,37.0,2.0,0.0,1.0,0.0,0.0,39.0,7.0,96.0,0.0,0.0,4.0,0.0,0.0,1.0,0.0,0.0,17.0,0.0,0.0,28.0,19.0,0.0,3.0,3.0,0.0,2.0,2.0,1.0,69.0,0.0,5.0,0.0,1.0,19.0,8.0,3.0,1.0,0.0,19.0
23,2025,7,0.0,0.0,0.0,0.0,0.0,65.0,0.0,14.0,0.0,0.0,36.0,9.0,22.0,21.0,0.0,0.0,0.0,38.0,8.0,0.0,0.0,0.0,0.0,51.0,9.0,83.0,0.0,0.0,3.0,0.0,0.0,0.0,0.0,1.0,14.0,0.0,0.0,23.0,17.0,0.0,3.0,2.0,0.0,4.0,5.0,3.0,68.0,0.0,1.0,0.0,6.0,16.0,10.0,3.0,2.0,0.0,16.0
23,2025,8,0.0,0.0,0.0,0.0,0.0,68.0,0.0,12.0,0.0,0.0,26.0,3.0,17.0,15.0,0.0,0.0,1.0,34.0,17.0,0.0,1.0,0.0,0.0,41.0,7.0,127.0,0.0,0.0,2.0,0.0,0.0,0.0,0.0,0.0,18.0,1.0,0.0,22.0,25.0,1.0,1.0,2.0,0.0,8.0,3.0,0.0,72.0,0.0,7.0,0.0,2.0,17.0,12.0,4.0,0.0,0.0,9.0
23,2025,9,0.0,0.0,0.0,0.0,0.0,76.0,1.0,13.0,0.0,1.0,33.0,13.0,25.0,18.0,1.0,0.0,0.0,35.0,12.0,0.0,2.0,0.0,0.0,31.0,9.0,118.0,0.0,0.0,1.0,0.0,0.0,0.0,0.0,0.0,23.0,0.0,0.0,18.0,18.0,1.0,3.0,0.0,0.0,2.0,5.0,2.0,63.0,0.0,1.0,0.0,3.0,17.0,18.0,1.0,1.0,0.0,10.0
23,2025,10,0.0,0.0,0.0,0.0,0.0,66.0,1.0,6.0,0.0,0.0,32.0,9.0,35.0,6.0,0.0,0.0,0.0,30.0,8.0,0.0,3.0,0.0,0.0,45.0,6.0,134.0,0.0,0.0,1.0,0.0,0.0,0.0,0.0,0.0,19.0,0.0,0.0,29.0,19.0,0.0,0.0,1.0,0.0,6.0,7.0,1.0,65.0,0.0,1.0,0.0,0.0,18.0,7.0,1.0,0.0,0.0,18.0
23,2025,11,0.0,0.0,0.0,0.0,1.0,70.0,0.0,3.0,0.0,0.0,51.0,8.0,13.0,5.0,0.0,0.0,0.0,36.0,11.0,0.0,1.0,0.0,0.0,37.0,3.0,97.0,0.0,0.0,2.0,0.0,0.0,0.0,0.0,0.0,12.0,0.0,0.0,23.0,15.0,0.0,3.0,2.0,0.0,3.0,3.0,4.0,67.0,0.0,1.0,0.0,1.0,17.0,7.0,2.0,1.0,0.0,17.0
23,2025,12,0.0,0.0,0.0,0.0,0.0,53.0,0.0,12.0,0.0,0.0,50.0,15.0,9.0,16.0,0.0,0.0,1.0,37.0,4.0,0.0,2.0,0.0,0.0,17.0,4.0,94.0,0.0,0.0,1.0,0.0,0.0,0.0,0.0,0.0,17.0,0.0,0.0,18.0,14.0,1.0,3.0,0.0,0.0,5.0,3.0,1.0,69.0,0.0,1.0,0.0,0.0,21.0,8.0,4.0,0.0,0.0,29.0
24,2024,1,0.0,0.0,0.0,0.0,0.0,0.0,0.0,0.0,0.0,0.0,0.0,0.0,0.0,0.0,0.0,0.0,0.0,0.0,0.0,0.0,0.0,0.0,0.0,0.0,0.0,1.0,0.0,0.0,0.0,0.0,0.0,0.0,0.0,0.0,0.0,0.0,0.0,0.0,0.0,0.0,0.0,0.0,0.0,0.0,0.0,0.0,1.0,0.0,0.0,0.0,0.0,0.0,0.0,1.0,0.0,0.0,0.0
24,2024,2,0.0,0.0,0.0,0.0,0.0,0.0,0.0,0.0,0.0,0.0,0.0,0.0,0.0,0.0,0.0,0.0,0.0,0.0,0.0,0.0,0.0,0.0,0.0,0.0,0.0,0.0,0.0,0.0,0.0,0.0,0.0,0.0,0.0,0.0,0.0,0.0,0.0,0.0,0.0,0.0,0.0,0.0,0.0,0.0,0.0,0.0,1.0,0.0,0.0,0.0,0.0,0.0,0.0,0.0,0.0,0.0,0.0
24,2024,3,0.0,0.0,0.0,0.0,0.0,0.0,0.0,0.0,0.0,0.0,0.0,0.0,0.0,0.0,0.0,0.0,0.0,0.0,0.0,0.0,0.0,0.0,0.0,0.0,0.0,0.0,0.0,0.0,0.0,0.0,0.0,0.0,0.0,0.0,0.0,0.0,0.0,0.0,0.0,0.0,0.0,0.0,0.0,0.0,0.0,0.0,5.0,0.0,0.0,0.0,0.0,0.0,0.0,0.0,0.0,0.0,0.0
24,2024,4,0.0,0.0,0.0,0.0,0.0,0.0,0.0,0.0,0.0,0.0,0.0,0.0,0.0,0.0,0.0,0.0,0.0,0.0,0.0,0.0,0.0,0.0,0.0,1.0,0.0,0.0,0.0,0.0,0.0,0.0,0.0,0.0,0.0,0.0,0.0,0.0,0.0,0.0,0.0,0.0,0.0,0.0,0.0,0.0,0.0,0.0,2.0,0.0,0.0,0.0,0.0,0.0,0.0,1.0,0.0,0.0,0.0
24,2024,5,0.0,0.0,0.0,0.0,0.0,0.0,0.0,0.0,0.0,0.0,0.0,0.0,0.0,0.0,0.0,0.0,0.0,0.0,0.0,0.0,0.0,0.0,0.0,2.0,0.0,0.0,0.0,0.0,0.0,0.0,0.0,0.0,0.0,0.0,0.0,0.0,0.0,1.0,0.0,0.0,0.0,0.0,0.0,0.0,0.0,0.0,0.0,0.0,0.0,0.0,1.0,0.0,0.0,0.0,0.0,0.0,0.0
24,2024,6,0.0,0.0,0.0,0.0,0.0,1.0,0.0,0.0,0.0,0.0,0.0,0.0,0.0,0.0,0.0,0.0,0.0,0.0,0.0,0.0,0.0,0.0,0.0,2.0,1.0,0.0,0.0,0.0,0.0,0.0,0.0,0.0,0.0,0.0,0.0,0.0,0.0,0.0,0.0,0.0,0.0,0.0,0.0,0.0,0.0,0.0,2.0,0.0,0.0,0.0,0.0,0.0,0.0,1.0,0.0,0.0,0.0
24,2024,7,0.0,0.0,0.0,0.0,0.0,0.0,0.0,0.0,0.0,0.0,0.0,0.0,0.0,0.0,0.0,0.0,0.0,1.0,1.0,0.0,0.0,0.0,0.0,0.0,0.0,0.0,0.0,0.0,0.0,0.0,0.0,0.0,0.0,0.0,0.0,0.0,0.0,0.0,0.0,0.0,0.0,0.0,0.0,0.0,0.0,0.0,2.0,0.0,0.0,0.0,0.0,0.0,0.0,1.0,0.0,0.0,0.0
24,2024,8,0.0,0.0,0.0,0.0,0.0,0.0,0.0,0.0,0.0,0.0,0.0,0.0,0.0,0.0,0.0,0.0,0.0,0.0,0.0,0.0,0.0,0.0,0.0,2.0,0.0,0.0,0.0,0.0,0.0,0.0,0.0,0.0,0.0,0.0,0.0,0.0,0.0,0.0,0.0,0.0,0.0,0.0,0.0,0.0,0.0,0.0,1.0,0.0,0.0,0.0,0.0,0.0,0.0,1.0,0.0,0.0,0.0
24,2024,9,0.0,0.0,0.0,0.0,0.0,0.0,0.0,0.0,0.0,0.0,0.0,0.0,0.0,0.0,0.0,0.0,0.0,0.0,0.0,0.0,0.0,0.0,0.0,2.0,0.0,0.0,0.0,0.0,0.0,0.0,0.0,0.0,0.0,0.0,0.0,0.0,0.0,1.0,0.0,0.0,0.0,0.0,0.0,0.0,0.0,0.0,2.0,0.0,0.0,0.0,0.0,0.0,0.0,6.0,0.0,0.0,0.0
24,2024,10,0.0,0.0,0.0,0.0,0.0,0.0,0.0,0.0,0.0,0.0,0.0,0.0,0.0,0.0,0.0,0.0,0.0,0.0,2.0,0.0,0.0,0.0,0.0,2.0,0.0,1.0,0.0,0.0,0.0,0.0,0.0,0.0,0.0,0.0,0.0,0.0,0.0,0.0,0.0,0.0,0.0,0.0,0.0,0.0,0.0,0.0,4.0,0.0,0.0,0.0,0.0,0.0,0.0,1.0,0.0,0.0,0.0
24,2024,11,0.0,0.0,0.0,0.0,0.0,0.0,0.0,0.0,0.0,0.0,0.0,0.0,0.0,0.0,0.0,0.0,0.0,1.0,1.0,0.0,0.0,0.0,0.0,7.0,0.0,0.0,0.0,0.0,0.0,0.0,0.0,0.0,0.0,0.0,0.0,0.0,0.0,1.0,0.0,0.0,0.0,0.0,0.0,0.0,0.0,0.0,4.0,0.0,0.0,0.0,0.0,0.0,0.0,1.0,0.0,0.0,0.0
24,2024,12,0.0,0.0,0.0,0.0,0.0,0.0,0.0,0.0,0.0,0.0,4.0,0.0,0.0,0.0,0.0,0.0,0.0,0.0,0.0,0.0,2.0,0.0,0.0,11.0,0.0,3.0,0.0,0.0,0.0,0.0,0.0,0.0,0.0,0.0,2.0,0.0,0.0,2.0,0.0,0.0,1.0,0.0,0.0,0.0,0.0,0.0,11.0,0.0,0.0,0.0,0.0,0.0,0.0,2.0,1.0,0.0,0.0
24,2025,1,0.0,0.0,0.0,0.0,0.0,28.0,0.0,16.0,1.0,0.0,12.0,4.0,10.0,5.0,0.0,0.0,0.0,15.0,6.0,0.0,4.0,0.0,0.0,28.0,3.0,60.0,0.0,0.0,0.0,0.0,0.0,0.0,0.0,0.0,10.0,0.0,0.0,9.0,6.0,0.0,2.0,1.0,0.0,10.0,0.0,0.0,118.0,0.0,0.0,0.0,5.0,11.0,6.0,3.0,0.0,0.0,11.0
24,2025,2,0.0,3.0,0.0,0.0,0.0,34.0,0.0,11.0,0.0,0.0,36.0,3.0,4.0,7.0,0.0,0.0,0.0,23.0,2.0,0.0,2.0,0.0,0.0,26.0,1.0,53.0,0.0,0.0,1.0,0.0,0.0,0.0,0.0,0.0,8.0,0.0,1.0,11.0,3.0,0.0,1.0,1.0,0.0,8.0,0.0,1.0,162.0,0.0,0.0,0.0,2.0,8.0,8.0,4.0,0.0,0.0,7.0
24,2025,3,0.0,5.0,0.0,0.0,0.0,34.0,0.0,23.0,0.0,0.0,62.0,2.0,8.0,3.0,0.0,0.0,0.0,4.0,1.0,0.0,2.0,0.0,0.0,47.0,6.0,52.0,0.0,0.0,1.0,0.0,0.0,0.0,0.0,0.0,10.0,0.0,0.0,10.0,1.0,0.0,1.0,0.0,0.0,4.0,1.0,1.0,143.0,0.0,1.0,0.0,1.0,10.0,5.0,5.0,0.0,0.0,4.0
24,2025,4,0.0,2.0,0.0,0.0,0.0,42.0,1.0,16.0,0.0,0.0,23.0,2.0,7.0,1.0,0.0,0.0,0.0,16.0,1.0,0.0,2.0,0.0,0.0,44.0,1.0,59.0,0.0,0.0,0.0,0.0,0.0,1.0,0.0,0.0,10.0,1.0,0.0,12.0,6.0,0.0,2.0,0.0,0.0,24.0,0.0,0.0,149.0,0.0,3.0,0.0,1.0,6.0,9.0,5.0,0.0,0.0,15.0
24,2025,5,1.0,3.0,0.0,0.0,0.0,27.0,0.0,22.0,0.0,0.0,31.0,4.0,11.0,9.0,0.0,0.0,0.0,14.0,2.0,0.0,4.0,0.0,0.0,60.0,2.0,60.0,0.0,0.0,0.0,0.0,0.0,0.0,0.0,0.0,8.0,0.0,0.0,9.0,6.0,0.0,0.0,0.0,0.0,11.0,1.0,0.0,145.0,1.0,2.0,0.0,1.0,8.0,7.0,11.0,0.0,0.0,14.0
24,2025,6,0.0,0.0,0.0,0.0,0.0,44.0,1.0,13.0,0.0,0.0,27.0,2.0,4.0,2.0,0.0,0.0,0.0,22.0,1.0,0.0,4.0,0.0,1.0,37.0,4.0,65.0,0.0,0.0,2.0,0.0,0.0,0.0,0.0,0.0,6.0,0.0,0.0,5.0,4.0,0.0,0.0,1.0,0.0,7.0,0.0,0.0,127.0,3.0,0.0,0.0,0.0,5.0,4.0,6.0,1.0,0.0,13.0
24,2025,7,0.0,1.0,0.0,1.0,0.0,30.0,1.0,12.0,0.0,0.0,24.0,2.0,0.0,2.0,0.0,0.0,0.0,16.0,8.0,0.0,2.0,0.0,0.0,44.0,5.0,50.0,0.0,0.0,1.0,0.0,0.0,0.0,0.0,0.0,8.0,0.0,0.0,8.0,1.0,1.0,2.0,1.0,0.0,5.0,0.0,2.0,142.0,2.0,0.0,0.0,1.0,10.0,6.0,5.0,1.0,0.0,9.0
24,2025,8,0.0,3.0,0.0,0.0,0.0,50.0,1.0,17.0,0.0,0.0,31.0,2.0,5.0,2.0,0.0,0.0,0.0,12.0,3.0,0.0,3.0,0.0,0.0,54.0,3.0,65.0,0.0,0.0,0.0,0.0,0.0,0.0,0.0,0.0,8.0,0.0,0.0,10.0,5.0,1.0,0.0,2.0,0.0,3.0,0.0,0.0,140.0,0.0,2.0,0.0,2.0,7.0,6.0,4.0,1.0,0.0,12.0
24,2025,9,0.0,0.0,0.0,0.0,0.0,30.0,0.0,18.0,0.0,0.0,26.0,1.0,7.0,2.0,0.0,0.0,0.0,17.0,5.0,0.0,4.0,0.0,0.0,48.0,6.0,62.0,0.0,0.0,1.0,0.0,0.0,0.0,0.0,0.0,11.0,0.0,0.0,8.0,0.0,0.0,0.0,0.0,0.0,3.0,1.0,0.0,157.0,0.0,0.0,0.0,0.0,8.0,2.0,6.0,0.0,0.0,11.0
24,2025,10,0.0,0.0,0.0,0.0,0.0,49.0,1.0,26.0,0.0,0.0,19.0,1.0,4.0,0.0,0.0,0.0,0.0,18.0,1.0,0.0,2.0,0.0,0.0,43.0,3.0,62.0,0.0,0.0,1.0,0.0,0.0,0.0,0.0,0.0,4.0,0.0,0.0,11.0,3.0,0.0,0.0,1.0,0.0,5.0,3.0,0.0,145.0,1.0,1.0,0.0,1.0,10.0,5.0,4.0,0.0,0.0,10.0
24,2025,11,0.0,1.0,0.0,0.0,0.0,56.0,0.0,19.0,0.0,0.0,14.0,2.0,11.0,6.0,0.0,0.0,0.0,23.0,2.0,0.0,3.0,0.0,0.0,43.0,6.0,61.0,0.0,0.0,0.0,0.0,0.0,0.0,0.0,0.0,10.0,0.0,0.0,12.0,2.0,0.0,0.0,1.0,0.0,3.0,0.0,0.0,172.0,0.0,0.0,0.0,0.0,11.0,4.0,4.0,0.0,0.0,14.0
24,2025,12,0.0,1.0,0.0,0.0,0.0,39.0,0.0,15.0,0.0,1.0,16.0,4.0,2.0,3.0,0.0,0.0,0.0,10.0,2.0,0.0,0.0,0.0,0.0,24.0,5.0,64.0,0.0,0.0,0.0,0.0,0.0,0.0,0.0,0.0,10.0,0.0,0.0,11.0,0.0,0.0,1.0,2.0,0.0,4.0,3.0,0.0,128.0,1.0,1.0,0.0,2.0,3.0,4.0,3.0,0.0,0.0,19.0
25,2024,1,0.0,0.0,0.0,0.0,0.0,0.0,0.0,0.0,0.0,0.0,0.0,0.0,0.0,0.0,0.0,0.0,0.0,1.0,0.0,0.0,0.0,0.0,0.0,0.0,0.0,1.0,0.0,0.0,0.0,0.0,0.0,0.0,0.0,0.0,0.0,0.0,0.0,1.0,0.0,0.0,0.0,0.0,0.0,0.0,0.0,0.0,1.0,0.0,0.0,0.0,0.0,0.0,0.0,0.0,0.0,0.0,0.0
25,2024,2,0.0,0.0,0.0,0.0,0.0,0.0,0.0,0.0,0.0,0.0,0.0,0.0,0.0,0.0,0.0,0.0,0.0,0.0,0.0,0.0,0.0,0.0,0.0,1.0,0.0,0.0,0.0,0.0,0.0,0.0,0.0,0.0,0.0,0.0,0.0,0.0,0.0,0.0,0.0,0.0,0.0,0.0,0.0,0.0,0.0,0.0,0.0,0.0,0.0,0.0,0.0,0.0,0.0,1.0,0.0,0.0,0.0
25,2024,3,0.0,0.0,0.0,0.0,0.0,0.0,0.0,0.0,0.0,0.0,0.0,0.0,0.0,0.0,0.0,0.0,0.0,0.0,0.0,0.0,0.0,0.0,0.0,0.0,0.0,0.0,0.0,0.0,0.0,0.0,0.0,0.0,0.0,0.0,0.0,0.0,0.0,0.0,0.0,0.0,0.0,0.0,0.0,0.0,0.0,0.0,0.0,0.0,0.0,0.0,0.0,0.0,0.0,1.0,0.0,0.0,0.0
25,2024,5,0.0,0.0,0.0,0.0,0.0,0.0,0.0,0.0,0.0,0.0,0.0,0.0,0.0,0.0,0.0,0.0,0.0,0.0,0.0,0.0,0.0,0.0,0.0,1.0,0.0,0.0,0.0,0.0,0.0,0.0,0.0,0.0,0.0,0.0,0.0,0.0,0.0,0.0,0.0,0.0,0.0,0.0,0.0,0.0,0.0,0.0,0.0,0.0,0.0,0.0,0.0,0.0,0.0,0.0,0.0,0.0,0.0
25,2024,6,0.0,0.0,0.0,0.0,0.0,0.0,0.0,0.0,0.0,0.0,0.0,0.0,0.0,0.0,0.0,0.0,0.0,0.0,0.0,0.0,0.0,0.0,0.0,0.0,0.0,1.0,0.0,0.0,0.0,0.0,0.0,0.0,0.0,0.0,0.0,0.0,0.0,0.0,0.0,0.0,0.0,0.0,0.0,0.0,0.0,0.0,0.0,0.0,0.0,0.0,0.0,0.0,0.0,0.0,0.0,0.0,0.0
25,2024,7,0.0,0.0,0.0,0.0,0.0,0.0,0.0,0.0,0.0,0.0,0.0,0.0,0.0,0.0,0.0,0.0,0.0,0.0,0.0,0.0,0.0,0.0,0.0,0.0,0.0,0.0,0.0,0.0,0.0,0.0,0.0,0.0,0.0,0.0,0.0,0.0,0.0,0.0,0.0,0.0,0.0,0.0,0.0,0.0,1.0,0.0,0.0,0.0,0.0,0.0,0.0,0.0,0.0,1.0,0.0,0.0,0.0
25,2024,8,0.0,0.0,0.0,0.0,0.0,0.0,0.0,0.0,0.0,0.0,0.0,0.0,0.0,0.0,0.0,0.0,0.0,0.0,0.0,0.0,0.0,0.0,0.0,0.0,0.0,0.0,0.0,0.0,0.0,0.0,0.0,0.0,0.0,0.0,0.0,0.0,0.0,1.0,0.0,0.0,0.0,0.0,0.0,0.0,1.0,0.0,1.0,0.0,0.0,0.0,0.0,0.0,0.0,0.0,0.0,0.0,0.0
25,2024,9,0.0,0.0,0.0,0.0,0.0,0.0,0.0,0.0,0.0,0.0,0.0,0.0,0.0,0.0,0.0,0.0,0.0,0.0,0.0,0.0,0.0,0.0,0.0,2.0,0.0,0.0,0.0,0.0,0.0,0.0,0.0,0.0,0.0,0.0,0.0,0.0,0.0,0.0,0.0,0.0,0.0,0.0,0.0,0.0,0.0,0.0,0.0,0.0,0.0,0.0,0.0,0.0,0.0,0.0,0.0,0.0,0.0
25,2024,10,0.0,0.0,0.0,0.0,0.0,1.0,0.0,0.0,0.0,0.0,0.0,0.0,0.0,0.0,0.0,0.0,0.0,0.0,2.0,0.0,0.0,0.0,0.0,1.0,0.0,0.0,0.0,0.0,0.0,0.0,0.0,0.0,0.0,0.0,0.0,0.0,0.0,0.0,1.0,0.0,0.0,0.0,0.0,0.0,1.0,0.0,0.0,0.0,0.0,0.0,0.0,0.0,0.0,0.0,0.0,0.0,0.0
25,2024,11,0.0,0.0,0.0,0.0,0.0,0.0,0.0,0.0,0.0,0.0,0.0,0.0,0.0,0.0,0.0,0.0,0.0,0.0,0.0,0.0,0.0,0.0,0.0,4.0,1.0,1.0,0.0,0.0,0.0,0.0,0.0,0.0,0.0,0.0,0.0,0.0,0.0,2.0,0.0,0.0,0.0,0.0,0.0,0.0,0.0,0.0,1.0,0.0,0.0,0.0,0.0,0.0,0.0,0.0,0.0,0.0,0.0
25,2024,12,0.0,0.0,0.0,0.0,0.0,1.0,0.0,1.0,0.0,0.0,2.0,0.0,0.0,0.0,0.0,0.0,0.0,1.0,2.0,0.0,0.0,0.0,0.0,4.0,0.0,3.0,0.0,0.0,0.0,0.0,0.0,0.0,0.0,0.0,0.0,0.0,0.0,0.0,0.0,0.0,0.0,0.0,0.0,0.0,1.0,0.0,18.0,0.0,0.0,0.0,1.0,1.0,0.0,0.0,0.0,0.0,0.0
25,2025,1,0.0,0.0,0.0,0.0,0.0,89.0,0.0,14.0,1.0,0.0,22.0,1.0,37.0,12.0,0.0,0.0,0.0,26.0,3.0,0.0,4.0,0.0,0.0,26.0,6.0,96.0,0.0,0.0,4.0,0.0,0.0,0.0,0.0,0.0,21.0,0.0,0.0,14.0,7.0,0.0,1.0,17.0,0.0,17.0,4.0,1.0,58.0,0.0,2.0,0.0,2.0,18.0,6.0,0.0,0.0,0.0,24.0
25,2025,2,0.0,4.0,1.0,0.0,0.0,48.0,0.0,6.0,1.0,0.0,33.0,4.0,34.0,8.0,0.0,0.0,0.0,18.0,5.0,0.0,2.0,0.0,0.0,32.0,2.0,86.0,0.0,0.0,2.0,0.0,0.0,0.0,0.0,0.0,17.0,0.0,0.0,13.0,8.0,0.0,1.0,16.0,0.0,29.0,8.0,1.0,68.0,0.0,0.0,0.0,2.0,11.0,5.0,0.0,2.0,0.0,37.0
25,2025,3,0.0,0.0,0.0,1.0,1.0,69.0,0.0,10.0,0.0,0.0,19.0,6.0,47.0,9.0,0.0,0.0,0.0,24.0,20.0,0.0,4.0,0.0,0.0,37.0,7.0,86.0,0.0,0.0,3.0,0.0,0.0,0.0,0.0,0.0,12.0,0.0,0.0,11.0,4.0,1.0,0.0,3.0,0.0,15.0,4.0,0.0,60.0,0.0,2.0,0.0,1.0,20.0,3.0,2.0,2.0,0.0,32.0
25,2025,4,0.0,2.0,0.0,0.0,1.0,65.0,1.0,16.0,2.0,0.0,30.0,5.0,33.0,9.0,0.0,0.0,0.0,29.0,23.0,0.0,0.0,0.0,1.0,34.0,11.0,90.0,0.0,0.0,2.0,0.0,0.0,0.0,0.0,0.0,4.0,0.0,0.0,11.0,3.0,0.0,0.0,1.0,0.0,8.0,5.0,0.0,71.0,0.0,2.0,0.0,1.0,11.0,10.0,1.0,2.0,0.0,41.0
25,2025,5,0.0,1.0,0.0,0.0,0.0,74.0,1.0,10.0,0.0,0.0,37.0,4.0,45.0,16.0,0.0,0.0,0.0,34.0,16.0,0.0,6.0,0.0,0.0,39.0,7.0,112.0,0.0,0.0,4.0,0.0,0.0,0.0,0.0,0.0,12.0,0.0,1.0,14.0,8.0,1.0,2.0,7.0,0.0,22.0,6.0,0.0,73.0,0.0,2.0,0.0,2.0,22.0,6.0,2.0,1.0,0.0,29.0
25,2025,6,0.0,5.0,0.0,0.0,0.0,80.0,2.0,10.0,1.0,0.0,48.0,0.0,54.0,14.0,0.0,0.0,0.0,28.0,6.0,0.0,3.0,0.0,0.0,34.0,6.0,105.0,0.0,0.0,0.0,0.0,0.0,0.0,0.0,0.0,12.0,0.0,0.0,19.0,16.0,0.0,1.0,10.0,0.0,12.0,9.0,1.0,63.0,0.0,1.0,0.0,1.0,17.0,11.0,0.0,0.0,0.0,33.0
25,2025,7,0.0,0.0,0.0,0.0,0.0,57.0,0.0,18.0,1.0,0.0,43.0,2.0,36.0,7.0,0.0,0.0,0.0,42.0,7.0,0.0,1.0,0.0,1.0,36.0,3.0,98.0,0.0,0.0,3.0,0.0,0.0,0.0,0.0,0.0,16.0,1.0,0.0,17.0,9.0,0.0,0.0,6.0,0.0,23.0,2.0,0.0,69.0,0.0,1.0,0.0,1.0,18.0,2.0,1.0,1.0,0.0,31.0
25,2025,8,0.0,3.0,0.0,0.0,0.0,73.0,0.0,14.0,0.0,0.0,46.0,3.0,34.0,16.0,1.0,0.0,1.0,29.0,11.0,0.0,3.0,0.0,0.0,29.0,6.0,94.0,0.0,0.0,3.0,0.0,0.0,0.0,0.0,0.0,13.0,0.0,0.0,29.0,12.0,1.0,1.0,3.0,0.0,34.0,4.0,2.0,74.0,0.0,3.0,0.0,2.0,11.0,6.0,3.0,0.0,0.0,39.0
25,2025,9,0.0,0.0,0.0,0.0,1.0,69.0,1.0,9.0,1.0,0.0,38.0,2.0,48.0,20.0,0.0,0.0,0.0,38.0,6.0,0.0,1.0,0.0,1.0,26.0,6.0,110.0,0.0,0.0,0.0,0.0,0.0,0.0,0.0,0.0,16.0,0.0,0.0,15.0,13.0,0.0,2.0,1.0,0.0,8.0,5.0,0.0,75.0,0.0,0.0,0.0,0.0,11.0,8.0,0.0,0.0,0.0,13.0
25,2025,10,0.0,1.0,0.0,0.0,0.0,61.0,1.0,12.0,0.0,0.0,30.0,3.0,52.0,14.0,0.0,0.0,0.0,37.0,22.0,0.0,2.0,0.0,0.0,39.0,6.0,86.0,0.0,0.0,1.0,0.0,0.0,0.0,0.0,0.0,13.0,0.0,0.0,10.0,6.0,0.0,2.0,5.0,0.0,36.0,9.0,0.0,76.0,0.0,1.0,0.0,1.0,21.0,8.0,1.0,0.0,0.0,35.0
25,2025,11,0.0,0.0,0.0,0.0,0.0,68.0,0.0,7.0,0.0,0.0,30.0,4.0,37.0,20.0,0.0,0.0,0.0,29.0,10.0,0.0,2.0,0.0,0.0,23.0,2.0,89.0,0.0,0.0,3.0,0.0,0.0,0.0,0.0,0.0,10.0,0.0,0.0,14.0,11.0,0.0,3.0,5.0,0.0,19.0,7.0,1.0,64.0,0.0,3.0,0.0,1.0,10.0,4.0,3.0,2.0,0.0,28.0
25,2025,12,0.0,0.0,1.0,0.0,0.0,70.0,0.0,7.0,2.0,0.0,30.0,1.0,35.0,13.0,0.0,0.0,0.0,30.0,12.0,0.0,1.0,0.0,0.0,31.0,5.0,95.0,0.0,0.0,1.0,0.0,0.0,0.0,0.0,0.0,12.0,0.0,0.0,16.0,6.0,0.0,1.0,1.0,0.0,11.0,6.0,1.0,53.0,0.0,2.0,0.0,4.0,10.0,5.0,3.0,0.0,0.0,33.0
26,2024,1,0.0,0.0,0.0,0.0,0.0,0.0,0.0,0.0,0.0,0.0,0.0,0.0,0.0,0.0,0.0,0.0,0.0,0.0,0.0,0.0,0.0,0.0,0.0,1.0,0.0,1.0,0.0,0.0,0.0,0.0,0.0,0.0,0.0,0.0,0.0,0.0,0.0,0.0,0.0,0.0,0.0,0.0,0.0,0.0,0.0,0.0,0.0,0.0,0.0,0.0,0.0,0.0,1.0,1.0,0.0,0.0,0.0
26,2024,2,0.0,0.0,0.0,0.0,0.0,0.0,0.0,0.0,0.0,0.0,1.0,0.0,0.0,0.0,0.0,0.0,0.0,0.0,0.0,0.0,0.0,0.0,0.0,0.0,0.0,0.0,0.0,0.0,0.0,0.0,0.0,0.0,0.0,0.0,0.0,0.0,0.0,0.0,0.0,0.0,0.0,0.0,0.0,0.0,0.0,0.0,1.0,0.0,0.0,0.0,0.0,0.0,1.0,0.0,0.0,0.0,0.0
26,2024,3,0.0,0.0,0.0,0.0,0.0,0.0,0.0,0.0,0.0,0.0,0.0,0.0,0.0,0.0,0.0,0.0,0.0,0.0,0.0,0.0,0.0,0.0,0.0,1.0,0.0,0.0,0.0,0.0,0.0,0.0,0.0,0.0,0.0,0.0,0.0,0.0,0.0,0.0,0.0,0.0,0.0,0.0,0.0,0.0,0.0,0.0,0.0,0.0,0.0,0.0,0.0,0.0,0.0,0.0,0.0,0.0,0.0
26,2024,4,0.0,0.0,0.0,0.0,0.0,1.0,0.0,0.0,0.0,0.0,0.0,0.0,0.0,0.0,0.0,0.0,0.0,0.0,0.0,0.0,0.0,0.0,0.0,1.0,0.0,0.0,0.0,0.0,0.0,0.0,0.0,0.0,0.0,0.0,1.0,0.0,0.0,0.0,0.0,0.0,0.0,0.0,0.0,0.0,0.0,0.0,0.0,0.0,0.0,0.0,0.0,0.0,0.0,0.0,0.0,0.0,0.0
26,2024,6,0.0,0.0,0.0,0.0,0.0,0.0,0.0,0.0,0.0,0.0,0.0,0.0,0.0,0.0,0.0,0.0,0.0,0.0,0.0,0.0,0.0,0.0,0.0,1.0,0.0,0.0,0.0,0.0,0.0,0.0,0.0,0.0,0.0,0.0,0.0,0.0,0.0,0.0,0.0,0.0,0.0,0.0,0.0,0.0,0.0,0.0,0.0,0.0,0.0,0.0,0.0,0.0,1.0,1.0,0.0,0.0,0.0
26,2024,7,0.0,0.0,0.0,0.0,0.0,0.0,0.0,0.0,0.0,0.0,0.0,0.0,0.0,0.0,0.0,0.0,0.0,0.0,0.0,0.0,0.0,0.0,0.0,1.0,0.0,0.0,0.0,0.0,0.0,0.0,0.0,0.0,0.0,0.0,0.0,0.0,0.0,0.0,0.0,0.0,0.0,0.0,0.0,0.0,0.0,0.0,0.0,0.0,0.0,0.0,0.0,0.0,0.0,0.0,0.0,0.0,0.0
26,2024,8,0.0,0.0,0.0,0.0,0.0,0.0,0.0,0.0,0.0,0.0,0.0,0.0,0.0,0.0,0.0,0.0,0.0,0.0,0.0,0.0,0.0,0.0,0.0,0.0,0.0,0.0,0.0,0.0,0.0,0.0,0.0,0.0,0.0,0.0,0.0,0.0,0.0,0.0,0.0,0.0,0.0,0.0,0.0,0.0,0.0,0.0,1.0,0.0,0.0,0.0,0.0,0.0,0.0,0.0,0.0,0.0,0.0
26,2024,9,0.0,0.0,0.0,0.0,0.0,0.0,0.0,0.0,0.0,0.0,0.0,0.0,0.0,0.0,0.0,0.0,0.0,0.0,2.0,0.0,0.0,0.0,0.0,0.0,0.0,0.0,0.0,0.0,0.0,0.0,0.0,0.0,0.0,0.0,0.0,0.0,0.0,0.0,0.0,0.0,0.0,0.0,0.0,0.0,0.0,0.0,2.0,0.0,0.0,0.0,1.0,0.0,0.0,0.0,0.0,0.0,0.0
26,2024,10,0.0,0.0,0.0,0.0,0.0,0.0,0.0,0.0,0.0,0.0,0.0,0.0,0.0,0.0,0.0,0.0,0.0,0.0,0.0,0.0,0.0,0.0,0.0,3.0,0.0,0.0,0.0,0.0,0.0,0.0,0.0,0.0,0.0,0.0,0.0,0.0,0.0,0.0,0.0,0.0,0.0,0.0,0.0,0.0,0.0,0.0,3.0,0.0,0.0,0.0,0.0,0.0,0.0,0.0,0.0,0.0,0.0
26,2024,11,0.0,0.0,0.0,0.0,0.0,0.0,0.0,0.0,0.0,0.0,0.0,0.0,0.0,0.0,0.0,0.0,0.0,0.0,0.0,0.0,0.0,0.0,0.0,4.0,0.0,2.0,0.0,0.0,0.0,0.0,0.0,0.0,0.0,0.0,0.0,0.0,0.0,1.0,0.0,0.0,0.0,0.0,0.0,0.0,0.0,0.0,0.0,0.0,0.0,0.0,0.0,0.0,0.0,0.0,0.0,0.0,0.0
26,2024,12,0.0,0.0,0.0,0.0,0.0,0.0,0.0,1.0,0.0,0.0,0.0,0.0,0.0,0.0,0.0,0.0,0.0,0.0,0.0,0.0,0.0,0.0,0.0,6.0,0.0,2.0,0.0,0.0,0.0,0.0,0.0,0.0,0.0,0.0,1.0,0.0,0.0,0.0,0.0,0.0,0.0,0.0,0.0,0.0,0.0,0.0,6.0,0.0,0.0,0.0,0.0,0.0,1.0,0.0,0.0,0.0,1.0
26,2025,1,0.0,0.0,0.0,0.0,1.0,35.0,0.0,6.0,0.0,0.0,20.0,3.0,3.0,5.0,0.0,0.0,0.0,12.0,6.0,0.0,6.0,0.0,0.0,16.0,0.0,51.0,0.0,0.0,1.0,0.0,0.0,0.0,0.0,0.0,10.0,0.0,0.0,14.0,5.0,0.0,0.0,18.0,0.0,19.0,0.0,0.0,33.0,0.0,1.0,0.0,5.0,10.0,4.0,0.0,0.0,0.0,9.0
26,2025,2,0.0,2.0,0.0,0.0,0.0,20.0,0.0,6.0,0.0,0.0,14.0,2.0,7.0,4.0,0.0,0.0,0.0,8.0,2.0,0.0,0.0,0.0,0.0,20.0,1.0,36.0,0.0,0.0,1.0,0.0,0.0,0.0,0.0,0.0,12.0,0.0,0.0,10.0,3.0,0.0,0.0,6.0,0.0,11.0,5.0,0.0,42.0,0.0,0.0,0.0,1.0,9.0,5.0,2.0,0.0,0.0,4.0
26,2025,3,0.0,1.0,0.0,0.0,0.0,34.0,0.0,5.0,1.0,1.0,16.0,1.0,7.0,8.0,0.0,0.0,0.0,15.0,2.0,0.0,2.0,0.0,0.0,29.0,10.0,41.0,0.0,0.0,1.0,0.0,0.0,0.0,0.0,0.0,9.0,0.0,0.0,9.0,13.0,0.0,0.0,0.0,0.0,19.0,2.0,1.0,31.0,0.0,1.0,0.0,2.0,9.0,10.0,0.0,1.0,0.0,6.0
26,2025,4,0.0,1.0,0.0,0.0,0.0,31.0,0.0,4.0,0.0,0.0,13.0,2.0,5.0,5.0,0.0,0.0,0.0,11.0,3.0,0.0,0.0,0.0,0.0,32.0,5.0,43.0,0.0,0.0,1.0,0.0,0.0,0.0,0.0,0.0,9.0,1.0,0.0,10.0,9.0,0.0,1.0,3.0,0.0,11.0,1.0,0.0,41.0,0.0,1.0,0.0,0.0,6.0,2.0,0.0,1.0,0.0,19.0
26,2025,5,0.0,2.0,0.0,0.0,0.0,30.0,0.0,9.0,0.0,0.0,16.0,1.0,6.0,6.0,0.0,0.0,0.0,22.0,1.0,0.0,0.0,0.0,0.0,22.0,6.0,61.0,0.0,0.0,2.0,0.0,0.0,0.0,0.0,0.0,8.0,0.0,0.0,8.0,10.0,1.0,0.0,1.0,0.0,13.0,1.0,1.0,37.0,0.0,2.0,0.0,1.0,9.0,3.0,1.0,0.0,0.0,4.0
26,2025,6,0.0,0.0,0.0,0.0,0.0,38.0,0.0,4.0,0.0,0.0,11.0,4.0,5.0,3.0,0.0,0.0,0.0,9.0,2.0,0.0,1.0,0.0,0.0,29.0,3.0,45.0,0.0,0.0,0.0,0.0,0.0,0.0,0.0,0.0,8.0,0.0,0.0,15.0,7.0,0.0,0.0,2.0,0.0,7.0,2.0,0.0,34.0,0.0,0.0,0.0,5.0,9.0,8.0,0.0,0.0,0.0,8.0
26,2025,7,0.0,0.0,0.0,0.0,0.0,29.0,0.0,4.0,0.0,0.0,12.0,0.0,4.0,7.0,0.0,0.0,0.0,19.0,1.0,0.0,0.0,0.0,0.0,43.0,9.0,44.0,0.0,0.0,1.0,0.0,0.0,0.0,0.0,0.0,5.0,0.0,0.0,16.0,6.0,0.0,0.0,3.0,1.0,26.0,1.0,0.0,36.0,0.0,0.0,0.0,1.0,11.0,3.0,0.0,0.0,0.0,10.0
26,2025,8,0.0,2.0,0.0,0.0,0.0,23.0,0.0,0.0,0.0,0.0,17.0,0.0,3.0,2.0,0.0,0.0,0.0,24.0,4.0,0.0,0.0,0.0,0.0,32.0,1.0,46.0,0.0,0.0,1.0,0.0,0.0,0.0,0.0,0.0,8.0,0.0,0.0,9.0,4.0,0.0,0.0,2.0,0.0,12.0,1.0,1.0,30.0,0.0,2.0,0.0,2.0,10.0,6.0,0.0,0.0,0.0,6.0
26,2025,9,0.0,0.0,0.0,0.0,0.0,24.0,0.0,2.0,0.0,0.0,17.0,0.0,2.0,2.0,0.0,0.0,0.0,9.0,1.0,0.0,2.0,0.0,0.0,41.0,4.0,36.0,0.0,0.0,0.0,0.0,0.0,0.0,0.0,0.0,3.0,0.0,0.0,3.0,4.0,0.0,0.0,2.0,0.0,14.0,1.0,0.0,38.0,0.0,0.0,0.0,0.0,6.0,3.0,2.0,0.0,0.0,6.0
26,2025,10,0.0,1.0,0.0,0.0,1.0,19.0,0.0,2.0,0.0,0.0,16.0,0.0,3.0,5.0,0.0,0.0,0.0,15.0,5.0,0.0,1.0,0.0,0.0,40.0,2.0,60.0,0.0,0.0,2.0,0.0,0.0,0.0,0.0,0.0,4.0,0.0,0.0,12.0,2.0,0.0,0.0,1.0,0.0,10.0,1.0,0.0,37.0,0.0,0.0,0.0,3.0,1.0,7.0,2.0,1.0,0.0,9.0
26,2025,11,0.0,1.0,0.0,0.0,0.0,15.0,0.0,7.0,0.0,0.0,11.0,1.0,1.0,1.0,0.0,0.0,1.0,14.0,2.0,0.0,0.0,0.0,0.0,31.0,3.0,35.0,0.0,0.0,0.0,0.0,0.0,1.0,0.0,0.0,2.0,1.0,0.0,5.0,1.0,0.0,0.0,3.0,0.0,3.0,1.0,0.0,37.0,0.0,0.0,0.0,1.0,6.0,5.0,1.0,0.0,0.0,4.0
26,2025,12,0.0,0.0,0.0,0.0,0.0,12.0,0.0,3.0,0.0,0.0,9.0,3.0,1.0,2.0,0.0,0.0,0.0,6.0,1.0,0.0,0.0,0.0,0.0,28.0,4.0,34.0,0.0,0.0,0.0,0.0,0.0,0.0,0.0,0.0,10.0,0.0,0.0,11.0,1.0,0.0,2.0,4.0,0.0,15.0,0.0,0.0,36.0,0.0,0.0,0.0,0.0,5.0,3.0,2.0,0.0,0.0,2.0
28,2024,1,0.0,0.0,0.0,0.0,0.0,0.0,0.0,0.0,0.0,0.0,0.0,0.0,1.0,1.0,0.0,0.0,0.0,0.0,0.0,0.0,0.0,0.0,0.0,0.0,0.0,0.0,0.0,0.0,0.0,0.0,0.0,0.0,0.0,0.0,0.0,0.0,0.0,0.0,0.0,0.0,0.0,0.0,0.0,0.0,0.0,0.0,0.0,0.0,0.0,0.0,0.0,0.0,0.0,0.0,0.0,0.0,0.0
28,2024,2,0.0,0.0,0.0,0.0,0.0,0.0,0.0,0.0,0.0,0.0,0.0,0.0,0.0,0.0,0.0,0.0,0.0,0.0,0.0,0.0,0.0,0.0,0.0,1.0,0.0,0.0,0.0,0.0,0.0,0.0,0.0,0.0,0.0,0.0,0.0,0.0,0.0,0.0,0.0,0.0,0.0,0.0,0.0,0.0,0.0,0.0,2.0,0.0,0.0,0.0,0.0,0.0,0.0,0.0,0.0,0.0,0.0
28,2024,3,0.0,0.0,0.0,0.0,0.0,0.0,0.0,0.0,0.0,0.0,0.0,0.0,0.0,0.0,0.0,0.0,0.0,0.0,0.0,0.0,0.0,0.0,0.0,0.0,0.0,0.0,0.0,0.0,0.0,0.0,0.0,0.0,0.0,0.0,0.0,0.0,0.0,0.0,0.0,0.0,0.0,0.0,0.0,0.0,0.0,0.0,0.0,0.0,0.0,0.0,0.0,0.0,0.0,1.0,0.0,0.0,0.0
28,2024,4,0.0,0.0,0.0,0.0,0.0,1.0,0.0,0.0,0.0,0.0,0.0,0.0,0.0,0.0,0.0,0.0,0.0,0.0,0.0,0.0,0.0,0.0,0.0,0.0,0.0,0.0,0.0,0.0,0.0,0.0,0.0,0.0,0.0,0.0,0.0,0.0,0.0,0.0,0.0,0.0,0.0,0.0,0.0,0.0,0.0,0.0,1.0,0.0,0.0,0.0,0.0,0.0,0.0,0.0,0.0,0.0,0.0
28,2024,5,0.0,0.0,0.0,0.0,0.0,0.0,0.0,0.0,0.0,0.0,0.0,0.0,0.0,0.0,0.0,0.0,0.0,0.0,1.0,0.0,0.0,0.0,0.0,0.0,0.0,0.0,0.0,0.0,0.0,0.0,0.0,0.0,0.0,0.0,0.0,0.0,0.0,0.0,0.0,0.0,0.0,0.0,0.0,0.0,0.0,0.0,0.0,0.0,0.0,0.0,0.0,0.0,0.0,0.0,0.0,0.0,0.0
28,2024,6,0.0,0.0,0.0,0.0,0.0,1.0,0.0,0.0,0.0,0.0,0.0,0.0,0.0,0.0,0.0,0.0,0.0,0.0,0.0,0.0,0.0,0.0,0.0,3.0,0.0,1.0,0.0,0.0,0.0,0.0,0.0,0.0,0.0,0.0,0.0,0.0,0.0,1.0,0.0,0.0,0.0,0.0,0.0,0.0,0.0,0.0,0.0,0.0,0.0,0.0,0.0,0.0,0.0,0.0,0.0,0.0,0.0
28,2024,7,0.0,0.0,0.0,0.0,0.0,0.0,0.0,0.0,0.0,0.0,0.0,0.0,0.0,0.0,0.0,0.0,0.0,1.0,0.0,0.0,0.0,0.0,0.0,0.0,0.0,0.0,0.0,0.0,0.0,0.0,0.0,0.0,0.0,0.0,0.0,0.0,0.0,0.0,0.0,0.0,0.0,0.0,0.0,0.0,0.0,0.0,0.0,0.0,0.0,0.0,0.0,0.0,0.0,0.0,0.0,0.0,0.0
28,2024,8,0.0,0.0,0.0,0.0,0.0,0.0,0.0,0.0,0.0,0.0,0.0,0.0,0.0,0.0,0.0,0.0,0.0,0.0,0.0,0.0,0.0,0.0,0.0,0.0,0.0,0.0,0.0,0.0,0.0,0.0,0.0,0.0,0.0,0.0,0.0,0.0,0.0,0.0,0.0,0.0,0.0,0.0,0.0,0.0,0.0,0.0,0.0,0.0,0.0,0.0,0.0,0.0,0.0,1.0,0.0,0.0,0.0
28,2024,9,0.0,0.0,0.0,0.0,0.0,0.0,0.0,0.0,0.0,0.0,0.0,0.0,0.0,0.0,0.0,0.0,0.0,0.0,2.0,0.0,0.0,0.0,0.0,0.0,0.0,1.0,0.0,0.0,0.0,0.0,0.0,0.0,0.0,0.0,0.0,1.0,0.0,0.0,0.0,0.0,0.0,0.0,0.0,0.0,0.0,0.0,2.0,0.0,0.0,0.0,0.0,0.0,0.0,0.0,0.0,0.0,0.0
28,2024,10,0.0,0.0,0.0,0.0,0.0,1.0,0.0,0.0,0.0,0.0,1.0,0.0,0.0,0.0,0.0,0.0,0.0,0.0,1.0,0.0,1.0,0.0,0.0,1.0,0.0,2.0,0.0,0.0,0.0,0.0,0.0,0.0,0.0,0.0,0.0,0.0,0.0,0.0,0.0,0.0,0.0,0.0,0.0,0.0,0.0,0.0,4.0,0.0,0.0,0.0,0.0,1.0,0.0,0.0,0.0,0.0,0.0
28,2024,11,0.0,0.0,0.0,0.0,0.0,1.0,0.0,0.0,0.0,0.0,0.0,0.0,0.0,0.0,0.0,0.0,0.0,0.0,0.0,0.0,0.0,0.0,0.0,1.0,0.0,4.0,0.0,0.0,0.0,0.0,0.0,0.0,0.0,0.0,0.0,0.0,0.0,0.0,0.0,0.0,0.0,0.0,0.0,0.0,0.0,0.0,3.0,0.0,0.0,0.0,0.0,0.0,1.0,0.0,0.0,0.0,0.0
28,2024,12,0.0,0.0,0.0,0.0,0.0,1.0,0.0,0.0,0.0,0.0,0.0,0.0,0.0,1.0,0.0,0.0,0.0,0.0,1.0,0.0,1.0,0.0,0.0,3.0,0.0,5.0,0.0,0.0,0.0,0.0,0.0,0.0,0.0,0.0,1.0,1.0,0.0,3.0,0.0,0.0,0.0,0.0,0.0,0.0,0.0,0.0,15.0,0.0,0.0,0.0,2.0,0.0,1.0,0.0,0.0,0.0,0.0
28,2025,1,0.0,0.0,0.0,0.0,0.0,54.0,0.0,6.0,0.0,0.0,26.0,5.0,44.0,9.0,0.0,0.0,0.0,16.0,5.0,0.0,2.0,0.0,0.0,21.0,4.0,63.0,0.0,0.0,0.0,0.0,0.0,0.0,0.0,0.0,3.0,1.0,0.0,13.0,5.0,0.0,0.0,4.0,0.0,14.0,2.0,0.0,130.0,0.0,0.0,0.0,1.0,12.0,2.0,2.0,1.0,0.0,4.0
28,2025,2,0.0,2.0,0.0,0.0,0.0,42.0,1.0,9.0,0.0,0.0,30.0,2.0,31.0,6.0,1.0,0.0,0.0,15.0,5.0,0.0,2.0,0.0,0.0,26.0,1.0,53.0,0.0,0.0,2.0,0.0,0.0,0.0,0.0,0.0,12.0,0.0,0.0,9.0,12.0,0.0,0.0,4.0,0.0,23.0,1.0,0.0,136.0,0.0,0.0,0.0,0.0,11.0,4.0,4.0,0.0,0.0,5.0
28,2025,3,0.0,0.0,0.0,0.0,2.0,49.0,0.0,9.0,0.0,0.0,24.0,1.0,33.0,7.0,0.0,0.0,0.0,19.0,3.0,0.0,3.0,1.0,0.0,31.0,4.0,78.0,0.0,0.0,1.0,0.0,0.0,0.0,0.0,0.0,13.0,0.0,0.0,8.0,8.0,0.0,2.0,1.0,0.0,9.0,1.0,1.0,132.0,0.0,1.0,0.0,0.0,10.0,4.0,3.0,0.0,0.0,6.0
28,2025,4,0.0,1.0,0.0,0.0,1.0,68.0,0.0,3.0,0.0,0.0,31.0,4.0,26.0,4.0,1.0,0.0,0.0,31.0,5.0,0.0,4.0,0.0,0.0,31.0,1.0,82.0,0.0,0.0,1.0,0.0,0.0,1.0,0.0,0.0,10.0,1.0,0.0,14.0,7.0,0.0,0.0,2.0,0.0,7.0,1.0,2.0,122.0,0.0,2.0,0.0,0.0,11.0,4.0,3.0,1.0,0.0,3.0
28,2025,5,0.0,1.0,0.0,0.0,0.0,53.0,2.0,5.0,0.0,0.0,26.0,1.0,48.0,8.0,0.0,0.0,0.0,30.0,5.0,0.0,4.0,0.0,0.0,30.0,4.0,72.0,0.0,0.0,1.0,0.0,0.0,0.0,0.0,0.0,13.0,1.0,0.0,11.0,9.0,0.0,1.0,3.0,0.0,17.0,1.0,0.0,128.0,0.0,4.0,0.0,1.0,11.0,7.0,0.0,1.0,1.0,6.0
28,2025,6,0.0,5.0,0.0,0.0,0.0,45.0,0.0,8.0,0.0,0.0,36.0,2.0,38.0,7.0,0.0,0.0,0.0,22.0,4.0,0.0,1.0,0.0,0.0,31.0,2.0,72.0,0.0,0.0,0.0,0.0,0.0,0.0,0.0,0.0,5.0,0.0,0.0,7.0,8.0,0.0,2.0,1.0,0.0,19.0,0.0,1.0,121.0,0.0,2.0,0.0,0.0,9.0,5.0,1.0,0.0,0.0,7.0
28,2025,7,0.0,0.0,0.0,0.0,0.0,66.0,1.0,4.0,0.0,0.0,32.0,1.0,35.0,4.0,0.0,0.0,0.0,27.0,1.0,0.0,0.0,0.0,0.0,61.0,1.0,64.0,0.0,0.0,0.0,0.0,0.0,1.0,0.0,0.0,10.0,1.0,0.0,15.0,9.0,0.0,1.0,0.0,0.0,13.0,3.0,1.0,127.0,0.0,2.0,0.0,1.0,9.0,1.0,1.0,1.0,0.0,10.0
28,2025,8,0.0,0.0,0.0,0.0,1.0,50.0,0.0,4.0,0.0,1.0,24.0,2.0,28.0,3.0,0.0,0.0,0.0,17.0,5.0,0.0,2.0,0.0,0.0,38.0,4.0,42.0,0.0,0.0,3.0,0.0,0.0,1.0,0.0,0.0,10.0,0.0,0.0,6.0,10.0,1.0,1.0,4.0,0.0,18.0,0.0,1.0,113.0,0.0,1.0,0.0,1.0,15.0,2.0,4.0,0.0,0.0,12.0
28,2025,9,0.0,4.0,0.0,0.0,0.0,39.0,0.0,12.0,0.0,0.0,23.0,9.0,44.0,8.0,0.0,0.0,0.0,19.0,9.0,0.0,2.0,0.0,0.0,43.0,1.0,58.0,0.0,0.0,1.0,0.0,0.0,1.0,0.0,0.0,9.0,0.0,0.0,16.0,12.0,0.0,2.0,5.0,0.0,11.0,0.0,0.0,122.0,0.0,0.0,1.0,0.0,5.0,5.0,0.0,0.0,0.0,9.0
28,2025,10,0.0,2.0,0.0,0.0,0.0,34.0,1.0,10.0,1.0,0.0,11.0,9.0,32.0,7.0,1.0,0.0,0.0,18.0,8.0,0.0,4.0,0.0,1.0,36.0,4.0,71.0,0.0,0.0,2.0,0.0,0.0,0.0,0.0,0.0,7.0,0.0,0.0,15.0,10.0,0.0,1.0,5.0,0.0,26.0,1.0,2.0,107.0,0.0,4.0,0.0,1.0,9.0,3.0,1.0,0.0,0.0,11.0
28,2025,11,0.0,0.0,0.0,0.0,0.0,47.0,0.0,11.0,0.0,0.0,15.0,6.0,31.0,9.0,0.0,0.0,1.0,24.0,5.0,0.0,4.0,0.0,0.0,35.0,2.0,54.0,0.0,0.0,0.0,0.0,0.0,0.0,0.0,0.0,10.0,0.0,0.0,10.0,16.0,0.0,0.0,4.0,0.0,20.0,2.0,2.0,105.0,0.0,1.0,0.0,2.0,7.0,2.0,3.0,0.0,0.0,7.0
28,2025,12,0.0,0.0,0.0,0.0,1.0,31.0,0.0,6.0,0.0,0.0,18.0,6.0,26.0,5.0,0.0,0.0,0.0,12.0,1.0,0.0,1.0,0.0,0.0,25.0,3.0,46.0,0.0,0.0,0.0,0.0,0.0,0.0,0.0,0.0,12.0,0.0,0.0,9.0,5.0,0.0,1.0,3.0,0.0,5.0,0.0,0.0,95.0,0.0,1.0,0.0,0.0,11.0,5.0,0.0,0.0,0.0,10.0
30,2024,1,0.0,0.0,0.0,0.0,0.0,0.0,0.0,0.0,0.0,0.0,0.0,0.0,0.0,0.0,0.0,0.0,0.0,0.0,0.0,0.0,0.0,0.0,0.0,1.0,0.0,0.0,0.0,0.0,0.0,0.0,0.0,0.0,0.0,0.0,0.0,0.0,0.0,0.0,0.0,0.0,0.0,0.0,0.0,0.0,0.0,0.0,0.0,0.0,0.0,0.0,0.0,0.0,0.0,0.0,0.0,0.0,0.0
30,2024,2,0.0,0.0,0.0,0.0,0.0,2.0,0.0,0.0,0.0,0.0,0.0,0.0,0.0,0.0,0.0,0.0,0.0,0.0,0.0,0.0,0.0,0.0,0.0,1.0,1.0,0.0,0.0,0.0,0.0,0.0,0.0,0.0,0.0,0.0,0.0,0.0,0.0,0.0,0.0,0.0,0.0,0.0,0.0,0.0,0.0,0.0,0.0,0.0,0.0,0.0,0.0,0.0,0.0,0.0,0.0,0.0,0.0
30,2024,3,0.0,0.0,0.0,0.0,0.0,0.0,0.0,0.0,0.0,0.0,0.0,0.0,0.0,0.0,0.0,0.0,0.0,0.0,1.0,0.0,1.0,0.0,0.0,0.0,0.0,0.0,0.0,0.0,0.0,0.0,0.0,0.0,0.0,0.0,0.0,0.0,0.0,0.0,0.0,0.0,0.0,0.0,0.0,0.0,0.0,0.0,0.0,0.0,0.0,0.0,0.0,0.0,0.0,0.0,0.0,0.0,0.0
30,2024,4,0.0,0.0,0.0,0.0,0.0,0.0,0.0,0.0,0.0,0.0,1.0,0.0,0.0,0.0,0.0,0.0,0.0,0.0,0.0,0.0,0.0,0.0,0.0,0.0,0.0,0.0,0.0,0.0,0.0,0.0,0.0,0.0,0.0,0.0,0.0,0.0,0.0,0.0,0.0,0.0,0.0,0.0,0.0,0.0,0.0,0.0,1.0,0.0,0.0,0.0,0.0,0.0,0.0,0.0,0.0,0.0,0.0
30,2024,5,0.0,0.0,0.0,0.0,0.0,0.0,0.0,0.0,0.0,0.0,0.0,0.0,0.0,0.0,0.0,0.0,0.0,0.0,0.0,0.0,0.0,0.0,0.0,1.0,0.0,0.0,0.0,0.0,0.0,0.0,0.0,0.0,0.0,0.0,0.0,0.0,0.0,0.0,0.0,0.0,0.0,0.0,0.0,0.0,0.0,0.0,1.0,0.0,0.0,0.0,0.0,0.0,0.0,0.0,0.0,0.0,0.0
30,2024,6,0.0,0.0,0.0,0.0,0.0,1.0,0.0,0.0,0.0,0.0,1.0,0.0,0.0,0.0,0.0,0.0,0.0,0.0,0.0,0.0,0.0,0.0,0.0,1.0,0.0,0.0,0.0,0.0,0.0,0.0,0.0,0.0,0.0,0.0,0.0,0.0,0.0,0.0,0.0,0.0,0.0,0.0,0.0,0.0,0.0,0.0,0.0,0.0,0.0,0.0,0.0,0.0,0.0,0.0,0.0,0.0,0.0
30,2024,7,0.0,0.0,0.0,0.0,0.0,1.0,0.0,0.0,0.0,0.0,0.0,0.0,0.0,0.0,0.0,0.0,0.0,0.0,0.0,0.0,0.0,0.0,0.0,3.0,0.0,1.0,0.0,0.0,0.0,0.0,0.0,0.0,0.0,0.0,0.0,0.0,0.0,1.0,0.0,0.0,0.0,0.0,0.0,0.0,0.0,0.0,1.0,0.0,0.0,0.0,0.0,0.0,1.0,1.0,0.0,0.0,0.0
30,2024,8,0.0,0.0,0.0,0.0,0.0,0.0,0.0,0.0,0.0,0.0,0.0,0.0,0.0,0.0,0.0,0.0,0.0,0.0,0.0,0.0,0.0,0.0,0.0,1.0,0.0,0.0,0.0,0.0,0.0,0.0,0.0,0.0,0.0,0.0,0.0,0.0,0.0,1.0,0.0,0.0,0.0,0.0,0.0,0.0,0.0,0.0,0.0,0.0,0.0,0.0,0.0,0.0,0.0,1.0,0.0,0.0,0.0
30,2024,9,0.0,0.0,0.0,0.0,0.0,0.0,0.0,0.0,0.0,0.0,0.0,0.0,0.0,0.0,0.0,0.0,0.0,0.0,0.0,0.0,0.0,0.0,0.0,0.0,0.0,2.0,0.0,0.0,0.0,0.0,0.0,0.0,0.0,0.0,0.0,0.0,0.0,2.0,0.0,0.0,0.0,0.0,0.0,0.0,0.0,0.0,3.0,0.0,0.0,0.0,0.0,0.0,0.0,0.0,0.0,0.0,0.0
30,2024,10,0.0,0.0,0.0,0.0,0.0,1.0,0.0,0.0,0.0,0.0,0.0,0.0,0.0,0.0,0.0,0.0,0.0,0.0,0.0,0.0,0.0,0.0,0.0,5.0,0.0,2.0,0.0,0.0,0.0,0.0,0.0,0.0,0.0,0.0,0.0,0.0,0.0,0.0,0.0,0.0,0.0,0.0,0.0,0.0,0.0,0.0,2.0,0.0,0.0,0.0,0.0,0.0,0.0,1.0,0.0,0.0,0.0
30,2024,11,0.0,0.0,0.0,0.0,0.0,0.0,0.0,1.0,0.0,0.0,0.0,0.0,0.0,0.0,0.0,0.0,0.0,1.0,1.0,0.0,0.0,0.0,0.0,6.0,0.0,3.0,0.0,0.0,0.0,0.0,0.0,0.0,0.0,0.0,0.0,2.0,0.0,3.0,0.0,0.0,0.0,0.0,0.0,0.0,0.0,0.0,6.0,0.0,0.0,0.0,0.0,0.0,0.0,0.0,0.0,0.0,1.0
30,2024,12,0.0,0.0,0.0,0.0,0.0,2.0,0.0,0.0,0.0,0.0,1.0,0.0,0.0,0.0,0.0,0.0,0.0,2.0,2.0,0.0,0.0,0.0,0.0,4.0,0.0,2.0,0.0,0.0,0.0,0.0,0.0,0.0,0.0,0.0,0.0,0.0,0.0,1.0,0.0,0.0,0.0,0.0,0.0,0.0,0.0,0.0,9.0,0.0,0.0,0.0,1.0,0.0,1.0,2.0,1.0,0.0,0.0
30,2025,1,0.0,2.0,0.0,0.0,0.0,30.0,0.0,6.0,0.0,0.0,22.0,3.0,29.0,5.0,0.0,0.0,0.0,14.0,6.0,0.0,1.0,0.0,0.0,27.0,2.0,61.0,0.0,0.0,1.0,0.0,0.0,0.0,0.0,0.0,6.0,0.0,0.0,18.0,2.0,0.0,0.0,7.0,0.0,18.0,3.0,1.0,60.0,0.0,1.0,0.0,0.0,10.0,6.0,3.0,0.0,0.0,11.0
30,2025,2,0.0,8.0,0.0,0.0,1.0,26.0,1.0,4.0,0.0,0.0,28.0,1.0,22.0,7.0,0.0,0.0,0.0,12.0,5.0,0.0,2.0,0.0,0.0,18.0,7.0,54.0,0.0,0.0,2.0,0.0,0.0,0.0,0.0,0.0,9.0,0.0,0.0,11.0,3.0,0.0,0.0,6.0,0.0,15.0,5.0,1.0,51.0,0.0,1.0,0.0,0.0,4.0,4.0,2.0,1.0,0.0,13.0
30,2025,3,0.0,4.0,0.0,0.0,0.0,55.0,0.0,6.0,0.0,0.0,20.0,1.0,21.0,5.0,0.0,0.0,0.0,19.0,3.0,0.0,0.0,0.0,0.0,33.0,8.0,68.0,0.0,0.0,3.0,0.0,0.0,0.0,0.0,0.0,13.0,0.0,0.0,14.0,2.0,0.0,0.0,5.0,0.0,23.0,4.0,0.0,65.0,0.0,2.0,0.0,0.0,9.0,6.0,2.0,0.0,0.0,6.0
30,2025,4,0.0,3.0,0.0,0.0,0.0,34.0,0.0,4.0,0.0,0.0,20.0,0.0,15.0,5.0,0.0,0.0,0.0,7.0,3.0,0.0,4.0,0.0,0.0,24.0,7.0,81.0,0.0,0.0,1.0,0.0,0.0,0.0,0.0,0.0,9.0,0.0,0.0,19.0,7.0,0.0,0.0,7.0,0.0,11.0,6.0,1.0,69.0,0.0,2.0,0.0,1.0,3.0,5.0,1.0,0.0,0.0,13.0
30,2025,5,0.0,1.0,0.0,0.0,0.0,38.0,0.0,12.0,0.0,0.0,21.0,0.0,15.0,12.0,0.0,0.0,0.0,16.0,3.0,0.0,1.0,0.0,0.0,37.0,5.0,88.0,0.0,0.0,1.0,0.0,0.0,0.0,0.0,0.0,9.0,0.0,0.0,10.0,4.0,1.0,0.0,2.0,0.0,9.0,2.0,0.0,79.0,0.0,2.0,0.0,1.0,13.0,6.0,3.0,1.0,0.0,15.0
30,2025,6,0.0,4.0,0.0,0.0,0.0,29.0,0.0,4.0,0.0,0.0,28.0,4.0,19.0,7.0,0.0,0.0,1.0,12.0,4.0,0.0,2.0,0.0,0.0,44.0,10.0,80.0,0.0,0.0,3.0,0.0,0.0,0.0,0.0,0.0,8.0,0.0,0.0,13.0,2.0,0.0,2.0,2.0,0.0,7.0,0.0,0.0,59.0,0.0,1.0,0.0,3.0,10.0,6.0,3.0,1.0,0.0,9.0
30,2025,7,0.0,0.0,0.0,0.0,0.0,46.0,0.0,7.0,0.0,0.0,19.0,3.0,12.0,7.0,0.0,0.0,0.0,14.0,2.0,0.0,0.0,0.0,1.0,29.0,6.0,70.0,0.0,0.0,1.0,0.0,0.0,0.0,0.0,0.0,14.0,0.0,0.0,21.0,3.0,0.0,0.0,1.0,0.0,4.0,1.0,0.0,65.0,2.0,3.0,0.0,3.0,8.0,5.0,2.0,1.0,0.0,9.0
30,2025,8,0.0,0.0,0.0,0.0,0.0,40.0,0.0,7.0,0.0,0.0,16.0,2.0,15.0,5.0,0.0,0.0,0.0,13.0,2.0,0.0,0.0,0.0,0.0,20.0,4.0,59.0,0.0,0.0,4.0,0.0,0.0,0.0,0.0,0.0,12.0,1.0,0.0,7.0,6.0,0.0,0.0,0.0,0.0,7.0,1.0,1.0,53.0,0.0,4.0,0.0,0.0,6.0,5.0,0.0,1.0,0.0,7.0
30,2025,9,0.0,0.0,0.0,0.0,1.0,55.0,0.0,7.0,0.0,0.0,15.0,0.0,14.0,2.0,0.0,0.0,0.0,16.0,3.0,0.0,1.0,0.0,0.0,28.0,7.0,59.0,0.0,0.0,0.0,0.0,0.0,0.0,0.0,0.0,12.0,0.0,0.0,24.0,1.0,2.0,2.0,3.0,0.0,18.0,7.0,0.0,53.0,0.0,6.0,0.0,1.0,5.0,4.0,1.0,0.0,0.0,11.0
30,2025,10,0.0,0.0,0.0,0.0,0.0,30.0,0.0,2.0,0.0,0.0,13.0,0.0,21.0,2.0,0.0,0.0,0.0,12.0,4.0,0.0,0.0,0.0,0.0,30.0,12.0,49.0,0.0,0.0,1.0,0.0,0.0,0.0,0.0,0.0,15.0,0.0,0.0,10.0,1.0,0.0,0.0,2.0,0.0,9.0,6.0,0.0,45.0,0.0,2.0,0.0,1.0,14.0,4.0,2.0,0.0,0.0,15.0
30,2025,11,0.0,0.0,0.0,0.0,0.0,39.0,0.0,13.0,0.0,0.0,21.0,0.0,11.0,1.0,0.0,0.0,0.0,14.0,3.0,0.0,2.0,0.0,0.0,21.0,4.0,56.0,0.0,0.0,3.0,0.0,0.0,0.0,0.0,0.0,15.0,0.0,0.0,14.0,3.0,0.0,0.0,1.0,0.0,3.0,3.0,0.0,55.0,0.0,1.0,1.0,0.0,8.0,1.0,0.0,0.0,0.0,7.0
30,2025,12,0.0,1.0,0.0,0.0,0.0,24.0,0.0,7.0,0.0,0.0,15.0,0.0,11.0,4.0,0.0,0.0,0.0,15.0,1.0,0.0,2.0,0.0,0.0,15.0,4.0,56.0,0.0,0.0,5.0,0.0,0.0,0.0,0.0,0.0,8.0,0.0,0.0,11.0,1.0,0.0,0.0,0.0,0.0,3.0,2.0,1.0,48.0,0.0,1.0,0.0,1.0,5.0,7.0,1.0,1.0,0.0,18.0
32,2024,1,0.0,0.0,0.0,0.0,0.0,0.0,0.0,0.0,0.0,0.0,0.0,0.0,1.0,0.0,0.0,0.0,0.0,0.0,0.0,0.0,0.0,0.0,0.0,0.0,0.0,0.0,0.0,0.0,0.0,0.0,0.0,0.0,0.0,0.0,0.0,0.0,0.0,0.0,0.0,0.0,0.0,0.0,0.0,0.0,0.0,0.0,2.0,0.0,0.0,0.0,0.0,0.0,0.0,0.0,0.0,0.0,0.0
32,2024,2,0.0,0.0,0.0,0.0,0.0,0.0,0.0,0.0,0.0,0.0,0.0,0.0,0.0,0.0,0.0,0.0,0.0,0.0,0.0,0.0,0.0,0.0,0.0,0.0,0.0,0.0,0.0,0.0,0.0,0.0,0.0,0.0,0.0,0.0,0.0,1.0,0.0,0.0,0.0,0.0,0.0,0.0,0.0,0.0,0.0,0.0,0.0,0.0,0.0,0.0,1.0,0.0,0.0,0.0,0.0,0.0,0.0
32,2024,3,0.0,0.0,0.0,0.0,0.0,0.0,0.0,0.0,0.0,0.0,0.0,0.0,0.0,0.0,0.0,0.0,0.0,0.0,0.0,0.0,0.0,0.0,0.0,1.0,0.0,0.0,0.0,0.0,0.0,0.0,0.0,0.0,0.0,0.0,0.0,0.0,0.0,1.0,0.0,0.0,0.0,1.0,0.0,0.0,0.0,0.0,0.0,0.0,0.0,0.0,0.0,0.0,0.0,0.0,0.0,0.0,0.0
32,2024,4,0.0,0.0,0.0,0.0,0.0,0.0,0.0,0.0,0.0,0.0,0.0,0.0,0.0,0.0,0.0,0.0,0.0,0.0,0.0,0.0,0.0,0.0,0.0,3.0,0.0,1.0,0.0,0.0,0.0,0.0,0.0,0.0,0.0,0.0,0.0,0.0,0.0,1.0,0.0,0.0,0.0,0.0,0.0,0.0,0.0,0.0,0.0,0.0,0.0,0.0,0.0,0.0,0.0,0.0,0.0,0.0,0.0
32,2024,5,0.0,0.0,0.0,0.0,0.0,0.0,0.0,0.0,0.0,0.0,0.0,0.0,0.0,0.0,0.0,0.0,0.0,1.0,0.0,0.0,0.0,0.0,0.0,1.0,0.0,0.0,0.0,0.0,0.0,0.0,0.0,0.0,0.0,0.0,0.0,0.0,0.0,0.0,0.0,0.0,0.0,0.0,0.0,0.0,0.0,0.0,0.0,0.0,0.0,0.0,0.0,0.0,0.0,0.0,1.0,0.0,0.0
32,2024,6,0.0,0.0,0.0,0.0,0.0,0.0,0.0,0.0,0.0,0.0,0.0,0.0,0.0,0.0,0.0,0.0,0.0,0.0,0.0,0.0,0.0,0.0,0.0,0.0,0.0,0.0,0.0,0.0,0.0,0.0,0.0,0.0,0.0,0.0,0.0,0.0,0.0,0.0,0.0,0.0,0.0,0.0,0.0,0.0,0.0,0.0,0.0,0.0,0.0,0.0,0.0,0.0,0.0,1.0,0.0,0.0,0.0
32,2024,7,0.0,0.0,0.0,0.0,0.0,0.0,0.0,0.0,0.0,0.0,1.0,0.0,0.0,0.0,0.0,0.0,0.0,3.0,0.0,0.0,0.0,0.0,0.0,0.0,0.0,1.0,0.0,0.0,0.0,0.0,0.0,0.0,0.0,0.0,0.0,0.0,0.0,0.0,0.0,0.0,0.0,0.0,0.0,0.0,0.0,0.0,2.0,0.0,0.0,0.0,0.0,0.0,0.0,1.0,0.0,0.0,0.0
32,2024,8,0.0,0.0,0.0,0.0,0.0,0.0,0.0,0.0,0.0,0.0,0.0,0.0,0.0,0.0,0.0,0.0,0.0,0.0,0.0,0.0,0.0,0.0,0.0,1.0,0.0,3.0,0.0,0.0,0.0,0.0,0.0,0.0,0.0,0.0,0.0,0.0,0.0,1.0,0.0,0.0,0.0,0.0,0.0,0.0,0.0,0.0,2.0,0.0,0.0,0.0,0.0,0.0,0.0,0.0,1.0,0.0,0.0
32,2024,9,0.0,0.0,0.0,0.0,0.0,0.0,0.0,0.0,0.0,0.0,0.0,0.0,0.0,0.0,0.0,0.0,0.0,1.0,0.0,0.0,0.0,0.0,0.0,0.0,0.0,0.0,0.0,0.0,0.0,0.0,0.0,0.0,0.0,0.0,0.0,0.0,0.0,0.0,0.0,0.0,0.0,0.0,0.0,0.0,0.0,0.0,0.0,0.0,0.0,0.0,0.0,0.0,0.0,0.0,0.0,0.0,0.0
32,2024,10,0.0,0.0,0.0,0.0,0.0,1.0,0.0,0.0,0.0,0.0,0.0,0.0,0.0,0.0,0.0,0.0,0.0,0.0,0.0,0.0,0.0,0.0,0.0,5.0,0.0,2.0,0.0,0.0,0.0,0.0,0.0,0.0,0.0,0.0,1.0,1.0,0.0,0.0,0.0,0.0,0.0,0.0,0.0,0.0,0.0,0.0,4.0,0.0,0.0,0.0,0.0,0.0,0.0,1.0,0.0,0.0,0.0
32,2024,11,0.0,0.0,0.0,0.0,0.0,0.0,0.0,0.0,0.0,0.0,0.0,0.0,0.0,0.0,0.0,0.0,0.0,0.0,0.0,0.0,0.0,0.0,0.0,3.0,1.0,1.0,0.0,0.0,0.0,0.0,0.0,0.0,0.0,0.0,1.0,0.0,0.0,2.0,0.0,0.0,0.0,0.0,0.0,0.0,0.0,0.0,7.0,0.0,0.0,0.0,1.0,0.0,0.0,1.0,1.0,0.0,0.0
32,2024,12,0.0,0.0,0.0,0.0,0.0,2.0,0.0,1.0,0.0,0.0,0.0,0.0,0.0,0.0,0.0,0.0,0.0,0.0,0.0,0.0,1.0,0.0,0.0,9.0,1.0,6.0,0.0,0.0,0.0,0.0,0.0,0.0,0.0,0.0,1.0,0.0,0.0,0.0,0.0,0.0,0.0,0.0,0.0,0.0,0.0,0.0,15.0,1.0,0.0,0.0,0.0,1.0,2.0,0.0,0.0,0.0,0.0
32,2025,1,0.0,3.0,0.0,0.0,4.0,63.0,0.0,11.0,0.0,1.0,35.0,2.0,24.0,14.0,0.0,0.0,0.0,34.0,5.0,0.0,2.0,0.0,0.0,33.0,5.0,138.0,0.0,0.0,3.0,0.0,0.0,0.0,0.0,0.0,23.0,1.0,0.0,30.0,7.0,0.0,1.0,4.0,0.0,17.0,4.0,0.0,72.0,0.0,4.0,0.0,3.0,17.0,8.0,5.0,0.0,0.0,21.0
32,2025,2,0.0,1.0,0.0,0.0,3.0,49.0,0.0,10.0,0.0,0.0,43.0,6.0,20.0,12.0,0.0,0.0,0.0,42.0,4.0,0.0,2.0,0.0,0.0,23.0,2.0,120.0,0.0,0.0,4.0,0.0,0.0,0.0,0.0,0.0,26.0,0.0,0.0,32.0,7.0,0.0,0.0,5.0,0.0,10.0,4.0,1.0,64.0,0.0,2.0,0.0,4.0,19.0,12.0,3.0,1.0,0.0,27.0
32,2025,3,0.0,7.0,0.0,0.0,0.0,79.0,1.0,5.0,0.0,0.0,46.0,1.0,23.0,19.0,0.0,0.0,0.0,40.0,3.0,0.0,2.0,0.0,2.0,40.0,3.0,134.0,0.0,0.0,6.0,0.0,0.0,0.0,0.0,0.0,25.0,0.0,0.0,26.0,7.0,0.0,1.0,5.0,0.0,18.0,4.0,0.0,76.0,0.0,0.0,0.0,0.0,11.0,15.0,2.0,0.0,0.0,24.0
32,2025,4,0.0,3.0,0.0,0.0,0.0,90.0,1.0,6.0,0.0,0.0,38.0,3.0,16.0,6.0,0.0,0.0,0.0,36.0,1.0,0.0,3.0,0.0,2.0,30.0,4.0,112.0,0.0,0.0,1.0,0.0,0.0,0.0,0.0,0.0,16.0,0.0,0.0,24.0,16.0,0.0,2.0,0.0,0.0,7.0,1.0,0.0,76.0,1.0,2.0,0.0,3.0,26.0,11.0,1.0,0.0,0.0,17.0
32,2025,5,0.0,0.0,0.0,0.0,1.0,88.0,2.0,13.0,0.0,0.0,45.0,4.0,11.0,18.0,0.0,0.0,0.0,34.0,3.0,0.0,6.0,0.0,0.0,28.0,10.0,118.0,0.0,0.0,6.0,0.0,0.0,1.0,0.0,0.0,23.0,1.0,0.0,37.0,8.0,0.0,1.0,0.0,0.0,7.0,1.0,0.0,93.0,1.0,1.0,0.0,1.0,18.0,11.0,6.0,2.0,0.0,14.0
32,2025,6,0.0,3.0,0.0,0.0,0.0,94.0,0.0,15.0,0.0,0.0,59.0,4.0,16.0,14.0,1.0,0.0,0.0,47.0,1.0,0.0,2.0,0.0,3.0,28.0,9.0,121.0,0.0,0.0,5.0,0.0,0.0,0.0,0.0,0.0,38.0,0.0,0.0,33.0,12.0,0.0,1.0,0.0,0.0,6.0,1.0,1.0,77.0,0.0,0.0,0.0,0.0,20.0,15.0,5.0,1.0,0.0,20.0
32,2025,7,0.0,1.0,0.0,0.0,1.0,82.0,0.0,13.0,0.0,0.0,37.0,0.0,17.0,16.0,0.0,0.0,0.0,35.0,3.0,0.0,2.0,0.0,0.0,39.0,13.0,122.0,1.0,0.0,3.0,0.0,0.0,0.0,0.0,0.0,28.0,2.0,0.0,38.0,12.0,1.0,1.0,0.0,0.0,13.0,1.0,2.0,90.0,0.0,1.0,0.0,0.0,19.0,14.0,1.0,0.0,0.0,14.0
32,2025,8,0.0,1.0,0.0,0.0,0.0,72.0,0.0,15.0,0.0,0.0,38.0,7.0,19.0,14.0,0.0,0.0,0.0,37.0,9.0,0.0,5.0,0.0,0.0,30.0,5.0,129.0,0.0,0.0,6.0,0.0,0.0,0.0,0.0,0.0,28.0,2.0,0.0,22.0,10.0,0.0,4.0,2.0,0.0,8.0,8.0,0.0,87.0,0.0,1.0,0.0,5.0,27.0,4.0,2.0,0.0,0.0,24.0
32,2025,9,0.0,0.0,0.0,0.0,0.0,87.0,0.0,15.0,0.0,0.0,31.0,2.0,22.0,12.0,0.0,0.0,0.0,44.0,3.0,0.0,1.0,0.0,2.0,29.0,3.0,129.0,0.0,0.0,5.0,0.0,0.0,0.0,0.0,0.0,19.0,0.0,0.0,29.0,8.0,0.0,2.0,1.0,0.0,9.0,4.0,0.0,72.0,0.0,5.0,0.0,1.0,13.0,6.0,1.0,1.0,0.0,33.0
32,2025,10,0.0,2.0,0.0,0.0,0.0,79.0,3.0,22.0,0.0,1.0,36.0,7.0,18.0,14.0,0.0,0.0,0.0,48.0,3.0,0.0,2.0,0.0,0.0,33.0,4.0,138.0,0.0,0.0,3.0,0.0,0.0,0.0,0.0,0.0,24.0,0.0,0.0,33.0,6.0,0.0,0.0,5.0,1.0,15.0,2.0,2.0,71.0,2.0,2.0,0.0,1.0,16.0,7.0,3.0,1.0,0.0,29.0
32,2025,11,0.0,0.0,0.0,0.0,1.0,65.0,0.0,8.0,0.0,0.0,32.0,3.0,18.0,9.0,0.0,0.0,0.0,37.0,4.0,0.0,1.0,0.0,0.0,41.0,3.0,150.0,0.0,0.0,2.0,0.0,0.0,1.0,0.0,0.0,13.0,0.0,0.0,18.0,11.0,0.0,1.0,7.0,0.0,12.0,2.0,0.0,78.0,1.0,3.0,0.0,1.0,18.0,2.0,1.0,0.0,0.0,24.0
32,2025,12,0.0,1.0,0.0,0.0,0.0,66.0,0.0,4.0,0.0,0.0,41.0,0.0,11.0,7.0,1.0,0.0,0.0,29.0,3.0,0.0,1.0,0.0,0.0,19.0,5.0,108.0,0.0,0.0,6.0,0.0,0.0,0.0,0.0,0.0,14.0,1.0,0.0,21.0,11.0,0.0,1.0,1.0,0.0,9.0,0.0,0.0,85.0,0.0,1.0,0.0,1.0,14.0,10.0,2.0,0.0,0.0,13.0
33,2024,1,0.0,0.0,0.0,0.0,0.0,2.0,0.0,0.0,0.0,0.0,0.0,0.0,0.0,0.0,0.0,0.0,0.0,0.0,1.0,0.0,0.0,0.0,0.0,0.0,0.0,0.0,0.0,0.0,0.0,0.0,0.0,0.0,0.0,0.0,0.0,0.0,0.0,0.0,0.0,0.0,0.0,0.0,0.0,0.0,0.0,0.0,1.0,0.0,0.0,0.0,0.0,0.0,0.0,0.0,0.0,0.0,0.0
33,2024,2,0.0,0.0,0.0,0.0,0.0,1.0,0.0,0.0,0.0,0.0,0.0,0.0,0.0,0.0,0.0,0.0,0.0,0.0,0.0,0.0,0.0,0.0,0.0,1.0,0.0,0.0,0.0,0.0,0.0,0.0,0.0,0.0,0.0,0.0,0.0,0.0,0.0,0.0,0.0,0.0,0.0,0.0,0.0,0.0,0.0,0.0,0.0,0.0,0.0,0.0,0.0,0.0,0.0,0.0,0.0,0.0,0.0
33,2024,3,0.0,0.0,0.0,0.0,0.0,0.0,0.0,0.0,0.0,0.0,0.0,0.0,0.0,0.0,0.0,0.0,0.0,0.0,0.0,0.0,0.0,0.0,0.0,0.0,0.0,1.0,0.0,0.0,0.0,0.0,0.0,0.0,0.0,0.0,0.0,0.0,0.0,0.0,0.0,0.0,0.0,0.0,0.0,0.0,0.0,0.0,3.0,0.0,0.0,0.0,0.0,0.0,0.0,0.0,0.0,0.0,0.0
33,2024,4,0.0,0.0,0.0,0.0,0.0,0.0,0.0,0.0,0.0,0.0,0.0,0.0,0.0,1.0,0.0,0.0,0.0,0.0,0.0,0.0,0.0,0.0,0.0,0.0,0.0,0.0,0.0,0.0,0.0,0.0,0.0,0.0,0.0,0.0,0.0,0.0,0.0,0.0,0.0,0.0,0.0,0.0,0.0,0.0,0.0,0.0,0.0,0.0,0.0,0.0,0.0,0.0,1.0,0.0,0.0,0.0,0.0
33,2024,5,0.0,0.0,0.0,0.0,0.0,1.0,0.0,0.0,0.0,0.0,1.0,0.0,0.0,0.0,0.0,0.0,0.0,0.0,0.0,0.0,0.0,0.0,0.0,1.0,0.0,0.0,0.0,0.0,0.0,0.0,0.0,0.0,0.0,0.0,0.0,0.0,0.0,0.0,0.0,0.0,0.0,0.0,0.0,0.0,0.0,0.0,1.0,0.0,0.0,0.0,0.0,0.0,0.0,0.0,0.0,0.0,0.0
33,2024,6,0.0,0.0,0.0,0.0,0.0,0.0,0.0,0.0,0.0,0.0,0.0,0.0,0.0,0.0,0.0,0.0,0.0,0.0,0.0,0.0,0.0,0.0,0.0,2.0,0.0,1.0,0.0,0.0,0.0,0.0,0.0,0.0,0.0,0.0,1.0,0.0,0.0,0.0,0.0,0.0,0.0,0.0,0.0,0.0,0.0,0.0,0.0,0.0,0.0,0.0,1.0,0.0,0.0,0.0,0.0,0.0,0.0
33,2024,7,0.0,0.0,0.0,0.0,0.0,0.0,0.0,0.0,0.0,0.0,0.0,0.0,0.0,0.0,0.0,0.0,0.0,0.0,0.0,0.0,0.0,0.0,0.0,1.0,0.0,0.0,0.0,0.0,0.0,0.0,0.0,0.0,0.0,0.0,0.0,0.0,0.0,0.0,0.0,0.0,0.0,0.0,0.0,0.0,0.0,0.0,0.0,0.0,0.0,0.0,0.0,0.0,0.0,0.0,0.0,0.0,0.0
33,2024,8,0.0,0.0,0.0,0.0,0.0,0.0,0.0,0.0,0.0,0.0,0.0,0.0,0.0,0.0,0.0,0.0,0.0,0.0,0.0,0.0,0.0,0.0,0.0,2.0,0.0,0.0,0.0,0.0,0.0,0.0,0.0,0.0,0.0,0.0,0.0,0.0,0.0,1.0,0.0,0.0,0.0,0.0,0.0,0.0,0.0,0.0,1.0,0.0,0.0,0.0,0.0,0.0,0.0,0.0,0.0,0.0,0.0
33,2024,9,0.0,0.0,0.0,0.0,0.0,0.0,0.0,0.0,0.0,0.0,0.0,0.0,0.0,0.0,0.0,0.0,0.0,0.0,0.0,0.0,0.0,0.0,0.0,0.0,0.0,1.0,0.0,0.0,0.0,0.0,0.0,0.0,0.0,0.0,0.0,0.0,0.0,1.0,0.0,0.0,0.0,0.0,0.0,0.0,0.0,0.0,2.0,0.0,0.0,0.0,0.0,0.0,0.0,0.0,0.0,0.0,0.0
33,2024,10,0.0,0.0,0.0,0.0,0.0,0.0,0.0,0.0,0.0,0.0,1.0,0.0,0.0,0.0,0.0,0.0,0.0,1.0,0.0,0.0,0.0,0.0,0.0,4.0,0.0,0.0,0.0,0.0,0.0,0.0,0.0,0.0,0.0,0.0,0.0,0.0,0.0,1.0,0.0,0.0,0.0,0.0,0.0,0.0,0.0,0.0,4.0,0.0,0.0,0.0,0.0,0.0,0.0,0.0,0.0,0.0,0.0
33,2024,11,0.0,0.0,0.0,0.0,0.0,0.0,0.0,0.0,0.0,0.0,1.0,0.0,0.0,0.0,0.0,0.0,0.0,0.0,0.0,0.0,0.0,0.0,0.0,2.0,1.0,2.0,0.0,0.0,0.0,0.0,0.0,0.0,0.0,0.0,1.0,0.0,0.0,0.0,0.0,0.0,0.0,0.0,0.0,0.0,0.0,0.0,6.0,0.0,0.0,0.0,0.0,0.0,0.0,0.0,0.0,0.0,0.0
33,2024,12,0.0,0.0,0.0,0.0,0.0,2.0,0.0,0.0,0.0,0.0,2.0,0.0,0.0,0.0,0.0,0.0,0.0,0.0,1.0,0.0,0.0,0.0,0.0,4.0,0.0,2.0,0.0,0.0,0.0,0.0,0.0,0.0,0.0,0.0,0.0,0.0,0.0,0.0,0.0,0.0,0.0,0.0,0.0,3.0,0.0,0.0,10.0,0.0,0.0,0.0,0.0,0.0,1.0,0.0,0.0,0.0,0.0
33,2025,1,0.0,1.0,0.0,0.0,0.0,27.0,0.0,6.0,0.0,0.0,30.0,0.0,28.0,11.0,0.0,0.0,0.0,18.0,16.0,0.0,1.0,0.0,0.0,33.0,9.0,60.0,0.0,0.0,0.0,0.0,0.0,0.0,0.0,0.0,22.0,0.0,0.0,9.0,3.0,0.0,2.0,12.0,0.0,11.0,7.0,1.0,70.0,0.0,1.0,0.0,1.0,6.0,5.0,3.0,1.0,0.0,32.0
33,2025,2,0.0,2.0,0.0,1.0,0.0,43.0,1.0,8.0,1.0,0.0,23.0,1.0,31.0,5.0,0.0,0.0,0.0,16.0,15.0,0.0,1.0,0.0,0.0,26.0,5.0,68.0,0.0,0.0,1.0,0.0,0.0,0.0,0.0,0.0,16.0,0.0,0.0,8.0,5.0,0.0,4.0,6.0,0.0,18.0,4.0,0.0,77.0,0.0,1.0,0.0,2.0,8.0,7.0,1.0,1.0,0.0,19.0
33,2025,3,0.0,4.0,1.0,0.0,1.0,39.0,0.0,13.0,0.0,0.0,27.0,0.0,16.0,6.0,0.0,0.0,0.0,15.0,14.0,0.0,1.0,0.0,0.0,23.0,14.0,61.0,0.0,0.0,2.0,0.0,0.0,0.0,0.0,0.0,13.0,0.0,0.0,12.0,4.0,0.0,1.0,6.0,0.0,8.0,4.0,0.0,55.0,0.0,0.0,0.0,0.0,10.0,10.0,0.0,1.0,0.0,29.0
33,2025,4,0.0,2.0,0.0,0.0,0.0,57.0,1.0,5.0,0.0,0.0,34.0,2.0,16.0,11.0,0.0,0.0,0.0,29.0,15.0,0.0,2.0,0.0,1.0,25.0,16.0,41.0,0.0,0.0,3.0,0.0,0.0,1.0,0.0,0.0,24.0,1.0,0.0,18.0,7.0,0.0,3.0,7.0,0.0,17.0,3.0,0.0,54.0,0.0,0.0,0.0,1.0,8.0,3.0,1.0,1.0,0.0,21.0
33,2025,5,0.0,1.0,0.0,0.0,0.0,37.0,0.0,14.0,1.0,0.0,32.0,0.0,17.0,5.0,0.0,0.0,0.0,21.0,12.0,0.0,1.0,0.0,5.0,25.0,8.0,69.0,0.0,0.0,1.0,0.0,0.0,0.0,0.0,0.0,14.0,0.0,0.0,12.0,2.0,0.0,1.0,4.0,0.0,10.0,2.0,1.0,54.0,0.0,5.0,0.0,0.0,16.0,8.0,2.0,0.0,0.0,13.0
33,2025,6,0.0,1.0,0.0,0.0,0.0,48.0,0.0,5.0,0.0,0.0,35.0,1.0,36.0,7.0,0.0,0.0,0.0,31.0,9.0,0.0,2.0,0.0,0.0,36.0,17.0,51.0,0.0,0.0,3.0,0.0,0.0,0.0,0.0,0.0,20.0,0.0,0.0,8.0,2.0,0.0,0.0,1.0,0.0,3.0,4.0,1.0,45.0,0.0,4.0,0.0,1.0,16.0,2.0,1.0,1.0,0.0,14.0
33,2025,7,0.0,1.0,0.0,1.0,0.0,64.0,0.0,7.0,0.0,0.0,29.0,1.0,55.0,4.0,0.0,0.0,0.0,29.0,9.0,0.0,2.0,0.0,1.0,46.0,15.0,53.0,0.0,0.0,1.0,0.0,0.0,0.0,0.0,0.0,15.0,0.0,0.0,16.0,2.0,0.0,1.0,4.0,0.0,1.0,2.0,0.0,73.0,0.0,5.0,0.0,4.0,13.0,6.0,0.0,1.0,0.0,29.0
33,2025,8,0.0,0.0,0.0,0.0,1.0,42.0,0.0,13.0,0.0,0.0,28.0,1.0,28.0,4.0,0.0,0.0,0.0,25.0,7.0,0.0,0.0,0.0,3.0,28.0,15.0,54.0,0.0,0.0,3.0,0.0,0.0,0.0,0.0,0.0,11.0,0.0,0.0,9.0,3.0,0.0,2.0,4.0,0.0,1.0,3.0,0.0,78.0,0.0,2.0,0.0,3.0,21.0,4.0,0.0,0.0,0.0,25.0
33,2025,9,0.0,2.0,0.0,0.0,0.0,41.0,0.0,14.0,0.0,0.0,29.0,1.0,36.0,5.0,0.0,0.0,0.0,27.0,10.0,0.0,3.0,0.0,0.0,34.0,11.0,46.0,0.0,0.0,1.0,0.0,0.0,1.0,0.0,0.0,19.0,0.0,0.0,7.0,1.0,1.0,0.0,6.0,0.0,7.0,3.0,0.0,65.0,1.0,1.0,0.0,0.0,14.0,3.0,1.0,0.0,0.0,28.0
33,2025,10,0.0,0.0,0.0,0.0,0.0,35.0,1.0,6.0,0.0,0.0,18.0,0.0,37.0,9.0,0.0,0.0,0.0,19.0,14.0,0.0,0.0,0.0,2.0,25.0,7.0,54.0,0.0,0.0,1.0,0.0,0.0,0.0,0.0,0.0,12.0,0.0,0.0,2.0,4.0,0.0,0.0,7.0,0.0,11.0,5.0,1.0,77.0,0.0,6.0,0.0,0.0,19.0,3.0,1.0,1.0,0.0,29.0
33,2025,11,0.0,0.0,0.0,0.0,0.0,27.0,0.0,7.0,0.0,0.0,27.0,0.0,32.0,8.0,0.0,0.0,0.0,13.0,20.0,0.0,0.0,0.0,0.0,26.0,9.0,42.0,0.0,0.0,1.0,0.0,0.0,0.0,0.0,0.0,15.0,0.0,0.0,5.0,4.0,1.0,1.0,1.0,0.0,8.0,3.0,0.0,72.0,0.0,0.0,0.0,1.0,15.0,3.0,1.0,2.0,0.0,34.0
33,2025,12,0.0,1.0,1.0,0.0,0.0,28.0,3.0,3.0,0.0,0.0,26.0,4.0,35.0,9.0,0.0,0.0,0.0,15.0,8.0,0.0,0.0,0.0,2.0,20.0,7.0,39.0,0.0,0.0,1.0,0.0,0.0,0.0,0.0,0.0,7.0,0.0,0.0,12.0,4.0,0.0,1.0,3.0,0.0,4.0,2.0,0.0,77.0,0.0,1.0,0.0,1.0,8.0,7.0,1.0,1.0,0.0,22.0
34,2024,1,0.0,0.0,0.0,0.0,0.0,0.0,0.0,0.0,0.0,0.0,0.0,0.0,0.0,0.0,0.0,0.0,0.0,0.0,0.0,0.0,0.0,0.0,0.0,1.0,0.0,0.0,0.0,0.0,0.0,0.0,0.0,0.0,0.0,0.0,0.0,0.0,0.0,0.0,0.0,0.0,0.0,0.0,0.0,0.0,0.0,0.0,3.0,0.0,0.0,0.0,0.0,0.0,0.0,0.0,0.0,0.0,0.0
34,2024,2,0.0,0.0,0.0,0.0,0.0,0.0,0.0,0.0,0.0,0.0,0.0,0.0,0.0,0.0,0.0,0.0,0.0,0.0,0.0,0.0,0.0,0.0,0.0,0.0,0.0,0.0,0.0,0.0,0.0,0.0,0.0,0.0,0.0,0.0,0.0,0.0,0.0,0.0,0.0,0.0,0.0,0.0,0.0,0.0,0.0,0.0,1.0,0.0,0.0,0.0,0.0,0.0,0.0,0.0,0.0,0.0,0.0
34,2024,3,0.0,0.0,0.0,0.0,0.0,0.0,0.0,0.0,0.0,0.0,0.0,0.0,0.0,0.0,0.0,0.0,0.0,0.0,0.0,0.0,0.0,0.0,0.0,0.0,0.0,1.0,0.0,0.0,0.0,0.0,0.0,0.0,0.0,0.0,0.0,0.0,0.0,0.0,0.0,0.0,0.0,0.0,0.0,0.0,0.0,0.0,0.0,0.0,0.0,0.0,0.0,0.0,0.0,0.0,0.0,0.0,0.0
34,2024,5,0.0,0.0,0.0,0.0,0.0,1.0,0.0,0.0,0.0,0.0,0.0,0.0,0.0,0.0,0.0,0.0,0.0,0.0,0.0,0.0,0.0,0.0,0.0,1.0,0.0,0.0,0.0,0.0,0.0,0.0,0.0,0.0,0.0,0.0,0.0,0.0,0.0,0.0,0.0,0.0,0.0,0.0,0.0,0.0,0.0,0.0,0.0,0.0,0.0,0.0,0.0,0.0,0.0,0.0,0.0,0.0,0.0
34,2024,6,0.0,0.0,0.0,0.0,0.0,0.0,0.0,0.0,0.0,0.0,0.0,0.0,0.0,0.0,0.0,0.0,0.0,0.0,0.0,0.0,0.0,0.0,0.0,0.0,0.0,0.0,0.0,0.0,0.0,0.0,0.0,0.0,0.0,0.0,0.0,0.0,0.0,0.0,0.0,0.0,0.0,0.0,0.0,0.0,0.0,0.0,0.0,0.0,0.0,0.0,1.0,0.0,0.0,0.0,0.0,0.0,0.0
34,2024,7,0.0,0.0,0.0,0.0,0.0,0.0,0.0,0.0,0.0,0.0,0.0,0.0,0.0,0.0,0.0,0.0,0.0,0.0,0.0,0.0,0.0,0.0,0.0,2.0,0.0,1.0,0.0,0.0,0.0,0.0,0.0,0.0,0.0,0.0,0.0,0.0,0.0,0.0,0.0,0.0,0.0,0.0,0.0,0.0,0.0,0.0,0.0,0.0,0.0,0.0,0.0,0.0,0.0,1.0,0.0,0.0,0.0
34,2024,8,0.0,0.0,0.0,0.0,0.0,1.0,0.0,0.0,0.0,0.0,0.0,0.0,0.0,0.0,0.0,0.0,0.0,1.0,0.0,0.0,0.0,0.0,0.0,0.0,0.0,0.0,0.0,0.0,0.0,0.0,0.0,0.0,0.0,0.0,0.0,0.0,0.0,0.0,0.0,0.0,0.0,0.0,0.0,0.0,0.0,0.0,2.0,0.0,0.0,0.0,0.0,0.0,1.0,2.0,0.0,0.0,0.0
34,2024,9,0.0,0.0,0.0,0.0,0.0,0.0,0.0,0.0,0.0,0.0,0.0,0.0,0.0,0.0,0.0,0.0,0.0,0.0,0.0,0.0,0.0,0.0,0.0,2.0,0.0,0.0,0.0,0.0,0.0,0.0,0.0,0.0,0.0,0.0,0.0,0.0,0.0,0.0,0.0,0.0,0.0,0.0,0.0,0.0,0.0,0.0,2.0,0.0,0.0,0.0,0.0,0.0,2.0,1.0,0.0,0.0,0.0
34,2024,10,0.0,0.0,0.0,0.0,0.0,3.0,0.0,0.0,0.0,0.0,1.0,0.0,1.0,0.0,0.0,0.0,0.0,0.0,0.0,0.0,1.0,0.0,0.0,4.0,0.0,0.0,0.0,0.0,0.0,0.0,0.0,0.0,0.0,0.0,0.0,0.0,0.0,0.0,0.0,0.0,0.0,0.0,0.0,0.0,0.0,0.0,1.0,0.0,0.0,0.0,0.0,0.0,0.0,0.0,0.0,0.0,0.0
34,2024,11,0.0,0.0,0.0,0.0,0.0,0.0,0.0,0.0,0.0,0.0,1.0,0.0,0.0,0.0,0.0,0.0,0.0,0.0,0.0,0.0,1.0,0.0,0.0,3.0,0.0,1.0,0.0,0.0,0.0,0.0,0.0,0.0,0.0,0.0,1.0,0.0,0.0,0.0,0.0,0.0,0.0,0.0,0.0,0.0,0.0,0.0,3.0,0.0,0.0,0.0,0.0,0.0,0.0,0.0,0.0,0.0,0.0
34,2024,12,0.0,0.0,0.0,0.0,0.0,2.0,0.0,0.0,0.0,0.0,5.0,0.0,0.0,0.0,0.0,0.0,0.0,2.0,0.0,0.0,0.0,0.0,0.0,9.0,0.0,4.0,0.0,0.0,0.0,0.0,0.0,0.0,0.0,0.0,0.0,0.0,0.0,3.0,1.0,0.0,0.0,0.0,0.0,0.0,0.0,0.0,19.0,0.0,0.0,0.0,0.0,0.0,1.0,2.0,0.0,0.0,0.0
34,2025,1,0.0,2.0,0.0,0.0,0.0,50.0,0.0,5.0,2.0,0.0,23.0,4.0,47.0,16.0,0.0,0.0,0.0,26.0,18.0,0.0,1.0,0.0,0.0,45.0,20.0,73.0,0.0,0.0,3.0,0.0,0.0,0.0,0.0,0.0,20.0,0.0,0.0,24.0,13.0,4.0,1.0,4.0,0.0,7.0,29.0,1.0,130.0,0.0,0.0,0.0,1.0,23.0,4.0,4.0,1.0,0.0,62.0
34,2025,2,0.0,1.0,0.0,0.0,0.0,59.0,0.0,15.0,1.0,0.0,18.0,3.0,36.0,20.0,0.0,0.0,0.0,20.0,15.0,0.0,1.0,0.0,0.0,33.0,16.0,57.0,0.0,0.0,7.0,0.0,0.0,0.0,0.0,0.0,26.0,0.0,0.0,24.0,10.0,2.0,7.0,11.0,0.0,4.0,22.0,0.0,88.0,0.0,3.0,0.0,1.0,17.0,13.0,5.0,0.0,0.0,58.0
34,2025,3,0.0,1.0,1.0,0.0,2.0,75.0,1.0,13.0,1.0,0.0,48.0,2.0,37.0,20.0,0.0,0.0,0.0,30.0,29.0,0.0,2.0,0.0,0.0,53.0,9.0,70.0,0.0,0.0,8.0,0.0,0.0,0.0,0.0,0.0,16.0,0.0,0.0,14.0,16.0,1.0,3.0,10.0,0.0,7.0,28.0,1.0,130.0,2.0,6.0,0.0,5.0,13.0,6.0,5.0,2.0,0.0,57.0
34,2025,4,0.0,0.0,0.0,0.0,0.0,67.0,0.0,7.0,5.0,0.0,25.0,4.0,37.0,22.0,0.0,0.0,0.0,26.0,15.0,0.0,2.0,0.0,0.0,47.0,22.0,63.0,0.0,0.0,7.0,0.0,0.0,0.0,0.0,0.0,19.0,1.0,0.0,13.0,19.0,2.0,1.0,7.0,0.0,9.0,20.0,2.0,89.0,0.0,6.0,0.0,0.0,18.0,5.0,4.0,0.0,0.0,50.0
34,2025,5,0.0,1.0,1.0,0.0,0.0,66.0,1.0,9.0,0.0,0.0,35.0,1.0,25.0,20.0,1.0,0.0,1.0,38.0,15.0,0.0,3.0,0.0,1.0,46.0,23.0,69.0,0.0,0.0,4.0,0.0,0.0,0.0,0.0,0.0,21.0,0.0,0.0,20.0,18.0,2.0,3.0,4.0,0.0,7.0,14.0,2.0,119.0,0.0,2.0,0.0,1.0,22.0,13.0,1.0,1.0,0.0,38.0
34,2025,6,0.0,1.0,0.0,0.0,0.0,72.0,0.0,9.0,0.0,0.0,34.0,0.0,44.0,20.0,0.0,0.0,0.0,34.0,13.0,0.0,2.0,0.0,1.0,50.0,14.0,63.0,0.0,0.0,5.0,0.0,0.0,0.0,0.0,0.0,14.0,0.0,0.0,21.0,19.0,0.0,1.0,5.0,0.0,7.0,8.0,2.0,80.0,0.0,5.0,0.0,3.0,13.0,6.0,0.0,2.0,0.0,35.0
34,2025,7,0.0,0.0,0.0,0.0,2.0,53.0,1.0,16.0,1.0,0.0,33.0,1.0,33.0,20.0,1.0,0.0,0.0,23.0,5.0,0.0,3.0,0.0,0.0,52.0,20.0,63.0,0.0,0.0,3.0,0.0,0.0,0.0,0.0,0.0,18.0,0.0,0.0,22.0,14.0,2.0,1.0,0.0,0.0,3.0,21.0,1.0,128.0,3.0,6.0,0.0,2.0,26.0,5.0,0.0,1.0,0.0,35.0
34,2025,8,0.0,0.0,1.0,0.0,0.0,53.0,1.0,15.0,0.0,0.0,25.0,1.0,29.0,17.0,2.0,0.0,0.0,24.0,2.0,0.0,2.0,0.0,0.0,42.0,18.0,61.0,0.0,0.0,7.0,0.0,0.0,0.0,0.0,0.0,23.0,0.0,0.0,11.0,13.0,0.0,4.0,1.0,0.0,3.0,9.0,0.0,118.0,0.0,3.0,0.0,1.0,30.0,4.0,1.0,0.0,0.0,43.0
34,2025,9,0.0,2.0,0.0,0.0,0.0,50.0,1.0,17.0,1.0,0.0,23.0,0.0,38.0,21.0,0.0,0.0,0.0,26.0,10.0,0.0,0.0,0.0,1.0,46.0,18.0,58.0,0.0,0.0,6.0,0.0,0.0,0.0,0.0,0.0,14.0,1.0,0.0,13.0,12.0,2.0,1.0,0.0,0.0,7.0,10.0,0.0,120.0,0.0,9.0,0.0,2.0,25.0,4.0,3.0,1.0,0.0,36.0
34,2025,10,0.0,1.0,0.0,0.0,0.0,69.0,0.0,14.0,0.0,0.0,29.0,2.0,50.0,19.0,0.0,0.0,1.0,23.0,7.0,0.0,1.0,0.0,2.0,58.0,12.0,58.0,0.0,0.0,11.0,0.0,0.0,0.0,0.0,0.0,15.0,0.0,0.0,19.0,17.0,0.0,0.0,1.0,0.0,5.0,13.0,0.0,122.0,0.0,4.0,0.0,1.0,18.0,3.0,3.0,1.0,0.0,37.0
34,2025,11,0.0,0.0,0.0,0.0,0.0,61.0,0.0,15.0,0.0,0.0,25.0,0.0,30.0,18.0,0.0,0.0,0.0,18.0,13.0,0.0,1.0,0.0,0.0,56.0,17.0,50.0,0.0,0.0,10.0,0.0,0.0,0.0,0.0,0.0,21.0,1.0,0.0,6.0,11.0,1.0,2.0,6.0,0.0,4.0,18.0,1.0,144.0,0.0,2.0,0.0,1.0,21.0,5.0,0.0,0.0,0.0,37.0
34,2025,12,0.0,1.0,0.0,0.0,0.0,64.0,0.0,8.0,0.0,0.0,29.0,1.0,19.0,16.0,1.0,0.0,0.0,27.0,8.0,0.0,2.0,0.0,0.0,29.0,6.0,52.0,0.0,0.0,11.0,0.0,0.0,0.0,0.0,0.0,10.0,0.0,0.0,12.0,9.0,1.0,1.0,2.0,0.0,3.0,14.0,0.0,85.0,0.0,3.0,0.0,1.0,10.0,6.0,0.0,0.0,0.0,49.0
40,2024,1,0.0,0.0,0.0,0.0,0.0,3.0,0.0,0.0,0.0,0.0,0.0,0.0,0.0,0.0,0.0,0.0,0.0,0.0,0.0,0.0,1.0,0.0,0.0,2.0,0.0,2.0,0.0,0.0,0.0,0.0,0.0,1.0,0.0,0.0,0.0,0.0,0.0,0.0,0.0,0.0,0.0,0.0,0.0,0.0,0.0,0.0,0.0,0.0,0.0,0.0,1.0,1.0,2.0,0.0,0.0,0.0,0.0
40,2024,2,0.0,0.0,0.0,0.0,0.0,1.0,0.0,0.0,0.0,0.0,0.0,0.0,0.0,0.0,0.0,0.0,0.0,1.0,0.0,0.0,0.0,0.0,0.0,0.0,0.0,1.0,0.0,0.0,0.0,0.0,0.0,0.0,0.0,0.0,1.0,0.0,0.0,1.0,0.0,0.0,0.0,0.0,0.0,0.0,0.0,0.0,1.0,0.0,0.0,0.0,0.0,0.0,1.0,0.0,0.0,0.0,0.0
40,2024,3,0.0,0.0,0.0,0.0,0.0,0.0,0.0,0.0,0.0,0.0,1.0,0.0,0.0,0.0,0.0,0.0,0.0,0.0,0.0,0.0,0.0,0.0,0.0,1.0,0.0,0.0,0.0,0.0,0.0,0.0,0.0,0.0,0.0,0.0,0.0,0.0,0.0,0.0,0.0,0.0,0.0,0.0,0.0,0.0,0.0,0.0,0.0,0.0,0.0,0.0,0.0,0.0,0.0,0.0,0.0,0.0,0.0
40,2024,4,0.0,0.0,0.0,0.0,0.0,0.0,0.0,0.0,0.0,0.0,0.0,0.0,0.0,0.0,0.0,0.0,0.0,0.0,0.0,0.0,0.0,0.0,0.0,1.0,0.0,0.0,0.0,0.0,0.0,0.0,0.0,0.0,0.0,0.0,0.0,0.0,0.0,0.0,0.0,0.0,0.0,0.0,0.0,0.0,0.0,0.0,0.0,0.0,0.0,0.0,2.0,0.0,1.0,1.0,0.0,0.0,0.0
40,2024,5,0.0,0.0,0.0,0.0,0.0,0.0,0.0,0.0,0.0,0.0,0.0,0.0,0.0,0.0,0.0,0.0,0.0,0.0,0.0,0.0,0.0,0.0,0.0,2.0,0.0,1.0,0.0,0.0,0.0,0.0,0.0,0.0,0.0,0.0,0.0,0.0,0.0,0.0,0.0,0.0,0.0,0.0,0.0,0.0,0.0,0.0,0.0,0.0,0.0,0.0,0.0,0.0,0.0,1.0,0.0,0.0,0.0
40,2024,6,0.0,0.0,0.0,0.0,0.0,0.0,0.0,0.0,0.0,0.0,0.0,0.0,0.0,0.0,0.0,0.0,0.0,2.0,0.0,0.0,0.0,0.0,0.0,1.0,0.0,2.0,0.0,0.0,0.0,0.0,0.0,0.0,0.0,0.0,0.0,0.0,0.0,0.0,0.0,0.0,0.0,0.0,0.0,0.0,0.0,0.0,1.0,0.0,0.0,0.0,0.0,0.0,0.0,0.0,0.0,0.0,0.0
40,2024,7,0.0,0.0,0.0,0.0,0.0,1.0,0.0,0.0,0.0,0.0,0.0,0.0,0.0,0.0,0.0,0.0,0.0,0.0,0.0,0.0,0.0,0.0,0.0,2.0,0.0,1.0,0.0,0.0,0.0,0.0,0.0,0.0,0.0,0.0,0.0,0.0,0.0,0.0,0.0,0.0,0.0,0.0,0.0,0.0,0.0,0.0,1.0,0.0,0.0,0.0,0.0,0.0,1.0,0.0,0.0,0.0,0.0
40,2024,8,0.0,0.0,0.0,0.0,0.0,0.0,0.0,0.0,0.0,0.0,0.0,0.0,0.0,0.0,0.0,0.0,0.0,1.0,0.0,0.0,1.0,0.0,0.0,0.0,0.0,5.0,0.0,0.0,0.0,0.0,0.0,0.0,0.0,0.0,0.0,0.0,0.0,1.0,0.0,0.0,0.0,0.0,0.0,0.0,0.0,0.0,4.0,0.0,0.0,0.0,0.0,0.0,0.0,0.0,0.0,0.0,0.0
40,2024,9,0.0,0.0,0.0,0.0,0.0,1.0,0.0,0.0,0.0,0.0,1.0,0.0,0.0,0.0,0.0,0.0,0.0,1.0,0.0,0.0,0.0,0.0,0.0,3.0,0.0,4.0,0.0,0.0,0.0,0.0,0.0,0.0,0.0,0.0,0.0,0.0,0.0,0.0,0.0,0.0,0.0,0.0,0.0,0.0,1.0,0.0,5.0,0.0,0.0,0.0,0.0,0.0,1.0,0.0,0.0,0.0,0.0
40,2024,10,0.0,0.0,0.0,0.0,0.0,2.0,0.0,0.0,0.0,0.0,0.0,0.0,0.0,0.0,0.0,0.0,0.0,0.0,0.0,0.0,1.0,0.0,0.0,5.0,1.0,2.0,0.0,0.0,0.0,0.0,0.0,0.0,0.0,0.0,1.0,0.0,0.0,0.0,1.0,0.0,0.0,0.0,0.0,0.0,0.0,0.0,2.0,0.0,0.0,0.0,0.0,0.0,0.0,2.0,0.0,0.0,0.0
40,2024,11,0.0,0.0,0.0,0.0,0.0,3.0,0.0,1.0,0.0,0.0,0.0,0.0,0.0,0.0,0.0,0.0,0.0,2.0,0.0,0.0,0.0,0.0,0.0,10.0,1.0,2.0,0.0,0.0,0.0,0.0,0.0,0.0,0.0,0.0,0.0,0.0,0.0,0.0,0.0,0.0,0.0,1.0,0.0,0.0,0.0,0.0,2.0,0.0,3.0,0.0,0.0,1.0,1.0,1.0,1.0,0.0,0.0
40,2024,12,0.0,0.0,0.0,0.0,0.0,7.0,0.0,6.0,0.0,0.0,5.0,0.0,0.0,1.0,0.0,0.0,0.0,4.0,0.0,0.0,1.0,0.0,0.0,17.0,1.0,12.0,0.0,0.0,0.0,0.0,0.0,0.0,0.0,0.0,4.0,0.0,0.0,3.0,0.0,0.0,0.0,1.0,0.0,2.0,1.0,1.0,12.0,0.0,0.0,0.0,1.0,4.0,0.0,1.0,1.0,0.0,0.0
40,2025,1,0.0,13.0,0.0,1.0,1.0,115.0,1.0,30.0,1.0,0.0,80.0,19.0,176.0,44.0,0.0,0.0,0.0,85.0,11.0,0.0,16.0,0.0,0.0,77.0,15.0,176.0,0.0,0.0,5.0,0.0,0.0,0.0,0.0,0.0,55.0,2.0,0.0,38.0,47.0,0.0,21.0,8.0,0.0,192.0,13.0,2.0,153.0,0.0,3.0,0.0,6.0,37.0,21.0,3.0,7.0,0.0,77.0
40,2025,2,0.0,14.0,0.0,0.0,0.0,123.0,4.0,34.0,0.0,1.0,90.0,15.0,144.0,24.0,2.0,0.0,0.0,62.0,14.0,0.0,6.0,0.0,0.0,62.0,12.0,172.0,0.0,0.0,6.0,0.0,0.0,0.0,0.0,0.0,45.0,0.0,0.0,37.0,36.0,0.0,7.0,10.0,0.0,164.0,6.0,2.0,131.0,1.0,5.0,0.0,0.0,27.0,11.0,3.0,2.0,0.0,68.0
40,2025,3,0.0,7.0,0.0,1.0,1.0,151.0,2.0,34.0,1.0,0.0,74.0,19.0,111.0,43.0,0.0,0.0,0.0,93.0,11.0,0.0,6.0,0.0,0.0,67.0,28.0,188.0,0.0,0.0,6.0,0.0,0.0,0.0,0.0,0.0,67.0,1.0,0.0,34.0,34.0,0.0,38.0,17.0,0.0,135.0,19.0,4.0,144.0,0.0,3.0,0.0,5.0,42.0,25.0,4.0,3.0,0.0,79.0
40,2025,4,0.0,6.0,0.0,0.0,1.0,147.0,0.0,35.0,0.0,0.0,71.0,11.0,97.0,26.0,0.0,0.0,0.0,84.0,8.0,0.0,7.0,0.0,0.0,82.0,31.0,196.0,0.0,0.0,7.0,0.0,0.0,0.0,0.0,0.0,38.0,2.0,0.0,33.0,36.0,0.0,13.0,6.0,0.0,131.0,11.0,6.0,149.0,0.0,4.0,0.0,4.0,52.0,29.0,7.0,1.0,0.0,40.0
40,2025,5,0.0,2.0,1.0,1.0,1.0,134.0,1.0,36.0,0.0,0.0,76.0,8.0,97.0,40.0,0.0,0.0,1.0,88.0,11.0,0.0,16.0,0.0,0.0,78.0,23.0,182.0,0.0,0.0,6.0,0.0,0.0,0.0,0.0,0.0,52.0,1.0,0.0,50.0,49.0,1.0,10.0,5.0,0.0,96.0,9.0,0.0,198.0,0.0,9.0,0.0,7.0,79.0,19.0,12.0,2.0,0.0,55.0
40,2025,6,0.0,3.0,0.0,0.0,0.0,158.0,1.0,44.0,0.0,1.0,101.0,8.0,77.0,26.0,1.0,0.0,0.0,96.0,3.0,0.0,5.0,0.0,0.0,96.0,31.0,184.0,0.0,0.0,14.0,0.0,0.0,0.0,0.0,0.0,27.0,1.0,0.0,44.0,29.0,0.0,8.0,4.0,0.0,75.0,4.0,3.0,154.0,1.0,4.0,0.0,6.0,67.0,15.0,4.0,0.0,0.0,48.0
40,2025,7,0.0,0.0,0.0,0.0,2.0,154.0,0.0,40.0,2.0,0.0,73.0,4.0,66.0,30.0,0.0,0.0,1.0,95.0,8.0,0.0,6.0,0.0,3.0,82.0,27.0,195.0,0.0,0.0,3.0,0.0,0.0,0.0,0.0,0.0,34.0,0.0,0.0,27.0,37.0,0.0,10.0,1.0,0.0,86.0,6.0,1.0,217.0,1.0,2.0,0.0,5.0,71.0,19.0,2.0,4.0,0.0,56.0
40,2025,8,0.0,4.0,0.0,0.0,1.0,157.0,0.0,38.0,2.0,0.0,88.0,3.0,79.0,33.0,1.0,0.0,0.0,77.0,7.0,0.0,6.0,0.0,5.0,83.0,24.0,192.0,0.0,0.0,6.0,0.0,0.0,0.0,0.0,0.0,35.0,1.0,0.0,26.0,39.0,0.0,10.0,1.0,0.0,80.0,9.0,2.0,200.0,0.0,3.0,0.0,3.0,56.0,14.0,9.0,5.0,0.0,41.0
40,2025,9,0.0,5.0,0.0,2.0,4.0,141.0,1.0,35.0,1.0,1.0,82.0,8.0,76.0,34.0,0.0,0.0,0.0,108.0,8.0,0.0,10.0,0.0,2.0,88.0,25.0,168.0,0.0,0.0,3.0,0.0,0.0,2.0,0.0,0.0,31.0,2.0,0.0,25.0,31.0,0.0,5.0,1.0,0.0,156.0,4.0,1.0,161.0,1.0,3.0,0.0,3.0,59.0,14.0,8.0,1.0,0.0,28.0
40,2025,10,0.0,7.0,0.0,0.0,0.0,143.0,0.0,39.0,0.0,1.0,65.0,6.0,49.0,26.0,0.0,0.0,0.0,86.0,2.0,0.0,4.0,0.0,0.0,74.0,15.0,205.0,0.0,0.0,8.0,0.0,0.0,0.0,0.0,0.0,24.0,1.0,0.0,41.0,31.0,1.0,5.0,4.0,0.0,143.0,5.0,3.0,176.0,1.0,2.0,0.0,3.0,44.0,24.0,3.0,0.0,0.0,33.0
40,2025,11,0.0,8.0,0.0,2.0,0.0,133.0,0.0,31.0,1.0,0.0,73.0,13.0,38.0,17.0,0.0,0.0,0.0,84.0,1.0,0.0,6.0,0.0,0.0,66.0,13.0,189.0,0.0,0.0,5.0,0.0,0.0,0.0,0.0,0.0,21.0,0.0,0.0,34.0,21.0,1.0,4.0,7.0,0.0,70.0,5.0,0.0,145.0,0.0,4.0,0.0,2.0,39.0,18.0,2.0,1.0,0.0,55.0
40,2025,12,0.0,6.0,0.0,0.0,0.0,111.0,0.0,38.0,3.0,0.0,63.0,6.0,49.0,13.0,0.0,0.0,1.0,78.0,2.0,0.0,6.0,0.0,0.0,60.0,14.0,183.0,0.0,0.0,9.0,0.0,0.0,0.0,0.0,0.0,26.0,0.0,0.0,22.0,20.0,0.0,3.0,7.0,0.0,69.0,4.0,1.0,132.0,0.0,6.0,0.0,2.0,45.0,14.0,5.0,1.0,0.0,50.0
41,2024,1,0.0,0.0,0.0,0.0,0.0,1.0,0.0,0.0,0.0,0.0,0.0,0.0,0.0,0.0,0.0,0.0,0.0,0.0,0.0,0.0,0.0,0.0,0.0,0.0,1.0,0.0,0.0,0.0,0.0,0.0,0.0,0.0,0.0,0.0,0.0,0.0,0.0,0.0,0.0,0.0,0.0,0.0,0.0,1.0,0.0,0.0,0.0,0.0,0.0,0.0,0.0,0.0,2.0,0.0,0.0,0.0,0.0
41,2024,2,0.0,0.0,0.0,0.0,0.0,0.0,0.0,0.0,0.0,0.0,0.0,0.0,0.0,0.0,0.0,0.0,0.0,0.0,0.0,0.0,0.0,0.0,0.0,0.0,0.0,0.0,0.0,0.0,0.0,0.0,0.0,0.0,0.0,0.0,0.0,0.0,0.0,1.0,0.0,0.0,0.0,0.0,0.0,0.0,0.0,0.0,2.0,0.0,0.0,0.0,0.0,0.0,0.0,0.0,0.0,0.0,0.0
41,2024,3,0.0,0.0,0.0,0.0,0.0,0.0,0.0,0.0,0.0,0.0,0.0,0.0,0.0,0.0,0.0,0.0,0.0,0.0,0.0,0.0,0.0,0.0,0.0,0.0,1.0,1.0,0.0,0.0,0.0,0.0,0.0,0.0,0.0,0.0,0.0,0.0,0.0,0.0,0.0,0.0,0.0,0.0,0.0,0.0,0.0,0.0,0.0,0.0,0.0,0.0,0.0,0.0,0.0,0.0,0.0,0.0,0.0
41,2024,4,0.0,0.0,0.0,0.0,0.0,0.0,0.0,0.0,0.0,0.0,0.0,0.0,0.0,0.0,0.0,0.0,0.0,0.0,0.0,0.0,0.0,0.0,0.0,1.0,0.0,0.0,0.0,0.0,0.0,0.0,0.0,0.0,0.0,0.0,0.0,0.0,0.0,0.0,0.0,0.0,0.0,0.0,0.0,0.0,0.0,0.0,1.0,0.0,0.0,0.0,0.0,0.0,1.0,0.0,0.0,0.0,0.0
41,2024,5,0.0,0.0,0.0,0.0,0.0,0.0,0.0,0.0,0.0,0.0,0.0,0.0,0.0,0.0,0.0,0.0,0.0,1.0,0.0,0.0,0.0,0.0,0.0,0.0,0.0,0.0,0.0,0.0,0.0,0.0,0.0,0.0,0.0,0.0,0.0,0.0,0.0,0.0,0.0,0.0,0.0,0.0,0.0,0.0,0.0,0.0,0.0,0.0,0.0,0.0,1.0,0.0,1.0,0.0,0.0,0.0,0.0
41,2024,6,0.0,0.0,0.0,0.0,0.0,0.0,0.0,0.0,0.0,0.0,0.0,0.0,0.0,0.0,0.0,0.0,0.0,2.0,0.0,0.0,0.0,0.0,0.0,1.0,0.0,0.0,0.0,0.0,0.0,0.0,0.0,0.0,0.0,0.0,0.0,0.0,0.0,0.0,0.0,0.0,0.0,0.0,0.0,0.0,0.0,0.0,1.0,0.0,0.0,0.0,0.0,0.0,0.0,0.0,0.0,0.0,0.0
41,2024,7,1.0,0.0,0.0,0.0,0.0,1.0,0.0,0.0,0.0,0.0,0.0,0.0,0.0,0.0,0.0,0.0,0.0,0.0,0.0,0.0,0.0,0.0,0.0,0.0,0.0,1.0,0.0,0.0,0.0,0.0,0.0,0.0,0.0,0.0,0.0,0.0,0.0,0.0,0.0,0.0,0.0,0.0,0.0,0.0,0.0,0.0,0.0,0.0,0.0,0.0,0.0,0.0,1.0,0.0,1.0,0.0,0.0
41,2024,8,0.0,0.0,0.0,0.0,0.0,0.0,0.0,0.0,0.0,0.0,0.0,0.0,0.0,0.0,0.0,0.0,0.0,1.0,0.0,0.0,0.0,0.0,0.0,0.0,1.0,0.0,0.0,0.0,0.0,0.0,0.0,0.0,0.0,0.0,0.0,0.0,0.0,0.0,0.0,0.0,0.0,0.0,0.0,0.0,0.0,0.0,2.0,0.0,0.0,0.0,0.0,0.0,0.0,0.0,0.0,0.0,0.0
41,2024,9,0.0,0.0,0.0,0.0,0.0,0.0,0.0,0.0,0.0,0.0,1.0,0.0,1.0,0.0,0.0,0.0,0.0,1.0,0.0,0.0,0.0,0.0,0.0,2.0,0.0,2.0,0.0,0.0,0.0,0.0,0.0,0.0,0.0,0.0,1.0,0.0,0.0,0.0,0.0,0.0,0.0,0.0,0.0,0.0,0.0,0.0,2.0,0.0,0.0,0.0,0.0,0.0,1.0,0.0,0.0,0.0,0.0
41,2024,10,0.0,0.0,0.0,0.0,0.0,1.0,0.0,1.0,0.0,0.0,1.0,0.0,0.0,0.0,0.0,0.0,0.0,2.0,0.0,0.0,0.0,0.0,0.0,0.0,0.0,0.0,0.0,0.0,0.0,0.0,0.0,0.0,0.0,0.0,1.0,0.0,0.0,0.0,0.0,0.0,0.0,0.0,0.0,0.0,0.0,0.0,2.0,0.0,0.0,0.0,0.0,0.0,2.0,0.0,1.0,0.0,0.0
41,2024,11,0.0,0.0,0.0,0.0,0.0,1.0,0.0,0.0,0.0,0.0,0.0,0.0,0.0,0.0,0.0,0.0,0.0,2.0,1.0,0.0,0.0,0.0,0.0,1.0,0.0,0.0,0.0,0.0,0.0,0.0,0.0,0.0,0.0,0.0,0.0,0.0,0.0,0.0,2.0,0.0,0.0,0.0,0.0,0.0,0.0,0.0,5.0,1.0,0.0,0.0,1.0,0.0,0.0,1.0,0.0,0.0,0.0
41,2024,12,0.0,1.0,0.0,0.0,1.0,1.0,0.0,0.0,0.0,0.0,0.0,0.0,0.0,0.0,0.0,0.0,0.0,9.0,0.0,0.0,0.0,0.0,0.0,5.0,1.0,5.0,0.0,0.0,0.0,0.0,0.0,0.0,0.0,0.0,5.0,0.0,0.0,3.0,5.0,0.0,0.0,0.0,0.0,0.0,0.0,0.0,5.0,0.0,0.0,0.0,1.0,0.0,5.0,3.0,2.0,0.0,0.0
41,2025,1,0.0,5.0,0.0,0.0,0.0,72.0,0.0,14.0,1.0,0.0,29.0,2.0,25.0,12.0,0.0,0.0,0.0,64.0,7.0,0.0,3.0,0.0,0.0,34.0,14.0,87.0,0.0,0.0,3.0,0.0,0.0,0.0,0.0,0.0,55.0,0.0,0.0,25.0,32.0,1.0,2.0,2.0,0.0,66.0,1.0,0.0,82.0,0.0,3.0,1.0,4.0,16.0,11.0,1.0,2.0,0.0,24.0
41,2025,2,0.0,3.0,2.0,0.0,2.0,68.0,0.0,17.0,0.0,1.0,37.0,6.0,19.0,2.0,0.0,0.0,0.0,51.0,4.0,0.0,3.0,0.0,0.0,16.0,11.0,81.0,0.0,0.0,5.0,0.0,0.0,0.0,0.0,0.0,31.0,0.0,0.0,18.0,30.0,0.0,5.0,2.0,0.0,75.0,5.0,1.0,74.0,0.0,3.0,0.0,5.0,11.0,15.0,1.0,1.0,0.0,37.0
41,2025,3,0.0,5.0,0.0,0.0,0.0,75.0,1.0,15.0,0.0,0.0,30.0,2.0,30.0,11.0,0.0,0.0,0.0,48.0,7.0,0.0,3.0,0.0,0.0,30.0,18.0,114.0,0.0,0.0,1.0,0.0,0.0,3.0,0.0,0.0,27.0,0.0,0.0,21.0,28.0,0.0,9.0,3.0,0.0,54.0,17.0,2.0,68.0,0.0,5.0,1.0,5.0,15.0,16.0,0.0,3.0,0.0,42.0
41,2025,4,0.0,2.0,0.0,0.0,1.0,71.0,0.0,18.0,0.0,0.0,46.0,4.0,35.0,8.0,0.0,0.0,0.0,43.0,7.0,0.0,2.0,0.0,0.0,29.0,12.0,91.0,0.0,0.0,3.0,0.0,0.0,0.0,0.0,0.0,24.0,0.0,0.0,21.0,19.0,0.0,11.0,3.0,0.0,66.0,9.0,2.0,63.0,0.0,3.0,0.0,6.0,21.0,16.0,1.0,1.0,0.0,32.0
41,2025,5,0.0,5.0,0.0,0.0,4.0,69.0,0.0,27.0,0.0,0.0,35.0,5.0,15.0,12.0,0.0,0.0,0.0,44.0,3.0,0.0,5.0,0.0,0.0,35.0,21.0,93.0,0.0,0.0,2.0,0.0,0.0,1.0,0.0,0.0,44.0,0.0,0.0,14.0,33.0,1.0,7.0,2.0,0.0,58.0,5.0,0.0,80.0,0.0,4.0,0.0,7.0,33.0,10.0,1.0,2.0,0.0,22.0
41,2025,6,0.0,3.0,0.0,0.0,3.0,83.0,1.0,15.0,0.0,0.0,29.0,3.0,22.0,10.0,0.0,0.0,0.0,57.0,5.0,0.0,1.0,0.0,0.0,25.0,15.0,87.0,0.0,0.0,3.0,0.0,0.0,0.0,0.0,0.0,24.0,1.0,0.0,30.0,26.0,0.0,7.0,1.0,0.0,46.0,4.0,0.0,60.0,0.0,1.0,1.0,9.0,33.0,18.0,4.0,4.0,0.0,20.0
41,2025,7,0.0,3.0,0.0,0.0,1.0,89.0,1.0,23.0,3.0,0.0,27.0,2.0,14.0,12.0,0.0,0.0,0.0,40.0,6.0,0.0,4.0,0.0,0.0,43.0,16.0,116.0,0.0,0.0,3.0,0.0,0.0,0.0,0.0,0.0,20.0,1.0,0.0,15.0,42.0,1.0,3.0,0.0,0.0,51.0,3.0,0.0,73.0,1.0,3.0,0.0,7.0,28.0,9.0,3.0,3.0,0.0,25.0
41,2025,8,0.0,1.0,0.0,0.0,2.0,71.0,0.0,19.0,1.0,1.0,31.0,3.0,15.0,10.0,1.0,0.0,0.0,46.0,2.0,0.0,0.0,0.0,1.0,36.0,17.0,81.0,0.0,0.0,2.0,0.0,0.0,0.0,0.0,0.0,18.0,0.0,0.0,25.0,30.0,2.0,9.0,0.0,0.0,27.0,4.0,0.0,52.0,0.0,4.0,0.0,3.0,22.0,16.0,2.0,1.0,0.0,23.0
41,2025,9,0.0,1.0,0.0,0.0,0.0,90.0,0.0,13.0,0.0,0.0,30.0,5.0,16.0,17.0,1.0,0.0,0.0,34.0,3.0,0.0,2.0,0.0,0.0,36.0,9.0,99.0,0.0,0.0,3.0,0.0,0.0,0.0,0.0,0.0,26.0,1.0,0.0,26.0,30.0,1.0,5.0,0.0,0.0,55.0,4.0,0.0,72.0,0.0,6.0,0.0,6.0,31.0,26.0,3.0,0.0,0.0,14.0
41,2025,10,0.0,2.0,0.0,0.0,0.0,84.0,0.0,17.0,0.0,0.0,32.0,3.0,18.0,19.0,0.0,0.0,0.0,40.0,3.0,0.0,4.0,0.0,0.0,20.0,8.0,92.0,0.0,0.0,1.0,0.0,0.0,0.0,0.0,0.0,30.0,0.0,0.0,26.0,37.0,0.0,3.0,1.0,0.0,64.0,6.0,3.0,74.0,0.0,5.0,1.0,6.0,23.0,18.0,4.0,1.0,0.0,27.0
41,2025,11,0.0,5.0,0.0,0.0,1.0,84.0,0.0,19.0,1.0,0.0,45.0,7.0,21.0,12.0,0.0,0.0,0.0,45.0,1.0,0.0,2.0,0.0,1.0,34.0,8.0,94.0,0.0,0.0,1.0,0.0,0.0,0.0,0.0,0.0,33.0,0.0,0.0,21.0,48.0,1.0,2.0,2.0,0.0,69.0,5.0,1.0,58.0,0.0,3.0,0.0,1.0,9.0,10.0,0.0,1.0,0.0,18.0
41,2025,12,0.0,0.0,0.0,0.0,0.0,63.0,1.0,20.0,2.0,0.0,31.0,9.0,18.0,9.0,0.0,0.0,0.0,32.0,3.0,0.0,3.0,0.0,0.0,17.0,4.0,70.0,0.0,0.0,3.0,0.0,0.0,0.0,0.0,0.0,22.0,0.0,0.0,17.0,28.0,0.0,6.0,2.0,0.0,44.0,4.0,0.0,59.0,0.0,2.0,0.0,2.0,15.0,12.0,4.0,2.0,0.0,17.0
42,2024,1,0.0,0.0,0.0,0.0,0.0,0.0,0.0,0.0,0.0,0.0,0.0,1.0,0.0,0.0,0.0,0.0,0.0,0.0,1.0,0.0,0.0,0.0,0.0,2.0,0.0,0.0,0.0,0.0,0.0,0.0,0.0,0.0,0.0,0.0,0.0,0.0,0.0,1.0,0.0,0.0,0.0,0.0,0.0,0.0,0.0,0.0,1.0,0.0,0.0,0.0,0.0,0.0,1.0,0.0,0.0,0.0,0.0
42,2024,2,0.0,0.0,0.0,0.0,0.0,0.0,0.0,0.0,0.0,0.0,0.0,0.0,0.0,0.0,0.0,0.0,0.0,0.0,0.0,0.0,0.0,0.0,0.0,1.0,0.0,0.0,0.0,0.0,0.0,0.0,0.0,0.0,0.0,0.0,1.0,0.0,0.0,1.0,0.0,0.0,1.0,0.0,0.0,0.0,0.0,0.0,1.0,0.0,0.0,0.0,0.0,0.0,0.0,0.0,0.0,0.0,0.0
42,2024,3,0.0,0.0,0.0,0.0,0.0,0.0,0.0,1.0,0.0,0.0,0.0,0.0,0.0,1.0,0.0,0.0,0.0,0.0,0.0,0.0,0.0,0.0,0.0,0.0,0.0,0.0,0.0,0.0,0.0,0.0,0.0,0.0,0.0,0.0,0.0,0.0,0.0,0.0,0.0,0.0,0.0,0.0,0.0,0.0,1.0,0.0,2.0,0.0,0.0,0.0,0.0,0.0,0.0,0.0,0.0,0.0,0.0
42,2024,4,0.0,0.0,0.0,0.0,0.0,0.0,0.0,1.0,0.0,0.0,0.0,0.0,1.0,0.0,0.0,0.0,0.0,0.0,0.0,0.0,0.0,0.0,0.0,3.0,0.0,1.0,0.0,0.0,0.0,0.0,0.0,0.0,0.0,0.0,0.0,0.0,0.0,0.0,0.0,0.0,0.0,0.0,0.0,0.0,0.0,0.0,1.0,0.0,0.0,0.0,0.0,0.0,0.0,1.0,0.0,0.0,0.0
42,2024,5,0.0,0.0,0.0,0.0,0.0,1.0,0.0,0.0,0.0,0.0,0.0,0.0,0.0,0.0,0.0,0.0,0.0,0.0,0.0,0.0,0.0,0.0,0.0,0.0,1.0,0.0,0.0,0.0,0.0,0.0,0.0,0.0,0.0,0.0,0.0,0.0,0.0,0.0,0.0,0.0,0.0,0.0,0.0,0.0,0.0,0.0,1.0,0.0,0.0,0.0,0.0,0.0,0.0,0.0,0.0,0.0,0.0
42,2024,6,0.0,1.0,0.0,0.0,0.0,0.0,0.0,0.0,0.0,0.0,0.0,0.0,0.0,0.0,0.0,0.0,0.0,0.0,0.0,0.0,0.0,0.0,0.0,1.0,0.0,2.0,0.0,0.0,0.0,0.0,0.0,0.0,0.0,0.0,0.0,0.0,0.0,0.0,0.0,0.0,0.0,0.0,0.0,0.0,0.0,0.0,2.0,0.0,0.0,0.0,1.0,0.0,0.0,0.0,0.0,0.0,0.0
42,2024,7,0.0,0.0,0.0,0.0,0.0,0.0,0.0,0.0,0.0,0.0,0.0,0.0,0.0,0.0,0.0,0.0,0.0,0.0,0.0,0.0,0.0,0.0,0.0,1.0,1.0,0.0,0.0,0.0,0.0,0.0,0.0,0.0,0.0,0.0,0.0,0.0,0.0,0.0,0.0,0.0,0.0,0.0,0.0,0.0,0.0,0.0,0.0,0.0,1.0,0.0,0.0,0.0,0.0,0.0,0.0,0.0,0.0
42,2024,8,0.0,0.0,0.0,0.0,0.0,0.0,0.0,0.0,0.0,0.0,0.0,0.0,0.0,0.0,0.0,0.0,0.0,0.0,0.0,0.0,0.0,0.0,0.0,3.0,1.0,1.0,0.0,0.0,0.0,0.0,0.0,0.0,0.0,0.0,0.0,0.0,0.0,0.0,0.0,0.0,0.0,0.0,0.0,0.0,0.0,0.0,2.0,0.0,0.0,0.0,0.0,0.0,0.0,0.0,0.0,0.0,0.0
42,2024,9,0.0,0.0,0.0,0.0,1.0,1.0,0.0,0.0,0.0,0.0,1.0,0.0,0.0,0.0,0.0,0.0,0.0,0.0,1.0,0.0,1.0,0.0,0.0,2.0,0.0,0.0,0.0,0.0,0.0,0.0,0.0,0.0,0.0,0.0,0.0,0.0,0.0,2.0,0.0,0.0,0.0,0.0,0.0,0.0,0.0,0.0,2.0,0.0,0.0,0.0,0.0,0.0,0.0,1.0,0.0,0.0,0.0
42,2024,10,0.0,0.0,0.0,0.0,0.0,0.0,0.0,0.0,0.0,0.0,0.0,0.0,0.0,0.0,0.0,0.0,0.0,0.0,0.0,0.0,0.0,0.0,0.0,1.0,0.0,1.0,0.0,0.0,0.0,0.0,0.0,0.0,0.0,0.0,0.0,0.0,0.0,0.0,0.0,0.0,0.0,0.0,0.0,0.0,0.0,0.0,3.0,1.0,0.0,0.0,1.0,0.0,0.0,3.0,0.0,0.0,0.0
42,2024,11,0.0,0.0,0.0,0.0,0.0,1.0,0.0,0.0,0.0,0.0,0.0,0.0,0.0,0.0,0.0,0.0,0.0,0.0,1.0,0.0,0.0,0.0,0.0,1.0,0.0,4.0,0.0,0.0,0.0,0.0,0.0,0.0,0.0,0.0,0.0,0.0,0.0,0.0,0.0,0.0,0.0,0.0,0.0,0.0,0.0,0.0,5.0,0.0,0.0,0.0,0.0,0.0,1.0,0.0,0.0,0.0,0.0
42,2024,12,0.0,0.0,0.0,0.0,0.0,4.0,0.0,1.0,0.0,0.0,2.0,0.0,0.0,0.0,0.0,0.0,0.0,2.0,0.0,0.0,0.0,0.0,0.0,9.0,1.0,8.0,0.0,0.0,0.0,0.0,0.0,0.0,0.0,0.0,1.0,0.0,0.0,6.0,0.0,0.0,0.0,0.0,0.0,0.0,0.0,0.0,6.0,0.0,0.0,0.0,0.0,1.0,2.0,0.0,0.0,0.0,0.0
42,2025,1,0.0,1.0,0.0,1.0,1.0,101.0,0.0,24.0,0.0,0.0,50.0,7.0,10.0,13.0,0.0,0.0,0.0,38.0,2.0,0.0,5.0,0.0,0.0,44.0,16.0,148.0,0.0,0.0,0.0,0.0,0.0,0.0,0.0,0.0,30.0,0.0,0.0,46.0,12.0,0.0,3.0,5.0,0.0,17.0,10.0,2.0,86.0,2.0,4.0,0.0,2.0,37.0,7.0,2.0,1.0,0.0,63.0
42,2025,2,0.0,4.0,0.0,0.0,1.0,75.0,0.0,15.0,0.0,0.0,41.0,4.0,20.0,7.0,0.0,0.0,0.0,57.0,6.0,0.0,2.0,0.0,0.0,34.0,17.0,132.0,0.0,0.0,0.0,0.0,0.0,0.0,0.0,0.0,9.0,0.0,0.0,19.0,14.0,0.0,2.0,6.0,0.0,20.0,3.0,2.0,97.0,1.0,0.0,0.0,0.0,28.0,9.0,2.0,1.0,1.0,37.0
42,2025,3,0.0,0.0,0.0,0.0,0.0,111.0,0.0,18.0,0.0,0.0,56.0,6.0,15.0,10.0,0.0,0.0,0.0,66.0,4.0,0.0,2.0,0.0,1.0,47.0,21.0,180.0,0.0,0.0,4.0,0.0,0.0,1.0,0.0,0.0,37.0,0.0,0.0,38.0,6.0,0.0,3.0,2.0,0.0,35.0,6.0,1.0,109.0,2.0,2.0,0.0,5.0,33.0,8.0,0.0,1.0,0.0,51.0
42,2025,4,0.0,1.0,0.0,0.0,1.0,119.0,0.0,28.0,1.0,0.0,45.0,3.0,17.0,9.0,0.0,0.0,0.0,62.0,2.0,0.0,1.0,0.0,0.0,42.0,32.0,170.0,0.0,0.0,4.0,0.0,0.0,1.0,0.0,0.0,21.0,0.0,0.0,35.0,11.0,0.0,1.0,3.0,0.0,28.0,10.0,3.0,113.0,3.0,5.0,0.0,2.0,43.0,11.0,4.0,1.0,0.0,39.0
42,2025,5,0.0,3.0,0.0,0.0,2.0,117.0,0.0,17.0,1.0,1.0,55.0,7.0,19.0,12.0,0.0,0.0,1.0,89.0,4.0,0.0,4.0,0.0,0.0,65.0,25.0,214.0,0.0,0.0,9.0,0.0,0.0,1.0,0.0,0.0,36.0,2.0,0.0,38.0,17.0,0.0,4.0,10.0,0.0,14.0,13.0,0.0,100.0,1.0,2.0,0.0,4.0,44.0,19.0,8.0,1.0,0.0,62.0
42,2025,6,0.0,0.0,0.0,0.0,1.0,115.0,1.0,16.0,0.0,0.0,62.0,3.0,25.0,18.0,0.0,0.0,0.0,78.0,1.0,0.0,2.0,0.0,0.0,56.0,17.0,172.0,0.0,0.0,6.0,0.0,0.0,0.0,0.0,0.0,30.0,2.0,0.0,24.0,7.0,1.0,2.0,3.0,1.0,11.0,14.0,1.0,104.0,0.0,6.0,0.0,5.0,32.0,10.0,6.0,2.0,0.0,60.0
42,2025,7,0.0,0.0,0.0,0.0,3.0,132.0,0.0,18.0,0.0,0.0,70.0,5.0,17.0,15.0,2.0,0.0,0.0,70.0,3.0,0.0,1.0,0.0,0.0,60.0,22.0,207.0,0.0,0.0,2.0,0.0,0.0,0.0,0.0,0.0,15.0,1.0,0.0,32.0,7.0,0.0,4.0,4.0,0.0,13.0,7.0,0.0,96.0,2.0,4.0,0.0,1.0,52.0,15.0,2.0,1.0,0.0,39.0
42,2025,8,0.0,1.0,0.0,1.0,0.0,123.0,0.0,22.0,2.0,0.0,49.0,2.0,18.0,14.0,0.0,0.0,0.0,69.0,6.0,0.0,2.0,0.0,2.0,50.0,22.0,167.0,0.0,0.0,1.0,0.0,0.0,0.0,0.0,2.0,21.0,2.0,0.0,25.0,11.0,0.0,4.0,3.0,0.0,14.0,6.0,3.0,112.0,0.0,1.0,0.0,6.0,40.0,4.0,1.0,0.0,0.0,26.0
42,2025,9,0.0,3.0,0.0,0.0,0.0,122.0,0.0,21.0,0.0,0.0,55.0,3.0,12.0,15.0,0.0,0.0,0.0,74.0,3.0,0.0,3.0,0.0,2.0,48.0,20.0,150.0,0.0,0.0,5.0,0.0,0.0,0.0,0.0,0.0,34.0,0.0,0.0,40.0,11.0,0.0,1.0,2.0,0.0,21.0,10.0,2.0,72.0,0.0,5.0,0.0,3.0,37.0,9.0,0.0,1.0,0.0,24.0
42,2025,10,0.0,0.0,0.0,0.0,1.0,98.0,0.0,11.0,0.0,0.0,57.0,4.0,20.0,9.0,0.0,0.0,0.0,55.0,4.0,0.0,4.0,0.0,0.0,30.0,24.0,218.0,0.0,0.0,4.0,0.0,0.0,0.0,0.0,0.0,24.0,2.0,0.0,39.0,13.0,0.0,1.0,2.0,0.0,12.0,9.0,3.0,90.0,0.0,1.0,0.0,1.0,23.0,10.0,3.0,1.0,0.0,61.0
42,2025,11,0.0,1.0,0.0,0.0,1.0,82.0,0.0,11.0,1.0,0.0,46.0,1.0,15.0,11.0,0.0,0.0,0.0,73.0,2.0,0.0,5.0,0.0,0.0,42.0,17.0,142.0,0.0,0.0,3.0,0.0,0.0,0.0,0.0,0.0,30.0,1.0,0.0,45.0,15.0,1.0,2.0,8.0,0.0,23.0,13.0,1.0,82.0,1.0,4.0,0.0,5.0,29.0,14.0,1.0,2.0,0.0,65.0
42,2025,12,0.0,1.0,0.0,1.0,0.0,97.0,0.0,15.0,0.0,0.0,41.0,4.0,31.0,9.0,0.0,0.0,0.0,56.0,4.0,0.0,3.0,0.0,0.0,32.0,16.0,144.0,0.0,0.0,0.0,0.0,0.0,0.0,0.0,0.0,13.0,0.0,0.0,28.0,16.0,0.0,0.0,8.0,0.0,11.0,8.0,2.0,86.0,0.0,1.0,0.0,4.0,23.0,9.0,1.0,0.0,0.0,52.0
43,2024,1,0.0,0.0,0.0,0.0,0.0,0.0,0.0,0.0,0.0,0.0,1.0,0.0,0.0,0.0,0.0,0.0,0.0,0.0,0.0,0.0,0.0,0.0,0.0,1.0,0.0,0.0,0.0,0.0,0.0,0.0,0.0,0.0,0.0,0.0,0.0,0.0,0.0,0.0,0.0,0.0,0.0,0.0,0.0,0.0,0.0,0.0,1.0,0.0,0.0,0.0,1.0,0.0,1.0,0.0,0.0,0.0,0.0
43,2024,2,0.0,0.0,0.0,0.0,0.0,0.0,0.0,0.0,0.0,0.0,0.0,0.0,0.0,0.0,0.0,0.0,0.0,2.0,0.0,0.0,0.0,0.0,0.0,0.0,0.0,0.0,0.0,0.0,0.0,0.0,0.0,0.0,0.0,0.0,0.0,1.0,0.0,0.0,0.0,0.0,0.0,0.0,0.0,0.0,0.0,0.0,2.0,0.0,0.0,0.0,0.0,0.0,0.0,1.0,0.0,0.0,0.0
43,2024,3,0.0,0.0,0.0,0.0,0.0,0.0,0.0,0.0,0.0,0.0,0.0,0.0,0.0,0.0,0.0,0.0,0.0,0.0,0.0,0.0,0.0,0.0,0.0,1.0,0.0,0.0,0.0,0.0,0.0,0.0,0.0,0.0,0.0,0.0,0.0,0.0,0.0,0.0,0.0,0.0,0.0,0.0,0.0,0.0,0.0,0.0,2.0,0.0,0.0,0.0,2.0,0.0,0.0,0.0,0.0,0.0,0.0
43,2024,4,0.0,0.0,0.0,0.0,0.0,1.0,0.0,0.0,0.0,0.0,0.0,0.0,0.0,0.0,0.0,0.0,0.0,0.0,0.0,0.0,0.0,0.0,0.0,2.0,0.0,0.0,0.0,0.0,0.0,0.0,0.0,0.0,0.0,0.0,0.0,0.0,0.0,0.0,0.0,0.0,0.0,0.0,0.0,0.0,0.0,0.0,2.0,0.0,0.0,0.0,0.0,0.0,0.0,1.0,0.0,0.0,0.0
43,2024,5,0.0,0.0,0.0,0.0,0.0,0.0,0.0,0.0,0.0,0.0,0.0,0.0,0.0,0.0,0.0,0.0,0.0,0.0,0.0,0.0,0.0,0.0,0.0,3.0,0.0,1.0,0.0,0.0,0.0,0.0,0.0,0.0,0.0,0.0,0.0,0.0,0.0,0.0,0.0,0.0,0.0,0.0,0.0,0.0,0.0,0.0,4.0,0.0,0.0,0.0,0.0,0.0,0.0,0.0,0.0,0.0,0.0
43,2024,6,0.0,0.0,0.0,0.0,0.0,2.0,0.0,0.0,0.0,0.0,0.0,0.0,0.0,0.0,0.0,0.0,0.0,0.0,0.0,0.0,0.0,0.0,0.0,0.0,0.0,0.0,0.0,0.0,0.0,0.0,0.0,0.0,0.0,0.0,0.0,0.0,0.0,0.0,0.0,0.0,0.0,0.0,0.0,0.0,0.0,0.0,2.0,0.0,0.0,0.0,0.0,0.0,1.0,0.0,0.0,0.0,0.0
43,2024,7,0.0,0.0,0.0,0.0,0.0,0.0,0.0,0.0,0.0,0.0,1.0,0.0,0.0,0.0,0.0,0.0,0.0,1.0,0.0,0.0,0.0,0.0,0.0,2.0,1.0,1.0,0.0,0.0,0.0,0.0,0.0,0.0,0.0,0.0,1.0,0.0,0.0,2.0,0.0,0.0,0.0,0.0,0.0,0.0,0.0,0.0,5.0,0.0,0.0,0.0,0.0,0.0,1.0,0.0,0.0,0.0,0.0
43,2024,8,0.0,0.0,0.0,0.0,0.0,0.0,0.0,0.0,0.0,0.0,0.0,0.0,0.0,0.0,0.0,0.0,0.0,1.0,0.0,0.0,0.0,0.0,0.0,2.0,0.0,0.0,0.0,0.0,0.0,0.0,0.0,0.0,0.0,0.0,0.0,0.0,0.0,0.0,0.0,0.0,0.0,0.0,0.0,0.0,0.0,0.0,9.0,0.0,0.0,0.0,0.0,0.0,1.0,1.0,0.0,0.0,0.0
43,2024,9,0.0,0.0,0.0,0.0,0.0,1.0,0.0,0.0,0.0,0.0,0.0,0.0,0.0,0.0,0.0,0.0,0.0,1.0,0.0,0.0,0.0,0.0,0.0,6.0,0.0,0.0,0.0,0.0,0.0,0.0,0.0,0.0,0.0,0.0,0.0,0.0,0.0,0.0,0.0,0.0,0.0,0.0,0.0,0.0,0.0,0.0,7.0,0.0,0.0,0.0,0.0,0.0,0.0,1.0,0.0,0.0,0.0
43,2024,10,0.0,0.0,0.0,0.0,0.0,0.0,0.0,0.0,0.0,0.0,0.0,0.0,0.0,1.0,0.0,0.0,0.0,0.0,1.0,0.0,0.0,0.0,0.0,3.0,0.0,1.0,0.0,0.0,0.0,0.0,0.0,0.0,0.0,0.0,0.0,0.0,0.0,1.0,0.0,0.0,0.0,0.0,0.0,0.0,0.0,0.0,4.0,0.0,0.0,0.0,0.0,0.0,0.0,0.0,0.0,0.0,0.0
43,2024,11,0.0,1.0,0.0,0.0,0.0,0.0,0.0,0.0,0.0,0.0,1.0,0.0,0.0,0.0,0.0,0.0,0.0,0.0,0.0,0.0,0.0,0.0,0.0,10.0,0.0,1.0,0.0,0.0,0.0,0.0,0.0,0.0,0.0,0.0,0.0,0.0,0.0,1.0,0.0,0.0,0.0,0.0,0.0,0.0,0.0,0.0,6.0,0.0,0.0,1.0,0.0,0.0,0.0,1.0,1.0,0.0,0.0
43,2024,12,0.0,1.0,0.0,0.0,1.0,4.0,0.0,1.0,0.0,0.0,3.0,0.0,0.0,0.0,0.0,0.0,0.0,1.0,1.0,0.0,0.0,0.0,0.0,14.0,1.0,10.0,0.0,0.0,0.0,0.0,0.0,0.0,0.0,0.0,1.0,0.0,0.0,6.0,0.0,0.0,2.0,0.0,0.0,0.0,0.0,0.0,20.0,0.0,0.0,0.0,0.0,2.0,1.0,1.0,0.0,0.0,0.0
43,2025,1,0.0,4.0,0.0,0.0,3.0,103.0,0.0,32.0,0.0,0.0,66.0,2.0,14.0,10.0,0.0,0.0,0.0,49.0,11.0,0.0,3.0,0.0,2.0,80.0,37.0,159.0,0.0,0.0,5.0,0.0,0.0,0.0,0.0,0.0,15.0,2.0,0.0,34.0,19.0,1.0,4.0,14.0,0.0,21.0,9.0,1.0,165.0,3.0,5.0,0.0,3.0,39.0,7.0,1.0,1.0,0.0,41.0
43,2025,2,0.0,2.0,0.0,0.0,0.0,103.0,1.0,22.0,1.0,0.0,50.0,5.0,13.0,11.0,0.0,0.0,0.0,60.0,11.0,0.0,1.0,0.0,1.0,84.0,37.0,119.0,0.0,0.0,3.0,0.0,0.0,0.0,0.0,0.0,15.0,0.0,0.0,41.0,19.0,1.0,1.0,5.0,0.0,20.0,4.0,1.0,195.0,1.0,4.0,1.0,7.0,33.0,6.0,5.0,0.0,0.0,30.0
43,2025,3,0.0,0.0,1.0,0.0,3.0,138.0,0.0,22.0,0.0,0.0,86.0,1.0,17.0,9.0,0.0,0.0,1.0,69.0,12.0,0.0,7.0,0.0,0.0,101.0,41.0,154.0,0.0,0.0,5.0,0.0,0.0,0.0,0.0,0.0,24.0,0.0,0.0,28.0,12.0,2.0,4.0,3.0,0.0,19.0,8.0,1.0,171.0,2.0,1.0,0.0,6.0,31.0,14.0,12.0,5.0,0.0,53.0
43,2025,4,0.0,5.0,0.0,0.0,2.0,113.0,0.0,25.0,1.0,0.0,73.0,5.0,15.0,9.0,0.0,0.0,0.0,68.0,5.0,0.0,5.0,0.0,0.0,104.0,34.0,166.0,0.0,0.0,3.0,0.0,0.0,0.0,0.0,0.0,31.0,0.0,0.0,35.0,20.0,1.0,2.0,1.0,0.0,23.0,10.0,3.0,169.0,5.0,8.0,0.0,7.0,31.0,15.0,2.0,1.0,0.0,48.0
43,2025,5,0.0,1.0,0.0,1.0,0.0,154.0,0.0,20.0,0.0,1.0,81.0,2.0,20.0,13.0,0.0,0.0,0.0,62.0,12.0,0.0,4.0,0.0,0.0,94.0,53.0,180.0,0.0,0.0,3.0,0.0,0.0,0.0,0.0,0.0,31.0,1.0,0.0,36.0,24.0,0.0,2.0,4.0,0.0,12.0,8.0,1.0,165.0,0.0,1.0,0.0,4.0,46.0,20.0,8.0,0.0,0.0,64.0
43,2025,6,0.0,4.0,1.0,0.0,1.0,137.0,0.0,18.0,0.0,0.0,65.0,3.0,8.0,11.0,0.0,0.0,0.0,83.0,10.0,0.0,4.0,0.0,0.0,89.0,49.0,170.0,0.0,0.0,5.0,0.0,0.0,0.0,0.0,0.0,23.0,1.0,0.0,39.0,21.0,2.0,4.0,3.0,0.0,15.0,4.0,3.0,191.0,4.0,2.0,0.0,0.0,51.0,13.0,4.0,1.0,0.0,64.0
43,2025,7,0.0,1.0,0.0,0.0,0.0,134.0,0.0,23.0,0.0,1.0,74.0,1.0,11.0,10.0,0.0,0.0,0.0,71.0,6.0,0.0,2.0,0.0,0.0,91.0,45.0,182.0,0.0,0.0,3.0,0.0,0.0,0.0,0.0,0.0,29.0,0.0,0.0,39.0,23.0,1.0,7.0,2.0,0.0,17.0,4.0,4.0,143.0,1.0,4.0,0.0,6.0,48.0,13.0,3.0,0.0,0.0,59.0
43,2025,8,0.0,3.0,0.0,0.0,3.0,142.0,2.0,14.0,1.0,1.0,73.0,2.0,15.0,12.0,0.0,0.0,0.0,70.0,5.0,0.0,4.0,0.0,1.0,94.0,51.0,141.0,0.0,0.0,12.0,0.0,0.0,0.0,0.0,0.0,18.0,2.0,0.0,38.0,20.0,0.0,6.0,0.0,0.0,14.0,5.0,0.0,147.0,0.0,9.0,1.0,4.0,48.0,14.0,5.0,3.0,0.0,54.0
43,2025,9,0.0,5.0,0.0,0.0,3.0,112.0,0.0,21.0,1.0,1.0,62.0,3.0,13.0,11.0,1.0,0.0,0.0,78.0,10.0,0.0,4.0,0.0,1.0,75.0,31.0,179.0,0.0,0.0,2.0,0.0,0.0,0.0,0.0,0.0,26.0,1.0,0.0,29.0,21.0,0.0,6.0,2.0,0.0,17.0,7.0,1.0,167.0,0.0,2.0,0.0,5.0,34.0,13.0,4.0,2.0,0.0,62.0
43,2025,10,0.0,1.0,0.0,0.0,6.0,114.0,0.0,37.0,0.0,0.0,66.0,6.0,8.0,9.0,0.0,0.0,2.0,55.0,5.0,0.0,3.0,0.0,1.0,81.0,27.0,164.0,0.0,0.0,6.0,0.0,0.0,0.0,0.0,0.0,29.0,0.0,0.0,45.0,14.0,2.0,3.0,0.0,0.0,20.0,6.0,2.0,164.0,2.0,4.0,0.0,1.0,41.0,12.0,5.0,2.0,0.0,52.0
43,2025,11,0.0,4.0,0.0,1.0,0.0,122.0,0.0,20.0,4.0,0.0,71.0,2.0,11.0,6.0,0.0,0.0,0.0,71.0,5.0,0.0,2.0,0.0,0.0,64.0,30.0,172.0,0.0,0.0,6.0,0.0,0.0,0.0,0.0,0.0,14.0,3.0,0.0,27.0,20.0,2.0,9.0,0.0,0.0,12.0,9.0,1.0,146.0,1.0,6.0,1.0,8.0,26.0,11.0,4.0,2.0,0.0,66.0
43,2025,12,0.0,0.0,0.0,0.0,0.0,96.0,1.0,31.0,1.0,0.0,73.0,5.0,16.0,9.0,1.0,0.0,0.0,50.0,3.0,0.0,2.0,0.0,1.0,50.0,26.0,148.0,1.0,0.0,6.0,0.0,0.0,0.0,0.0,0.0,26.0,1.0,0.0,29.0,18.0,2.0,2.0,2.0,0.0,5.0,6.0,1.0,139.0,0.0,4.0,0.0,2.0,20.0,6.0,1.0,1.0,0.0,45.0
44,2024,1,0.0,0.0,0.0,0.0,0.0,1.0,0.0,0.0,0.0,0.0,0.0,0.0,0.0,0.0,0.0,0.0,0.0,1.0,0.0,0.0,0.0,0.0,0.0,1.0,0.0,0.0,0.0,0.0,0.0,0.0,0.0,0.0,0.0,0.0,0.0,0.0,0.0,0.0,0.0,0.0,0.0,0.0,0.0,0.0,0.0,0.0,0.0,0.0,0.0,0.0,0.0,0.0,1.0,0.0,0.0,0.0,0.0
44,2024,2,0.0,0.0,0.0,0.0,0.0,0.0,0.0,0.0,0.0,0.0,1.0,0.0,0.0,0.0,0.0,0.0,0.0,0.0,0.0,0.0,0.0,0.0,0.0,1.0,0.0,0.0,0.0,0.0,0.0,0.0,0.0,0.0,0.0,0.0,0.0,0.0,0.0,1.0,0.0,0.0,0.0,0.0,0.0,0.0,0.0,0.0,2.0,0.0,0.0,0.0,0.0,0.0,4.0,0.0,1.0,0.0,0.0
44,2024,3,0.0,0.0,0.0,0.0,0.0,0.0,0.0,0.0,0.0,0.0,0.0,0.0,0.0,0.0,0.0,0.0,0.0,0.0,0.0,0.0,0.0,0.0,0.0,2.0,0.0,0.0,0.0,0.0,0.0,0.0,0.0,0.0,0.0,0.0,1.0,0.0,0.0,0.0,0.0,0.0,0.0,0.0,0.0,0.0,1.0,0.0,1.0,0.0,0.0,0.0,0.0,0.0,0.0,1.0,0.0,0.0,0.0
44,2024,4,0.0,0.0,0.0,0.0,0.0,1.0,0.0,0.0,0.0,0.0,1.0,0.0,0.0,0.0,0.0,0.0,0.0,0.0,0.0,0.0,0.0,0.0,0.0,3.0,0.0,1.0,0.0,0.0,0.0,0.0,0.0,0.0,0.0,0.0,0.0,0.0,0.0,0.0,0.0,0.0,0.0,0.0,0.0,0.0,0.0,0.0,1.0,0.0,0.0,0.0,0.0,0.0,3.0,0.0,0.0,0.0,0.0
44,2024,5,0.0,0.0,0.0,0.0,0.0,1.0,0.0,0.0,0.0,0.0,0.0,0.0,0.0,0.0,0.0,0.0,0.0,0.0,0.0,0.0,0.0,0.0,0.0,0.0,0.0,0.0,0.0,0.0,0.0,0.0,0.0,0.0,0.0,0.0,0.0,0.0,0.0,0.0,0.0,0.0,0.0,0.0,0.0,0.0,0.0,0.0,1.0,0.0,0.0,0.0,0.0,0.0,0.0,0.0,0.0,0.0,0.0
44,2024,6,0.0,0.0,0.0,0.0,0.0,0.0,0.0,0.0,0.0,0.0,0.0,0.0,0.0,0.0,0.0,0.0,0.0,0.0,0.0,0.0,0.0,0.0,0.0,0.0,0.0,0.0,0.0,0.0,0.0,0.0,0.0,0.0,0.0,0.0,0.0,0.0,0.0,0.0,0.0,0.0,0.0,0.0,0.0,0.0,1.0,0.0,2.0,0.0,0.0,0.0,0.0,0.0,0.0,0.0,0.0,0.0,1.0
44,2024,7,0.0,0.0,0.0,0.0,0.0,0.0,0.0,1.0,0.0,0.0,0.0,0.0,0.0,0.0,0.0,0.0,0.0,1.0,0.0,0.0,1.0,0.0,0.0,3.0,1.0,2.0,0.0,0.0,0.0,0.0,0.0,0.0,0.0,0.0,0.0,0.0,0.0,0.0,0.0,0.0,0.0,0.0,0.0,0.0,0.0,0.0,2.0,0.0,0.0,0.0,0.0,0.0,0.0,0.0,0.0,0.0,0.0
44,2024,8,0.0,0.0,0.0,0.0,0.0,0.0,0.0,0.0,0.0,0.0,0.0,0.0,1.0,0.0,0.0,0.0,0.0,0.0,1.0,0.0,0.0,0.0,0.0,1.0,0.0,1.0,0.0,0.0,0.0,0.0,0.0,0.0,0.0,0.0,0.0,0.0,0.0,2.0,1.0,0.0,0.0,0.0,0.0,0.0,0.0,0.0,5.0,0.0,0.0,0.0,0.0,0.0,1.0,0.0,1.0,0.0,0.0
44,2024,9,0.0,0.0,0.0,0.0,0.0,0.0,0.0,0.0,0.0,0.0,0.0,0.0,1.0,0.0,0.0,0.0,0.0,0.0,0.0,0.0,0.0,0.0,0.0,4.0,1.0,0.0,0.0,0.0,0.0,0.0,0.0,0.0,0.0,0.0,1.0,0.0,0.0,3.0,0.0,0.0,0.0,0.0,0.0,0.0,0.0,0.0,7.0,0.0,0.0,0.0,0.0,0.0,1.0,0.0,0.0,0.0,0.0
44,2024,10,0.0,0.0,0.0,0.0,3.0,2.0,0.0,1.0,0.0,0.0,0.0,0.0,0.0,0.0,0.0,0.0,0.0,1.0,0.0,0.0,0.0,0.0,0.0,2.0,0.0,2.0,0.0,0.0,0.0,0.0,0.0,0.0,0.0,0.0,0.0,0.0,0.0,2.0,0.0,0.0,0.0,0.0,0.0,0.0,0.0,0.0,7.0,0.0,0.0,0.0,1.0,0.0,1.0,0.0,0.0,0.0,0.0
44,2024,11,0.0,0.0,0.0,0.0,1.0,1.0,0.0,0.0,0.0,0.0,6.0,0.0,0.0,0.0,0.0,0.0,0.0,0.0,1.0,0.0,0.0,0.0,0.0,8.0,1.0,3.0,0.0,0.0,0.0,0.0,0.0,0.0,0.0,0.0,1.0,0.0,0.0,2.0,0.0,0.0,0.0,0.0,0.0,0.0,0.0,0.0,7.0,0.0,0.0,0.0,0.0,1.0,2.0,1.0,0.0,0.0,0.0
44,2024,12,0.0,1.0,0.0,0.0,0.0,2.0,0.0,1.0,0.0,0.0,0.0,0.0,0.0,0.0,0.0,0.0,0.0,4.0,2.0,0.0,0.0,0.0,0.0,12.0,2.0,9.0,0.0,0.0,0.0,0.0,0.0,0.0,0.0,0.0,4.0,0.0,0.0,11.0,0.0,0.0,1.0,0.0,0.0,0.0,0.0,0.0,20.0,0.0,0.0,0.0,1.0,0.0,4.0,2.0,0.0,0.0,0.0
44,2025,1,0.0,1.0,0.0,0.0,1.0,139.0,1.0,23.0,0.0,0.0,73.0,11.0,20.0,22.0,0.0,0.0,1.0,85.0,22.0,0.0,2.0,0.0,0.0,65.0,27.0,164.0,0.0,0.0,7.0,0.0,0.0,0.0,0.0,0.0,47.0,3.0,0.0,44.0,22.0,0.0,15.0,4.0,1.0,42.0,15.0,3.0,144.0,2.0,7.0,0.0,5.0,38.0,17.0,1.0,3.0,0.0,92.0
44,2025,2,0.0,1.0,0.0,0.0,1.0,136.0,0.0,17.0,0.0,1.0,63.0,7.0,21.0,11.0,0.0,0.0,0.0,45.0,15.0,0.0,0.0,0.0,0.0,50.0,19.0,162.0,0.0,0.0,5.0,0.0,0.0,0.0,0.0,0.0,40.0,0.0,0.0,32.0,15.0,0.0,19.0,3.0,0.0,53.0,13.0,1.0,115.0,3.0,4.0,0.0,4.0,25.0,19.0,4.0,2.0,0.0,58.0
44,2025,3,0.0,6.0,0.0,0.0,0.0,143.0,0.0,19.0,0.0,0.0,87.0,10.0,33.0,21.0,1.0,0.0,0.0,83.0,12.0,0.0,4.0,0.0,2.0,65.0,30.0,196.0,0.0,0.0,8.0,0.0,0.0,0.0,0.0,0.0,57.0,1.0,0.0,38.0,16.0,0.0,18.0,3.0,0.0,31.0,13.0,4.0,173.0,1.0,13.0,0.0,2.0,34.0,26.0,2.0,6.0,0.0,95.0
44,2025,4,0.0,4.0,0.0,2.0,0.0,127.0,0.0,24.0,0.0,0.0,85.0,9.0,32.0,25.0,1.0,0.0,0.0,94.0,20.0,0.0,8.0,0.0,0.0,43.0,30.0,178.0,0.0,0.0,3.0,0.0,0.0,0.0,0.0,0.0,33.0,1.0,0.0,32.0,25.0,3.0,13.0,6.0,0.0,36.0,8.0,4.0,179.0,6.0,10.0,0.0,5.0,46.0,11.0,3.0,1.0,0.0,89.0
44,2025,5,0.0,4.0,0.0,1.0,0.0,180.0,0.0,20.0,1.0,0.0,79.0,19.0,30.0,28.0,0.0,0.0,1.0,82.0,16.0,0.0,6.0,0.0,1.0,76.0,44.0,170.0,0.0,0.0,12.0,0.0,0.0,0.0,0.0,0.0,47.0,1.0,0.0,46.0,24.0,1.0,16.0,3.0,0.0,18.0,17.0,0.0,176.0,6.0,11.0,0.0,3.0,54.0,22.0,1.0,2.0,0.0,102.0
44,2025,6,0.0,5.0,0.0,0.0,1.0,185.0,0.0,21.0,0.0,0.0,73.0,6.0,24.0,22.0,0.0,0.0,0.0,111.0,33.0,0.0,1.0,0.0,3.0,69.0,21.0,187.0,0.0,0.0,16.0,0.0,0.0,0.0,0.0,0.0,35.0,0.0,0.0,31.0,16.0,0.0,6.0,5.0,0.0,46.0,17.0,1.0,152.0,4.0,9.0,0.0,1.0,41.0,19.0,2.0,0.0,0.0,105.0
44,2025,7,0.0,2.0,0.0,0.0,2.0,184.0,0.0,23.0,0.0,0.0,86.0,8.0,32.0,28.0,0.0,0.0,0.0,127.0,22.0,0.0,2.0,0.0,1.0,60.0,38.0,186.0,0.0,0.0,11.0,0.0,0.0,2.0,0.0,0.0,34.0,0.0,0.0,42.0,23.0,2.0,7.0,7.0,0.0,29.0,7.0,1.0,158.0,2.0,10.0,0.0,3.0,46.0,20.0,3.0,0.0,0.0,81.0
44,2025,8,0.0,3.0,0.0,0.0,0.0,170.0,0.0,18.0,2.0,0.0,63.0,4.0,52.0,21.0,0.0,0.0,0.0,97.0,23.0,0.0,7.0,0.0,0.0,54.0,21.0,169.0,0.0,0.0,19.0,0.0,0.0,1.0,0.0,0.0,45.0,1.0,0.0,40.0,18.0,1.0,9.0,9.0,0.0,36.0,9.0,1.0,126.0,2.0,8.0,0.0,3.0,40.0,13.0,1.0,4.0,0.0,121.0
44,2025,9,0.0,3.0,0.0,0.0,0.0,152.0,0.0,14.0,0.0,0.0,59.0,4.0,41.0,18.0,0.0,0.0,0.0,71.0,11.0,0.0,3.0,0.0,0.0,57.0,31.0,168.0,0.0,0.0,6.0,0.0,0.0,1.0,0.0,0.0,45.0,0.0,0.0,32.0,23.0,1.0,6.0,10.0,0.0,48.0,10.0,2.0,139.0,0.0,9.0,0.0,2.0,32.0,18.0,3.0,2.0,0.0,93.0
44,2025,10,0.0,10.0,0.0,0.0,2.0,151.0,1.0,17.0,2.0,0.0,61.0,10.0,28.0,18.0,0.0,0.0,0.0,76.0,14.0,0.0,4.0,0.0,2.0,71.0,14.0,198.0,0.0,0.0,11.0,0.0,0.0,0.0,0.0,0.0,27.0,0.0,0.0,33.0,17.0,0.0,10.0,18.0,0.0,56.0,21.0,3.0,134.0,0.0,7.0,0.0,4.0,40.0,19.0,3.0,2.0,0.0,145.0
44,2025,11,0.0,5.0,0.0,0.0,2.0,135.0,0.0,16.0,0.0,1.0,69.0,5.0,33.0,18.0,0.0,0.0,0.0,81.0,19.0,0.0,2.0,0.0,1.0,60.0,21.0,168.0,0.0,0.0,3.0,0.0,0.0,1.0,0.0,0.0,34.0,0.0,0.0,22.0,21.0,1.0,8.0,19.0,0.0,54.0,11.0,4.0,125.0,0.0,7.0,0.0,2.0,35.0,18.0,0.0,2.0,0.0,95.0
44,2025,12,0.0,7.0,0.0,0.0,0.0,143.0,0.0,15.0,0.0,0.0,57.0,5.0,13.0,20.0,0.0,0.0,0.0,58.0,11.0,0.0,1.0,0.0,0.0,44.0,16.0,158.0,0.0,0.0,7.0,0.0,0.0,0.0,0.0,0.0,35.0,1.0,0.0,30.0,22.0,1.0,5.0,10.0,0.0,54.0,11.0,1.0,101.0,0.0,3.0,0.0,2.0,29.0,17.0,1.0,2.0,0.0,100.0
45,2024,1,0.0,0.0,0.0,0.0,0.0,0.0,0.0,0.0,0.0,0.0,0.0,0.0,0.0,0.0,0.0,0.0,0.0,0.0,0.0,0.0,0.0,0.0,0.0,1.0,1.0,0.0,0.0,0.0,0.0,0.0,0.0,0.0,0.0,0.0,1.0,0.0,0.0,1.0,0.0,0.0,0.0,0.0,0.0,0.0,0.0,0.0,0.0,0.0,0.0,0.0,0.0,0.0,1.0,0.0,0.0,0.0,0.0
45,2024,2,0.0,0.0,0.0,0.0,0.0,0.0,0.0,0.0,0.0,0.0,0.0,0.0,0.0,0.0,0.0,0.0,0.0,0.0,0.0,0.0,0.0,0.0,0.0,0.0,0.0,1.0,0.0,0.0,0.0,0.0,0.0,0.0,0.0,0.0,0.0,0.0,0.0,1.0,0.0,0.0,0.0,0.0,0.0,0.0,0.0,0.0,2.0,0.0,0.0,0.0,0.0,0.0,0.0,0.0,0.0,0.0,0.0
45,2024,3,0.0,0.0,0.0,0.0,0.0,0.0,0.0,0.0,0.0,0.0,0.0,0.0,0.0,0.0,0.0,0.0,0.0,0.0,0.0,0.0,1.0,0.0,0.0,2.0,0.0,0.0,0.0,0.0,0.0,0.0,0.0,0.0,0.0,0.0,0.0,0.0,0.0,0.0,0.0,0.0,0.0,0.0,0.0,0.0,0.0,0.0,1.0,0.0,0.0,0.0,0.0,0.0,0.0,1.0,0.0,0.0,0.0
45,2024,4,0.0,0.0,0.0,0.0,0.0,1.0,0.0,0.0,0.0,0.0,0.0,0.0,0.0,0.0,0.0,0.0,0.0,0.0,0.0,0.0,0.0,0.0,0.0,0.0,0.0,0.0,0.0,0.0,0.0,0.0,0.0,0.0,0.0,0.0,0.0,0.0,0.0,0.0,0.0,0.0,0.0,0.0,0.0,0.0,0.0,0.0,1.0,0.0,0.0,0.0,0.0,0.0,0.0,1.0,0.0,0.0,0.0
45,2024,5,0.0,0.0,0.0,0.0,0.0,0.0,0.0,0.0,0.0,0.0,0.0,0.0,0.0,0.0,0.0,0.0,0.0,1.0,0.0,0.0,0.0,0.0,0.0,1.0,0.0,0.0,0.0,0.0,0.0,0.0,0.0,0.0,0.0,0.0,0.0,0.0,0.0,0.0,0.0,0.0,0.0,0.0,0.0,0.0,0.0,0.0,7.0,0.0,0.0,0.0,0.0,0.0,2.0,0.0,0.0,0.0,0.0
45,2024,6,0.0,0.0,0.0,0.0,0.0,1.0,0.0,0.0,0.0,0.0,0.0,0.0,0.0,0.0,0.0,0.0,0.0,0.0,0.0,0.0,0.0,0.0,0.0,1.0,0.0,1.0,0.0,0.0,0.0,0.0,0.0,0.0,0.0,0.0,0.0,0.0,0.0,0.0,0.0,0.0,0.0,0.0,0.0,0.0,0.0,0.0,0.0,0.0,0.0,0.0,0.0,0.0,0.0,0.0,0.0,0.0,0.0
45,2024,7,0.0,0.0,0.0,0.0,0.0,1.0,0.0,0.0,0.0,0.0,0.0,0.0,0.0,0.0,0.0,0.0,0.0,1.0,0.0,0.0,0.0,0.0,0.0,2.0,0.0,0.0,0.0,0.0,0.0,0.0,0.0,0.0,0.0,0.0,0.0,1.0,0.0,1.0,0.0,0.0,0.0,0.0,0.0,0.0,0.0,0.0,0.0,0.0,0.0,0.0,0.0,0.0,1.0,0.0,0.0,0.0,0.0
45,2024,8,0.0,0.0,0.0,0.0,0.0,0.0,0.0,0.0,0.0,0.0,0.0,0.0,0.0,0.0,0.0,0.0,0.0,0.0,0.0,0.0,0.0,0.0,0.0,1.0,1.0,0.0,0.0,0.0,0.0,0.0,0.0,0.0,0.0,0.0,0.0,0.0,0.0,1.0,0.0,0.0,0.0,0.0,0.0,0.0,0.0,0.0,2.0,0.0,0.0,0.0,0.0,1.0,0.0,0.0,0.0,0.0,0.0
45,2024,9,0.0,0.0,0.0,0.0,0.0,0.0,0.0,0.0,0.0,0.0,0.0,0.0,0.0,0.0,0.0,0.0,0.0,0.0,0.0,0.0,0.0,0.0,0.0,6.0,0.0,0.0,0.0,0.0,0.0,0.0,0.0,0.0,0.0,0.0,0.0,0.0,0.0,0.0,0.0,0.0,0.0,0.0,0.0,0.0,0.0,0.0,7.0,0.0,0.0,0.0,1.0,0.0,2.0,1.0,0.0,0.0,0.0
45,2024,10,0.0,0.0,0.0,0.0,0.0,0.0,0.0,0.0,0.0,0.0,0.0,0.0,0.0,0.0,0.0,0.0,0.0,0.0,0.0,0.0,1.0,0.0,0.0,3.0,1.0,2.0,0.0,0.0,0.0,0.0,0.0,0.0,0.0,0.0,1.0,0.0,0.0,1.0,0.0,0.0,0.0,0.0,0.0,0.0,0.0,0.0,4.0,0.0,0.0,0.0,1.0,0.0,1.0,0.0,1.0,0.0,0.0
45,2024,11,0.0,0.0,0.0,0.0,1.0,1.0,0.0,0.0,0.0,0.0,1.0,0.0,0.0,0.0,0.0,0.0,0.0,0.0,0.0,0.0,0.0,0.0,0.0,6.0,1.0,4.0,0.0,0.0,0.0,0.0,0.0,0.0,0.0,0.0,1.0,1.0,0.0,0.0,1.0,0.0,0.0,0.0,0.0,0.0,0.0,0.0,1.0,0.0,0.0,0.0,0.0,0.0,0.0,0.0,0.0,0.0,0.0
45,2024,12,0.0,0.0,0.0,0.0,0.0,3.0,0.0,2.0,0.0,0.0,5.0,0.0,0.0,0.0,0.0,0.0,0.0,0.0,0.0,0.0,0.0,0.0,0.0,6.0,3.0,4.0,0.0,0.0,1.0,0.0,0.0,0.0,0.0,0.0,0.0,0.0,0.0,4.0,0.0,0.0,0.0,0.0,0.0,0.0,0.0,0.0,13.0,0.0,0.0,0.0,0.0,0.0,2.0,1.0,0.0,0.0,0.0
45,2025,1,0.0,0.0,0.0,0.0,0.0,45.0,0.0,12.0,0.0,0.0,44.0,1.0,8.0,4.0,0.0,0.0,0.0,27.0,0.0,0.0,2.0,0.0,0.0,36.0,48.0,78.0,0.0,0.0,16.0,0.0,0.0,0.0,0.0,0.0,11.0,0.0,0.0,28.0,5.0,0.0,1.0,1.0,0.0,2.0,3.0,1.0,102.0,1.0,0.0,0.0,1.0,27.0,9.0,2.0,1.0,0.0,45.0
45,2025,2,0.0,3.0,0.0,0.0,0.0,50.0,0.0,21.0,0.0,1.0,32.0,2.0,7.0,6.0,2.0,0.0,0.0,28.0,1.0,0.0,3.0,0.0,0.0,51.0,36.0,67.0,0.0,0.0,16.0,0.0,0.0,0.0,0.0,0.0,12.0,1.0,0.0,24.0,10.0,0.0,1.0,0.0,0.0,1.0,1.0,0.0,88.0,2.0,0.0,0.0,3.0,12.0,14.0,6.0,3.0,0.0,22.0
45,2025,3,0.0,2.0,0.0,0.0,1.0,65.0,1.0,11.0,0.0,0.0,49.0,2.0,7.0,4.0,0.0,0.0,0.0,35.0,5.0,0.0,2.0,0.0,0.0,67.0,32.0,102.0,0.0,0.0,19.0,0.0,0.0,0.0,0.0,0.0,21.0,1.0,0.0,32.0,3.0,1.0,2.0,4.0,0.0,0.0,3.0,0.0,121.0,0.0,2.0,0.0,0.0,24.0,7.0,7.0,1.0,0.0,37.0
45,2025,4,0.0,3.0,0.0,0.0,1.0,54.0,0.0,11.0,0.0,0.0,51.0,6.0,4.0,4.0,0.0,0.0,0.0,27.0,3.0,0.0,3.0,0.0,0.0,71.0,49.0,83.0,0.0,0.0,11.0,0.0,0.0,0.0,0.0,0.0,20.0,1.0,0.0,23.0,9.0,0.0,1.0,4.0,0.0,0.0,5.0,0.0,148.0,0.0,1.0,0.0,5.0,15.0,3.0,1.0,3.0,0.0,41.0
45,2025,5,0.0,0.0,0.0,0.0,0.0,53.0,0.0,8.0,0.0,0.0,51.0,1.0,2.0,5.0,0.0,0.0,0.0,45.0,0.0,0.0,1.0,0.0,0.0,49.0,52.0,99.0,0.0,0.0,12.0,0.0,0.0,1.0,0.0,0.0,17.0,0.0,0.0,28.0,9.0,0.0,1.0,1.0,0.0,2.0,5.0,0.0,98.0,0.0,1.0,0.0,2.0,22.0,4.0,3.0,2.0,0.0,43.0
45,2025,6,0.0,1.0,0.0,0.0,1.0,80.0,0.0,5.0,0.0,2.0,48.0,2.0,4.0,4.0,0.0,0.0,0.0,39.0,5.0,0.0,1.0,0.0,0.0,92.0,49.0,121.0,0.0,0.0,9.0,0.0,0.0,0.0,0.0,0.0,17.0,0.0,0.0,32.0,12.0,1.0,3.0,2.0,0.0,1.0,2.0,1.0,127.0,0.0,2.0,0.0,4.0,18.0,11.0,1.0,1.0,0.0,43.0
45,2025,7,0.0,1.0,0.0,0.0,0.0,58.0,0.0,6.0,0.0,0.0,40.0,1.0,1.0,3.0,0.0,0.0,0.0,27.0,1.0,0.0,5.0,0.0,0.0,89.0,58.0,119.0,0.0,0.0,6.0,0.0,0.0,0.0,0.0,0.0,22.0,2.0,0.0,29.0,20.0,1.0,4.0,0.0,0.0,6.0,3.0,1.0,141.0,1.0,2.0,0.0,1.0,23.0,10.0,4.0,1.0,0.0,37.0
45,2025,8,0.0,0.0,0.0,0.0,0.0,76.0,0.0,6.0,0.0,1.0,34.0,7.0,6.0,4.0,0.0,0.0,0.0,28.0,1.0,0.0,0.0,0.0,0.0,71.0,61.0,101.0,0.0,0.0,11.0,0.0,0.0,0.0,0.0,0.0,18.0,2.0,0.0,24.0,7.0,0.0,1.0,2.0,0.0,3.0,4.0,1.0,104.0,0.0,0.0,0.0,2.0,14.0,5.0,2.0,0.0,0.0,39.0
45,2025,9,0.0,1.0,0.0,0.0,1.0,51.0,0.0,9.0,0.0,0.0,40.0,2.0,4.0,5.0,0.0,0.0,0.0,32.0,1.0,0.0,2.0,0.0,0.0,62.0,43.0,116.0,0.0,0.0,9.0,0.0,0.0,0.0,0.0,0.0,17.0,1.0,0.0,27.0,5.0,0.0,0.0,4.0,0.0,3.0,2.0,0.0,85.0,0.0,1.0,0.0,2.0,16.0,9.0,1.0,0.0,0.0,28.0
45,2025,10,0.0,0.0,1.0,0.0,0.0,75.0,0.0,13.0,2.0,0.0,52.0,0.0,4.0,3.0,0.0,0.0,0.0,24.0,2.0,0.0,1.0,0.0,0.0,72.0,40.0,115.0,0.0,0.0,5.0,0.0,0.0,0.0,0.0,0.0,14.0,0.0,0.0,28.0,7.0,1.0,2.0,0.0,0.0,5.0,3.0,1.0,110.0,0.0,1.0,0.0,1.0,13.0,2.0,4.0,0.0,0.0,40.0
45,2025,11,1.0,3.0,0.0,0.0,0.0,70.0,0.0,17.0,0.0,0.0,36.0,2.0,10.0,3.0,0.0,0.0,0.0,27.0,1.0,0.0,3.0,0.0,0.0,57.0,45.0,104.0,0.0,0.0,9.0,0.0,0.0,0.0,0.0,0.0,11.0,0.0,0.0,17.0,6.0,0.0,0.0,1.0,0.0,0.0,5.0,0.0,70.0,0.0,2.0,0.0,2.0,6.0,4.0,0.0,2.0,0.0,51.0
45,2025,12,0.0,0.0,0.0,0.0,0.0,54.0,0.0,18.0,0.0,1.0,31.0,2.0,6.0,4.0,0.0,0.0,0.0,31.0,1.0,0.0,1.0,0.0,0.0,43.0,42.0,102.0,0.0,0.0,7.0,0.0,0.0,0.0,0.0,0.0,11.0,0.0,0.0,30.0,16.0,0.0,0.0,0.0,0.0,1.0,3.0,2.0,85.0,0.0,4.0,0.0,2.0,10.0,8.0,0.0,2.0,0.0,56.0
46,2024,1,0.0,0.0,0.0,0.0,0.0,1.0,0.0,0.0,0.0,0.0,0.0,0.0,0.0,0.0,0.0,0.0,0.0,1.0,0.0,0.0,0.0,0.0,0.0,1.0,0.0,0.0,0.0,0.0,0.0,0.0,0.0,0.0,0.0,0.0,0.0,0.0,0.0,0.0,0.0,0.0,0.0,0.0,0.0,0.0,0.0,0.0,0.0,0.0,0.0,0.0,0.0,0.0,0.0,0.0,0.0,0.0,0.0
46,2024,2,0.0,0.0,0.0,0.0,0.0,0.0,0.0,0.0,0.0,0.0,1.0,0.0,0.0,0.0,0.0,0.0,0.0,0.0,0.0,0.0,0.0,0.0,0.0,0.0,0.0,0.0,0.0,0.0,0.0,0.0,0.0,0.0,0.0,0.0,0.0,0.0,0.0,0.0,0.0,0.0,0.0,0.0,0.0,1.0,0.0,0.0,0.0,0.0,0.0,0.0,0.0,0.0,0.0,0.0,0.0,0.0,0.0
46,2024,3,0.0,0.0,0.0,0.0,0.0,0.0,0.0,0.0,0.0,0.0,0.0,0.0,0.0,0.0,0.0,0.0,0.0,0.0,0.0,0.0,0.0,0.0,0.0,1.0,0.0,1.0,0.0,0.0,0.0,0.0,0.0,0.0,0.0,0.0,0.0,0.0,0.0,0.0,0.0,0.0,0.0,0.0,0.0,1.0,0.0,0.0,0.0,0.0,1.0,0.0,0.0,0.0,0.0,1.0,0.0,0.0,0.0
46,2024,5,0.0,0.0,0.0,0.0,0.0,1.0,0.0,0.0,0.0,0.0,0.0,0.0,0.0,0.0,0.0,0.0,0.0,0.0,0.0,0.0,0.0,0.0,0.0,1.0,0.0,2.0,0.0,0.0,0.0,0.0,0.0,0.0,0.0,0.0,1.0,0.0,0.0,0.0,0.0,0.0,0.0,0.0,0.0,0.0,0.0,0.0,2.0,0.0,0.0,0.0,0.0,0.0,1.0,0.0,0.0,0.0,0.0
46,2024,6,0.0,0.0,0.0,0.0,0.0,0.0,0.0,0.0,0.0,0.0,0.0,0.0,0.0,0.0,0.0,0.0,0.0,1.0,0.0,0.0,0.0,0.0,0.0,0.0,0.0,0.0,0.0,0.0,0.0,0.0,0.0,0.0,0.0,0.0,0.0,0.0,0.0,1.0,0.0,0.0,0.0,0.0,0.0,0.0,0.0,0.0,0.0,0.0,0.0,0.0,1.0,0.0,1.0,0.0,0.0,0.0,0.0
46,2024,7,0.0,0.0,0.0,0.0,0.0,0.0,0.0,0.0,0.0,0.0,0.0,0.0,0.0,0.0,0.0,0.0,0.0,0.0,1.0,0.0,0.0,0.0,0.0,2.0,1.0,1.0,0.0,0.0,0.0,0.0,0.0,0.0,0.0,0.0,0.0,0.0,0.0,1.0,0.0,0.0,0.0,0.0,0.0,1.0,0.0,0.0,1.0,0.0,0.0,0.0,0.0,0.0,0.0,0.0,0.0,0.0,0.0
46,2024,8,0.0,0.0,0.0,0.0,0.0,1.0,0.0,0.0,0.0,0.0,1.0,0.0,0.0,0.0,0.0,0.0,0.0,0.0,0.0,0.0,0.0,0.0,0.0,0.0,1.0,0.0,0.0,0.0,0.0,0.0,0.0,0.0,0.0,0.0,0.0,0.0,0.0,0.0,0.0,0.0,0.0,0.0,0.0,0.0,0.0,0.0,0.0,0.0,0.0,0.0,0.0,0.0,1.0,0.0,0.0,0.0,0.0
46,2024,9,0.0,0.0,0.0,0.0,0.0,1.0,0.0,0.0,0.0,0.0,1.0,0.0,1.0,0.0,0.0,0.0,0.0,0.0,0.0,0.0,0.0,0.0,0.0,0.0,0.0,0.0,0.0,0.0,0.0,0.0,0.0,0.0,0.0,0.0,0.0,0.0,0.0,0.0,0.0,0.0,0.0,0.0,0.0,0.0,0.0,0.0,2.0,0.0,0.0,0.0,0.0,0.0,0.0,1.0,0.0,0.0,0.0
46,2024,10,0.0,0.0,0.0,0.0,0.0,1.0,0.0,0.0,0.0,0.0,0.0,0.0,0.0,0.0,0.0,0.0,0.0,0.0,0.0,0.0,0.0,0.0,0.0,1.0,1.0,2.0,0.0,0.0,0.0,0.0,0.0,0.0,0.0,0.0,0.0,0.0,0.0,1.0,0.0,0.0,0.0,0.0,0.0,0.0,0.0,0.0,1.0,0.0,0.0,0.0,0.0,0.0,0.0,0.0,0.0,0.0,0.0
46,2024,11,0.0,0.0,0.0,0.0,0.0,0.0,0.0,0.0,0.0,0.0,1.0,0.0,1.0,0.0,0.0,0.0,0.0,2.0,0.0,0.0,0.0,0.0,0.0,7.0,0.0,2.0,0.0,0.0,0.0,0.0,0.0,0.0,0.0,0.0,0.0,0.0,0.0,2.0,0.0,0.0,0.0,0.0,0.0,0.0,0.0,0.0,2.0,0.0,0.0,0.0,0.0,0.0,0.0,0.0,0.0,0.0,0.0
46,2024,12,0.0,0.0,0.0,0.0,0.0,1.0,0.0,0.0,0.0,0.0,5.0,0.0,0.0,0.0,0.0,0.0,0.0,2.0,1.0,0.0,0.0,0.0,0.0,6.0,0.0,4.0,0.0,0.0,0.0,0.0,0.0,0.0,0.0,0.0,0.0,0.0,0.0,3.0,2.0,0.0,0.0,0.0,0.0,0.0,0.0,0.0,11.0,0.0,0.0,0.0,1.0,0.0,0.0,0.0,0.0,0.0,0.0
46,2025,1,0.0,1.0,0.0,0.0,0.0,100.0,0.0,12.0,2.0,0.0,58.0,2.0,61.0,24.0,0.0,0.0,0.0,63.0,30.0,0.0,6.0,0.0,0.0,53.0,22.0,127.0,0.0,0.0,3.0,0.0,1.0,0.0,0.0,0.0,19.0,0.0,0.0,15.0,24.0,1.0,3.0,4.0,0.0,33.0,4.0,1.0,83.0,1.0,5.0,0.0,4.0,33.0,16.0,0.0,6.0,0.0,105.0
46,2025,2,0.0,3.0,0.0,0.0,2.0,103.0,0.0,13.0,0.0,0.0,47.0,6.0,64.0,19.0,0.0,0.0,0.0,57.0,23.0,0.0,2.0,1.0,1.0,49.0,12.0,89.0,0.0,0.0,3.0,0.0,0.0,1.0,0.0,0.0,17.0,0.0,0.0,29.0,24.0,0.0,5.0,0.0,1.0,41.0,8.0,3.0,59.0,1.0,4.0,0.0,2.0,35.0,9.0,1.0,0.0,0.0,66.0
46,2025,3,0.0,3.0,0.0,0.0,1.0,114.0,1.0,16.0,0.0,0.0,57.0,7.0,63.0,20.0,0.0,0.0,0.0,78.0,8.0,0.0,0.0,0.0,1.0,57.0,24.0,154.0,0.0,0.0,3.0,0.0,0.0,0.0,0.0,0.0,18.0,0.0,0.0,24.0,17.0,0.0,5.0,0.0,0.0,23.0,11.0,0.0,91.0,0.0,1.0,0.0,3.0,22.0,11.0,3.0,1.0,0.0,77.0
46,2025,4,0.0,3.0,0.0,0.0,3.0,129.0,0.0,16.0,1.0,0.0,68.0,5.0,71.0,33.0,0.0,0.0,0.0,61.0,10.0,0.0,5.0,0.0,3.0,44.0,38.0,125.0,1.0,0.0,9.0,0.0,0.0,0.0,0.0,0.0,28.0,1.0,0.0,24.0,13.0,0.0,15.0,6.0,0.0,38.0,13.0,3.0,91.0,5.0,5.0,0.0,3.0,44.0,9.0,0.0,1.0,0.0,68.0
46,2025,5,0.0,2.0,1.0,0.0,0.0,146.0,0.0,18.0,5.0,0.0,55.0,2.0,108.0,35.0,0.0,0.0,0.0,81.0,6.0,0.0,4.0,0.0,1.0,69.0,25.0,141.0,0.0,0.0,3.0,0.0,0.0,0.0,1.0,0.0,27.0,1.0,0.0,28.0,26.0,0.0,14.0,0.0,0.0,32.0,8.0,0.0,111.0,2.0,4.0,0.0,9.0,37.0,8.0,2.0,2.0,0.0,58.0
46,2025,6,0.0,6.0,0.0,0.0,1.0,154.0,0.0,21.0,0.0,0.0,52.0,2.0,87.0,39.0,0.0,0.0,2.0,88.0,9.0,0.0,2.0,0.0,2.0,53.0,16.0,127.0,0.0,0.0,4.0,0.0,0.0,1.0,0.0,0.0,32.0,1.0,0.0,32.0,25.0,0.0,6.0,6.0,0.0,37.0,8.0,0.0,68.0,0.0,7.0,0.0,2.0,41.0,18.0,4.0,1.0,0.0,61.0
46,2025,7,0.0,4.0,0.0,0.0,0.0,148.0,1.0,15.0,2.0,0.0,62.0,5.0,84.0,33.0,1.0,0.0,1.0,92.0,9.0,0.0,2.0,0.0,2.0,55.0,25.0,124.0,0.0,0.0,3.0,0.0,0.0,0.0,0.0,0.0,26.0,1.0,0.0,31.0,22.0,1.0,16.0,2.0,0.0,33.0,6.0,1.0,89.0,0.0,10.0,0.0,0.0,30.0,6.0,0.0,2.0,0.0,59.0
46,2025,8,0.0,4.0,0.0,3.0,0.0,147.0,0.0,22.0,0.0,0.0,77.0,4.0,85.0,49.0,0.0,0.0,1.0,73.0,15.0,0.0,7.0,0.0,2.0,48.0,17.0,121.0,0.0,0.0,5.0,0.0,0.0,0.0,0.0,0.0,29.0,2.0,0.0,30.0,36.0,0.0,9.0,0.0,0.0,50.0,6.0,6.0,89.0,3.0,7.0,0.0,3.0,32.0,16.0,2.0,0.0,0.0,67.0
46,2025,9,0.0,4.0,1.0,1.0,2.0,113.0,0.0,18.0,0.0,0.0,64.0,5.0,118.0,28.0,0.0,0.0,3.0,69.0,7.0,0.0,8.0,0.0,1.0,62.0,18.0,113.0,0.0,0.0,1.0,0.0,0.0,0.0,0.0,0.0,23.0,0.0,0.0,26.0,24.0,0.0,6.0,11.0,0.0,55.0,5.0,1.0,76.0,0.0,6.0,0.0,4.0,46.0,11.0,1.0,1.0,0.0,49.0
46,2025,10,0.0,6.0,1.0,0.0,0.0,131.0,0.0,19.0,1.0,0.0,55.0,2.0,164.0,37.0,0.0,0.0,1.0,71.0,2.0,0.0,3.0,0.0,4.0,47.0,16.0,146.0,0.0,0.0,6.0,0.0,0.0,1.0,0.0,0.0,33.0,0.0,0.0,24.0,31.0,0.0,5.0,1.0,0.0,66.0,5.0,2.0,61.0,0.0,4.0,0.0,1.0,42.0,11.0,5.0,0.0,0.0,85.0
46,2025,11,0.0,2.0,1.0,0.0,4.0,131.0,1.0,30.0,0.0,0.0,44.0,8.0,203.0,34.0,0.0,0.0,1.0,82.0,9.0,0.0,1.0,0.0,1.0,53.0,27.0,142.0,0.0,0.0,5.0,0.0,0.0,0.0,0.0,0.0,35.0,2.0,0.0,23.0,19.0,0.0,0.0,1.0,0.0,37.0,4.0,2.0,63.0,0.0,4.0,0.0,1.0,33.0,10.0,3.0,0.0,0.0,57.0
46,2025,12,0.0,1.0,0.0,0.0,1.0,126.0,0.0,20.0,0.0,0.0,60.0,3.0,139.0,14.0,0.0,0.0,0.0,67.0,7.0,0.0,4.0,0.0,0.0,40.0,15.0,141.0,0.0,0.0,9.0,0.0,0.0,0.0,0.0,0.0,33.0,0.0,0.0,31.0,11.0,0.0,12.0,1.0,0.0,31.0,5.0,2.0,60.0,1.0,6.0,0.0,1.0,35.0,6.0,1.0,0.0,0.0,64.0
47,2024,1,0.0,0.0,0.0,0.0,0.0,3.0,0.0,0.0,0.0,0.0,1.0,0.0,0.0,0.0,0.0,0.0,0.0,3.0,0.0,0.0,0.0,0.0,0.0,0.0,0.0,0.0,0.0,0.0,0.0,0.0,0.0,0.0,0.0,0.0,1.0,0.0,0.0,1.0,0.0,0.0,0.0,0.0,0.0,0.0,0.0,0.0,0.0,0.0,0.0,0.0,0.0,0.0,1.0,0.0,0.0,0.0,0.0
47,2024,2,0.0,0.0,0.0,0.0,0.0,0.0,0.0,0.0,0.0,0.0,0.0,0.0,0.0,0.0,0.0,0.0,0.0,0.0,0.0,0.0,0.0,0.0,0.0,1.0,0.0,0.0,0.0,0.0,0.0,0.0,0.0,0.0,0.0,0.0,0.0,0.0,0.0,0.0,0.0,0.0,0.0,0.0,0.0,0.0,0.0,0.0,2.0,0.0,0.0,0.0,0.0,0.0,0.0,0.0,0.0,0.0,0.0
47,2024,3,0.0,0.0,0.0,0.0,0.0,2.0,0.0,0.0,0.0,0.0,0.0,0.0,0.0,0.0,0.0,0.0,0.0,0.0,0.0,0.0,0.0,0.0,0.0,0.0,0.0,2.0,0.0,0.0,0.0,0.0,0.0,0.0,0.0,0.0,0.0,0.0,0.0,0.0,0.0,0.0,0.0,0.0,0.0,0.0,0.0,0.0,2.0,0.0,0.0,0.0,0.0,0.0,0.0,0.0,0.0,0.0,0.0
47,2024,4,0.0,0.0,0.0,0.0,0.0,0.0,0.0,0.0,0.0,0.0,1.0,0.0,0.0,0.0,0.0,0.0,0.0,0.0,0.0,0.0,0.0,0.0,0.0,1.0,0.0,1.0,0.0,0.0,0.0,0.0,0.0,0.0,0.0,0.0,0.0,0.0,0.0,0.0,0.0,0.0,0.0,0.0,0.0,0.0,0.0,0.0,2.0,0.0,0.0,0.0,0.0,0.0,0.0,1.0,0.0,0.0,0.0
47,2024,5,0.0,0.0,0.0,0.0,0.0,2.0,0.0,0.0,0.0,0.0,1.0,0.0,0.0,0.0,0.0,0.0,0.0,2.0,1.0,0.0,0.0,0.0,0.0,2.0,0.0,0.0,0.0,0.0,0.0,0.0,0.0,0.0,0.0,0.0,0.0,0.0,0.0,0.0,0.0,0.0,0.0,0.0,0.0,0.0,0.0,0.0,1.0,0.0,0.0,0.0,1.0,2.0,1.0,0.0,0.0,0.0,0.0
47,2024,6,0.0,0.0,0.0,0.0,0.0,0.0,0.0,0.0,0.0,0.0,0.0,0.0,0.0,0.0,0.0,0.0,0.0,1.0,0.0,0.0,0.0,0.0,0.0,5.0,1.0,1.0,0.0,0.0,0.0,0.0,0.0,0.0,0.0,0.0,0.0,0.0,0.0,0.0,0.0,0.0,0.0,0.0,0.0,0.0,0.0,0.0,1.0,0.0,0.0,0.0,0.0,0.0,0.0,1.0,0.0,0.0,0.0
47,2024,7,0.0,0.0,0.0,0.0,0.0,0.0,0.0,0.0,0.0,0.0,0.0,0.0,1.0,0.0,0.0,0.0,0.0,0.0,0.0,0.0,0.0,0.0,0.0,1.0,1.0,1.0,0.0,0.0,0.0,0.0,0.0,0.0,0.0,0.0,0.0,0.0,0.0,1.0,0.0,0.0,0.0,0.0,0.0,0.0,0.0,0.0,3.0,0.0,0.0,0.0,0.0,0.0,2.0,0.0,0.0,0.0,0.0
47,2024,8,0.0,0.0,0.0,0.0,0.0,2.0,0.0,0.0,0.0,0.0,0.0,0.0,0.0,0.0,0.0,0.0,0.0,0.0,0.0,0.0,0.0,0.0,0.0,5.0,0.0,0.0,0.0,0.0,0.0,0.0,0.0,0.0,0.0,0.0,0.0,1.0,0.0,0.0,0.0,0.0,0.0,0.0,0.0,0.0,0.0,0.0,1.0,0.0,0.0,0.0,1.0,0.0,2.0,0.0,0.0,0.0,0.0
47,2024,9,0.0,0.0,0.0,0.0,0.0,2.0,0.0,0.0,0.0,0.0,0.0,0.0,0.0,0.0,0.0,0.0,0.0,0.0,0.0,0.0,0.0,0.0,0.0,1.0,0.0,1.0,0.0,0.0,0.0,0.0,0.0,0.0,0.0,0.0,0.0,1.0,0.0,0.0,0.0,0.0,0.0,0.0,0.0,0.0,0.0,1.0,1.0,0.0,0.0,0.0,1.0,0.0,0.0,0.0,0.0,0.0,0.0
47,2024,10,0.0,0.0,0.0,0.0,0.0,1.0,0.0,0.0,0.0,0.0,0.0,0.0,0.0,0.0,0.0,0.0,0.0,1.0,0.0,0.0,0.0,0.0,0.0,4.0,0.0,1.0,0.0,0.0,0.0,0.0,0.0,0.0,0.0,0.0,0.0,0.0,0.0,1.0,0.0,0.0,0.0,0.0,0.0,0.0,0.0,0.0,2.0,0.0,0.0,0.0,1.0,1.0,0.0,2.0,0.0,0.0,0.0
47,2024,11,0.0,0.0,0.0,0.0,1.0,4.0,0.0,0.0,0.0,0.0,0.0,0.0,0.0,0.0,0.0,0.0,0.0,2.0,0.0,0.0,0.0,0.0,0.0,4.0,0.0,2.0,0.0,0.0,0.0,0.0,0.0,0.0,0.0,0.0,0.0,0.0,0.0,1.0,0.0,0.0,0.0,0.0,0.0,0.0,0.0,0.0,6.0,0.0,0.0,0.0,0.0,0.0,1.0,1.0,1.0,0.0,0.0
47,2024,12,0.0,0.0,0.0,0.0,0.0,2.0,0.0,1.0,0.0,0.0,10.0,0.0,0.0,0.0,0.0,0.0,0.0,1.0,0.0,0.0,0.0,0.0,0.0,22.0,4.0,5.0,0.0,0.0,0.0,0.0,0.0,0.0,0.0,0.0,2.0,0.0,0.0,6.0,0.0,0.0,0.0,0.0,0.0,0.0,1.0,0.0,18.0,0.0,0.0,0.0,3.0,1.0,2.0,4.0,0.0,0.0,1.0
47,2025,1,0.0,1.0,1.0,0.0,4.0,129.0,0.0,19.0,0.0,0.0,106.0,4.0,17.0,17.0,0.0,0.0,0.0,61.0,7.0,0.0,2.0,0.0,0.0,73.0,54.0,161.0,0.0,0.0,8.0,0.0,0.0,0.0,0.0,0.0,27.0,0.0,0.0,42.0,25.0,1.0,2.0,8.0,0.0,33.0,16.0,0.0,120.0,0.0,5.0,0.0,3.0,39.0,19.0,2.0,1.0,0.0,48.0
47,2025,2,0.0,2.0,0.0,0.0,1.0,120.0,1.0,25.0,0.0,0.0,87.0,5.0,18.0,6.0,0.0,0.0,0.0,67.0,14.0,0.0,2.0,0.0,0.0,67.0,51.0,134.0,0.0,0.0,0.0,0.0,0.0,0.0,0.0,0.0,34.0,1.0,0.0,35.0,21.0,0.0,1.0,3.0,0.0,25.0,6.0,2.0,113.0,0.0,7.0,0.0,4.0,34.0,18.0,8.0,1.0,0.0,27.0
47,2025,3,0.0,1.0,0.0,0.0,2.0,145.0,0.0,23.0,0.0,1.0,106.0,9.0,10.0,9.0,0.0,0.0,0.0,94.0,24.0,0.0,2.0,0.0,0.0,79.0,73.0,153.0,0.0,0.0,6.0,0.0,0.0,0.0,0.0,0.0,40.0,1.0,0.0,54.0,30.0,1.0,4.0,6.0,0.0,32.0,5.0,1.0,134.0,0.0,7.0,0.0,7.0,39.0,15.0,7.0,6.0,1.0,35.0
47,2025,4,0.0,1.0,0.0,0.0,1.0,151.0,0.0,23.0,1.0,0.0,88.0,4.0,13.0,13.0,1.0,0.0,0.0,79.0,22.0,0.0,4.0,0.0,0.0,83.0,62.0,155.0,0.0,0.0,2.0,0.0,0.0,0.0,0.0,0.0,28.0,2.0,0.0,44.0,26.0,0.0,4.0,3.0,0.0,29.0,16.0,3.0,119.0,0.0,9.0,0.0,4.0,53.0,33.0,6.0,2.0,0.0,27.0
47,2025,5,0.0,0.0,0.0,0.0,0.0,199.0,0.0,20.0,2.0,0.0,118.0,1.0,12.0,13.0,1.0,0.0,1.0,86.0,8.0,0.0,5.0,0.0,0.0,88.0,62.0,184.0,0.0,0.0,9.0,0.0,0.0,1.0,0.0,0.0,30.0,0.0,0.0,39.0,24.0,0.0,2.0,4.0,0.0,28.0,8.0,5.0,128.0,0.0,7.0,0.0,4.0,41.0,32.0,6.0,0.0,0.0,30.0
47,2025,6,0.0,5.0,3.0,1.0,0.0,160.0,1.0,23.0,1.0,0.0,108.0,6.0,11.0,11.0,0.0,0.0,0.0,102.0,14.0,0.0,3.0,0.0,1.0,71.0,41.0,187.0,0.0,0.0,9.0,0.0,0.0,1.0,0.0,0.0,35.0,2.0,0.0,47.0,29.0,2.0,6.0,2.0,0.0,14.0,9.0,3.0,127.0,1.0,8.0,0.0,5.0,40.0,19.0,4.0,4.0,0.0,43.0
47,2025,7,0.0,0.0,0.0,0.0,1.0,159.0,0.0,27.0,0.0,0.0,94.0,3.0,17.0,15.0,0.0,0.0,0.0,92.0,19.0,0.0,1.0,0.0,0.0,86.0,61.0,179.0,0.0,0.0,3.0,0.0,0.0,0.0,0.0,0.0,46.0,1.0,0.0,39.0,20.0,3.0,4.0,5.0,0.0,25.0,10.0,0.0,105.0,1.0,6.0,0.0,5.0,45.0,21.0,4.0,1.0,0.0,53.0
47,2025,8,0.0,1.0,1.0,0.0,0.0,165.0,1.0,13.0,0.0,0.0,83.0,3.0,20.0,17.0,1.0,0.0,0.0,94.0,24.0,0.0,6.0,0.0,0.0,89.0,57.0,173.0,0.0,0.0,6.0,0.0,0.0,1.0,0.0,0.0,41.0,2.0,0.0,32.0,30.0,1.0,5.0,6.0,0.0,24.0,15.0,4.0,115.0,1.0,6.0,0.0,3.0,33.0,15.0,5.0,1.0,0.0,57.0
47,2025,9,0.0,2.0,0.0,1.0,0.0,149.0,0.0,24.0,0.0,1.0,100.0,6.0,29.0,13.0,0.0,0.0,0.0,95.0,12.0,0.0,2.0,0.0,0.0,93.0,43.0,186.0,0.0,0.0,5.0,0.0,0.0,1.0,0.0,0.0,32.0,0.0,0.0,53.0,33.0,2.0,10.0,4.0,0.0,18.0,7.0,2.0,122.0,0.0,6.0,0.0,8.0,53.0,27.0,3.0,0.0,1.0,51.0
47,2025,10,0.0,4.0,0.0,1.0,2.0,128.0,0.0,21.0,2.0,0.0,107.0,11.0,11.0,12.0,0.0,0.0,0.0,89.0,17.0,0.0,3.0,0.0,0.0,97.0,36.0,192.0,0.0,0.0,4.0,0.0,0.0,0.0,0.0,0.0,38.0,2.0,0.0,41.0,33.0,3.0,3.0,2.0,0.0,13.0,6.0,3.0,136.0,1.0,5.0,0.0,2.0,34.0,18.0,0.0,1.0,0.0,45.0
47,2025,11,0.0,3.0,0.0,0.0,3.0,158.0,1.0,18.0,1.0,1.0,110.0,10.0,15.0,15.0,0.0,0.0,1.0,70.0,23.0,0.0,2.0,0.0,0.0,63.0,47.0,192.0,0.0,0.0,4.0,0.0,0.0,2.0,0.0,0.0,21.0,0.0,0.0,39.0,20.0,0.0,6.0,2.0,0.0,12.0,7.0,4.0,127.0,1.0,4.0,0.0,5.0,38.0,25.0,3.0,2.0,0.0,32.0
47,2025,12,0.0,1.0,0.0,0.0,0.0,136.0,0.0,16.0,0.0,0.0,89.0,4.0,24.0,7.0,0.0,0.0,0.0,84.0,13.0,0.0,2.0,0.0,0.0,58.0,28.0,143.0,0.0,0.0,5.0,0.0,0.0,0.0,0.0,0.0,33.0,0.0,0.0,42.0,14.0,0.0,3.0,0.0,0.0,11.0,5.0,3.0,99.0,0.0,5.0,0.0,1.0,29.0,12.0,4.0,1.0,0.0,39.0
48,2024,1,0.0,0.0,0.0,0.0,0.0,0.0,0.0,0.0,0.0,0.0,1.0,0.0,0.0,0.0,0.0,0.0,0.0,0.0,1.0,0.0,1.0,0.0,0.0,0.0,0.0,0.0,0.0,0.0,0.0,0.0,0.0,0.0,0.0,0.0,0.0,0.0,0.0,0.0,0.0,0.0,0.0,0.0,0.0,0.0,0.0,0.0,2.0,0.0,0.0,0.0,1.0,2.0,0.0,1.0,0.0,0.0,0.0
48,2024,2,0.0,0.0,0.0,0.0,0.0,1.0,0.0,0.0,0.0,0.0,0.0,0.0,0.0,0.0,0.0,0.0,0.0,0.0,0.0,0.0,0.0,0.0,0.0,0.0,0.0,0.0,0.0,0.0,0.0,0.0,0.0,0.0,0.0,0.0,0.0,0.0,0.0,0.0,0.0,0.0,0.0,0.0,0.0,0.0,0.0,0.0,0.0,0.0,0.0,0.0,0.0,1.0,0.0,0.0,0.0,0.0,0.0
48,2024,3,0.0,0.0,0.0,0.0,0.0,0.0,0.0,0.0,0.0,0.0,0.0,0.0,0.0,0.0,0.0,0.0,0.0,0.0,0.0,0.0,0.0,0.0,0.0,1.0,0.0,0.0,0.0,0.0,0.0,0.0,0.0,0.0,0.0,0.0,0.0,0.0,0.0,0.0,0.0,0.0,0.0,0.0,0.0,0.0,0.0,0.0,0.0,0.0,0.0,0.0,0.0,0.0,1.0,0.0,0.0,0.0,0.0
48,2024,4,0.0,0.0,0.0,0.0,0.0,0.0,0.0,0.0,0.0,0.0,0.0,0.0,0.0,0.0,0.0,0.0,0.0,0.0,0.0,0.0,0.0,0.0,0.0,1.0,0.0,0.0,0.0,0.0,0.0,0.0,0.0,0.0,0.0,0.0,1.0,0.0,0.0,0.0,0.0,0.0,0.0,0.0,0.0,0.0,0.0,0.0,1.0,0.0,0.0,0.0,0.0,0.0,0.0,0.0,0.0,0.0,0.0
48,2024,5,0.0,0.0,0.0,0.0,0.0,0.0,0.0,0.0,0.0,0.0,0.0,0.0,0.0,0.0,0.0,0.0,0.0,0.0,1.0,0.0,0.0,0.0,0.0,0.0,0.0,0.0,0.0,0.0,0.0,0.0,0.0,0.0,0.0,0.0,0.0,0.0,0.0,0.0,0.0,0.0,0.0,0.0,0.0,0.0,0.0,0.0,0.0,0.0,0.0,0.0,0.0,0.0,1.0,0.0,0.0,0.0,0.0
48,2024,6,0.0,0.0,0.0,0.0,0.0,0.0,0.0,0.0,0.0,0.0,0.0,0.0,0.0,0.0,0.0,0.0,0.0,0.0,0.0,0.0,0.0,0.0,0.0,0.0,0.0,0.0,0.0,0.0,0.0,0.0,0.0,0.0,0.0,0.0,0.0,0.0,0.0,3.0,0.0,0.0,0.0,1.0,0.0,0.0,0.0,0.0,1.0,0.0,0.0,0.0,0.0,0.0,2.0,1.0,0.0,0.0,0.0
48,2024,7,0.0,0.0,0.0,0.0,0.0,0.0,0.0,0.0,0.0,0.0,0.0,0.0,0.0,0.0,0.0,0.0,0.0,0.0,0.0,0.0,0.0,0.0,0.0,2.0,0.0,0.0,0.0,0.0,0.0,0.0,0.0,0.0,0.0,0.0,0.0,0.0,0.0,3.0,0.0,0.0,0.0,0.0,0.0,0.0,0.0,0.0,0.0,0.0,0.0,0.0,0.0,0.0,0.0,0.0,0.0,0.0,0.0
48,2024,8,0.0,0.0,0.0,0.0,0.0,1.0,0.0,1.0,0.0,0.0,0.0,0.0,1.0,0.0,0.0,0.0,0.0,1.0,0.0,0.0,1.0,0.0,0.0,3.0,0.0,1.0,0.0,0.0,0.0,0.0,0.0,0.0,0.0,0.0,0.0,0.0,0.0,9.0,0.0,0.0,0.0,0.0,0.0,0.0,0.0,0.0,0.0,0.0,0.0,0.0,0.0,0.0,1.0,0.0,0.0,0.0,0.0
48,2024,9,0.0,0.0,0.0,0.0,0.0,0.0,0.0,0.0,0.0,0.0,0.0,0.0,1.0,0.0,0.0,0.0,0.0,0.0,1.0,0.0,0.0,0.0,0.0,0.0,0.0,0.0,0.0,0.0,0.0,0.0,0.0,0.0,0.0,0.0,0.0,0.0,0.0,7.0,0.0,0.0,0.0,0.0,0.0,0.0,0.0,0.0,0.0,0.0,0.0,0.0,0.0,0.0,0.0,1.0,0.0,0.0,0.0
48,2024,10,0.0,0.0,0.0,0.0,0.0,1.0,0.0,0.0,0.0,0.0,1.0,0.0,0.0,0.0,0.0,0.0,0.0,0.0,3.0,0.0,0.0,0.0,0.0,0.0,1.0,0.0,0.0,0.0,0.0,0.0,0.0,0.0,0.0,0.0,0.0,0.0,0.0,8.0,0.0,0.0,0.0,0.0,0.0,0.0,0.0,0.0,4.0,0.0,1.0,0.0,0.0,1.0,0.0,0.0,0.0,0.0,0.0
48,2024,11,0.0,0.0,0.0,0.0,0.0,1.0,0.0,0.0,0.0,0.0,0.0,0.0,0.0,0.0,0.0,0.0,0.0,1.0,0.0,0.0,0.0,0.0,0.0,1.0,0.0,0.0,0.0,0.0,0.0,0.0,0.0,0.0,0.0,0.0,0.0,0.0,0.0,5.0,0.0,0.0,0.0,0.0,0.0,0.0,0.0,0.0,3.0,0.0,0.0,0.0,0.0,0.0,0.0,1.0,0.0,0.0,0.0
48,2024,12,0.0,0.0,0.0,0.0,1.0,2.0,0.0,4.0,0.0,0.0,1.0,0.0,0.0,0.0,0.0,0.0,0.0,1.0,2.0,0.0,0.0,0.0,0.0,8.0,3.0,4.0,0.0,0.0,0.0,0.0,0.0,0.0,0.0,0.0,0.0,0.0,0.0,6.0,0.0,0.0,0.0,0.0,0.0,0.0,0.0,0.0,11.0,0.0,0.0,0.0,2.0,0.0,1.0,0.0,0.0,0.0,0.0
48,2025,1,0.0,3.0,1.0,0.0,1.0,98.0,1.0,21.0,0.0,1.0,48.0,4.0,11.0,10.0,0.0,0.0,0.0,64.0,7.0,0.0,3.0,0.0,0.0,46.0,17.0,139.0,0.0,0.0,5.0,0.0,0.0,1.0,0.0,0.0,17.0,1.0,0.0,46.0,19.0,1.0,4.0,7.0,0.0,37.0,1.0,2.0,126.0,0.0,4.0,0.0,0.0,32.0,7.0,2.0,1.0,0.0,19.0
48,2025,2,0.0,4.0,0.0,0.0,1.0,94.0,0.0,25.0,1.0,0.0,60.0,2.0,22.0,14.0,1.0,0.0,0.0,57.0,2.0,0.0,0.0,0.0,0.0,38.0,19.0,150.0,0.0,0.0,2.0,0.0,0.0,0.0,0.0,0.0,10.0,2.0,0.0,34.0,19.0,0.0,0.0,2.0,0.0,23.0,4.0,2.0,75.0,0.0,3.0,0.0,4.0,32.0,12.0,0.0,0.0,0.0,19.0
48,2025,3,0.0,0.0,0.0,1.0,0.0,132.0,0.0,21.0,0.0,1.0,69.0,6.0,13.0,12.0,0.0,0.0,0.0,51.0,1.0,0.0,3.0,0.0,0.0,53.0,15.0,140.0,0.0,0.0,1.0,0.0,0.0,0.0,0.0,0.0,18.0,0.0,0.0,35.0,16.0,0.0,1.0,3.0,0.0,34.0,6.0,0.0,123.0,1.0,4.0,0.0,6.0,30.0,14.0,2.0,0.0,0.0,33.0
48,2025,4,0.0,2.0,0.0,0.0,2.0,130.0,0.0,24.0,0.0,2.0,77.0,5.0,19.0,12.0,0.0,0.0,1.0,69.0,2.0,0.0,3.0,0.0,0.0,58.0,27.0,177.0,0.0,0.0,1.0,0.0,0.0,0.0,0.0,0.0,29.0,4.0,0.0,27.0,13.0,0.0,5.0,3.0,0.0,31.0,7.0,2.0,99.0,1.0,3.0,0.0,2.0,45.0,13.0,4.0,0.0,0.0,22.0
48,2025,5,0.0,3.0,1.0,1.0,2.0,167.0,0.0,23.0,0.0,1.0,74.0,4.0,22.0,13.0,0.0,0.0,0.0,60.0,8.0,0.0,2.0,0.0,0.0,60.0,32.0,168.0,0.0,0.0,7.0,0.0,0.0,0.0,0.0,0.0,21.0,2.0,0.0,31.0,20.0,0.0,6.0,2.0,0.0,26.0,4.0,2.0,117.0,3.0,3.0,0.0,2.0,34.0,12.0,6.0,2.0,0.0,25.0
48,2025,6,0.0,1.0,0.0,0.0,1.0,133.0,0.0,30.0,0.0,0.0,54.0,5.0,17.0,9.0,0.0,0.0,1.0,70.0,1.0,0.0,2.0,0.0,0.0,49.0,25.0,171.0,0.0,0.0,3.0,0.0,0.0,1.0,0.0,0.0,27.0,2.0,0.0,36.0,10.0,1.0,7.0,1.0,0.0,23.0,4.0,3.0,131.0,2.0,4.0,0.0,6.0,53.0,9.0,2.0,1.0,0.0,34.0
48,2025,7,1.0,0.0,0.0,1.0,0.0,127.0,0.0,25.0,0.0,0.0,55.0,6.0,17.0,16.0,0.0,0.0,0.0,76.0,5.0,0.0,4.0,0.0,0.0,56.0,29.0,173.0,0.0,0.0,2.0,0.0,0.0,0.0,0.0,0.0,21.0,0.0,0.0,35.0,13.0,0.0,7.0,0.0,0.0,16.0,3.0,1.0,153.0,0.0,6.0,0.0,5.0,45.0,11.0,3.0,1.0,0.0,25.0
48,2025,8,0.0,0.0,0.0,0.0,2.0,116.0,1.0,14.0,0.0,0.0,52.0,7.0,10.0,18.0,0.0,0.0,0.0,47.0,6.0,0.0,2.0,0.0,0.0,60.0,17.0,171.0,0.0,0.0,0.0,0.0,0.0,0.0,0.0,0.0,13.0,0.0,0.0,22.0,20.0,0.0,4.0,0.0,0.0,16.0,3.0,0.0,117.0,1.0,2.0,0.0,2.0,40.0,10.0,1.0,1.0,0.0,35.0
48,2025,9,0.0,3.0,0.0,0.0,2.0,111.0,0.0,20.0,0.0,0.0,56.0,3.0,21.0,15.0,0.0,0.0,0.0,66.0,6.0,0.0,4.0,0.0,1.0,61.0,15.0,131.0,0.0,0.0,3.0,0.0,0.0,0.0,0.0,0.0,24.0,1.0,0.0,36.0,24.0,0.0,6.0,0.0,0.0,21.0,5.0,2.0,118.0,1.0,4.0,0.0,7.0,42.0,6.0,3.0,0.0,0.0,42.0
48,2025,10,0.0,2.0,0.0,4.0,0.0,124.0,0.0,26.0,0.0,0.0,60.0,7.0,21.0,10.0,2.0,0.0,0.0,76.0,1.0,0.0,2.0,0.0,1.0,48.0,23.0,157.0,0.0,0.0,2.0,0.0,0.0,0.0,0.0,0.0,14.0,0.0,0.0,34.0,23.0,0.0,5.0,0.0,0.0,18.0,7.0,0.0,118.0,0.0,1.0,0.0,2.0,40.0,10.0,0.0,0.0,0.0,41.0
48,2025,11,0.0,3.0,0.0,0.0,0.0,116.0,0.0,23.0,1.0,0.0,43.0,3.0,11.0,9.0,0.0,0.0,0.0,50.0,4.0,0.0,4.0,0.0,0.0,42.0,15.0,128.0,0.0,0.0,4.0,0.0,0.0,0.0,0.0,0.0,16.0,1.0,0.0,34.0,19.0,0.0,2.0,2.0,0.0,19.0,0.0,2.0,86.0,1.0,2.0,0.0,2.0,21.0,11.0,0.0,2.0,0.0,37.0
48,2025,12,0.0,3.0,1.0,0.0,0.0,110.0,0.0,19.0,0.0,0.0,49.0,5.0,12.0,10.0,0.0,0.0,0.0,59.0,0.0,0.0,2.0,0.0,0.0,34.0,15.0,124.0,0.0,0.0,2.0,0.0,0.0,0.0,0.0,0.0,28.0,0.0,0.0,27.0,20.0,0.0,4.0,1.0,0.0,17.0,3.0,1.0,84.0,0.0,6.0,0.0,2.0,20.0,19.0,0.0,1.0,0.0,30.0
49,2024,1,0.0,0.0,0.0,0.0,0.0,0.0,0.0,0.0,0.0,0.0,1.0,0.0,0.0,0.0,0.0,0.0,0.0,0.0,0.0,0.0,0.0,0.0,0.0,0.0,0.0,1.0,0.0,0.0,0.0,0.0,0.0,0.0,0.0,0.0,1.0,0.0,0.0,0.0,0.0,0.0,0.0,0.0,0.0,0.0,0.0,0.0,2.0,0.0,0.0,0.0,0.0,0.0,0.0,1.0,0.0,0.0,0.0
49,2024,2,0.0,0.0,0.0,0.0,0.0,0.0,0.0,0.0,0.0,0.0,1.0,0.0,0.0,0.0,0.0,0.0,0.0,0.0,0.0,0.0,0.0,0.0,0.0,1.0,0.0,0.0,0.0,0.0,0.0,0.0,0.0,0.0,0.0,0.0,0.0,0.0,0.0,0.0,0.0,0.0,0.0,0.0,0.0,0.0,0.0,0.0,2.0,0.0,0.0,0.0,0.0,0.0,0.0,0.0,0.0,0.0,0.0
49,2024,3,0.0,0.0,0.0,0.0,0.0,0.0,0.0,1.0,0.0,0.0,0.0,0.0,0.0,0.0,0.0,0.0,0.0,0.0,0.0,0.0,0.0,0.0,0.0,0.0,0.0,0.0,0.0,0.0,0.0,0.0,0.0,0.0,0.0,0.0,0.0,0.0,0.0,0.0,0.0,0.0,0.0,0.0,0.0,0.0,0.0,0.0,0.0,0.0,0.0,0.0,0.0,0.0,0.0,0.0,0.0,0.0,0.0
49,2024,4,0.0,0.0,0.0,0.0,0.0,0.0,0.0,1.0,0.0,0.0,0.0,0.0,0.0,0.0,0.0,0.0,0.0,1.0,0.0,0.0,0.0,0.0,0.0,0.0,1.0,0.0,0.0,0.0,0.0,0.0,0.0,0.0,0.0,0.0,1.0,0.0,0.0,0.0,0.0,0.0,0.0,0.0,0.0,0.0,0.0,0.0,0.0,0.0,0.0,0.0,0.0,0.0,0.0,2.0,0.0,0.0,1.0
49,2024,5,0.0,0.0,0.0,0.0,0.0,0.0,0.0,0.0,0.0,0.0,0.0,0.0,0.0,0.0,0.0,0.0,0.0,1.0,0.0,0.0,0.0,0.0,0.0,0.0,0.0,0.0,0.0,0.0,0.0,0.0,0.0,0.0,0.0,0.0,0.0,0.0,0.0,1.0,0.0,0.0,0.0,0.0,0.0,0.0,0.0,0.0,0.0,0.0,1.0,0.0,0.0,0.0,0.0,0.0,0.0,0.0,1.0
49,2024,6,0.0,0.0,0.0,0.0,0.0,1.0,0.0,0.0,0.0,0.0,0.0,0.0,0.0,0.0,0.0,0.0,0.0,0.0,0.0,0.0,0.0,0.0,0.0,1.0,0.0,2.0,0.0,0.0,0.0,0.0,0.0,0.0,0.0,0.0,0.0,0.0,0.0,0.0,0.0,0.0,0.0,0.0,0.0,0.0,0.0,0.0,1.0,0.0,0.0,0.0,1.0,0.0,0.0,0.0,0.0,0.0,0.0
49,2024,7,0.0,0.0,0.0,0.0,0.0,0.0,0.0,0.0,0.0,0.0,0.0,0.0,1.0,0.0,0.0,0.0,0.0,1.0,1.0,0.0,1.0,0.0,0.0,2.0,0.0,0.0,0.0,0.0,0.0,0.0,0.0,0.0,0.0,0.0,0.0,0.0,0.0,0.0,0.0,0.0,0.0,0.0,0.0,0.0,0.0,0.0,1.0,0.0,0.0,0.0,0.0,0.0,1.0,0.0,0.0,0.0,0.0
49,2024,8,0.0,0.0,0.0,0.0,0.0,0.0,0.0,0.0,0.0,0.0,0.0,0.0,0.0,0.0,0.0,0.0,0.0,1.0,0.0,0.0,1.0,0.0,0.0,0.0,0.0,0.0,0.0,0.0,0.0,0.0,0.0,0.0,0.0,0.0,0.0,0.0,0.0,2.0,0.0,0.0,0.0,0.0,0.0,0.0,0.0,0.0,4.0,0.0,0.0,0.0,1.0,0.0,2.0,0.0,0.0,0.0,0.0
49,2024,9,0.0,0.0,0.0,0.0,0.0,0.0,0.0,0.0,0.0,0.0,1.0,0.0,0.0,0.0,0.0,0.0,0.0,0.0,0.0,0.0,0.0,0.0,0.0,0.0,1.0,2.0,0.0,0.0,0.0,0.0,0.0,0.0,0.0,0.0,0.0,0.0,0.0,0.0,0.0,0.0,0.0,0.0,0.0,0.0,0.0,0.0,0.0,0.0,0.0,0.0,0.0,0.0,1.0,0.0,0.0,0.0,0.0
49,2024,10,0.0,0.0,0.0,0.0,0.0,2.0,0.0,0.0,0.0,0.0,0.0,1.0,2.0,0.0,0.0,0.0,0.0,0.0,0.0,0.0,0.0,0.0,0.0,5.0,0.0,1.0,0.0,0.0,0.0,0.0,0.0,0.0,0.0,0.0,0.0,0.0,0.0,0.0,0.0,0.0,0.0,0.0,0.0,0.0,0.0,0.0,5.0,0.0,0.0,0.0,0.0,0.0,0.0,1.0,1.0,0.0,0.0
49,2024,11,0.0,0.0,0.0,0.0,0.0,3.0,0.0,1.0,0.0,0.0,0.0,0.0,0.0,0.0,0.0,0.0,0.0,1.0,0.0,0.0,0.0,0.0,0.0,6.0,0.0,1.0,0.0,0.0,0.0,0.0,0.0,0.0,0.0,0.0,2.0,0.0,0.0,0.0,0.0,0.0,0.0,0.0,0.0,1.0,0.0,0.0,6.0,0.0,0.0,0.0,0.0,0.0,1.0,1.0,0.0,0.0,0.0
49,2024,12,0.0,0.0,0.0,0.0,1.0,0.0,0.0,1.0,0.0,0.0,4.0,0.0,0.0,0.0,0.0,0.0,0.0,4.0,0.0,0.0,0.0,0.0,0.0,11.0,5.0,9.0,0.0,0.0,0.0,0.0,0.0,0.0,0.0,0.0,0.0,0.0,0.0,5.0,0.0,0.0,0.0,0.0,0.0,0.0,0.0,1.0,14.0,1.0,0.0,0.0,0.0,0.0,2.0,0.0,0.0,0.0,1.0
49,2025,1,0.0,3.0,0.0,0.0,1.0,66.0,0.0,30.0,0.0,0.0,57.0,4.0,6.0,7.0,0.0,0.0,0.0,33.0,2.0,0.0,2.0,0.0,1.0,64.0,45.0,124.0,0.0,0.0,2.0,0.0,0.0,0.0,0.0,0.0,21.0,0.0,0.0,13.0,6.0,0.0,0.0,1.0,0.0,11.0,3.0,0.0,97.0,0.0,1.0,0.0,2.0,26.0,21.0,2.0,2.0,0.0,22.0
49,2025,2,0.0,1.0,0.0,0.0,1.0,73.0,0.0,26.0,0.0,0.0,80.0,1.0,12.0,2.0,0.0,0.0,0.0,33.0,3.0,0.0,1.0,0.0,0.0,65.0,37.0,101.0,0.0,0.0,2.0,0.0,0.0,1.0,0.0,0.0,33.0,2.0,0.0,16.0,3.0,1.0,2.0,1.0,0.0,14.0,4.0,0.0,106.0,0.0,2.0,1.0,4.0,20.0,9.0,1.0,2.0,0.0,19.0
49,2025,3,0.0,3.0,3.0,0.0,0.0,62.0,0.0,19.0,1.0,0.0,72.0,3.0,14.0,7.0,0.0,0.0,0.0,38.0,2.0,0.0,2.0,0.0,1.0,63.0,41.0,95.0,0.0,0.0,5.0,0.0,0.0,0.0,0.0,0.0,20.0,0.0,0.0,24.0,9.0,0.0,1.0,2.0,0.0,9.0,1.0,0.0,126.0,0.0,1.0,0.0,0.0,15.0,22.0,0.0,1.0,0.0,25.0
49,2025,4,0.0,1.0,0.0,0.0,0.0,85.0,0.0,16.0,0.0,5.0,54.0,5.0,13.0,7.0,0.0,0.0,0.0,38.0,6.0,0.0,1.0,0.0,0.0,65.0,30.0,141.0,0.0,0.0,5.0,0.0,0.0,0.0,0.0,0.0,17.0,0.0,0.0,32.0,4.0,0.0,1.0,2.0,0.0,8.0,4.0,1.0,143.0,2.0,1.0,0.0,5.0,18.0,19.0,2.0,1.0,0.0,23.0
49,2025,5,0.0,4.0,0.0,0.0,0.0,109.0,0.0,17.0,1.0,0.0,64.0,8.0,7.0,12.0,0.0,0.0,0.0,65.0,9.0,0.0,3.0,0.0,0.0,68.0,58.0,116.0,0.0,0.0,6.0,0.0,0.0,0.0,0.0,0.0,27.0,0.0,0.0,17.0,4.0,0.0,0.0,2.0,0.0,8.0,6.0,2.0,204.0,1.0,5.0,0.0,1.0,25.0,11.0,4.0,0.0,0.0,15.0
49,2025,6,0.0,0.0,0.0,0.0,1.0,85.0,1.0,14.0,0.0,0.0,64.0,0.0,11.0,7.0,0.0,0.0,0.0,53.0,9.0,0.0,1.0,0.0,0.0,40.0,36.0,119.0,0.0,0.0,10.0,0.0,0.0,1.0,0.0,0.0,21.0,0.0,0.0,15.0,6.0,0.0,2.0,1.0,0.0,9.0,2.0,1.0,135.0,1.0,1.0,0.0,1.0,19.0,10.0,3.0,3.0,0.0,28.0
49,2025,7,0.0,0.0,0.0,0.0,0.0,83.0,0.0,25.0,0.0,0.0,58.0,1.0,7.0,6.0,0.0,0.0,0.0,46.0,4.0,0.0,2.0,0.0,0.0,75.0,55.0,112.0,0.0,0.0,4.0,0.0,0.0,0.0,0.0,0.0,18.0,1.0,0.0,24.0,9.0,0.0,1.0,3.0,0.0,5.0,3.0,0.0,209.0,0.0,10.0,0.0,2.0,37.0,13.0,2.0,0.0,0.0,13.0
49,2025,8,0.0,4.0,0.0,0.0,1.0,67.0,0.0,11.0,0.0,0.0,75.0,3.0,5.0,9.0,0.0,0.0,0.0,53.0,1.0,0.0,2.0,0.0,0.0,74.0,60.0,128.0,0.0,0.0,4.0,0.0,0.0,1.0,0.0,0.0,17.0,0.0,0.0,16.0,6.0,0.0,2.0,0.0,0.0,3.0,6.0,3.0,145.0,0.0,1.0,0.0,2.0,31.0,9.0,1.0,0.0,0.0,17.0
49,2025,9,0.0,0.0,0.0,0.0,2.0,65.0,0.0,14.0,0.0,0.0,62.0,7.0,10.0,14.0,1.0,0.0,0.0,51.0,1.0,0.0,2.0,0.0,0.0,76.0,32.0,95.0,0.0,0.0,1.0,0.0,0.0,0.0,0.0,0.0,25.0,1.0,0.0,20.0,7.0,0.0,5.0,0.0,0.0,11.0,5.0,0.0,152.0,1.0,1.0,0.0,2.0,40.0,9.0,2.0,3.0,0.0,17.0
49,2025,10,0.0,0.0,0.0,0.0,4.0,69.0,0.0,21.0,1.0,0.0,57.0,5.0,7.0,10.0,0.0,0.0,0.0,39.0,3.0,0.0,0.0,0.0,0.0,65.0,45.0,104.0,0.0,0.0,1.0,0.0,0.0,1.0,0.0,0.0,30.0,0.0,0.0,20.0,5.0,0.0,0.0,0.0,0.0,6.0,2.0,0.0,149.0,0.0,4.0,0.0,3.0,26.0,9.0,2.0,0.0,0.0,31.0
49,2025,11,0.0,2.0,0.0,0.0,3.0,69.0,0.0,17.0,2.0,0.0,56.0,2.0,8.0,4.0,0.0,0.0,0.0,42.0,1.0,0.0,0.0,0.0,0.0,57.0,29.0,98.0,0.0,0.0,3.0,0.0,0.0,0.0,0.0,0.0,22.0,0.0,0.0,17.0,2.0,1.0,0.0,2.0,0.0,5.0,8.0,0.0,168.0,1.0,3.0,0.0,3.0,26.0,13.0,2.0,1.0,0.0,27.0
49,2025,12,0.0,0.0,0.0,0.0,0.0,68.0,0.0,13.0,0.0,1.0,55.0,1.0,10.0,3.0,0.0,0.0,0.0,36.0,2.0,0.0,1.0,0.0,0.0,60.0,28.0,104.0,0.0,0.0,1.0,0.0,0.0,0.0,0.0,0.0,20.0,1.0,0.0,11.0,2.0,0.0,0.0,1.0,0.0,0.0,4.0,0.0,109.0,1.0,1.0,0.0,1.0,26.0,7.0,1.0,1.0,0.0,17.0
5,2024,1,0.0,0.0,0.0,0.0,0.0,0.0,0.0,0.0,0.0,0.0,0.0,0.0,0.0,0.0,0.0,0.0,0.0,0.0,0.0,0.0,0.0,0.0,0.0,2.0,0.0,0.0,0.0,0.0,0.0,0.0,0.0,0.0,0.0,0.0,0.0,0.0,0.0,0.0,0.0,0.0,0.0,0.0,0.0,0.0,0.0,0.0,1.0,0.0,0.0,0.0,0.0,0.0,0.0,0.0,0.0,0.0,0.0
5,2024,2,0.0,0.0,0.0,0.0,0.0,0.0,0.0,0.0,0.0,0.0,0.0,0.0,0.0,0.0,0.0,0.0,0.0,0.0,0.0,0.0,0.0,0.0,0.0,1.0,0.0,0.0,0.0,0.0,0.0,0.0,0.0,0.0,0.0,0.0,1.0,0.0,0.0,0.0,0.0,0.0,0.0,0.0,0.0,0.0,0.0,0.0,1.0,0.0,0.0,0.0,0.0,0.0,0.0,0.0,0.0,0.0,0.0
5,2024,4,0.0,0.0,0.0,0.0,0.0,0.0,0.0,0.0,0.0,0.0,0.0,0.0,2.0,0.0,0.0,0.0,0.0,0.0,0.0,0.0,0.0,0.0,0.0,1.0,0.0,0.0,0.0,0.0,0.0,0.0,0.0,0.0,0.0,0.0,0.0,0.0,0.0,1.0,0.0,0.0,0.0,0.0,0.0,0.0,1.0,0.0,0.0,0.0,0.0,0.0,1.0,0.0,0.0,0.0,0.0,0.0,0.0
5,2024,5,0.0,0.0,0.0,0.0,0.0,0.0,0.0,0.0,0.0,0.0,0.0,0.0,0.0,0.0,0.0,0.0,0.0,0.0,0.0,0.0,0.0,0.0,0.0,1.0,0.0,0.0,0.0,0.0,0.0,0.0,0.0,0.0,0.0,0.0,1.0,0.0,0.0,0.0,0.0,0.0,0.0,0.0,0.0,0.0,0.0,0.0,0.0,0.0,0.0,0.0,0.0,0.0,0.0,0.0,0.0,0.0,0.0
5,2024,6,0.0,0.0,0.0,0.0,0.0,0.0,0.0,0.0,0.0,0.0,0.0,0.0,0.0,0.0,0.0,0.0,0.0,0.0,0.0,0.0,0.0,0.0,0.0,1.0,0.0,0.0,0.0,0.0,0.0,0.0,0.0,0.0,0.0,0.0,0.0,0.0,0.0,0.0,0.0,0.0,0.0,0.0,0.0,0.0,0.0,0.0,1.0,0.0,0.0,0.0,0.0,0.0,2.0,0.0,0.0,0.0,0.0
5,2024,7,0.0,0.0,0.0,0.0,0.0,0.0,0.0,0.0,0.0,0.0,0.0,0.0,0.0,0.0,0.0,0.0,0.0,0.0,0.0,0.0,0.0,0.0,0.0,1.0,0.0,0.0,0.0,0.0,0.0,0.0,0.0,0.0,0.0,0.0,1.0,0.0,0.0,0.0,0.0,0.0,0.0,0.0,0.0,0.0,2.0,0.0,1.0,0.0,0.0,0.0,0.0,0.0,0.0,0.0,0.0,0.0,0.0
5,2024,8,0.0,0.0,0.0,0.0,0.0,0.0,0.0,0.0,0.0,0.0,0.0,0.0,0.0,0.0,0.0,0.0,0.0,0.0,0.0,0.0,0.0,0.0,0.0,1.0,0.0,0.0,0.0,0.0,0.0,0.0,0.0,0.0,0.0,0.0,0.0,0.0,0.0,0.0,0.0,0.0,0.0,0.0,0.0,0.0,1.0,0.0,0.0,0.0,0.0,0.0,0.0,0.0,0.0,0.0,0.0,0.0,0.0
5,2024,9,0.0,0.0,0.0,0.0,0.0,0.0,0.0,0.0,0.0,0.0,1.0,0.0,0.0,0.0,0.0,0.0,0.0,0.0,0.0,0.0,0.0,0.0,0.0,0.0,0.0,1.0,0.0,0.0,0.0,0.0,0.0,0.0,0.0,0.0,0.0,0.0,0.0,1.0,0.0,0.0,0.0,0.0,0.0,0.0,1.0,0.0,1.0,0.0,0.0,0.0,0.0,0.0,0.0,0.0,0.0,0.0,0.0
5,2024,10,0.0,0.0,0.0,0.0,0.0,0.0,0.0,0.0,0.0,0.0,0.0,1.0,1.0,0.0,0.0,0.0,0.0,0.0,0.0,0.0,0.0,0.0,0.0,2.0,0.0,2.0,0.0,0.0,0.0,0.0,0.0,0.0,0.0,0.0,0.0,0.0,0.0,1.0,0.0,0.0,0.0,0.0,0.0,0.0,1.0,0.0,1.0,0.0,0.0,0.0,1.0,0.0,0.0,0.0,0.0,0.0,0.0
5,2024,11,0.0,0.0,0.0,0.0,0.0,0.0,0.0,1.0,0.0,0.0,0.0,0.0,0.0,0.0,0.0,0.0,0.0,0.0,0.0,0.0,0.0,0.0,0.0,7.0,0.0,0.0,0.0,0.0,0.0,0.0,0.0,0.0,0.0,0.0,1.0,0.0,0.0,1.0,0.0,0.0,0.0,0.0,0.0,0.0,6.0,0.0,0.0,0.0,0.0,0.0,0.0,0.0,0.0,1.0,0.0,0.0,0.0
5,2024,12,0.0,0.0,0.0,0.0,0.0,1.0,0.0,1.0,0.0,0.0,2.0,0.0,0.0,0.0,0.0,0.0,0.0,0.0,0.0,0.0,1.0,0.0,0.0,9.0,0.0,2.0,0.0,0.0,0.0,0.0,0.0,0.0,0.0,0.0,0.0,0.0,0.0,2.0,0.0,0.0,0.0,0.0,0.0,0.0,7.0,0.0,16.0,0.0,0.0,0.0,0.0,0.0,1.0,0.0,0.0,0.0,0.0
5,2025,1,0.0,0.0,0.0,0.0,0.0,31.0,0.0,8.0,0.0,0.0,27.0,3.0,11.0,3.0,0.0,0.0,0.0,8.0,15.0,0.0,0.0,1.0,1.0,53.0,1.0,56.0,0.0,0.0,0.0,0.0,0.0,0.0,0.0,0.0,13.0,0.0,0.0,17.0,4.0,0.0,0.0,6.0,0.0,3.0,13.0,0.0,125.0,0.0,5.0,1.0,0.0,11.0,2.0,0.0,0.0,0.0,8.0
5,2025,2,0.0,8.0,0.0,0.0,0.0,34.0,4.0,6.0,0.0,0.0,28.0,4.0,28.0,4.0,0.0,0.0,0.0,12.0,10.0,0.0,4.0,0.0,0.0,56.0,4.0,34.0,0.0,0.0,0.0,0.0,0.0,0.0,0.0,0.0,11.0,0.0,0.0,3.0,10.0,0.0,0.0,4.0,0.0,1.0,13.0,1.0,71.0,0.0,2.0,1.0,2.0,10.0,6.0,1.0,0.0,0.0,5.0
5,2025,3,0.0,3.0,0.0,0.0,1.0,58.0,2.0,8.0,0.0,0.0,33.0,4.0,13.0,6.0,0.0,0.0,0.0,22.0,42.0,0.0,2.0,0.0,0.0,40.0,0.0,54.0,0.0,0.0,0.0,0.0,0.0,0.0,0.0,0.0,13.0,0.0,0.0,8.0,2.0,0.0,1.0,7.0,0.0,8.0,10.0,1.0,80.0,0.0,0.0,1.0,2.0,9.0,4.0,1.0,0.0,0.0,11.0
5,2025,4,0.0,1.0,0.0,0.0,0.0,40.0,1.0,10.0,0.0,0.0,21.0,5.0,31.0,5.0,0.0,0.0,0.0,25.0,46.0,0.0,1.0,0.0,0.0,50.0,0.0,54.0,0.0,0.0,0.0,0.0,0.0,0.0,0.0,0.0,9.0,1.0,0.0,16.0,7.0,0.0,2.0,3.0,0.0,13.0,14.0,0.0,94.0,0.0,1.0,0.0,1.0,22.0,7.0,1.0,0.0,0.0,8.0
5,2025,5,0.0,1.0,0.0,0.0,0.0,54.0,1.0,17.0,0.0,0.0,26.0,3.0,20.0,7.0,0.0,0.0,0.0,19.0,22.0,0.0,4.0,0.0,0.0,58.0,2.0,58.0,0.0,0.0,0.0,0.0,0.0,0.0,0.0,0.0,13.0,1.0,0.0,9.0,5.0,1.0,1.0,2.0,0.0,4.0,9.0,0.0,121.0,0.0,0.0,0.0,1.0,8.0,12.0,4.0,0.0,0.0,14.0
5,2025,6,0.0,3.0,0.0,0.0,0.0,39.0,0.0,13.0,0.0,0.0,33.0,2.0,17.0,3.0,0.0,0.0,1.0,29.0,22.0,0.0,1.0,0.0,1.0,75.0,2.0,54.0,0.0,0.0,1.0,0.0,0.0,0.0,0.0,0.0,15.0,0.0,0.0,14.0,44.0,0.0,3.0,2.0,0.0,4.0,14.0,0.0,169.0,2.0,2.0,0.0,2.0,15.0,9.0,2.0,1.0,0.0,7.0
5,2025,7,0.0,3.0,0.0,0.0,1.0,30.0,0.0,14.0,0.0,0.0,24.0,3.0,14.0,7.0,0.0,0.0,0.0,35.0,24.0,0.0,1.0,0.0,0.0,51.0,1.0,55.0,0.0,0.0,1.0,0.0,0.0,0.0,0.0,0.0,16.0,0.0,0.0,7.0,1.0,0.0,1.0,3.0,0.0,6.0,13.0,0.0,108.0,0.0,1.0,0.0,3.0,6.0,6.0,2.0,0.0,0.0,10.0
5,2025,8,0.0,2.0,0.0,0.0,0.0,43.0,0.0,9.0,0.0,0.0,35.0,3.0,15.0,5.0,0.0,0.0,0.0,33.0,83.0,0.0,0.0,0.0,0.0,63.0,3.0,57.0,0.0,0.0,2.0,0.0,0.0,0.0,0.0,0.0,9.0,0.0,0.0,14.0,4.0,0.0,0.0,9.0,0.0,4.0,11.0,0.0,110.0,0.0,2.0,0.0,3.0,18.0,9.0,4.0,0.0,0.0,7.0
5,2025,9,0.0,1.0,1.0,0.0,0.0,52.0,0.0,7.0,0.0,0.0,22.0,5.0,16.0,3.0,0.0,0.0,0.0,31.0,43.0,0.0,1.0,0.0,1.0,61.0,4.0,52.0,0.0,0.0,0.0,0.0,0.0,0.0,0.0,0.0,8.0,0.0,0.0,14.0,6.0,0.0,2.0,1.0,0.0,6.0,8.0,1.0,104.0,0.0,1.0,1.0,2.0,16.0,8.0,0.0,0.0,0.0,13.0
5,2025,10,0.0,2.0,0.0,0.0,0.0,39.0,0.0,11.0,0.0,0.0,33.0,3.0,21.0,5.0,0.0,0.0,0.0,28.0,55.0,0.0,0.0,0.0,3.0,72.0,2.0,55.0,1.0,0.0,1.0,0.0,0.0,0.0,0.0,0.0,7.0,1.0,0.0,12.0,6.0,1.0,1.0,3.0,0.0,10.0,7.0,1.0,95.0,0.0,1.0,1.0,1.0,8.0,10.0,3.0,0.0,0.0,6.0
5,2025,11,0.0,1.0,0.0,0.0,0.0,45.0,0.0,12.0,0.0,0.0,32.0,6.0,16.0,1.0,0.0,0.0,0.0,28.0,44.0,0.0,1.0,0.0,0.0,68.0,2.0,64.0,0.0,0.0,1.0,0.0,0.0,0.0,0.0,0.0,9.0,0.0,0.0,7.0,13.0,0.0,2.0,1.0,0.0,5.0,7.0,1.0,84.0,0.0,0.0,0.0,2.0,12.0,14.0,1.0,0.0,0.0,8.0
5,2025,12,0.0,0.0,0.0,0.0,0.0,31.0,0.0,14.0,0.0,0.0,19.0,5.0,13.0,7.0,0.0,0.0,0.0,31.0,36.0,0.0,1.0,0.0,1.0,43.0,0.0,31.0,0.0,0.0,0.0,0.0,0.0,0.0,0.0,0.0,3.0,1.0,0.0,9.0,5.0,0.0,0.0,3.0,0.0,13.0,2.0,1.0,76.0,0.0,1.0,0.0,2.0,15.0,11.0,0.0,0.0,0.0,3.0
50,2024,1,0.0,0.0,0.0,0.0,0.0,0.0,0.0,0.0,0.0,0.0,0.0,0.0,0.0,0.0,0.0,0.0,0.0,0.0,0.0,0.0,0.0,0.0,0.0,0.0,0.0,1.0,0.0,0.0,0.0,0.0,0.0,0.0,0.0,0.0,0.0,0.0,0.0,0.0,0.0,0.0,0.0,0.0,0.0,0.0,0.0,0.0,1.0,0.0,0.0,0.0,0.0,0.0,1.0,1.0,0.0,0.0,0.0
50,2024,2,0.0,0.0,0.0,0.0,0.0,0.0,0.0,0.0,0.0,0.0,0.0,0.0,0.0,0.0,0.0,0.0,0.0,0.0,0.0,0.0,0.0,0.0,0.0,2.0,0.0,0.0,0.0,0.0,0.0,0.0,0.0,0.0,0.0,0.0,0.0,0.0,0.0,1.0,0.0,0.0,0.0,0.0,0.0,0.0,0.0,0.0,0.0,0.0,0.0,0.0,0.0,0.0,0.0,0.0,0.0,0.0,0.0
50,2024,3,0.0,0.0,0.0,0.0,0.0,1.0,0.0,0.0,0.0,0.0,0.0,0.0,0.0,0.0,0.0,0.0,0.0,0.0,0.0,0.0,0.0,0.0,0.0,1.0,0.0,2.0,0.0,0.0,0.0,0.0,0.0,0.0,0.0,0.0,0.0,0.0,0.0,0.0,0.0,0.0,0.0,0.0,0.0,0.0,0.0,0.0,0.0,0.0,0.0,0.0,0.0,0.0,0.0,0.0,0.0,0.0,0.0
50,2024,4,0.0,0.0,0.0,0.0,0.0,0.0,0.0,0.0,0.0,0.0,0.0,0.0,0.0,0.0,0.0,0.0,0.0,0.0,0.0,0.0,1.0,0.0,0.0,0.0,1.0,3.0,0.0,0.0,0.0,0.0,0.0,0.0,0.0,0.0,0.0,0.0,0.0,0.0,0.0,0.0,0.0,0.0,0.0,0.0,0.0,0.0,0.0,0.0,0.0,0.0,1.0,0.0,0.0,0.0,0.0,0.0,0.0
50,2024,5,0.0,0.0,0.0,0.0,0.0,0.0,0.0,0.0,0.0,0.0,0.0,0.0,0.0,0.0,0.0,0.0,0.0,0.0,0.0,0.0,0.0,0.0,0.0,0.0,0.0,1.0,0.0,0.0,0.0,0.0,0.0,0.0,0.0,0.0,0.0,0.0,0.0,0.0,0.0,0.0,0.0,0.0,0.0,0.0,0.0,0.0,0.0,0.0,0.0,0.0,0.0,0.0,0.0,0.0,0.0,0.0,0.0
50,2024,6,0.0,0.0,0.0,0.0,0.0,0.0,0.0,0.0,0.0,0.0,0.0,0.0,0.0,0.0,0.0,0.0,0.0,0.0,0.0,0.0,0.0,0.0,0.0,1.0,0.0,1.0,0.0,0.0,0.0,0.0,0.0,0.0,0.0,0.0,0.0,0.0,0.0,0.0,0.0,0.0,0.0,0.0,0.0,0.0,0.0,0.0,1.0,0.0,0.0,0.0,0.0,0.0,0.0,1.0,0.0,0.0,0.0
50,2024,7,0.0,0.0,0.0,0.0,0.0,0.0,0.0,0.0,0.0,0.0,0.0,0.0,0.0,0.0,0.0,0.0,0.0,1.0,0.0,0.0,0.0,0.0,0.0,2.0,1.0,0.0,0.0,0.0,0.0,0.0,0.0,0.0,0.0,0.0,0.0,0.0,0.0,0.0,0.0,0.0,0.0,0.0,0.0,0.0,0.0,0.0,0.0,1.0,0.0,0.0,0.0,0.0,1.0,1.0,0.0,0.0,0.0
50,2024,8,0.0,0.0,0.0,0.0,0.0,0.0,0.0,0.0,0.0,0.0,1.0,0.0,0.0,0.0,0.0,0.0,0.0,0.0,0.0,0.0,0.0,0.0,0.0,0.0,0.0,0.0,0.0,0.0,0.0,0.0,0.0,0.0,0.0,0.0,0.0,0.0,0.0,3.0,0.0,0.0,0.0,0.0,0.0,0.0,0.0,0.0,1.0,0.0,0.0,0.0,0.0,0.0,0.0,0.0,0.0,0.0,0.0
50,2024,9,0.0,0.0,0.0,0.0,0.0,0.0,0.0,0.0,0.0,0.0,0.0,0.0,0.0,0.0,0.0,0.0,0.0,0.0,1.0,0.0,0.0,0.0,0.0,3.0,0.0,0.0,0.0,0.0,0.0,0.0,0.0,0.0,0.0,0.0,1.0,0.0,0.0,0.0,0.0,0.0,0.0,0.0,0.0,0.0,0.0,0.0,3.0,0.0,0.0,0.0,0.0,0.0,0.0,0.0,0.0,0.0,0.0
50,2024,10,0.0,0.0,0.0,0.0,0.0,0.0,0.0,0.0,0.0,0.0,0.0,0.0,0.0,0.0,0.0,0.0,0.0,0.0,0.0,0.0,0.0,0.0,0.0,6.0,0.0,1.0,0.0,0.0,0.0,0.0,0.0,0.0,0.0,0.0,0.0,0.0,0.0,0.0,0.0,0.0,0.0,0.0,0.0,0.0,0.0,0.0,0.0,0.0,0.0,0.0,1.0,0.0,0.0,0.0,0.0,0.0,0.0
50,2024,11,0.0,0.0,0.0,0.0,1.0,1.0,0.0,0.0,0.0,0.0,1.0,0.0,0.0,0.0,0.0,0.0,0.0,0.0,0.0,0.0,0.0,0.0,0.0,4.0,0.0,1.0,0.0,0.0,0.0,0.0,0.0,0.0,0.0,0.0,0.0,0.0,0.0,2.0,0.0,0.0,0.0,0.0,0.0,0.0,0.0,0.0,4.0,0.0,0.0,0.0,0.0,0.0,1.0,1.0,1.0,0.0,0.0
50,2024,12,0.0,0.0,0.0,0.0,0.0,0.0,0.0,1.0,0.0,0.0,1.0,0.0,0.0,0.0,0.0,0.0,0.0,1.0,0.0,0.0,0.0,0.0,0.0,7.0,0.0,4.0,0.0,0.0,0.0,0.0,0.0,0.0,0.0,0.0,0.0,0.0,0.0,4.0,0.0,0.0,0.0,0.0,0.0,0.0,0.0,0.0,9.0,0.0,1.0,0.0,1.0,0.0,3.0,1.0,3.0,0.0,1.0
50,2025,1,0.0,0.0,0.0,1.0,0.0,41.0,0.0,12.0,1.0,0.0,42.0,2.0,5.0,3.0,0.0,0.0,0.0,23.0,10.0,0.0,0.0,0.0,0.0,44.0,19.0,88.0,0.0,0.0,3.0,0.0,0.0,0.0,0.0,0.0,2.0,0.0,0.0,15.0,2.0,0.0,3.0,9.0,0.0,1.0,4.0,0.0,73.0,0.0,0.0,0.0,2.0,9.0,5.0,5.0,1.0,0.0,21.0
50,2025,2,0.0,2.0,0.0,0.0,0.0,34.0,0.0,8.0,0.0,0.0,36.0,4.0,2.0,0.0,0.0,0.0,0.0,15.0,10.0,0.0,1.0,0.0,0.0,45.0,18.0,67.0,0.0,0.0,6.0,0.0,0.0,0.0,0.0,0.0,10.0,0.0,0.0,19.0,3.0,3.0,0.0,4.0,0.0,2.0,1.0,0.0,63.0,0.0,1.0,0.0,0.0,11.0,3.0,1.0,0.0,0.0,17.0
50,2025,3,0.0,1.0,0.0,0.0,0.0,32.0,0.0,19.0,0.0,0.0,34.0,5.0,2.0,5.0,0.0,0.0,0.0,18.0,9.0,0.0,1.0,0.0,0.0,51.0,21.0,102.0,0.0,0.0,3.0,0.0,0.0,0.0,0.0,0.0,16.0,0.0,0.0,15.0,6.0,0.0,0.0,3.0,0.0,1.0,1.0,0.0,71.0,1.0,0.0,1.0,2.0,7.0,3.0,1.0,0.0,0.0,17.0
50,2025,4,0.0,2.0,0.0,0.0,0.0,58.0,1.0,15.0,0.0,0.0,42.0,3.0,4.0,4.0,0.0,0.0,0.0,16.0,2.0,0.0,4.0,0.0,0.0,53.0,25.0,87.0,0.0,0.0,0.0,0.0,0.0,0.0,0.0,0.0,17.0,1.0,0.0,18.0,9.0,0.0,1.0,2.0,0.0,4.0,1.0,0.0,120.0,3.0,1.0,0.0,0.0,5.0,8.0,3.0,0.0,0.0,10.0
50,2025,5,0.0,0.0,0.0,0.0,0.0,54.0,0.0,9.0,0.0,0.0,49.0,4.0,4.0,2.0,0.0,0.0,1.0,26.0,3.0,0.0,2.0,0.0,0.0,56.0,28.0,88.0,0.0,0.0,2.0,0.0,0.0,0.0,0.0,0.0,13.0,0.0,0.0,18.0,5.0,1.0,4.0,8.0,0.0,1.0,0.0,1.0,121.0,1.0,2.0,0.0,2.0,14.0,3.0,4.0,1.0,0.0,17.0
50,2025,6,0.0,0.0,0.0,0.0,0.0,48.0,0.0,8.0,0.0,0.0,25.0,2.0,1.0,2.0,0.0,0.0,0.0,19.0,5.0,0.0,1.0,0.0,0.0,44.0,23.0,82.0,0.0,0.0,1.0,0.0,0.0,0.0,0.0,0.0,8.0,0.0,0.0,14.0,4.0,0.0,0.0,3.0,0.0,0.0,1.0,1.0,121.0,1.0,3.0,0.0,6.0,10.0,6.0,7.0,0.0,0.0,11.0
50,2025,7,0.0,0.0,0.0,0.0,0.0,40.0,0.0,13.0,0.0,0.0,43.0,1.0,3.0,4.0,0.0,0.0,0.0,23.0,2.0,0.0,1.0,0.0,0.0,45.0,17.0,93.0,0.0,0.0,4.0,0.0,0.0,0.0,0.0,0.0,5.0,0.0,0.0,13.0,7.0,1.0,1.0,0.0,0.0,2.0,0.0,1.0,98.0,0.0,0.0,0.0,1.0,10.0,10.0,1.0,4.0,0.0,7.0
50,2025,8,0.0,0.0,0.0,0.0,0.0,36.0,1.0,11.0,0.0,0.0,31.0,2.0,4.0,2.0,0.0,0.0,0.0,17.0,2.0,0.0,4.0,0.0,0.0,51.0,36.0,74.0,0.0,0.0,3.0,0.0,0.0,0.0,0.0,0.0,8.0,0.0,0.0,12.0,4.0,0.0,3.0,1.0,0.0,1.0,0.0,1.0,77.0,0.0,2.0,0.0,3.0,10.0,3.0,1.0,1.0,0.0,6.0
50,2025,9,0.0,0.0,0.0,0.0,0.0,50.0,0.0,9.0,0.0,0.0,40.0,1.0,4.0,5.0,0.0,0.0,0.0,19.0,2.0,0.0,1.0,0.0,1.0,46.0,24.0,81.0,0.0,0.0,0.0,0.0,0.0,0.0,0.0,0.0,8.0,0.0,0.0,15.0,7.0,0.0,2.0,1.0,0.0,1.0,0.0,0.0,106.0,2.0,2.0,0.0,1.0,17.0,6.0,4.0,1.0,0.0,12.0
50,2025,10,0.0,0.0,0.0,0.0,0.0,37.0,1.0,9.0,0.0,0.0,31.0,1.0,2.0,0.0,0.0,0.0,0.0,15.0,1.0,0.0,1.0,0.0,0.0,42.0,21.0,80.0,0.0,0.0,0.0,0.0,0.0,0.0,0.0,0.0,13.0,0.0,0.0,21.0,4.0,0.0,0.0,2.0,0.0,0.0,1.0,0.0,112.0,0.0,2.0,0.0,1.0,4.0,3.0,3.0,0.0,0.0,14.0
50,2025,11,0.0,0.0,0.0,0.0,0.0,35.0,1.0,2.0,1.0,0.0,37.0,1.0,5.0,2.0,0.0,0.0,0.0,12.0,1.0,0.0,0.0,0.0,0.0,30.0,23.0,62.0,0.0,0.0,2.0,0.0,0.0,0.0,0.0,0.0,8.0,0.0,0.0,12.0,4.0,0.0,1.0,3.0,0.0,3.0,2.0,1.0,94.0,0.0,1.0,0.0,4.0,1.0,3.0,1.0,0.0,0.0,16.0
50,2025,12,0.0,0.0,1.0,0.0,1.0,40.0,0.0,9.0,0.0,0.0,23.0,0.0,3.0,1.0,1.0,0.0,0.0,23.0,0.0,0.0,0.0,0.0,0.0,31.0,19.0,61.0,0.0,0.0,1.0,0.0,0.0,1.0,0.0,0.0,11.0,0.0,0.0,9.0,5.0,0.0,1.0,1.0,0.0,0.0,3.0,1.0,65.0,1.0,2.0,0.0,0.0,5.0,3.0,0.0,0.0,0.0,12.0
52,2024,1,0.0,0.0,0.0,0.0,0.0,0.0,0.0,0.0,0.0,0.0,1.0,0.0,1.0,1.0,0.0,0.0,0.0,0.0,0.0,0.0,0.0,0.0,0.0,0.0,1.0,0.0,0.0,0.0,0.0,0.0,0.0,0.0,0.0,0.0,1.0,0.0,0.0,0.0,1.0,0.0,0.0,0.0,0.0,0.0,0.0,0.0,1.0,0.0,0.0,0.0,0.0,0.0,0.0,0.0,0.0,0.0,1.0
52,2024,2,0.0,0.0,0.0,0.0,0.0,0.0,0.0,0.0,0.0,0.0,2.0,0.0,1.0,0.0,0.0,0.0,0.0,0.0,0.0,0.0,0.0,0.0,0.0,1.0,0.0,1.0,0.0,0.0,0.0,0.0,0.0,0.0,0.0,0.0,0.0,0.0,0.0,0.0,0.0,0.0,0.0,0.0,0.0,0.0,0.0,0.0,4.0,0.0,0.0,0.0,0.0,0.0,1.0,0.0,0.0,0.0,0.0
52,2024,3,0.0,0.0,0.0,0.0,0.0,0.0,0.0,0.0,0.0,0.0,0.0,0.0,0.0,0.0,0.0,0.0,0.0,0.0,0.0,0.0,0.0,0.0,0.0,3.0,0.0,0.0,0.0,0.0,0.0,0.0,0.0,0.0,0.0,0.0,0.0,0.0,0.0,0.0,0.0,0.0,0.0,0.0,0.0,0.0,0.0,0.0,0.0,0.0,0.0,0.0,0.0,0.0,1.0,0.0,0.0,0.0,1.0
52,2024,4,0.0,0.0,0.0,0.0,0.0,0.0,0.0,0.0,0.0,0.0,0.0,0.0,0.0,0.0,0.0,0.0,0.0,1.0,0.0,0.0,0.0,0.0,0.0,0.0,0.0,0.0,0.0,0.0,0.0,0.0,0.0,0.0,0.0,0.0,0.0,0.0,0.0,1.0,0.0,0.0,0.0,0.0,0.0,0.0,0.0,0.0,1.0,0.0,0.0,0.0,0.0,0.0,0.0,0.0,0.0,0.0,0.0
52,2024,5,0.0,0.0,0.0,0.0,0.0,0.0,0.0,0.0,0.0,0.0,0.0,0.0,0.0,0.0,0.0,0.0,0.0,0.0,1.0,0.0,1.0,0.0,0.0,0.0,0.0,0.0,0.0,0.0,0.0,0.0,0.0,0.0,0.0,0.0,0.0,0.0,0.0,1.0,0.0,0.0,0.0,0.0,0.0,0.0,0.0,0.0,1.0,0.0,0.0,0.0,0.0,0.0,0.0,0.0,0.0,0.0,0.0
52,2024,6,0.0,0.0,0.0,0.0,0.0,0.0,0.0,0.0,0.0,0.0,1.0,0.0,0.0,0.0,0.0,0.0,0.0,0.0,0.0,0.0,0.0,0.0,0.0,1.0,0.0,0.0,0.0,0.0,0.0,0.0,0.0,0.0,0.0,0.0,1.0,0.0,0.0,0.0,0.0,0.0,0.0,0.0,0.0,2.0,0.0,0.0,4.0,0.0,0.0,0.0,0.0,0.0,1.0,0.0,1.0,0.0,0.0
52,2024,7,0.0,0.0,0.0,0.0,0.0,0.0,0.0,0.0,0.0,0.0,0.0,0.0,0.0,0.0,0.0,0.0,0.0,1.0,0.0,0.0,0.0,0.0,0.0,1.0,0.0,0.0,0.0,0.0,0.0,0.0,0.0,0.0,0.0,0.0,0.0,0.0,0.0,0.0,0.0,0.0,0.0,0.0,0.0,0.0,0.0,0.0,13.0,0.0,0.0,0.0,0.0,0.0,2.0,0.0,0.0,0.0,0.0
52,2024,8,0.0,0.0,0.0,0.0,0.0,0.0,0.0,0.0,0.0,0.0,0.0,0.0,0.0,0.0,0.0,0.0,0.0,2.0,0.0,0.0,0.0,0.0,0.0,3.0,0.0,2.0,0.0,0.0,0.0,0.0,0.0,0.0,0.0,0.0,0.0,0.0,0.0,0.0,0.0,0.0,0.0,0.0,0.0,2.0,0.0,0.0,4.0,0.0,0.0,0.0,0.0,0.0,1.0,0.0,0.0,0.0,0.0
52,2024,9,0.0,0.0,0.0,0.0,0.0,1.0,0.0,0.0,0.0,0.0,0.0,0.0,0.0,0.0,0.0,0.0,0.0,0.0,0.0,0.0,0.0,0.0,0.0,4.0,0.0,2.0,0.0,0.0,0.0,0.0,0.0,0.0,0.0,0.0,0.0,0.0,0.0,0.0,0.0,0.0,0.0,0.0,0.0,0.0,0.0,0.0,0.0,0.0,0.0,0.0,0.0,0.0,2.0,0.0,0.0,0.0,0.0
52,2024,10,0.0,0.0,0.0,0.0,0.0,0.0,0.0,0.0,0.0,0.0,0.0,0.0,0.0,0.0,0.0,0.0,0.0,2.0,0.0,0.0,0.0,0.0,0.0,4.0,3.0,0.0,0.0,0.0,0.0,0.0,0.0,0.0,0.0,0.0,0.0,0.0,0.0,0.0,0.0,0.0,0.0,0.0,0.0,2.0,0.0,0.0,2.0,0.0,0.0,0.0,1.0,0.0,2.0,2.0,0.0,0.0,0.0
52,2024,11,0.0,0.0,0.0,0.0,0.0,2.0,0.0,0.0,0.0,0.0,1.0,0.0,0.0,0.0,0.0,0.0,0.0,1.0,0.0,0.0,1.0,0.0,0.0,1.0,0.0,1.0,0.0,0.0,0.0,0.0,0.0,0.0,0.0,0.0,0.0,0.0,0.0,1.0,0.0,0.0,0.0,0.0,0.0,0.0,0.0,0.0,10.0,0.0,0.0,0.0,3.0,0.0,2.0,0.0,0.0,0.0,0.0
52,2024,12,0.0,0.0,0.0,0.0,0.0,4.0,0.0,1.0,0.0,0.0,1.0,0.0,0.0,0.0,0.0,0.0,0.0,1.0,1.0,0.0,0.0,0.0,0.0,8.0,0.0,7.0,0.0,0.0,0.0,0.0,0.0,0.0,0.0,0.0,0.0,0.0,0.0,3.0,1.0,0.0,0.0,0.0,0.0,0.0,0.0,0.0,23.0,0.0,1.0,0.0,0.0,1.0,1.0,1.0,0.0,0.0,0.0
52,2025,1,0.0,3.0,0.0,0.0,1.0,80.0,2.0,17.0,0.0,0.0,61.0,2.0,57.0,14.0,0.0,0.0,1.0,61.0,1.0,0.0,0.0,0.0,0.0,81.0,19.0,107.0,0.0,0.0,8.0,0.0,0.0,0.0,0.0,0.0,17.0,0.0,0.0,29.0,20.0,0.0,2.0,2.0,0.0,37.0,2.0,0.0,124.0,1.0,2.0,0.0,4.0,24.0,12.0,3.0,0.0,0.0,31.0
52,2025,2,0.0,1.0,0.0,0.0,0.0,66.0,0.0,15.0,0.0,0.0,68.0,3.0,35.0,11.0,0.0,0.0,0.0,63.0,1.0,0.0,3.0,0.0,0.0,60.0,23.0,101.0,0.0,0.0,5.0,0.0,0.0,0.0,0.0,0.0,10.0,0.0,0.0,30.0,12.0,0.0,3.0,3.0,0.0,20.0,2.0,0.0,116.0,1.0,3.0,0.0,5.0,26.0,11.0,2.0,1.0,0.0,25.0
52,2025,3,0.0,6.0,0.0,0.0,0.0,111.0,0.0,31.0,0.0,0.0,59.0,11.0,55.0,18.0,1.0,0.0,0.0,80.0,1.0,0.0,4.0,0.0,0.0,64.0,19.0,140.0,0.0,0.0,9.0,0.0,0.0,0.0,0.0,0.0,21.0,0.0,0.0,38.0,11.0,1.0,3.0,4.0,0.0,26.0,3.0,0.0,130.0,1.0,4.0,1.0,7.0,36.0,18.0,2.0,1.0,0.0,21.0
52,2025,4,0.0,1.0,0.0,0.0,1.0,115.0,2.0,13.0,0.0,0.0,65.0,4.0,44.0,5.0,0.0,0.0,0.0,55.0,3.0,0.0,2.0,0.0,0.0,79.0,27.0,142.0,0.0,0.0,7.0,0.0,0.0,0.0,0.0,0.0,26.0,1.0,0.0,41.0,6.0,0.0,3.0,2.0,0.0,20.0,4.0,1.0,149.0,1.0,3.0,0.0,2.0,42.0,21.0,3.0,1.0,0.0,25.0
52,2025,5,0.0,4.0,0.0,0.0,2.0,127.0,0.0,12.0,4.0,0.0,60.0,2.0,35.0,15.0,0.0,0.0,0.0,84.0,5.0,0.0,3.0,0.0,1.0,78.0,29.0,162.0,1.0,0.0,7.0,0.0,0.0,1.0,0.0,0.0,19.0,1.0,0.0,36.0,12.0,1.0,5.0,2.0,0.0,19.0,4.0,1.0,145.0,3.0,9.0,0.0,0.0,40.0,18.0,6.0,2.0,0.0,21.0
52,2025,6,0.0,2.0,0.0,0.0,0.0,121.0,0.0,23.0,3.0,0.0,52.0,3.0,41.0,15.0,0.0,0.0,0.0,94.0,0.0,0.0,2.0,0.0,3.0,72.0,40.0,128.0,0.0,0.0,3.0,0.0,0.0,0.0,1.0,0.0,42.0,1.0,0.0,28.0,12.0,1.0,5.0,0.0,0.0,16.0,4.0,0.0,133.0,1.0,1.0,0.0,5.0,45.0,16.0,4.0,0.0,0.0,25.0
52,2025,7,0.0,2.0,0.0,1.0,1.0,141.0,1.0,17.0,1.0,0.0,64.0,5.0,37.0,18.0,0.0,0.0,0.0,94.0,3.0,0.0,0.0,0.0,0.0,78.0,41.0,130.0,0.0,0.0,3.0,0.0,0.0,0.0,0.0,0.0,41.0,0.0,0.0,40.0,12.0,0.0,2.0,4.0,0.0,21.0,2.0,1.0,134.0,4.0,4.0,0.0,5.0,64.0,12.0,4.0,0.0,0.0,37.0
52,2025,8,0.0,6.0,0.0,0.0,0.0,103.0,0.0,16.0,1.0,1.0,64.0,7.0,46.0,20.0,0.0,0.0,0.0,84.0,7.0,0.0,6.0,0.0,1.0,86.0,24.0,145.0,0.0,0.0,4.0,0.0,0.0,1.0,0.0,0.0,24.0,2.0,0.0,33.0,16.0,0.0,2.0,1.0,0.0,26.0,5.0,2.0,158.0,1.0,2.0,0.0,3.0,55.0,28.0,2.0,2.0,0.0,28.0
52,2025,9,0.0,1.0,0.0,1.0,2.0,98.0,1.0,26.0,1.0,2.0,75.0,6.0,40.0,14.0,0.0,0.0,0.0,84.0,6.0,0.0,4.0,0.0,0.0,72.0,26.0,141.0,0.0,0.0,4.0,0.0,0.0,0.0,1.0,0.0,21.0,0.0,0.0,27.0,18.0,1.0,5.0,5.0,0.0,32.0,2.0,1.0,137.0,1.0,5.0,0.0,3.0,47.0,13.0,10.0,1.0,0.0,45.0
52,2025,10,0.0,9.0,0.0,0.0,0.0,128.0,0.0,22.0,2.0,0.0,75.0,2.0,33.0,14.0,0.0,0.0,0.0,85.0,3.0,0.0,2.0,0.0,0.0,77.0,23.0,158.0,0.0,0.0,2.0,0.0,0.0,0.0,1.0,0.0,38.0,1.0,0.0,31.0,21.0,1.0,4.0,0.0,0.0,27.0,6.0,0.0,149.0,0.0,5.0,0.0,2.0,54.0,14.0,4.0,0.0,0.0,29.0
52,2025,11,0.0,3.0,0.0,0.0,1.0,119.0,0.0,18.0,0.0,0.0,58.0,2.0,44.0,17.0,0.0,0.0,0.0,82.0,2.0,0.0,3.0,0.0,0.0,63.0,25.0,143.0,0.0,0.0,4.0,0.0,0.0,1.0,0.0,0.0,36.0,0.0,0.0,34.0,10.0,0.0,3.0,2.0,0.0,35.0,3.0,1.0,154.0,0.0,4.0,0.0,5.0,46.0,18.0,4.0,0.0,0.0,39.0
52,2025,12,0.0,4.0,0.0,1.0,1.0,93.0,0.0,15.0,2.0,0.0,35.0,4.0,51.0,11.0,0.0,0.0,1.0,63.0,5.0,0.0,1.0,0.0,0.0,51.0,26.0,138.0,0.0,0.0,5.0,0.0,0.0,0.0,0.0,0.0,32.0,0.0,0.0,30.0,9.0,0.0,3.0,1.0,0.0,19.0,2.0,2.0,136.0,0.0,1.0,1.0,1.0,33.0,20.0,2.0,0.0,0.0,36.0
6,2024,1,0.0,0.0,0.0,0.0,0.0,0.0,0.0,0.0,0.0,0.0,0.0,0.0,0.0,0.0,0.0,0.0,0.0,0.0,0.0,0.0,0.0,0.0,0.0,2.0,0.0,0.0,0.0,0.0,0.0,0.0,0.0,0.0,0.0,0.0,0.0,0.0,0.0,0.0,0.0,0.0,0.0,0.0,0.0,0.0,0.0,0.0,1.0,0.0,0.0,0.0,0.0,0.0,0.0,0.0,0.0,0.0,0.0
6,2024,2,0.0,0.0,0.0,0.0,0.0,0.0,0.0,0.0,0.0,0.0,0.0,0.0,0.0,0.0,0.0,0.0,0.0,0.0,0.0,0.0,0.0,0.0,0.0,0.0,0.0,1.0,0.0,0.0,0.0,0.0,0.0,0.0,0.0,0.0,0.0,0.0,0.0,0.0,0.0,0.0,0.0,0.0,0.0,0.0,0.0,0.0,0.0,0.0,0.0,0.0,0.0,0.0,1.0,0.0,0.0,0.0,0.0
6,2024,3,0.0,0.0,0.0,0.0,0.0,0.0,0.0,0.0,0.0,0.0,0.0,0.0,0.0,0.0,0.0,0.0,0.0,0.0,0.0,0.0,0.0,0.0,0.0,0.0,0.0,0.0,0.0,0.0,0.0,0.0,0.0,0.0,0.0,0.0,0.0,0.0,0.0,0.0,0.0,0.0,0.0,0.0,0.0,0.0,0.0,0.0,1.0,0.0,0.0,0.0,0.0,0.0,0.0,1.0,0.0,0.0,0.0
6,2024,4,0.0,0.0,0.0,0.0,0.0,0.0,0.0,0.0,0.0,0.0,0.0,0.0,0.0,0.0,0.0,0.0,0.0,0.0,0.0,0.0,0.0,0.0,0.0,3.0,0.0,0.0,0.0,0.0,0.0,0.0,0.0,0.0,0.0,0.0,0.0,0.0,0.0,0.0,0.0,0.0,0.0,0.0,0.0,1.0,0.0,0.0,0.0,0.0,0.0,0.0,0.0,0.0,0.0,0.0,0.0,0.0,0.0
6,2024,6,0.0,0.0,0.0,0.0,0.0,0.0,0.0,0.0,0.0,0.0,0.0,0.0,2.0,0.0,0.0,0.0,0.0,0.0,0.0,0.0,0.0,0.0,0.0,0.0,0.0,2.0,0.0,0.0,0.0,0.0,0.0,0.0,0.0,0.0,0.0,0.0,0.0,0.0,0.0,0.0,0.0,0.0,0.0,0.0,0.0,0.0,1.0,0.0,0.0,0.0,0.0,0.0,0.0,0.0,0.0,0.0,0.0
6,2024,7,0.0,0.0,0.0,0.0,0.0,0.0,0.0,0.0,0.0,0.0,0.0,0.0,0.0,0.0,0.0,0.0,0.0,0.0,0.0,0.0,0.0,0.0,0.0,2.0,0.0,1.0,0.0,0.0,0.0,0.0,0.0,0.0,0.0,0.0,0.0,0.0,0.0,0.0,0.0,0.0,0.0,0.0,0.0,0.0,0.0,0.0,0.0,0.0,0.0,0.0,0.0,0.0,0.0,0.0,0.0,0.0,0.0
6,2024,8,0.0,0.0,0.0,0.0,0.0,0.0,0.0,0.0,0.0,0.0,0.0,0.0,2.0,0.0,0.0,0.0,0.0,0.0,0.0,0.0,0.0,0.0,0.0,1.0,0.0,0.0,0.0,0.0,0.0,0.0,0.0,0.0,0.0,0.0,0.0,0.0,0.0,1.0,0.0,0.0,0.0,0.0,0.0,0.0,0.0,0.0,0.0,0.0,0.0,0.0,0.0,0.0,0.0,1.0,0.0,0.0,0.0
6,2024,9,0.0,0.0,0.0,0.0,0.0,0.0,0.0,0.0,0.0,0.0,1.0,0.0,1.0,0.0,0.0,0.0,0.0,0.0,0.0,0.0,0.0,0.0,0.0,2.0,0.0,1.0,0.0,0.0,0.0,0.0,0.0,0.0,0.0,0.0,0.0,0.0,0.0,0.0,0.0,0.0,0.0,0.0,0.0,0.0,0.0,0.0,0.0,0.0,0.0,0.0,0.0,0.0,0.0,0.0,0.0,0.0,0.0
6,2024,10,0.0,0.0,0.0,0.0,0.0,0.0,0.0,0.0,0.0,0.0,0.0,0.0,1.0,0.0,0.0,0.0,0.0,0.0,0.0,0.0,0.0,0.0,0.0,0.0,0.0,1.0,0.0,0.0,0.0,0.0,0.0,0.0,0.0,0.0,0.0,0.0,0.0,2.0,0.0,0.0,0.0,0.0,0.0,0.0,0.0,0.0,2.0,0.0,0.0,0.0,0.0,0.0,0.0,0.0,0.0,0.0,0.0
6,2024,11,0.0,0.0,0.0,0.0,0.0,1.0,0.0,0.0,0.0,0.0,0.0,0.0,0.0,0.0,0.0,0.0,0.0,0.0,0.0,0.0,0.0,0.0,0.0,5.0,0.0,0.0,0.0,0.0,0.0,0.0,0.0,0.0,0.0,0.0,0.0,0.0,0.0,3.0,0.0,0.0,0.0,0.0,0.0,0.0,0.0,0.0,1.0,0.0,0.0,0.0,0.0,0.0,0.0,0.0,0.0,0.0,0.0
6,2024,12,0.0,0.0,0.0,0.0,0.0,1.0,0.0,0.0,0.0,0.0,0.0,1.0,0.0,0.0,0.0,0.0,0.0,0.0,0.0,0.0,0.0,0.0,0.0,15.0,0.0,2.0,0.0,0.0,0.0,0.0,0.0,0.0,0.0,0.0,1.0,0.0,0.0,1.0,0.0,0.0,0.0,0.0,0.0,0.0,0.0,0.0,12.0,0.0,0.0,0.0,1.0,0.0,2.0,0.0,0.0,0.0,0.0
6,2025,1,0.0,6.0,0.0,0.0,0.0,21.0,0.0,13.0,0.0,0.0,21.0,16.0,39.0,1.0,1.0,0.0,0.0,8.0,0.0,0.0,1.0,0.0,0.0,67.0,1.0,31.0,0.0,0.0,2.0,0.0,0.0,0.0,0.0,0.0,3.0,0.0,0.0,6.0,6.0,0.0,0.0,2.0,0.0,25.0,1.0,0.0,117.0,0.0,0.0,0.0,1.0,5.0,6.0,2.0,0.0,0.0,2.0
6,2025,2,0.0,5.0,0.0,0.0,0.0,30.0,0.0,14.0,0.0,0.0,37.0,3.0,40.0,4.0,0.0,0.0,0.0,6.0,1.0,0.0,2.0,0.0,0.0,62.0,1.0,21.0,0.0,0.0,0.0,0.0,0.0,0.0,0.0,0.0,3.0,0.0,0.0,12.0,2.0,0.0,0.0,0.0,0.0,16.0,0.0,0.0,105.0,0.0,2.0,0.0,0.0,10.0,5.0,0.0,0.0,0.0,2.0
6,2025,3,0.0,6.0,0.0,0.0,0.0,39.0,1.0,13.0,0.0,0.0,31.0,8.0,42.0,1.0,0.0,0.0,0.0,9.0,2.0,0.0,0.0,0.0,0.0,75.0,2.0,26.0,0.0,0.0,0.0,0.0,0.0,0.0,0.0,0.0,3.0,0.0,0.0,9.0,6.0,0.0,1.0,1.0,0.0,30.0,0.0,1.0,129.0,0.0,1.0,0.0,2.0,5.0,6.0,1.0,0.0,0.0,8.0
6,2025,4,0.0,38.0,0.0,0.0,1.0,41.0,1.0,14.0,0.0,0.0,31.0,11.0,62.0,4.0,2.0,0.0,0.0,11.0,0.0,0.0,5.0,0.0,0.0,71.0,1.0,19.0,0.0,0.0,0.0,0.0,0.0,0.0,0.0,0.0,4.0,0.0,0.0,15.0,7.0,0.0,1.0,0.0,0.0,47.0,0.0,0.0,110.0,0.0,2.0,0.0,1.0,12.0,4.0,0.0,1.0,0.0,6.0
6,2025,5,0.0,20.0,0.0,0.0,0.0,38.0,0.0,19.0,0.0,0.0,32.0,8.0,35.0,3.0,0.0,0.0,0.0,11.0,1.0,0.0,3.0,0.0,0.0,84.0,1.0,35.0,0.0,0.0,0.0,0.0,0.0,0.0,0.0,0.0,3.0,0.0,0.0,9.0,8.0,0.0,1.0,1.0,0.0,48.0,0.0,0.0,120.0,0.0,1.0,0.0,0.0,16.0,6.0,1.0,0.0,0.0,9.0
6,2025,6,0.0,8.0,0.0,0.0,0.0,54.0,0.0,7.0,0.0,0.0,38.0,17.0,38.0,1.0,1.0,0.0,0.0,26.0,0.0,0.0,0.0,0.0,0.0,94.0,2.0,39.0,0.0,0.0,0.0,0.0,0.0,0.0,0.0,0.0,5.0,1.0,0.0,5.0,10.0,0.0,0.0,1.0,0.0,17.0,1.0,0.0,113.0,0.0,1.0,0.0,0.0,8.0,9.0,0.0,0.0,0.0,11.0
6,2025,7,0.0,0.0,0.0,0.0,0.0,37.0,0.0,26.0,0.0,0.0,40.0,5.0,40.0,3.0,0.0,0.0,0.0,16.0,1.0,0.0,1.0,0.0,0.0,90.0,3.0,33.0,0.0,0.0,0.0,0.0,0.0,0.0,0.0,0.0,6.0,0.0,0.0,2.0,3.0,0.0,2.0,0.0,0.0,18.0,0.0,0.0,126.0,0.0,1.0,0.0,0.0,8.0,12.0,1.0,3.0,0.0,5.0
6,2025,8,0.0,0.0,0.0,0.0,0.0,30.0,0.0,7.0,0.0,0.0,34.0,6.0,22.0,3.0,0.0,0.0,0.0,13.0,1.0,0.0,1.0,0.0,0.0,110.0,3.0,36.0,0.0,0.0,1.0,0.0,0.0,0.0,0.0,0.0,3.0,0.0,0.0,7.0,3.0,0.0,1.0,0.0,0.0,16.0,1.0,0.0,155.0,0.0,0.0,0.0,0.0,11.0,4.0,0.0,1.0,0.0,5.0
6,2025,9,0.0,3.0,0.0,0.0,0.0,48.0,0.0,22.0,0.0,0.0,34.0,13.0,33.0,10.0,0.0,0.0,0.0,25.0,1.0,0.0,1.0,0.0,0.0,105.0,6.0,39.0,0.0,0.0,0.0,0.0,0.0,0.0,0.0,0.0,5.0,0.0,0.0,11.0,4.0,0.0,2.0,1.0,0.0,8.0,1.0,0.0,154.0,0.0,0.0,0.0,1.0,19.0,7.0,2.0,0.0,0.0,5.0
6,2025,10,0.0,4.0,0.0,0.0,0.0,40.0,0.0,13.0,0.0,0.0,39.0,26.0,35.0,7.0,0.0,0.0,0.0,13.0,0.0,0.0,0.0,0.0,0.0,111.0,4.0,31.0,0.0,0.0,0.0,0.0,1.0,0.0,0.0,0.0,8.0,1.0,0.0,10.0,3.0,0.0,0.0,1.0,0.0,2.0,0.0,0.0,164.0,0.0,0.0,0.0,2.0,15.0,3.0,1.0,0.0,0.0,9.0
6,2025,11,1.0,0.0,0.0,0.0,0.0,32.0,0.0,8.0,0.0,0.0,27.0,28.0,36.0,7.0,0.0,0.0,0.0,5.0,0.0,0.0,1.0,0.0,0.0,97.0,3.0,31.0,0.0,0.0,2.0,0.0,0.0,0.0,0.0,0.0,10.0,0.0,0.0,7.0,3.0,0.0,1.0,0.0,0.0,7.0,0.0,2.0,98.0,0.0,0.0,0.0,1.0,8.0,9.0,2.0,0.0,0.0,4.0
6,2025,12,0.0,0.0,0.0,0.0,1.0,18.0,0.0,23.0,0.0,0.0,18.0,4.0,33.0,3.0,0.0,0.0,0.0,7.0,4.0,0.0,2.0,0.0,0.0,63.0,1.0,29.0,0.0,0.0,4.0,0.0,0.0,0.0,0.0,0.0,0.0,0.0,0.0,8.0,2.0,0.0,1.0,0.0,0.0,1.0,1.0,0.0,82.0,0.0,1.0,0.0,0.0,6.0,3.0,0.0,0.0,0.0,5.0
60,2024,1,0.0,0.0,0.0,0.0,0.0,1.0,0.0,0.0,0.0,0.0,0.0,0.0,0.0,0.0,0.0,0.0,0.0,0.0,0.0,0.0,1.0,0.0,0.0,0.0,0.0,0.0,0.0,0.0,0.0,0.0,0.0,0.0,0.0,0.0,1.0,0.0,0.0,0.0,0.0,0.0,1.0,0.0,0.0,0.0,0.0,0.0,0.0,0.0,0.0,0.0,0.0,0.0,0.0,1.0,0.0,0.0,0.0
60,2024,2,0.0,0.0,0.0,0.0,0.0,0.0,0.0,0.0,0.0,0.0,0.0,0.0,0.0,0.0,0.0,0.0,0.0,0.0,0.0,0.0,0.0,0.0,0.0,0.0,0.0,0.0,0.0,0.0,0.0,0.0,0.0,0.0,0.0,0.0,0.0,0.0,0.0,0.0,0.0,0.0,0.0,0.0,0.0,0.0,0.0,0.0,0.0,0.0,0.0,1.0,0.0,0.0,1.0,0.0,0.0,0.0,0.0
60,2024,3,0.0,0.0,0.0,0.0,0.0,0.0,0.0,0.0,0.0,0.0,0.0,0.0,1.0,0.0,0.0,0.0,0.0,0.0,0.0,0.0,0.0,0.0,0.0,0.0,0.0,0.0,0.0,0.0,0.0,0.0,0.0,0.0,0.0,0.0,0.0,0.0,0.0,1.0,0.0,0.0,0.0,0.0,0.0,0.0,0.0,0.0,0.0,0.0,0.0,0.0,0.0,0.0,0.0,0.0,0.0,0.0,0.0
60,2024,4,0.0,1.0,0.0,0.0,0.0,0.0,0.0,0.0,0.0,0.0,0.0,0.0,0.0,1.0,0.0,0.0,0.0,0.0,0.0,0.0,0.0,0.0,0.0,0.0,0.0,0.0,0.0,0.0,0.0,0.0,0.0,0.0,0.0,0.0,0.0,0.0,0.0,0.0,0.0,0.0,0.0,0.0,0.0,0.0,0.0,0.0,0.0,0.0,0.0,0.0,0.0,0.0,0.0,0.0,0.0,0.0,0.0
60,2024,5,0.0,0.0,0.0,0.0,0.0,0.0,0.0,0.0,0.0,0.0,0.0,0.0,0.0,0.0,0.0,0.0,0.0,0.0,0.0,0.0,0.0,0.0,0.0,1.0,0.0,0.0,0.0,0.0,0.0,0.0,0.0,0.0,0.0,0.0,0.0,0.0,0.0,0.0,0.0,0.0,0.0,0.0,0.0,0.0,0.0,0.0,1.0,0.0,0.0,0.0,0.0,0.0,1.0,1.0,0.0,0.0,0.0
60,2024,6,0.0,0.0,0.0,0.0,0.0,2.0,0.0,0.0,0.0,0.0,0.0,0.0,0.0,0.0,0.0,0.0,0.0,0.0,0.0,0.0,0.0,0.0,0.0,0.0,0.0,0.0,0.0,0.0,0.0,0.0,0.0,0.0,0.0,0.0,0.0,0.0,0.0,0.0,0.0,0.0,0.0,0.0,0.0,0.0,0.0,0.0,1.0,0.0,0.0,0.0,0.0,0.0,0.0,0.0,0.0,0.0,0.0
60,2024,7,0.0,0.0,0.0,0.0,0.0,0.0,0.0,0.0,0.0,0.0,0.0,0.0,0.0,0.0,0.0,0.0,0.0,0.0,1.0,0.0,1.0,0.0,0.0,0.0,0.0,0.0,0.0,0.0,0.0,0.0,0.0,0.0,0.0,0.0,0.0,0.0,0.0,0.0,0.0,0.0,0.0,0.0,0.0,0.0,0.0,0.0,1.0,0.0,0.0,0.0,0.0,0.0,0.0,1.0,0.0,0.0,0.0
60,2024,8,0.0,0.0,0.0,0.0,0.0,1.0,0.0,0.0,0.0,0.0,0.0,0.0,1.0,0.0,0.0,0.0,0.0,0.0,0.0,0.0,0.0,0.0,0.0,1.0,0.0,0.0,0.0,0.0,0.0,0.0,0.0,0.0,0.0,0.0,0.0,0.0,0.0,0.0,0.0,0.0,0.0,0.0,0.0,0.0,0.0,0.0,1.0,0.0,0.0,0.0,0.0,0.0,0.0,0.0,1.0,0.0,0.0
60,2024,9,0.0,0.0,0.0,0.0,0.0,0.0,0.0,0.0,0.0,0.0,0.0,0.0,0.0,0.0,0.0,0.0,0.0,0.0,0.0,0.0,0.0,0.0,0.0,0.0,0.0,0.0,0.0,0.0,0.0,0.0,0.0,0.0,0.0,0.0,0.0,0.0,0.0,0.0,0.0,0.0,0.0,0.0,0.0,0.0,0.0,0.0,0.0,0.0,0.0,0.0,3.0,0.0,0.0,1.0,0.0,0.0,0.0
60,2024,10,0.0,0.0,0.0,0.0,1.0,0.0,0.0,1.0,0.0,0.0,1.0,0.0,1.0,0.0,0.0,0.0,0.0,0.0,0.0,0.0,0.0,0.0,0.0,3.0,0.0,3.0,0.0,0.0,0.0,0.0,0.0,0.0,0.0,0.0,0.0,0.0,0.0,0.0,0.0,0.0,0.0,0.0,0.0,0.0,0.0,0.0,1.0,0.0,0.0,2.0,1.0,0.0,0.0,0.0,0.0,0.0,0.0
60,2024,11,0.0,0.0,0.0,0.0,0.0,1.0,0.0,0.0,0.0,0.0,0.0,0.0,0.0,0.0,0.0,0.0,0.0,0.0,0.0,0.0,0.0,0.0,0.0,4.0,0.0,1.0,0.0,0.0,0.0,0.0,0.0,0.0,0.0,0.0,0.0,0.0,0.0,1.0,0.0,0.0,0.0,0.0,0.0,0.0,0.0,0.0,5.0,0.0,0.0,0.0,1.0,0.0,0.0,1.0,1.0,0.0,0.0
60,2024,12,0.0,0.0,0.0,0.0,0.0,5.0,0.0,0.0,0.0,0.0,0.0,0.0,0.0,0.0,0.0,0.0,0.0,2.0,0.0,0.0,0.0,0.0,0.0,4.0,0.0,2.0,0.0,0.0,0.0,0.0,0.0,0.0,0.0,0.0,4.0,0.0,0.0,1.0,0.0,0.0,0.0,0.0,0.0,0.0,0.0,0.0,15.0,0.0,0.0,0.0,0.0,0.0,3.0,0.0,0.0,0.0,0.0
60,2025,1,0.0,5.0,0.0,0.0,1.0,66.0,0.0,12.0,1.0,0.0,36.0,4.0,34.0,21.0,0.0,0.0,0.0,23.0,4.0,0.0,2.0,0.0,0.0,25.0,4.0,77.0,0.0,0.0,5.0,0.0,0.0,1.0,0.0,0.0,32.0,1.0,0.0,30.0,11.0,0.0,0.0,1.0,0.0,49.0,5.0,3.0,59.0,1.0,3.0,0.0,3.0,7.0,12.0,4.0,1.0,0.0,15.0
60,2025,2,0.0,28.0,0.0,0.0,0.0,61.0,0.0,9.0,0.0,0.0,38.0,6.0,42.0,14.0,1.0,0.0,1.0,16.0,9.0,0.0,4.0,0.0,0.0,18.0,5.0,78.0,0.0,0.0,2.0,0.0,0.0,0.0,0.0,0.0,27.0,0.0,0.0,24.0,10.0,0.0,2.0,0.0,0.0,41.0,8.0,2.0,74.0,1.0,5.0,0.0,4.0,12.0,2.0,3.0,0.0,0.0,28.0
60,2025,3,0.0,78.0,0.0,0.0,0.0,70.0,2.0,9.0,0.0,0.0,39.0,5.0,53.0,23.0,1.0,0.0,0.0,38.0,7.0,0.0,7.0,0.0,0.0,26.0,12.0,105.0,0.0,0.0,7.0,0.0,1.0,0.0,0.0,0.0,35.0,0.0,0.0,21.0,22.0,0.0,3.0,0.0,0.0,57.0,9.0,2.0,73.0,1.0,0.0,0.0,0.0,8.0,7.0,6.0,3.0,0.0,30.0
60,2025,4,0.0,83.0,0.0,0.0,0.0,96.0,0.0,11.0,0.0,0.0,41.0,9.0,55.0,15.0,0.0,0.0,0.0,42.0,4.0,0.0,3.0,0.0,0.0,30.0,11.0,92.0,0.0,0.0,4.0,0.0,0.0,0.0,0.0,0.0,26.0,2.0,0.0,26.0,22.0,0.0,0.0,1.0,0.0,86.0,2.0,1.0,91.0,0.0,2.0,0.0,3.0,9.0,10.0,7.0,0.0,0.0,26.0
60,2025,5,0.0,71.0,0.0,0.0,0.0,91.0,0.0,7.0,0.0,0.0,39.0,10.0,36.0,14.0,1.0,0.0,0.0,47.0,7.0,0.0,6.0,0.0,0.0,33.0,11.0,98.0,0.0,0.0,2.0,0.0,0.0,0.0,0.0,0.0,42.0,0.0,0.0,16.0,20.0,0.0,0.0,0.0,0.0,69.0,3.0,0.0,65.0,1.0,5.0,0.0,2.0,13.0,10.0,0.0,1.0,0.0,21.0
60,2025,6,0.0,45.0,0.0,0.0,0.0,98.0,0.0,9.0,0.0,0.0,33.0,3.0,34.0,26.0,1.0,0.0,0.0,51.0,7.0,0.0,1.0,0.0,0.0,44.0,10.0,103.0,0.0,0.0,3.0,0.0,0.0,0.0,0.0,0.0,39.0,0.0,0.0,30.0,27.0,0.0,3.0,0.0,0.0,47.0,3.0,0.0,98.0,1.0,2.0,1.0,5.0,20.0,12.0,4.0,2.0,0.0,13.0
60,2025,7,0.0,28.0,0.0,0.0,1.0,111.0,0.0,7.0,0.0,0.0,39.0,8.0,27.0,20.0,0.0,0.0,0.0,40.0,8.0,0.0,6.0,0.0,0.0,55.0,12.0,83.0,0.0,0.0,3.0,0.0,0.0,1.0,0.0,0.0,30.0,0.0,0.0,20.0,14.0,1.0,5.0,1.0,0.0,66.0,3.0,1.0,102.0,2.0,6.0,0.0,6.0,19.0,11.0,0.0,0.0,0.0,16.0
60,2025,8,0.0,30.0,0.0,0.0,0.0,85.0,0.0,9.0,0.0,0.0,47.0,5.0,37.0,18.0,0.0,0.0,0.0,40.0,7.0,0.0,4.0,0.0,0.0,46.0,11.0,83.0,0.0,0.0,5.0,0.0,0.0,0.0,0.0,0.0,25.0,0.0,0.0,15.0,16.0,0.0,0.0,0.0,0.0,53.0,3.0,0.0,93.0,0.0,4.0,0.0,2.0,18.0,13.0,4.0,0.0,0.0,19.0
60,2025,9,0.0,45.0,0.0,0.0,0.0,74.0,2.0,10.0,0.0,0.0,43.0,6.0,34.0,29.0,0.0,0.0,0.0,47.0,5.0,0.0,7.0,0.0,2.0,43.0,4.0,93.0,0.0,0.0,4.0,0.0,0.0,0.0,0.0,0.0,33.0,1.0,0.0,16.0,11.0,0.0,1.0,1.0,0.0,46.0,6.0,2.0,99.0,0.0,6.0,0.0,3.0,12.0,9.0,3.0,4.0,0.0,22.0
60,2025,10,0.0,57.0,0.0,0.0,0.0,77.0,2.0,9.0,0.0,1.0,54.0,7.0,44.0,21.0,0.0,0.0,0.0,26.0,16.0,0.0,4.0,0.0,0.0,38.0,9.0,72.0,0.0,0.0,6.0,0.0,0.0,0.0,0.0,0.0,29.0,0.0,0.0,23.0,22.0,1.0,2.0,0.0,0.0,26.0,7.0,4.0,74.0,3.0,3.0,0.0,4.0,15.0,14.0,2.0,2.0,0.0,30.0
60,2025,11,0.0,47.0,0.0,0.0,0.0,74.0,1.0,14.0,0.0,1.0,32.0,5.0,27.0,13.0,0.0,0.0,0.0,34.0,16.0,0.0,1.0,0.0,1.0,27.0,11.0,110.0,0.0,0.0,3.0,0.0,0.0,0.0,0.0,0.0,24.0,0.0,0.0,21.0,13.0,2.0,1.0,0.0,1.0,22.0,5.0,1.0,111.0,0.0,6.0,1.0,2.0,9.0,3.0,2.0,5.0,0.0,23.0
60,2025,12,0.0,33.0,0.0,0.0,0.0,69.0,0.0,12.0,0.0,0.0,31.0,7.0,20.0,10.0,0.0,0.0,0.0,29.0,2.0,0.0,5.0,0.0,0.0,28.0,7.0,88.0,0.0,0.0,4.0,0.0,0.0,0.0,0.0,0.0,32.0,0.0,0.0,18.0,19.0,0.0,0.0,0.0,0.0,25.0,2.0,0.0,71.0,0.0,3.0,0.0,2.0,13.0,11.0,3.0,3.0,0.0,19.0
61,2024,1,0.0,0.0,0.0,0.0,0.0,0.0,0.0,0.0,0.0,0.0,0.0,0.0,0.0,0.0,0.0,0.0,0.0,0.0,0.0,0.0,0.0,0.0,0.0,1.0,0.0,2.0,0.0,0.0,0.0,0.0,0.0,0.0,0.0,0.0,0.0,0.0,0.0,0.0,0.0,0.0,0.0,0.0,0.0,0.0,0.0,0.0,0.0,0.0,0.0,1.0,0.0,0.0,0.0,0.0,0.0,0.0,0.0
61,2024,2,0.0,0.0,0.0,0.0,0.0,0.0,0.0,0.0,0.0,0.0,0.0,0.0,0.0,0.0,0.0,0.0,0.0,0.0,0.0,0.0,0.0,0.0,0.0,0.0,0.0,0.0,0.0,0.0,0.0,0.0,0.0,0.0,0.0,0.0,0.0,0.0,0.0,0.0,0.0,0.0,0.0,0.0,0.0,0.0,0.0,0.0,0.0,0.0,0.0,0.0,0.0,0.0,1.0,1.0,0.0,0.0,0.0
61,2024,3,0.0,0.0,0.0,0.0,0.0,0.0,0.0,0.0,0.0,0.0,0.0,0.0,0.0,0.0,0.0,0.0,0.0,0.0,0.0,0.0,0.0,0.0,0.0,0.0,1.0,0.0,0.0,0.0,0.0,0.0,0.0,0.0,0.0,0.0,0.0,0.0,0.0,0.0,0.0,0.0,0.0,0.0,0.0,0.0,0.0,0.0,0.0,0.0,0.0,0.0,0.0,0.0,0.0,0.0,0.0,0.0,0.0
61,2024,4,0.0,0.0,0.0,0.0,0.0,0.0,0.0,0.0,0.0,0.0,0.0,0.0,0.0,0.0,0.0,0.0,0.0,0.0,0.0,0.0,0.0,0.0,0.0,0.0,0.0,0.0,0.0,0.0,0.0,0.0,0.0,0.0,0.0,0.0,0.0,0.0,0.0,0.0,0.0,0.0,0.0,0.0,0.0,0.0,0.0,0.0,1.0,0.0,0.0,0.0,0.0,0.0,0.0,0.0,0.0,0.0,0.0
61,2024,5,0.0,0.0,0.0,0.0,0.0,0.0,0.0,0.0,0.0,0.0,0.0,0.0,0.0,0.0,0.0,0.0,0.0,0.0,0.0,0.0,0.0,0.0,0.0,2.0,0.0,0.0,0.0,0.0,0.0,0.0,0.0,0.0,0.0,0.0,0.0,0.0,0.0,0.0,0.0,0.0,0.0,0.0,0.0,0.0,0.0,0.0,0.0,0.0,0.0,0.0,0.0,0.0,0.0,0.0,0.0,0.0,0.0
61,2024,6,0.0,0.0,0.0,0.0,0.0,1.0,0.0,1.0,0.0,0.0,0.0,0.0,0.0,0.0,0.0,0.0,0.0,0.0,0.0,0.0,0.0,0.0,0.0,0.0,0.0,0.0,0.0,0.0,0.0,0.0,0.0,0.0,0.0,0.0,0.0,0.0,0.0,0.0,0.0,0.0,0.0,0.0,0.0,0.0,0.0,0.0,0.0,0.0,0.0,0.0,0.0,0.0,0.0,0.0,0.0,0.0,0.0
61,2024,7,0.0,0.0,0.0,0.0,0.0,1.0,0.0,0.0,0.0,0.0,0.0,0.0,0.0,0.0,0.0,0.0,0.0,0.0,0.0,0.0,0.0,0.0,0.0,1.0,0.0,0.0,0.0,0.0,0.0,0.0,0.0,0.0,0.0,0.0,0.0,0.0,0.0,1.0,0.0,0.0,0.0,0.0,0.0,0.0,0.0,0.0,2.0,0.0,0.0,0.0,0.0,0.0,0.0,1.0,0.0,0.0,0.0
61,2024,8,0.0,0.0,0.0,0.0,0.0,0.0,0.0,0.0,0.0,0.0,0.0,0.0,0.0,0.0,0.0,0.0,0.0,0.0,0.0,0.0,0.0,0.0,0.0,1.0,0.0,0.0,0.0,0.0,0.0,0.0,0.0,0.0,0.0,0.0,0.0,0.0,0.0,0.0,0.0,0.0,0.0,0.0,0.0,0.0,0.0,0.0,0.0,0.0,0.0,0.0,0.0,0.0,0.0,1.0,0.0,0.0,0.0
61,2024,9,0.0,0.0,0.0,0.0,0.0,0.0,0.0,0.0,0.0,0.0,0.0,0.0,0.0,0.0,0.0,0.0,0.0,0.0,0.0,0.0,0.0,0.0,0.0,3.0,1.0,0.0,0.0,0.0,0.0,0.0,0.0,0.0,0.0,0.0,0.0,0.0,0.0,0.0,0.0,0.0,0.0,0.0,0.0,0.0,0.0,0.0,0.0,0.0,0.0,0.0,0.0,0.0,1.0,0.0,0.0,0.0,0.0
61,2024,10,0.0,0.0,0.0,0.0,0.0,0.0,0.0,0.0,0.0,0.0,0.0,0.0,0.0,0.0,0.0,0.0,0.0,0.0,0.0,0.0,1.0,0.0,0.0,5.0,0.0,1.0,0.0,0.0,0.0,0.0,0.0,0.0,0.0,0.0,2.0,0.0,0.0,1.0,0.0,0.0,0.0,0.0,0.0,0.0,0.0,0.0,2.0,0.0,0.0,0.0,0.0,0.0,1.0,0.0,1.0,0.0,0.0
61,2024,11,0.0,0.0,0.0,0.0,0.0,0.0,0.0,0.0,0.0,0.0,0.0,0.0,0.0,0.0,0.0,0.0,0.0,0.0,0.0,0.0,0.0,0.0,0.0,0.0,0.0,1.0,0.0,0.0,0.0,0.0,0.0,0.0,0.0,0.0,0.0,0.0,0.0,4.0,0.0,0.0,0.0,0.0,0.0,0.0,0.0,0.0,3.0,0.0,0.0,0.0,0.0,0.0,2.0,0.0,0.0,0.0,0.0
61,2024,12,0.0,0.0,0.0,0.0,0.0,1.0,0.0,0.0,0.0,0.0,1.0,1.0,0.0,0.0,0.0,0.0,0.0,1.0,1.0,0.0,1.0,0.0,0.0,9.0,4.0,7.0,0.0,0.0,0.0,0.0,0.0,1.0,0.0,0.0,1.0,0.0,0.0,0.0,1.0,0.0,0.0,0.0,0.0,1.0,0.0,0.0,28.0,0.0,0.0,0.0,0.0,0.0,3.0,1.0,1.0,0.0,0.0
61,2025,1,0.0,0.0,0.0,0.0,0.0,37.0,0.0,16.0,0.0,0.0,23.0,5.0,30.0,10.0,0.0,0.0,0.0,14.0,5.0,0.0,6.0,0.0,0.0,43.0,20.0,66.0,0.0,0.0,7.0,0.0,0.0,0.0,0.0,0.0,20.0,0.0,0.0,14.0,5.0,0.0,0.0,6.0,0.0,13.0,2.0,0.0,84.0,1.0,3.0,1.0,2.0,9.0,6.0,2.0,1.0,0.0,58.0
61,2025,2,0.0,2.0,0.0,0.0,0.0,56.0,0.0,8.0,0.0,0.0,31.0,6.0,25.0,5.0,1.0,0.0,0.0,18.0,5.0,0.0,2.0,0.0,0.0,39.0,16.0,75.0,0.0,0.0,4.0,0.0,0.0,0.0,0.0,0.0,25.0,0.0,0.0,14.0,7.0,0.0,1.0,1.0,0.0,7.0,2.0,0.0,84.0,2.0,1.0,2.0,2.0,8.0,2.0,1.0,1.0,0.0,28.0
61,2025,3,0.0,8.0,0.0,0.0,2.0,53.0,1.0,26.0,0.0,0.0,31.0,7.0,20.0,7.0,0.0,0.0,0.0,24.0,3.0,0.0,2.0,0.0,0.0,46.0,12.0,83.0,0.0,0.0,6.0,0.0,0.0,0.0,0.0,0.0,35.0,0.0,0.0,25.0,6.0,0.0,3.0,2.0,0.0,4.0,0.0,0.0,97.0,6.0,2.0,0.0,1.0,12.0,9.0,3.0,2.0,0.0,33.0
61,2025,4,0.0,5.0,0.0,0.0,0.0,62.0,2.0,12.0,0.0,0.0,45.0,4.0,18.0,9.0,0.0,0.0,0.0,27.0,2.0,0.0,3.0,0.0,0.0,38.0,28.0,77.0,0.0,0.0,5.0,0.0,0.0,0.0,0.0,0.0,26.0,1.0,0.0,11.0,10.0,0.0,2.0,2.0,0.0,7.0,2.0,0.0,103.0,1.0,1.0,1.0,2.0,12.0,3.0,8.0,0.0,0.0,33.0
61,2025,5,0.0,3.0,0.0,0.0,0.0,55.0,0.0,10.0,0.0,0.0,40.0,4.0,13.0,8.0,0.0,0.0,0.0,24.0,2.0,0.0,1.0,0.0,0.0,46.0,20.0,81.0,0.0,0.0,6.0,0.0,0.0,0.0,0.0,0.0,23.0,0.0,0.0,22.0,12.0,0.0,0.0,0.0,0.0,4.0,3.0,0.0,91.0,0.0,3.0,0.0,1.0,7.0,6.0,7.0,2.0,0.0,24.0
61,2025,6,0.0,1.0,0.0,0.0,0.0,49.0,1.0,13.0,0.0,0.0,43.0,0.0,17.0,3.0,0.0,0.0,0.0,37.0,2.0,0.0,3.0,0.0,0.0,52.0,20.0,54.0,1.0,0.0,5.0,0.0,0.0,0.0,0.0,0.0,36.0,1.0,0.0,24.0,4.0,0.0,2.0,0.0,0.0,8.0,2.0,0.0,78.0,2.0,0.0,0.0,0.0,13.0,1.0,2.0,3.0,0.0,21.0
61,2025,7,0.0,5.0,0.0,0.0,0.0,66.0,0.0,9.0,0.0,0.0,37.0,1.0,17.0,5.0,0.0,0.0,0.0,30.0,3.0,0.0,1.0,0.0,2.0,54.0,16.0,85.0,0.0,0.0,2.0,0.0,0.0,0.0,0.0,0.0,32.0,0.0,0.0,27.0,7.0,0.0,3.0,1.0,0.0,5.0,1.0,0.0,89.0,4.0,2.0,1.0,2.0,24.0,8.0,5.0,0.0,0.0,18.0
61,2025,8,0.0,2.0,0.0,0.0,0.0,48.0,1.0,14.0,0.0,0.0,30.0,1.0,12.0,6.0,0.0,0.0,0.0,15.0,1.0,0.0,6.0,0.0,0.0,68.0,20.0,67.0,0.0,0.0,3.0,0.0,0.0,0.0,0.0,0.0,32.0,0.0,0.0,22.0,4.0,0.0,2.0,0.0,0.0,4.0,3.0,0.0,97.0,1.0,0.0,1.0,0.0,14.0,4.0,5.0,0.0,0.0,24.0
61,2025,9,0.0,5.0,0.0,0.0,0.0,55.0,1.0,5.0,0.0,0.0,27.0,1.0,23.0,7.0,0.0,0.0,0.0,24.0,2.0,0.0,7.0,0.0,1.0,53.0,16.0,76.0,0.0,0.0,7.0,0.0,0.0,0.0,0.0,0.0,35.0,0.0,0.0,23.0,6.0,0.0,2.0,0.0,0.0,9.0,2.0,0.0,107.0,0.0,2.0,0.0,0.0,11.0,10.0,3.0,0.0,0.0,30.0
61,2025,10,0.0,8.0,0.0,0.0,0.0,52.0,1.0,14.0,0.0,0.0,32.0,8.0,17.0,4.0,0.0,0.0,0.0,31.0,0.0,0.0,1.0,0.0,0.0,39.0,24.0,65.0,0.0,0.0,3.0,0.0,0.0,0.0,0.0,0.0,20.0,0.0,0.0,21.0,14.0,0.0,4.0,1.0,0.0,6.0,8.0,0.0,96.0,1.0,0.0,0.0,2.0,9.0,8.0,4.0,3.0,0.0,25.0
61,2025,11,0.0,4.0,0.0,0.0,0.0,55.0,2.0,11.0,0.0,0.0,23.0,9.0,14.0,3.0,0.0,0.0,0.0,26.0,2.0,0.0,2.0,0.0,0.0,32.0,16.0,78.0,0.0,0.0,4.0,0.0,0.0,0.0,0.0,0.0,18.0,0.0,0.0,19.0,6.0,0.0,0.0,1.0,0.0,7.0,4.0,0.0,82.0,4.0,0.0,0.0,1.0,14.0,5.0,5.0,1.0,0.0,22.0
61,2025,12,0.0,1.0,0.0,0.0,0.0,51.0,0.0,5.0,0.0,0.0,34.0,2.0,8.0,8.0,0.0,0.0,0.0,26.0,3.0,0.0,1.0,0.0,0.0,21.0,14.0,65.0,0.0,0.0,2.0,0.0,0.0,0.0,0.0,0.0,11.0,0.0,0.0,15.0,10.0,0.0,0.0,1.0,0.0,9.0,3.0,0.0,73.0,3.0,0.0,0.0,0.0,10.0,4.0,3.0,3.0,0.0,16.0
62,2024,1,0.0,0.0,0.0,0.0,0.0,0.0,0.0,0.0,0.0,0.0,0.0,0.0,0.0,0.0,0.0,0.0,0.0,0.0,0.0,0.0,0.0,0.0,0.0,1.0,0.0,1.0,0.0,0.0,0.0,0.0,0.0,0.0,0.0,0.0,0.0,0.0,0.0,0.0,0.0,0.0,0.0,0.0,0.0,0.0,0.0,0.0,0.0,0.0,1.0,0.0,0.0,0.0,0.0,0.0,0.0,0.0,0.0
62,2024,2,0.0,0.0,0.0,0.0,0.0,0.0,0.0,0.0,0.0,0.0,1.0,0.0,0.0,0.0,0.0,0.0,0.0,0.0,0.0,0.0,0.0,0.0,0.0,1.0,0.0,0.0,0.0,0.0,0.0,0.0,0.0,0.0,0.0,0.0,0.0,0.0,0.0,0.0,0.0,0.0,0.0,0.0,0.0,0.0,0.0,0.0,0.0,0.0,0.0,0.0,0.0,0.0,0.0,0.0,0.0,0.0,0.0
62,2024,3,0.0,0.0,0.0,0.0,0.0,1.0,0.0,0.0,0.0,0.0,0.0,0.0,0.0,0.0,0.0,0.0,0.0,1.0,0.0,0.0,0.0,0.0,0.0,0.0,1.0,0.0,0.0,0.0,0.0,0.0,0.0,0.0,0.0,0.0,0.0,0.0,0.0,0.0,0.0,0.0,0.0,0.0,0.0,0.0,0.0,0.0,1.0,0.0,0.0,0.0,0.0,0.0,0.0,0.0,0.0,0.0,0.0
62,2024,4,0.0,0.0,0.0,0.0,0.0,0.0,0.0,0.0,0.0,0.0,0.0,0.0,0.0,0.0,0.0,0.0,0.0,0.0,0.0,0.0,0.0,0.0,0.0,0.0,0.0,0.0,0.0,0.0,0.0,0.0,0.0,0.0,0.0,0.0,0.0,0.0,0.0,0.0,0.0,0.0,0.0,0.0,0.0,0.0,0.0,0.0,1.0,0.0,0.0,0.0,0.0,0.0,0.0,0.0,0.0,0.0,1.0
62,2024,5,0.0,0.0,0.0,0.0,0.0,3.0,0.0,0.0,0.0,0.0,0.0,0.0,0.0,0.0,0.0,0.0,0.0,0.0,0.0,0.0,0.0,0.0,0.0,0.0,0.0,0.0,0.0,0.0,0.0,0.0,0.0,0.0,0.0,0.0,0.0,0.0,0.0,0.0,0.0,0.0,0.0,0.0,0.0,0.0,1.0,0.0,0.0,0.0,0.0,0.0,0.0,0.0,0.0,1.0,0.0,0.0,0.0
62,2024,6,0.0,0.0,0.0,0.0,0.0,0.0,0.0,0.0,0.0,0.0,1.0,0.0,0.0,0.0,0.0,0.0,0.0,0.0,0.0,0.0,0.0,0.0,0.0,0.0,0.0,0.0,0.0,0.0,0.0,0.0,0.0,0.0,0.0,0.0,0.0,0.0,0.0,1.0,0.0,0.0,0.0,0.0,0.0,0.0,0.0,0.0,2.0,0.0,0.0,0.0,0.0,0.0,0.0,0.0,0.0,0.0,0.0
62,2024,7,0.0,0.0,0.0,0.0,0.0,2.0,0.0,0.0,0.0,0.0,0.0,0.0,0.0,0.0,0.0,0.0,0.0,0.0,0.0,0.0,0.0,0.0,0.0,2.0,0.0,0.0,0.0,0.0,0.0,0.0,0.0,0.0,0.0,0.0,0.0,0.0,0.0,1.0,0.0,0.0,0.0,0.0,0.0,0.0,0.0,0.0,1.0,0.0,0.0,0.0,0.0,0.0,0.0,0.0,0.0,0.0,0.0
62,2024,8,0.0,0.0,0.0,0.0,0.0,0.0,0.0,0.0,0.0,0.0,0.0,0.0,0.0,0.0,0.0,0.0,0.0,0.0,0.0,0.0,0.0,0.0,0.0,3.0,0.0,0.0,0.0,0.0,0.0,0.0,0.0,0.0,0.0,0.0,0.0,0.0,0.0,0.0,0.0,0.0,0.0,0.0,0.0,0.0,0.0,0.0,4.0,0.0,0.0,0.0,0.0,0.0,0.0,0.0,0.0,0.0,0.0
62,2024,9,0.0,0.0,0.0,0.0,0.0,2.0,0.0,0.0,0.0,0.0,0.0,0.0,0.0,0.0,0.0,0.0,0.0,1.0,0.0,0.0,1.0,0.0,0.0,0.0,0.0,2.0,0.0,0.0,0.0,0.0,0.0,0.0,0.0,0.0,0.0,0.0,0.0,1.0,0.0,0.0,0.0,0.0,0.0,0.0,0.0,0.0,2.0,0.0,0.0,0.0,0.0,0.0,1.0,0.0,1.0,0.0,0.0
62,2024,10,0.0,0.0,0.0,0.0,0.0,1.0,0.0,0.0,0.0,0.0,0.0,0.0,0.0,0.0,0.0,0.0,0.0,0.0,0.0,0.0,2.0,0.0,0.0,6.0,0.0,0.0,0.0,0.0,0.0,0.0,0.0,0.0,0.0,0.0,0.0,0.0,0.0,0.0,0.0,0.0,0.0,0.0,0.0,0.0,0.0,0.0,1.0,0.0,0.0,0.0,0.0,0.0,2.0,0.0,0.0,0.0,0.0
62,2024,11,0.0,0.0,0.0,0.0,0.0,5.0,0.0,0.0,0.0,0.0,0.0,0.0,0.0,0.0,0.0,0.0,0.0,1.0,0.0,0.0,1.0,0.0,0.0,2.0,0.0,0.0,0.0,0.0,0.0,0.0,0.0,0.0,0.0,0.0,0.0,0.0,0.0,1.0,0.0,0.0,0.0,0.0,0.0,0.0,0.0,0.0,5.0,0.0,1.0,0.0,0.0,0.0,2.0,1.0,1.0,0.0,0.0
62,2024,12,0.0,0.0,0.0,0.0,0.0,3.0,0.0,0.0,0.0,0.0,2.0,0.0,0.0,0.0,0.0,0.0,0.0,1.0,0.0,0.0,1.0,0.0,0.0,21.0,0.0,5.0,0.0,0.0,0.0,0.0,0.0,0.0,0.0,0.0,1.0,0.0,0.0,2.0,1.0,0.0,0.0,0.0,0.0,0.0,0.0,0.0,22.0,0.0,0.0,0.0,0.0,0.0,7.0,0.0,0.0,0.0,0.0
62,2025,1,0.0,2.0,0.0,0.0,1.0,63.0,0.0,12.0,1.0,0.0,24.0,2.0,13.0,10.0,0.0,0.0,0.0,17.0,3.0,0.0,4.0,0.0,0.0,40.0,14.0,76.0,0.0,0.0,4.0,0.0,0.0,0.0,0.0,0.0,31.0,0.0,0.0,15.0,3.0,0.0,2.0,4.0,0.0,5.0,8.0,1.0,140.0,0.0,5.0,0.0,1.0,7.0,14.0,4.0,4.0,0.0,24.0
62,2025,2,0.0,0.0,0.0,0.0,0.0,43.0,1.0,15.0,0.0,0.0,24.0,1.0,11.0,9.0,0.0,0.0,0.0,9.0,4.0,0.0,4.0,0.0,0.0,41.0,12.0,61.0,0.0,0.0,3.0,0.0,0.0,0.0,0.0,0.0,22.0,0.0,0.0,24.0,3.0,0.0,1.0,1.0,0.0,8.0,5.0,0.0,141.0,1.0,3.0,1.0,0.0,8.0,4.0,4.0,0.0,0.0,22.0
62,2025,3,0.0,5.0,0.0,0.0,0.0,60.0,3.0,6.0,1.0,0.0,27.0,4.0,15.0,5.0,0.0,0.0,0.0,16.0,2.0,0.0,5.0,0.0,1.0,43.0,15.0,97.0,0.0,0.0,6.0,0.0,0.0,0.0,0.0,0.0,22.0,0.0,0.0,21.0,1.0,0.0,1.0,2.0,0.0,0.0,2.0,1.0,175.0,2.0,2.0,0.0,2.0,6.0,11.0,10.0,2.0,0.0,22.0
62,2025,4,0.0,4.0,1.0,0.0,0.0,78.0,0.0,13.0,0.0,0.0,42.0,12.0,17.0,10.0,0.0,0.0,0.0,25.0,3.0,0.0,6.0,0.0,1.0,52.0,17.0,93.0,0.0,0.0,10.0,0.0,0.0,0.0,0.0,0.0,21.0,0.0,0.0,20.0,8.0,0.0,0.0,0.0,0.0,4.0,3.0,0.0,126.0,1.0,7.0,0.0,1.0,11.0,8.0,5.0,2.0,0.0,25.0
62,2025,5,0.0,1.0,0.0,0.0,0.0,81.0,1.0,18.0,0.0,0.0,35.0,1.0,11.0,11.0,0.0,0.0,0.0,26.0,4.0,0.0,6.0,0.0,2.0,44.0,14.0,97.0,0.0,0.0,9.0,0.0,0.0,0.0,0.0,0.0,23.0,0.0,1.0,17.0,6.0,0.0,1.0,2.0,0.0,2.0,3.0,0.0,121.0,4.0,3.0,2.0,1.0,14.0,13.0,6.0,0.0,0.0,17.0
62,2025,6,0.0,5.0,0.0,0.0,0.0,62.0,3.0,17.0,0.0,0.0,25.0,7.0,7.0,7.0,0.0,0.0,0.0,25.0,3.0,0.0,6.0,0.0,5.0,44.0,19.0,84.0,0.0,0.0,6.0,0.0,0.0,0.0,0.0,0.0,28.0,0.0,0.0,18.0,3.0,0.0,1.0,1.0,0.0,6.0,5.0,1.0,105.0,0.0,7.0,0.0,0.0,15.0,12.0,6.0,0.0,0.0,14.0
62,2025,7,0.0,2.0,0.0,0.0,0.0,76.0,3.0,17.0,0.0,0.0,43.0,1.0,5.0,6.0,0.0,0.0,0.0,25.0,0.0,0.0,5.0,0.0,4.0,60.0,26.0,103.0,0.0,0.0,3.0,0.0,0.0,0.0,0.0,0.0,25.0,0.0,0.0,16.0,9.0,0.0,1.0,0.0,0.0,3.0,3.0,0.0,107.0,2.0,7.0,1.0,1.0,14.0,14.0,4.0,5.0,0.0,20.0
62,2025,8,0.0,10.0,0.0,0.0,0.0,89.0,0.0,10.0,0.0,0.0,41.0,3.0,9.0,8.0,0.0,0.0,0.0,24.0,2.0,0.0,9.0,0.0,3.0,60.0,16.0,80.0,0.0,0.0,6.0,0.0,0.0,0.0,0.0,0.0,30.0,0.0,0.0,20.0,14.0,0.0,1.0,1.0,0.0,0.0,5.0,2.0,104.0,0.0,5.0,2.0,0.0,12.0,14.0,5.0,2.0,0.0,16.0
62,2025,9,0.0,4.0,0.0,0.0,0.0,79.0,1.0,12.0,0.0,2.0,34.0,8.0,14.0,11.0,0.0,0.0,0.0,19.0,4.0,0.0,7.0,0.0,1.0,38.0,12.0,80.0,0.0,0.0,7.0,0.0,0.0,0.0,0.0,0.0,36.0,0.0,0.0,8.0,8.0,1.0,0.0,1.0,0.0,3.0,3.0,1.0,124.0,1.0,3.0,0.0,2.0,12.0,19.0,4.0,0.0,0.0,14.0
62,2025,10,0.0,7.0,0.0,0.0,0.0,67.0,0.0,20.0,0.0,0.0,35.0,5.0,12.0,10.0,0.0,0.0,0.0,17.0,6.0,0.0,6.0,0.0,0.0,41.0,14.0,91.0,0.0,0.0,5.0,0.0,0.0,0.0,0.0,0.0,27.0,0.0,0.0,18.0,8.0,0.0,1.0,0.0,0.0,3.0,4.0,0.0,114.0,2.0,6.0,0.0,0.0,8.0,28.0,1.0,1.0,0.0,22.0
62,2025,11,0.0,7.0,0.0,0.0,0.0,73.0,0.0,9.0,0.0,0.0,32.0,6.0,13.0,10.0,0.0,0.0,0.0,21.0,3.0,0.0,7.0,0.0,0.0,42.0,12.0,76.0,0.0,0.0,4.0,0.0,0.0,1.0,0.0,0.0,23.0,0.0,0.0,12.0,8.0,0.0,1.0,0.0,0.0,6.0,2.0,1.0,93.0,0.0,4.0,1.0,5.0,13.0,19.0,2.0,1.0,0.0,18.0
62,2025,12,0.0,3.0,0.0,0.0,0.0,45.0,0.0,12.0,0.0,0.0,22.0,2.0,11.0,7.0,0.0,0.0,0.0,14.0,3.0,0.0,2.0,0.0,1.0,33.0,10.0,68.0,0.0,0.0,9.0,0.0,0.0,0.0,0.0,0.0,38.0,0.0,0.0,16.0,5.0,0.0,1.0,0.0,0.0,7.0,5.0,0.0,91.0,0.0,3.0,0.0,1.0,10.0,16.0,7.0,2.0,0.0,24.0
63,2024,1,0.0,0.0,0.0,0.0,0.0,0.0,0.0,0.0,0.0,0.0,0.0,0.0,0.0,0.0,0.0,0.0,0.0,0.0,1.0,0.0,0.0,0.0,0.0,1.0,0.0,1.0,0.0,0.0,0.0,0.0,0.0,0.0,0.0,0.0,0.0,0.0,0.0,1.0,0.0,0.0,0.0,0.0,0.0,0.0,0.0,0.0,0.0,0.0,0.0,0.0,1.0,0.0,1.0,0.0,0.0,0.0,0.0
63,2024,2,0.0,0.0,0.0,0.0,0.0,0.0,0.0,0.0,0.0,0.0,0.0,0.0,0.0,0.0,0.0,0.0,0.0,0.0,0.0,0.0,0.0,0.0,0.0,1.0,0.0,0.0,0.0,0.0,0.0,0.0,0.0,0.0,0.0,0.0,0.0,0.0,0.0,0.0,0.0,0.0,0.0,0.0,0.0,0.0,0.0,0.0,0.0,0.0,0.0,0.0,0.0,0.0,0.0,1.0,0.0,0.0,0.0
63,2024,3,0.0,0.0,0.0,0.0,0.0,0.0,0.0,0.0,0.0,0.0,1.0,0.0,0.0,0.0,0.0,0.0,0.0,0.0,0.0,0.0,0.0,0.0,0.0,0.0,0.0,4.0,0.0,0.0,0.0,0.0,0.0,0.0,0.0,0.0,0.0,0.0,0.0,0.0,0.0,0.0,0.0,0.0,0.0,0.0,0.0,0.0,2.0,0.0,0.0,0.0,0.0,0.0,0.0,0.0,0.0,0.0,0.0
63,2024,4,0.0,0.0,0.0,0.0,0.0,0.0,0.0,0.0,0.0,0.0,1.0,0.0,0.0,0.0,0.0,0.0,0.0,0.0,1.0,0.0,0.0,0.0,0.0,1.0,0.0,1.0,0.0,0.0,0.0,0.0,0.0,0.0,0.0,0.0,0.0,0.0,0.0,0.0,0.0,0.0,0.0,0.0,0.0,0.0,0.0,0.0,1.0,0.0,1.0,0.0,0.0,0.0,1.0,0.0,0.0,0.0,0.0
63,2024,5,0.0,0.0,0.0,0.0,0.0,0.0,0.0,0.0,0.0,0.0,0.0,0.0,0.0,0.0,0.0,0.0,0.0,0.0,0.0,0.0,0.0,0.0,0.0,2.0,0.0,0.0,0.0,0.0,0.0,0.0,0.0,0.0,0.0,0.0,0.0,0.0,0.0,1.0,0.0,0.0,0.0,0.0,0.0,0.0,0.0,0.0,0.0,1.0,0.0,0.0,0.0,0.0,0.0,0.0,0.0,0.0,0.0
63,2024,6,0.0,0.0,0.0,0.0,0.0,0.0,0.0,0.0,0.0,0.0,0.0,0.0,0.0,0.0,0.0,0.0,0.0,1.0,0.0,0.0,0.0,0.0,0.0,1.0,0.0,1.0,0.0,0.0,0.0,0.0,0.0,0.0,0.0,0.0,0.0,0.0,0.0,1.0,0.0,0.0,0.0,0.0,0.0,0.0,0.0,0.0,2.0,0.0,0.0,0.0,0.0,0.0,0.0,0.0,0.0,0.0,0.0
63,2024,7,0.0,0.0,0.0,0.0,0.0,0.0,0.0,0.0,0.0,0.0,0.0,0.0,0.0,0.0,0.0,0.0,0.0,0.0,0.0,0.0,0.0,0.0,0.0,1.0,0.0,1.0,0.0,0.0,0.0,0.0,0.0,0.0,0.0,0.0,0.0,0.0,0.0,0.0,0.0,0.0,0.0,0.0,0.0,0.0,0.0,0.0,1.0,0.0,0.0,0.0,0.0,0.0,0.0,0.0,0.0,0.0,0.0
63,2024,8,0.0,0.0,0.0,0.0,0.0,1.0,0.0,0.0,0.0,0.0,0.0,0.0,0.0,0.0,0.0,0.0,0.0,1.0,0.0,0.0,0.0,0.0,0.0,1.0,0.0,0.0,0.0,0.0,0.0,0.0,0.0,0.0,0.0,0.0,0.0,0.0,0.0,0.0,0.0,0.0,0.0,0.0,0.0,0.0,0.0,0.0,1.0,0.0,0.0,0.0,0.0,0.0,2.0,0.0,0.0,0.0,0.0
63,2024,9,0.0,0.0,0.0,0.0,0.0,1.0,0.0,0.0,0.0,0.0,0.0,0.0,0.0,0.0,0.0,0.0,0.0,0.0,0.0,0.0,0.0,0.0,0.0,3.0,0.0,1.0,0.0,0.0,0.0,0.0,0.0,0.0,0.0,0.0,0.0,0.0,0.0,1.0,0.0,0.0,0.0,0.0,0.0,0.0,0.0,0.0,2.0,0.0,0.0,0.0,0.0,0.0,0.0,1.0,0.0,0.0,0.0
63,2024,10,0.0,0.0,0.0,0.0,0.0,0.0,0.0,0.0,0.0,0.0,0.0,0.0,0.0,0.0,0.0,0.0,0.0,0.0,0.0,0.0,0.0,0.0,0.0,3.0,0.0,0.0,0.0,0.0,0.0,0.0,0.0,0.0,0.0,0.0,0.0,0.0,0.0,0.0,0.0,0.0,0.0,0.0,0.0,0.0,0.0,0.0,2.0,0.0,0.0,0.0,1.0,0.0,0.0,1.0,0.0,0.0,0.0
63,2024,11,0.0,0.0,0.0,0.0,0.0,0.0,0.0,0.0,0.0,0.0,0.0,0.0,0.0,0.0,0.0,0.0,0.0,1.0,0.0,0.0,0.0,0.0,0.0,2.0,0.0,1.0,0.0,0.0,0.0,0.0,0.0,0.0,0.0,0.0,0.0,0.0,0.0,0.0,1.0,0.0,0.0,0.0,0.0,0.0,0.0,0.0,3.0,0.0,0.0,0.0,2.0,0.0,0.0,1.0,1.0,0.0,0.0
63,2024,12,0.0,0.0,0.0,0.0,0.0,1.0,0.0,0.0,0.0,0.0,0.0,0.0,0.0,0.0,0.0,0.0,0.0,2.0,0.0,0.0,2.0,0.0,0.0,18.0,2.0,6.0,0.0,0.0,0.0,0.0,0.0,0.0,0.0,0.0,0.0,0.0,0.0,1.0,0.0,0.0,0.0,0.0,0.0,0.0,0.0,0.0,13.0,0.0,1.0,0.0,1.0,0.0,0.0,1.0,2.0,0.0,1.0
63,2025,1,0.0,0.0,0.0,0.0,1.0,31.0,1.0,4.0,0.0,0.0,23.0,3.0,0.0,4.0,0.0,0.0,0.0,11.0,6.0,0.0,3.0,0.0,0.0,41.0,10.0,80.0,0.0,0.0,1.0,0.0,0.0,0.0,0.0,0.0,15.0,0.0,0.0,23.0,3.0,1.0,1.0,1.0,0.0,3.0,2.0,1.0,117.0,1.0,1.0,0.0,2.0,9.0,3.0,2.0,1.0,0.0,24.0
63,2025,2,0.0,0.0,0.0,0.0,0.0,29.0,1.0,1.0,0.0,0.0,24.0,1.0,0.0,7.0,0.0,0.0,0.0,4.0,4.0,0.0,2.0,0.0,0.0,40.0,7.0,58.0,0.0,0.0,4.0,0.0,0.0,0.0,0.0,0.0,10.0,0.0,0.0,18.0,2.0,0.0,0.0,0.0,0.0,1.0,2.0,1.0,96.0,0.0,2.0,0.0,0.0,5.0,2.0,4.0,3.0,0.0,26.0
63,2025,3,0.0,1.0,0.0,0.0,1.0,37.0,2.0,10.0,0.0,1.0,26.0,1.0,0.0,3.0,0.0,0.0,0.0,7.0,2.0,0.0,4.0,0.0,0.0,35.0,7.0,82.0,1.0,0.0,1.0,0.0,0.0,0.0,0.0,0.0,9.0,1.0,0.0,17.0,4.0,0.0,1.0,0.0,0.0,3.0,1.0,0.0,99.0,0.0,2.0,0.0,1.0,8.0,4.0,1.0,4.0,0.0,17.0
63,2025,4,0.0,0.0,0.0,0.0,0.0,30.0,1.0,4.0,0.0,0.0,34.0,4.0,1.0,6.0,0.0,0.0,0.0,9.0,1.0,0.0,7.0,0.0,0.0,45.0,13.0,72.0,0.0,0.0,1.0,0.0,0.0,0.0,0.0,0.0,16.0,0.0,0.0,13.0,0.0,0.0,0.0,0.0,0.0,1.0,0.0,1.0,120.0,1.0,2.0,0.0,1.0,14.0,3.0,4.0,1.0,0.0,21.0
63,2025,5,0.0,1.0,0.0,0.0,0.0,35.0,5.0,14.0,0.0,0.0,35.0,2.0,2.0,5.0,0.0,0.0,0.0,22.0,3.0,0.0,1.0,0.0,0.0,36.0,8.0,78.0,0.0,0.0,3.0,0.0,0.0,0.0,0.0,0.0,18.0,0.0,0.0,13.0,1.0,0.0,0.0,0.0,0.0,0.0,3.0,2.0,107.0,0.0,0.0,0.0,0.0,5.0,6.0,1.0,3.0,0.0,22.0
63,2025,6,0.0,1.0,0.0,0.0,0.0,49.0,0.0,4.0,0.0,0.0,30.0,5.0,2.0,5.0,1.0,0.0,0.0,16.0,1.0,0.0,3.0,0.0,0.0,42.0,23.0,78.0,0.0,0.0,4.0,0.0,0.0,0.0,0.0,0.0,18.0,1.0,0.0,15.0,3.0,0.0,1.0,1.0,0.0,2.0,2.0,0.0,94.0,2.0,1.0,0.0,1.0,10.0,3.0,0.0,3.0,0.0,10.0
63,2025,7,0.0,0.0,0.0,0.0,2.0,43.0,0.0,1.0,0.0,0.0,33.0,2.0,0.0,5.0,0.0,0.0,0.0,14.0,0.0,0.0,3.0,0.0,0.0,39.0,14.0,89.0,0.0,0.0,4.0,0.0,0.0,0.0,0.0,0.0,14.0,0.0,0.0,20.0,4.0,0.0,2.0,1.0,0.0,2.0,0.0,2.0,109.0,0.0,4.0,0.0,1.0,8.0,5.0,1.0,2.0,0.0,33.0
63,2025,8,0.0,0.0,0.0,0.0,0.0,39.0,3.0,6.0,0.0,0.0,35.0,4.0,0.0,5.0,0.0,0.0,0.0,15.0,1.0,0.0,1.0,0.0,0.0,51.0,17.0,92.0,0.0,0.0,5.0,0.0,0.0,0.0,0.0,0.0,24.0,0.0,0.0,14.0,9.0,0.0,1.0,0.0,0.0,0.0,1.0,1.0,118.0,1.0,2.0,0.0,0.0,8.0,5.0,1.0,3.0,0.0,22.0
63,2025,9,0.0,1.0,0.0,0.0,0.0,43.0,0.0,8.0,0.0,0.0,18.0,1.0,0.0,5.0,0.0,0.0,0.0,12.0,4.0,0.0,0.0,0.0,0.0,41.0,17.0,95.0,0.0,0.0,2.0,0.0,0.0,0.0,0.0,0.0,12.0,0.0,0.0,22.0,3.0,0.0,4.0,0.0,0.0,3.0,2.0,1.0,86.0,1.0,3.0,0.0,0.0,11.0,6.0,2.0,1.0,0.0,23.0
63,2025,10,0.0,1.0,0.0,0.0,0.0,31.0,1.0,3.0,0.0,0.0,37.0,3.0,1.0,3.0,0.0,0.0,0.0,19.0,0.0,0.0,2.0,0.0,0.0,46.0,15.0,91.0,0.0,0.0,3.0,0.0,0.0,0.0,0.0,0.0,7.0,0.0,0.0,17.0,4.0,0.0,0.0,2.0,0.0,7.0,1.0,1.0,100.0,2.0,4.0,0.0,0.0,8.0,6.0,3.0,3.0,0.0,25.0
63,2025,11,0.0,4.0,0.0,0.0,0.0,38.0,0.0,9.0,0.0,0.0,24.0,1.0,0.0,1.0,0.0,0.0,1.0,16.0,2.0,0.0,3.0,0.0,0.0,29.0,10.0,72.0,1.0,0.0,2.0,0.0,0.0,0.0,0.0,0.0,17.0,1.0,0.0,16.0,4.0,0.0,0.0,0.0,0.0,4.0,5.0,1.0,124.0,2.0,2.0,0.0,1.0,13.0,5.0,2.0,0.0,0.0,27.0
63,2025,12,0.0,1.0,0.0,0.0,0.0,36.0,0.0,3.0,0.0,0.0,22.0,2.0,3.0,2.0,0.0,0.0,0.0,11.0,0.0,0.0,3.0,0.0,0.0,24.0,12.0,70.0,0.0,0.0,0.0,0.0,0.0,0.0,0.0,0.0,14.0,1.0,0.0,8.0,5.0,0.0,0.0,0.0,0.0,0.0,4.0,0.0,112.0,0.0,2.0,0.0,1.0,10.0,6.0,1.0,3.0,0.0,23.0
66,2024,1,0.0,0.0,0.0,0.0,0.0,0.0,0.0,0.0,0.0,0.0,0.0,0.0,0.0,0.0,0.0,0.0,0.0,0.0,0.0,0.0,0.0,0.0,0.0,1.0,0.0,3.0,0.0,0.0,0.0,0.0,0.0,0.0,0.0,0.0,0.0,0.0,0.0,0.0,0.0,0.0,0.0,0.0,0.0,0.0,0.0,0.0,1.0,0.0,0.0,0.0,0.0,0.0,0.0,0.0,0.0,0.0,0.0
66,2024,2,0.0,0.0,0.0,0.0,0.0,0.0,0.0,0.0,0.0,0.0,0.0,0.0,0.0,0.0,0.0,0.0,0.0,0.0,0.0,0.0,0.0,0.0,0.0,1.0,0.0,0.0,0.0,0.0,0.0,0.0,0.0,0.0,0.0,0.0,0.0,0.0,0.0,0.0,0.0,0.0,0.0,0.0,0.0,0.0,0.0,0.0,1.0,0.0,0.0,0.0,0.0,0.0,0.0,0.0,0.0,0.0,0.0
66,2024,3,0.0,0.0,0.0,0.0,0.0,0.0,0.0,0.0,0.0,0.0,0.0,0.0,1.0,0.0,0.0,0.0,0.0,0.0,0.0,0.0,0.0,0.0,0.0,3.0,0.0,0.0,0.0,0.0,0.0,0.0,0.0,0.0,0.0,0.0,1.0,0.0,0.0,0.0,0.0,0.0,0.0,0.0,0.0,0.0,0.0,0.0,0.0,0.0,0.0,0.0,0.0,0.0,0.0,0.0,0.0,0.0,0.0
66,2024,4,0.0,0.0,0.0,0.0,0.0,1.0,0.0,0.0,0.0,0.0,0.0,0.0,0.0,0.0,0.0,0.0,0.0,0.0,0.0,0.0,0.0,0.0,0.0,1.0,0.0,0.0,0.0,0.0,0.0,0.0,0.0,0.0,0.0,0.0,0.0,0.0,0.0,0.0,0.0,0.0,0.0,0.0,0.0,0.0,0.0,0.0,1.0,0.0,0.0,0.0,0.0,1.0,1.0,0.0,0.0,0.0,0.0
66,2024,5,0.0,0.0,0.0,0.0,0.0,0.0,0.0,0.0,0.0,0.0,0.0,0.0,0.0,0.0,0.0,0.0,0.0,0.0,0.0,0.0,0.0,0.0,0.0,3.0,0.0,1.0,0.0,0.0,0.0,0.0,0.0,0.0,0.0,0.0,0.0,0.0,0.0,0.0,0.0,0.0,0.0,0.0,0.0,0.0,0.0,0.0,0.0,0.0,0.0,0.0,0.0,0.0,0.0,0.0,0.0,0.0,0.0
66,2024,6,0.0,0.0,0.0,0.0,0.0,0.0,0.0,0.0,0.0,0.0,0.0,0.0,0.0,0.0,0.0,0.0,0.0,0.0,0.0,0.0,0.0,0.0,0.0,1.0,1.0,1.0,0.0,0.0,0.0,0.0,0.0,0.0,0.0,0.0,0.0,0.0,0.0,0.0,0.0,0.0,0.0,0.0,0.0,0.0,0.0,0.0,0.0,0.0,0.0,0.0,0.0,0.0,0.0,0.0,0.0,0.0,0.0
66,2024,7,0.0,0.0,0.0,0.0,0.0,0.0,0.0,0.0,0.0,0.0,0.0,0.0,0.0,0.0,0.0,0.0,0.0,0.0,0.0,0.0,0.0,0.0,0.0,0.0,0.0,0.0,0.0,0.0,0.0,0.0,0.0,0.0,0.0,0.0,0.0,0.0,0.0,0.0,0.0,0.0,0.0,0.0,0.0,0.0,0.0,0.0,1.0,0.0,0.0,0.0,0.0,0.0,0.0,0.0,0.0,0.0,0.0
66,2024,8,0.0,0.0,0.0,0.0,0.0,0.0,0.0,0.0,0.0,0.0,0.0,0.0,0.0,0.0,0.0,0.0,0.0,1.0,0.0,0.0,1.0,0.0,0.0,3.0,0.0,0.0,0.0,0.0,0.0,0.0,0.0,0.0,0.0,0.0,0.0,0.0,0.0,1.0,0.0,0.0,0.0,0.0,0.0,0.0,0.0,0.0,0.0,0.0,0.0,0.0,0.0,0.0,0.0,2.0,0.0,0.0,0.0
66,2024,9,0.0,0.0,0.0,0.0,0.0,0.0,0.0,0.0,0.0,0.0,1.0,0.0,0.0,0.0,0.0,0.0,0.0,0.0,0.0,0.0,0.0,0.0,0.0,2.0,0.0,1.0,0.0,0.0,0.0,0.0,0.0,0.0,0.0,0.0,0.0,0.0,0.0,0.0,0.0,0.0,0.0,0.0,0.0,0.0,0.0,0.0,4.0,0.0,0.0,0.0,0.0,0.0,0.0,0.0,0.0,0.0,0.0
66,2024,10,0.0,0.0,0.0,0.0,0.0,0.0,0.0,0.0,0.0,0.0,0.0,0.0,0.0,0.0,0.0,0.0,0.0,0.0,0.0,0.0,0.0,0.0,0.0,4.0,0.0,0.0,0.0,0.0,0.0,0.0,0.0,0.0,0.0,0.0,0.0,0.0,0.0,1.0,0.0,0.0,0.0,0.0,0.0,0.0,0.0,0.0,2.0,0.0,0.0,0.0,0.0,0.0,0.0,1.0,0.0,0.0,0.0
66,2024,11,0.0,0.0,0.0,0.0,0.0,1.0,0.0,0.0,0.0,0.0,0.0,0.0,0.0,0.0,0.0,0.0,0.0,1.0,0.0,0.0,0.0,0.0,0.0,2.0,0.0,4.0,0.0,0.0,0.0,0.0,0.0,0.0,0.0,0.0,0.0,0.0,0.0,0.0,0.0,0.0,0.0,0.0,0.0,0.0,0.0,0.0,2.0,1.0,0.0,0.0,0.0,0.0,0.0,0.0,0.0,0.0,0.0
66,2024,12,0.0,0.0,0.0,0.0,0.0,0.0,0.0,0.0,0.0,0.0,1.0,0.0,0.0,0.0,0.0,0.0,0.0,0.0,1.0,0.0,0.0,0.0,0.0,12.0,0.0,2.0,0.0,0.0,0.0,0.0,0.0,0.0,0.0,0.0,0.0,0.0,0.0,0.0,0.0,0.0,1.0,0.0,0.0,0.0,0.0,0.0,11.0,0.0,0.0,0.0,0.0,0.0,1.0,1.0,0.0,0.0,0.0
66,2025,1,0.0,1.0,0.0,0.0,0.0,44.0,1.0,11.0,2.0,0.0,18.0,4.0,19.0,6.0,0.0,0.0,0.0,13.0,6.0,0.0,0.0,0.0,3.0,32.0,10.0,53.0,0.0,0.0,3.0,0.0,0.0,1.0,0.0,0.0,6.0,0.0,0.0,8.0,0.0,5.0,0.0,1.0,0.0,3.0,1.0,0.0,77.0,0.0,2.0,0.0,0.0,12.0,6.0,1.0,0.0,1.0,26.0
66,2025,2,0.0,5.0,0.0,0.0,1.0,35.0,2.0,18.0,0.0,0.0,22.0,1.0,15.0,8.0,0.0,0.0,0.0,14.0,2.0,0.0,2.0,0.0,6.0,31.0,15.0,46.0,0.0,0.0,10.0,0.0,0.0,1.0,0.0,0.0,12.0,0.0,0.0,16.0,1.0,1.0,2.0,3.0,0.0,2.0,4.0,0.0,111.0,0.0,1.0,0.0,1.0,8.0,5.0,5.0,0.0,0.0,24.0
66,2025,3,0.0,10.0,0.0,0.0,0.0,44.0,2.0,8.0,0.0,0.0,35.0,1.0,13.0,9.0,0.0,0.0,0.0,16.0,2.0,0.0,1.0,0.0,7.0,46.0,26.0,60.0,0.0,0.0,14.0,0.0,0.0,0.0,0.0,0.0,15.0,0.0,0.0,10.0,2.0,0.0,2.0,3.0,0.0,4.0,2.0,0.0,86.0,3.0,2.0,1.0,2.0,6.0,8.0,2.0,0.0,0.0,26.0
66,2025,4,0.0,6.0,0.0,0.0,0.0,57.0,0.0,6.0,0.0,0.0,30.0,4.0,18.0,10.0,0.0,0.0,0.0,25.0,7.0,0.0,3.0,0.0,6.0,41.0,27.0,52.0,0.0,0.0,9.0,0.0,0.0,0.0,0.0,0.0,17.0,0.0,0.0,4.0,1.0,0.0,0.0,5.0,0.0,1.0,3.0,0.0,72.0,7.0,0.0,0.0,1.0,9.0,7.0,5.0,0.0,0.0,21.0
66,2025,5,0.0,4.0,0.0,0.0,0.0,47.0,1.0,14.0,0.0,0.0,29.0,0.0,13.0,9.0,0.0,0.0,0.0,27.0,4.0,0.0,1.0,0.0,8.0,36.0,20.0,74.0,0.0,0.0,5.0,0.0,0.0,0.0,0.0,0.0,9.0,0.0,0.0,10.0,3.0,0.0,2.0,7.0,0.0,2.0,3.0,0.0,78.0,2.0,3.0,2.0,0.0,9.0,1.0,4.0,0.0,0.0,14.0
66,2025,6,0.0,2.0,0.0,0.0,0.0,37.0,1.0,6.0,0.0,0.0,21.0,2.0,12.0,8.0,1.0,0.0,0.0,19.0,3.0,0.0,3.0,0.0,2.0,34.0,13.0,55.0,0.0,0.0,4.0,0.0,0.0,0.0,0.0,0.0,10.0,0.0,0.0,12.0,3.0,2.0,1.0,4.0,0.0,2.0,1.0,0.0,82.0,4.0,1.0,0.0,1.0,7.0,9.0,9.0,1.0,0.0,12.0
66,2025,7,0.0,4.0,0.0,0.0,1.0,31.0,0.0,14.0,0.0,0.0,16.0,4.0,15.0,10.0,0.0,0.0,0.0,21.0,4.0,0.0,2.0,0.0,3.0,30.0,21.0,64.0,0.0,0.0,7.0,0.0,0.0,0.0,0.0,0.0,15.0,0.0,0.0,7.0,2.0,1.0,4.0,7.0,0.0,1.0,2.0,0.0,70.0,3.0,0.0,0.0,1.0,12.0,9.0,3.0,2.0,0.0,11.0
66,2025,8,0.0,6.0,0.0,0.0,0.0,40.0,0.0,7.0,0.0,0.0,29.0,3.0,8.0,6.0,0.0,0.0,0.0,22.0,4.0,0.0,2.0,0.0,2.0,36.0,23.0,59.0,0.0,0.0,11.0,0.0,0.0,0.0,0.0,0.0,10.0,1.0,0.0,11.0,1.0,0.0,0.0,4.0,0.0,1.0,2.0,2.0,71.0,3.0,0.0,0.0,2.0,2.0,6.0,1.0,2.0,0.0,18.0
66,2025,9,0.0,5.0,0.0,0.0,3.0,49.0,3.0,11.0,0.0,0.0,18.0,2.0,8.0,11.0,0.0,0.0,0.0,12.0,6.0,0.0,1.0,0.0,0.0,44.0,17.0,58.0,0.0,0.0,5.0,0.0,0.0,0.0,0.0,0.0,15.0,0.0,0.0,9.0,3.0,0.0,1.0,4.0,0.0,1.0,0.0,0.0,60.0,0.0,1.0,0.0,1.0,7.0,6.0,0.0,1.0,0.0,19.0
66,2025,10,0.0,6.0,0.0,0.0,0.0,50.0,0.0,7.0,0.0,0.0,30.0,3.0,10.0,4.0,0.0,0.0,0.0,20.0,4.0,0.0,0.0,0.0,9.0,36.0,14.0,67.0,0.0,0.0,4.0,0.0,0.0,0.0,0.0,1.0,18.0,0.0,0.0,8.0,2.0,0.0,1.0,5.0,0.0,1.0,0.0,0.0,77.0,1.0,1.0,0.0,0.0,10.0,6.0,2.0,1.0,0.0,20.0
66,2025,11,0.0,4.0,1.0,0.0,0.0,38.0,1.0,8.0,0.0,0.0,27.0,0.0,11.0,5.0,0.0,0.0,0.0,15.0,5.0,0.0,0.0,0.0,5.0,39.0,10.0,72.0,0.0,0.0,8.0,0.0,0.0,0.0,0.0,0.0,10.0,0.0,0.0,5.0,2.0,0.0,3.0,3.0,0.0,2.0,1.0,0.0,70.0,3.0,2.0,0.0,1.0,8.0,7.0,1.0,0.0,0.0,14.0
66,2025,12,0.0,6.0,0.0,0.0,1.0,40.0,2.0,5.0,0.0,0.0,20.0,3.0,15.0,2.0,0.0,0.0,0.0,18.0,4.0,0.0,1.0,0.0,4.0,20.0,24.0,60.0,0.0,0.0,5.0,0.0,0.0,1.0,0.0,0.0,9.0,0.0,0.0,7.0,0.0,0.0,2.0,0.0,2.0,0.0,2.0,0.0,75.0,0.0,0.0,1.0,1.0,11.0,1.0,1.0,0.0,0.0,15.0
67,2024,1,0.0,0.0,0.0,0.0,0.0,2.0,0.0,1.0,0.0,0.0,0.0,0.0,1.0,0.0,0.0,0.0,0.0,1.0,0.0,0.0,1.0,0.0,0.0,0.0,0.0,1.0,0.0,0.0,0.0,0.0,0.0,0.0,0.0,0.0,0.0,0.0,0.0,0.0,0.0,0.0,0.0,0.0,0.0,0.0,1.0,0.0,1.0,0.0,0.0,0.0,0.0,0.0,2.0,0.0,0.0,0.0,0.0
67,2024,2,0.0,0.0,0.0,0.0,0.0,0.0,0.0,0.0,0.0,0.0,0.0,0.0,0.0,0.0,0.0,0.0,0.0,0.0,0.0,0.0,0.0,0.0,0.0,0.0,0.0,1.0,0.0,0.0,0.0,0.0,0.0,0.0,0.0,0.0,0.0,0.0,0.0,1.0,0.0,0.0,0.0,0.0,0.0,0.0,0.0,1.0,0.0,0.0,0.0,0.0,0.0,0.0,0.0,1.0,0.0,0.0,0.0
67,2024,3,0.0,0.0,0.0,0.0,0.0,0.0,0.0,0.0,0.0,0.0,0.0,0.0,0.0,0.0,0.0,0.0,0.0,1.0,0.0,0.0,0.0,0.0,0.0,1.0,0.0,0.0,0.0,0.0,0.0,0.0,0.0,0.0,0.0,0.0,0.0,0.0,0.0,0.0,0.0,0.0,0.0,0.0,0.0,0.0,0.0,0.0,2.0,0.0,0.0,0.0,0.0,0.0,0.0,0.0,0.0,0.0,0.0
67,2024,4,0.0,0.0,0.0,0.0,0.0,0.0,0.0,0.0,0.0,0.0,0.0,0.0,0.0,0.0,0.0,0.0,0.0,0.0,1.0,0.0,0.0,0.0,0.0,1.0,0.0,0.0,0.0,0.0,0.0,0.0,0.0,0.0,0.0,0.0,0.0,0.0,0.0,1.0,0.0,0.0,0.0,1.0,0.0,0.0,0.0,0.0,3.0,0.0,0.0,0.0,0.0,0.0,0.0,1.0,0.0,0.0,0.0
67,2024,5,0.0,0.0,0.0,0.0,0.0,1.0,0.0,0.0,0.0,0.0,1.0,0.0,1.0,0.0,0.0,0.0,0.0,0.0,0.0,0.0,0.0,0.0,0.0,0.0,0.0,0.0,0.0,0.0,0.0,0.0,0.0,0.0,0.0,0.0,0.0,0.0,0.0,0.0,0.0,0.0,0.0,0.0,0.0,0.0,0.0,0.0,1.0,0.0,0.0,0.0,0.0,0.0,0.0,0.0,0.0,0.0,0.0
67,2024,6,0.0,0.0,0.0,0.0,0.0,1.0,0.0,0.0,0.0,0.0,0.0,0.0,0.0,0.0,0.0,0.0,0.0,1.0,0.0,0.0,0.0,0.0,0.0,2.0,0.0,0.0,0.0,0.0,0.0,0.0,0.0,0.0,0.0,0.0,1.0,0.0,0.0,0.0,0.0,0.0,0.0,0.0,0.0,0.0,0.0,0.0,1.0,0.0,0.0,0.0,0.0,0.0,1.0,0.0,0.0,0.0,0.0
67,2024,7,0.0,0.0,0.0,0.0,0.0,1.0,0.0,0.0,0.0,0.0,0.0,0.0,0.0,0.0,0.0,0.0,0.0,0.0,0.0,0.0,1.0,0.0,0.0,0.0,0.0,0.0,0.0,0.0,0.0,0.0,0.0,0.0,0.0,0.0,0.0,0.0,0.0,0.0,0.0,0.0,0.0,0.0,0.0,0.0,0.0,0.0,1.0,0.0,0.0,0.0,0.0,0.0,0.0,0.0,0.0,0.0,0.0
67,2024,8,0.0,0.0,0.0,0.0,0.0,0.0,0.0,0.0,0.0,0.0,0.0,0.0,0.0,0.0,0.0,0.0,0.0,0.0,0.0,0.0,1.0,0.0,0.0,3.0,0.0,1.0,0.0,0.0,0.0,0.0,0.0,0.0,0.0,0.0,0.0,0.0,0.0,1.0,0.0,0.0,0.0,0.0,0.0,0.0,0.0,0.0,1.0,0.0,0.0,0.0,0.0,0.0,1.0,0.0,0.0,0.0,0.0
67,2024,9,0.0,0.0,0.0,0.0,0.0,1.0,0.0,0.0,0.0,0.0,0.0,0.0,0.0,0.0,0.0,0.0,0.0,0.0,0.0,0.0,1.0,0.0,0.0,2.0,1.0,0.0,0.0,0.0,0.0,0.0,0.0,0.0,0.0,0.0,0.0,0.0,0.0,1.0,0.0,0.0,0.0,0.0,0.0,0.0,0.0,1.0,1.0,0.0,0.0,0.0,0.0,0.0,0.0,0.0,0.0,0.0,0.0
67,2024,10,0.0,0.0,0.0,0.0,0.0,0.0,0.0,1.0,0.0,0.0,1.0,0.0,0.0,0.0,0.0,0.0,0.0,0.0,0.0,0.0,0.0,0.0,0.0,5.0,1.0,0.0,0.0,0.0,0.0,0.0,0.0,0.0,0.0,0.0,0.0,0.0,0.0,0.0,0.0,0.0,0.0,0.0,0.0,0.0,0.0,0.0,2.0,0.0,0.0,0.0,1.0,0.0,2.0,0.0,0.0,0.0,0.0
67,2024,11,0.0,0.0,0.0,0.0,0.0,3.0,0.0,1.0,0.0,0.0,0.0,0.0,0.0,0.0,0.0,0.0,0.0,1.0,0.0,0.0,0.0,0.0,0.0,6.0,0.0,4.0,0.0,0.0,0.0,0.0,0.0,0.0,0.0,0.0,1.0,0.0,0.0,3.0,0.0,0.0,0.0,0.0,0.0,0.0,0.0,0.0,4.0,0.0,0.0,0.0,0.0,0.0,0.0,1.0,0.0,0.0,0.0
67,2024,12,0.0,0.0,0.0,0.0,1.0,1.0,0.0,1.0,0.0,0.0,4.0,0.0,0.0,0.0,0.0,0.0,0.0,3.0,0.0,0.0,1.0,0.0,0.0,13.0,0.0,6.0,0.0,0.0,0.0,0.0,0.0,0.0,0.0,0.0,5.0,0.0,0.0,2.0,0.0,0.0,0.0,0.0,0.0,0.0,0.0,1.0,11.0,0.0,0.0,0.0,0.0,0.0,0.0,0.0,0.0,0.0,2.0
67,2025,1,0.0,5.0,0.0,0.0,1.0,100.0,2.0,17.0,0.0,0.0,45.0,7.0,18.0,22.0,0.0,0.0,0.0,54.0,25.0,0.0,2.0,0.0,0.0,38.0,10.0,224.0,0.0,0.0,10.0,0.0,0.0,0.0,0.0,0.0,75.0,3.0,0.0,30.0,14.0,0.0,2.0,2.0,0.0,23.0,27.0,1.0,87.0,0.0,3.0,0.0,3.0,26.0,15.0,4.0,3.0,0.0,107.0
67,2025,2,0.0,3.0,2.0,0.0,0.0,88.0,0.0,14.0,0.0,0.0,53.0,3.0,11.0,11.0,0.0,0.0,0.0,52.0,22.0,0.0,9.0,0.0,1.0,53.0,18.0,187.0,0.0,0.0,3.0,0.0,0.0,0.0,0.0,0.0,56.0,1.0,0.0,26.0,12.0,0.0,1.0,3.0,0.0,15.0,28.0,4.0,78.0,0.0,1.0,0.0,3.0,27.0,6.0,7.0,3.0,0.0,76.0
67,2025,3,0.0,2.0,1.0,0.0,1.0,138.0,1.0,8.0,0.0,0.0,64.0,6.0,15.0,7.0,0.0,0.0,0.0,59.0,11.0,0.0,2.0,0.0,1.0,58.0,11.0,195.0,0.0,0.0,2.0,0.0,0.0,0.0,0.0,0.0,57.0,1.0,0.0,38.0,20.0,1.0,0.0,1.0,0.0,15.0,18.0,0.0,82.0,0.0,5.0,0.0,5.0,26.0,7.0,4.0,5.0,0.0,85.0
67,2025,4,0.0,4.0,4.0,0.0,0.0,102.0,0.0,18.0,0.0,0.0,65.0,4.0,19.0,20.0,0.0,0.0,0.0,64.0,14.0,0.0,8.0,0.0,1.0,72.0,18.0,206.0,0.0,0.0,6.0,0.0,0.0,0.0,0.0,0.0,72.0,1.0,0.0,40.0,10.0,0.0,1.0,1.0,0.0,26.0,25.0,2.0,102.0,0.0,3.0,0.0,1.0,19.0,13.0,6.0,2.0,0.0,84.0
67,2025,5,0.0,3.0,0.0,0.0,0.0,124.0,0.0,18.0,1.0,0.0,64.0,6.0,7.0,25.0,0.0,0.0,1.0,61.0,23.0,0.0,2.0,0.0,1.0,56.0,23.0,232.0,0.0,0.0,6.0,0.0,0.0,0.0,0.0,0.0,57.0,0.0,0.0,39.0,28.0,0.0,2.0,1.0,0.0,13.0,17.0,2.0,97.0,0.0,3.0,0.0,2.0,26.0,16.0,5.0,5.0,0.0,91.0
67,2025,6,1.0,12.0,0.0,0.0,1.0,126.0,0.0,15.0,1.0,0.0,51.0,13.0,20.0,17.0,0.0,0.0,1.0,72.0,13.0,0.0,6.0,0.0,0.0,48.0,24.0,239.0,0.0,0.0,4.0,0.0,0.0,0.0,0.0,0.0,50.0,1.0,0.0,38.0,12.0,0.0,3.0,0.0,0.0,5.0,22.0,3.0,80.0,1.0,4.0,1.0,1.0,16.0,11.0,9.0,7.0,0.0,91.0
67,2025,7,2.0,2.0,0.0,0.0,1.0,146.0,0.0,14.0,0.0,0.0,62.0,10.0,8.0,17.0,1.0,0.0,0.0,67.0,16.0,0.0,6.0,0.0,2.0,66.0,15.0,226.0,0.0,0.0,9.0,0.0,0.0,0.0,0.0,0.0,59.0,1.0,0.0,23.0,23.0,0.0,0.0,2.0,0.0,10.0,9.0,2.0,99.0,0.0,8.0,0.0,1.0,24.0,10.0,3.0,5.0,0.0,82.0
67,2025,8,0.0,4.0,2.0,0.0,0.0,100.0,0.0,23.0,0.0,0.0,67.0,10.0,10.0,26.0,0.0,0.0,2.0,69.0,20.0,0.0,3.0,0.0,0.0,64.0,18.0,254.0,0.0,0.0,4.0,0.0,0.0,0.0,0.0,0.0,65.0,0.0,0.0,38.0,20.0,0.0,1.0,0.0,0.0,8.0,17.0,2.0,108.0,0.0,4.0,0.0,2.0,25.0,14.0,5.0,7.0,0.0,97.0
67,2025,9,0.0,7.0,0.0,0.0,0.0,91.0,0.0,13.0,0.0,0.0,65.0,4.0,10.0,20.0,0.0,0.0,0.0,72.0,22.0,0.0,4.0,0.0,2.0,48.0,13.0,210.0,0.0,0.0,4.0,0.0,0.0,0.0,0.0,0.0,74.0,0.0,0.0,23.0,14.0,0.0,3.0,2.0,0.0,26.0,19.0,1.0,106.0,0.0,3.0,0.0,3.0,26.0,22.0,4.0,1.0,0.0,71.0
67,2025,10,0.0,3.0,1.0,0.0,1.0,128.0,0.0,14.0,0.0,0.0,67.0,13.0,22.0,18.0,0.0,0.0,0.0,63.0,19.0,0.0,5.0,0.0,0.0,59.0,17.0,201.0,0.0,0.0,3.0,0.0,0.0,0.0,0.0,0.0,61.0,0.0,0.0,32.0,12.0,1.0,2.0,0.0,0.0,24.0,12.0,2.0,101.0,0.0,3.0,0.0,6.0,26.0,7.0,7.0,4.0,0.0,71.0
67,2025,11,0.0,3.0,1.0,0.0,1.0,115.0,0.0,15.0,0.0,0.0,63.0,5.0,11.0,15.0,1.0,0.0,1.0,57.0,12.0,0.0,1.0,0.0,2.0,44.0,18.0,204.0,0.0,0.0,1.0,0.0,0.0,0.0,0.0,0.0,52.0,0.0,0.0,31.0,14.0,0.0,2.0,3.0,0.0,7.0,10.0,2.0,105.0,0.0,6.0,0.0,0.0,22.0,6.0,3.0,5.0,0.0,72.0
67,2025,12,0.0,3.0,0.0,0.0,1.0,100.0,0.0,17.0,0.0,0.0,54.0,6.0,12.0,16.0,0.0,0.0,0.0,48.0,19.0,0.0,3.0,0.0,1.0,39.0,12.0,222.0,0.0,0.0,3.0,0.0,0.0,0.0,0.0,0.0,49.0,0.0,0.0,28.0,13.0,0.0,0.0,5.0,0.0,16.0,18.0,1.0,104.0,0.0,1.0,0.0,6.0,18.0,10.0,3.0,2.0,0.0,69.0
68,2024,1,0.0,0.0,0.0,0.0,0.0,0.0,0.0,0.0,0.0,0.0,1.0,0.0,0.0,0.0,0.0,0.0,0.0,0.0,0.0,0.0,0.0,0.0,0.0,0.0,0.0,0.0,0.0,0.0,0.0,0.0,0.0,0.0,0.0,0.0,0.0,0.0,0.0,0.0,0.0,0.0,0.0,0.0,0.0,0.0,0.0,0.0,1.0,0.0,0.0,0.0,0.0,0.0,1.0,0.0,0.0,0.0,0.0
68,2024,2,0.0,0.0,0.0,0.0,0.0,0.0,0.0,0.0,0.0,0.0,0.0,0.0,0.0,0.0,0.0,0.0,0.0,1.0,0.0,0.0,0.0,0.0,0.0,1.0,0.0,0.0,0.0,0.0,0.0,0.0,0.0,0.0,0.0,0.0,0.0,0.0,0.0,0.0,0.0,0.0,0.0,0.0,0.0,0.0,0.0,0.0,0.0,0.0,0.0,0.0,0.0,0.0,0.0,0.0,0.0,0.0,0.0
68,2024,3,0.0,0.0,0.0,0.0,0.0,0.0,0.0,0.0,0.0,0.0,0.0,0.0,0.0,0.0,0.0,0.0,0.0,0.0,0.0,0.0,0.0,0.0,0.0,1.0,0.0,0.0,0.0,0.0,0.0,0.0,0.0,0.0,0.0,0.0,0.0,0.0,0.0,0.0,0.0,0.0,0.0,0.0,0.0,0.0,0.0,0.0,0.0,0.0,0.0,0.0,0.0,0.0,0.0,0.0,0.0,0.0,0.0
68,2024,4,0.0,0.0,0.0,0.0,0.0,0.0,0.0,0.0,0.0,0.0,0.0,0.0,0.0,0.0,0.0,0.0,0.0,0.0,0.0,0.0,0.0,0.0,0.0,1.0,0.0,0.0,0.0,0.0,0.0,0.0,0.0,0.0,0.0,0.0,0.0,0.0,0.0,0.0,0.0,0.0,0.0,0.0,0.0,0.0,0.0,0.0,0.0,0.0,0.0,0.0,0.0,0.0,0.0,1.0,0.0,0.0,0.0
68,2024,5,0.0,0.0,0.0,0.0,0.0,2.0,0.0,0.0,0.0,0.0,0.0,0.0,0.0,0.0,0.0,0.0,0.0,0.0,0.0,0.0,1.0,0.0,0.0,1.0,0.0,1.0,0.0,0.0,0.0,0.0,0.0,0.0,0.0,0.0,0.0,0.0,0.0,0.0,0.0,0.0,0.0,0.0,0.0,0.0,0.0,0.0,0.0,0.0,0.0,0.0,0.0,0.0,1.0,1.0,0.0,0.0,0.0
68,2024,6,0.0,0.0,0.0,0.0,0.0,1.0,0.0,0.0,0.0,0.0,0.0,0.0,0.0,0.0,0.0,0.0,0.0,1.0,0.0,0.0,0.0,0.0,0.0,1.0,0.0,0.0,0.0,0.0,0.0,0.0,0.0,0.0,0.0,0.0,0.0,0.0,0.0,0.0,0.0,0.0,0.0,0.0,0.0,0.0,0.0,0.0,1.0,0.0,0.0,0.0,0.0,0.0,0.0,0.0,0.0,0.0,0.0
68,2024,7,0.0,0.0,0.0,0.0,0.0,0.0,0.0,0.0,0.0,0.0,0.0,0.0,0.0,0.0,0.0,0.0,0.0,0.0,1.0,0.0,0.0,0.0,0.0,1.0,0.0,2.0,0.0,0.0,0.0,0.0,0.0,0.0,0.0,0.0,0.0,0.0,0.0,0.0,0.0,0.0,0.0,0.0,0.0,0.0,0.0,0.0,0.0,0.0,0.0,0.0,0.0,0.0,0.0,0.0,0.0,0.0,0.0
68,2024,8,0.0,0.0,0.0,0.0,0.0,1.0,0.0,0.0,0.0,0.0,0.0,0.0,0.0,0.0,0.0,0.0,0.0,0.0,0.0,0.0,0.0,0.0,0.0,0.0,0.0,0.0,0.0,0.0,0.0,0.0,0.0,0.0,0.0,0.0,0.0,0.0,0.0,0.0,0.0,0.0,0.0,0.0,0.0,0.0,0.0,0.0,0.0,0.0,0.0,0.0,1.0,0.0,1.0,0.0,0.0,0.0,0.0
68,2024,9,0.0,0.0,0.0,0.0,0.0,0.0,0.0,0.0,0.0,0.0,0.0,0.0,0.0,0.0,0.0,0.0,0.0,0.0,0.0,0.0,1.0,0.0,0.0,1.0,0.0,0.0,0.0,0.0,0.0,0.0,0.0,0.0,0.0,0.0,0.0,0.0,0.0,0.0,0.0,0.0,0.0,0.0,0.0,0.0,0.0,0.0,1.0,0.0,0.0,0.0,0.0,0.0,0.0,1.0,0.0,0.0,0.0
68,2024,10,0.0,0.0,0.0,0.0,0.0,2.0,0.0,0.0,0.0,0.0,0.0,0.0,0.0,0.0,0.0,0.0,0.0,0.0,1.0,0.0,0.0,0.0,0.0,3.0,0.0,2.0,0.0,0.0,0.0,0.0,0.0,0.0,0.0,0.0,0.0,0.0,0.0,0.0,0.0,0.0,0.0,0.0,0.0,0.0,0.0,0.0,2.0,0.0,0.0,0.0,0.0,0.0,0.0,0.0,0.0,0.0,0.0
68,2024,11,0.0,0.0,0.0,0.0,0.0,1.0,0.0,0.0,0.0,0.0,0.0,0.0,0.0,0.0,0.0,0.0,0.0,1.0,0.0,0.0,0.0,0.0,0.0,3.0,0.0,0.0,0.0,0.0,0.0,0.0,0.0,0.0,0.0,0.0,0.0,0.0,0.0,1.0,0.0,0.0,0.0,0.0,0.0,0.0,0.0,0.0,4.0,0.0,0.0,0.0,0.0,0.0,1.0,1.0,0.0,0.0,0.0
68,2024,12,0.0,0.0,0.0,0.0,0.0,1.0,0.0,0.0,0.0,0.0,4.0,0.0,0.0,0.0,0.0,0.0,0.0,0.0,0.0,0.0,1.0,0.0,0.0,10.0,0.0,6.0,0.0,0.0,0.0,0.0,0.0,0.0,0.0,0.0,0.0,0.0,0.0,3.0,0.0,0.0,0.0,1.0,0.0,0.0,0.0,0.0,3.0,0.0,0.0,0.0,1.0,0.0,0.0,0.0,0.0,0.0,0.0
68,2025,1,0.0,2.0,0.0,0.0,0.0,45.0,0.0,14.0,0.0,0.0,12.0,4.0,8.0,5.0,0.0,0.0,0.0,9.0,6.0,0.0,1.0,0.0,0.0,23.0,4.0,53.0,0.0,0.0,5.0,0.0,0.0,0.0,0.0,0.0,14.0,0.0,0.0,10.0,0.0,0.0,1.0,0.0,0.0,1.0,10.0,0.0,116.0,1.0,1.0,0.0,2.0,3.0,3.0,3.0,1.0,0.0,50.0
68,2025,2,0.0,11.0,0.0,0.0,0.0,29.0,0.0,4.0,1.0,0.0,15.0,2.0,14.0,10.0,0.0,0.0,0.0,9.0,7.0,0.0,6.0,0.0,0.0,23.0,5.0,41.0,0.0,0.0,10.0,0.0,0.0,0.0,0.0,0.0,18.0,0.0,0.0,10.0,7.0,0.0,0.0,2.0,0.0,3.0,11.0,0.0,100.0,0.0,1.0,0.0,1.0,6.0,5.0,0.0,0.0,0.0,40.0
68,2025,3,0.0,8.0,0.0,0.0,0.0,44.0,1.0,7.0,0.0,0.0,23.0,3.0,16.0,7.0,0.0,0.0,0.0,14.0,3.0,0.0,3.0,0.0,1.0,27.0,8.0,51.0,0.0,0.0,4.0,0.0,0.0,0.0,0.0,0.0,15.0,0.0,0.0,5.0,6.0,0.0,0.0,4.0,0.0,0.0,4.0,0.0,99.0,3.0,0.0,0.0,2.0,1.0,5.0,3.0,0.0,0.0,53.0
68,2025,4,0.0,2.0,0.0,0.0,0.0,30.0,0.0,9.0,0.0,0.0,19.0,5.0,8.0,5.0,0.0,0.0,0.0,25.0,7.0,0.0,5.0,0.0,0.0,26.0,18.0,43.0,0.0,0.0,4.0,0.0,0.0,0.0,0.0,0.0,20.0,0.0,0.0,8.0,8.0,0.0,2.0,4.0,0.0,1.0,7.0,0.0,84.0,0.0,5.0,0.0,0.0,5.0,5.0,2.0,1.0,0.0,34.0
68,2025,5,0.0,0.0,0.0,0.0,0.0,42.0,0.0,5.0,0.0,0.0,32.0,9.0,5.0,4.0,0.0,0.0,0.0,9.0,3.0,0.0,5.0,0.0,2.0,35.0,9.0,51.0,0.0,0.0,12.0,0.0,0.0,0.0,0.0,0.0,18.0,0.0,0.0,11.0,4.0,0.0,1.0,2.0,0.0,4.0,10.0,0.0,61.0,2.0,3.0,0.0,0.0,9.0,5.0,6.0,1.0,0.0,26.0
68,2025,6,0.0,4.0,0.0,0.0,0.0,55.0,1.0,7.0,0.0,0.0,28.0,2.0,7.0,4.0,0.0,0.0,0.0,17.0,2.0,0.0,2.0,0.0,0.0,29.0,13.0,65.0,0.0,0.0,6.0,0.0,0.0,0.0,0.0,0.0,20.0,0.0,0.0,9.0,3.0,0.0,3.0,1.0,0.0,1.0,4.0,0.0,72.0,3.0,2.0,0.0,1.0,8.0,9.0,1.0,2.0,0.0,33.0
68,2025,7,0.0,0.0,0.0,0.0,0.0,51.0,0.0,3.0,0.0,0.0,29.0,1.0,10.0,8.0,0.0,0.0,0.0,7.0,7.0,0.0,1.0,0.0,0.0,36.0,20.0,56.0,0.0,0.0,5.0,0.0,0.0,0.0,0.0,0.0,20.0,0.0,0.0,13.0,5.0,0.0,1.0,4.0,0.0,0.0,4.0,0.0,68.0,2.0,1.0,0.0,1.0,6.0,7.0,3.0,0.0,0.0,26.0
68,2025,8,0.0,0.0,0.0,0.0,0.0,34.0,0.0,4.0,0.0,1.0,27.0,3.0,14.0,6.0,0.0,0.0,0.0,10.0,1.0,0.0,3.0,0.0,0.0,34.0,14.0,53.0,0.0,0.0,5.0,0.0,0.0,0.0,0.0,0.0,18.0,0.0,0.0,9.0,11.0,0.0,1.0,5.0,0.0,2.0,3.0,0.0,84.0,4.0,4.0,0.0,1.0,6.0,8.0,3.0,0.0,0.0,23.0
68,2025,9,0.0,1.0,0.0,0.0,0.0,39.0,1.0,5.0,0.0,0.0,17.0,6.0,8.0,8.0,0.0,0.0,0.0,7.0,8.0,0.0,6.0,0.0,1.0,37.0,10.0,62.0,0.0,0.0,5.0,0.0,0.0,0.0,0.0,0.0,14.0,0.0,0.0,7.0,0.0,0.0,0.0,1.0,0.0,2.0,1.0,0.0,66.0,4.0,3.0,0.0,1.0,4.0,9.0,2.0,0.0,0.0,38.0
68,2025,10,0.0,3.0,0.0,0.0,0.0,41.0,0.0,6.0,3.0,0.0,23.0,5.0,12.0,7.0,0.0,0.0,0.0,13.0,3.0,0.0,3.0,0.0,0.0,28.0,7.0,60.0,0.0,0.0,7.0,0.0,0.0,0.0,0.0,0.0,12.0,0.0,0.0,13.0,7.0,0.0,2.0,3.0,0.0,0.0,5.0,0.0,66.0,2.0,1.0,0.0,0.0,4.0,7.0,1.0,2.0,0.0,50.0
68,2025,11,0.0,5.0,0.0,0.0,0.0,39.0,0.0,5.0,1.0,0.0,19.0,2.0,14.0,6.0,0.0,0.0,0.0,14.0,5.0,0.0,0.0,0.0,0.0,31.0,11.0,46.0,0.0,0.0,3.0,0.0,0.0,0.0,0.0,0.0,14.0,0.0,0.0,3.0,6.0,0.0,3.0,5.0,0.0,2.0,9.0,0.0,81.0,8.0,0.0,0.0,4.0,8.0,5.0,1.0,0.0,0.0,57.0
68,2025,12,0.0,2.0,0.0,0.0,0.0,33.0,0.0,7.0,0.0,1.0,16.0,4.0,11.0,7.0,0.0,0.0,0.0,11.0,7.0,0.0,5.0,0.0,0.0,17.0,10.0,48.0,0.0,0.0,6.0,0.0,0.0,0.0,0.0,0.0,16.0,0.0,0.0,6.0,6.0,0.0,0.0,0.0,0.0,3.0,14.0,0.0,65.0,3.0,1.0,0.0,1.0,5.0,6.0,2.0,1.0,0.0,46.0
69,2024,1,0.0,0.0,0.0,0.0,0.0,0.0,0.0,0.0,0.0,0.0,1.0,0.0,0.0,0.0,0.0,0.0,0.0,0.0,0.0,0.0,0.0,0.0,0.0,1.0,0.0,1.0,0.0,0.0,0.0,0.0,0.0,0.0,0.0,0.0,0.0,0.0,0.0,2.0,0.0,0.0,0.0,0.0,0.0,0.0,0.0,0.0,0.0,0.0,0.0,0.0,0.0,0.0,2.0,0.0,0.0,0.0,0.0
69,2024,2,0.0,0.0,0.0,0.0,0.0,0.0,0.0,0.0,0.0,0.0,0.0,0.0,0.0,0.0,0.0,0.0,0.0,0.0,0.0,0.0,0.0,0.0,0.0,0.0,0.0,1.0,0.0,0.0,0.0,0.0,0.0,0.0,0.0,0.0,0.0,0.0,0.0,2.0,0.0,0.0,0.0,0.0,0.0,0.0,0.0,0.0,0.0,0.0,0.0,0.0,0.0,0.0,0.0,0.0,0.0,0.0,0.0
69,2024,3,0.0,0.0,0.0,0.0,0.0,0.0,0.0,0.0,0.0,0.0,1.0,0.0,0.0,0.0,0.0,0.0,0.0,0.0,0.0,0.0,0.0,0.0,0.0,1.0,0.0,0.0,0.0,0.0,0.0,0.0,0.0,0.0,0.0,0.0,1.0,0.0,0.0,0.0,0.0,0.0,0.0,0.0,0.0,0.0,0.0,0.0,0.0,0.0,0.0,0.0,0.0,0.0,0.0,0.0,0.0,0.0,0.0
69,2024,4,0.0,0.0,0.0,0.0,0.0,1.0,0.0,0.0,0.0,0.0,0.0,0.0,0.0,0.0,0.0,0.0,0.0,0.0,0.0,0.0,0.0,0.0,0.0,0.0,1.0,0.0,0.0,0.0,0.0,0.0,0.0,0.0,0.0,0.0,0.0,0.0,0.0,2.0,0.0,0.0,0.0,0.0,0.0,0.0,0.0,0.0,1.0,0.0,0.0,0.0,0.0,0.0,0.0,0.0,0.0,0.0,0.0
69,2024,5,0.0,0.0,0.0,0.0,0.0,0.0,0.0,0.0,0.0,0.0,0.0,0.0,0.0,0.0,0.0,0.0,0.0,0.0,0.0,0.0,0.0,0.0,0.0,2.0,0.0,0.0,0.0,0.0,0.0,0.0,0.0,0.0,0.0,0.0,0.0,0.0,0.0,0.0,0.0,0.0,0.0,0.0,0.0,0.0,0.0,0.0,0.0,0.0,0.0,0.0,0.0,0.0,0.0,0.0,0.0,0.0,0.0
69,2024,6,0.0,0.0,0.0,0.0,0.0,0.0,0.0,0.0,0.0,0.0,0.0,0.0,0.0,0.0,0.0,0.0,0.0,0.0,0.0,0.0,0.0,0.0,0.0,0.0,0.0,0.0,0.0,0.0,0.0,0.0,0.0,0.0,0.0,0.0,0.0,0.0,0.0,0.0,0.0,0.0,0.0,0.0,0.0,0.0,0.0,0.0,1.0,0.0,0.0,0.0,0.0,0.0,0.0,0.0,0.0,0.0,0.0
69,2024,7,0.0,0.0,0.0,0.0,0.0,0.0,0.0,0.0,0.0,0.0,0.0,0.0,0.0,0.0,0.0,0.0,0.0,1.0,0.0,0.0,0.0,0.0,0.0,0.0,0.0,0.0,0.0,0.0,0.0,0.0,0.0,0.0,0.0,0.0,0.0,0.0,0.0,0.0,0.0,0.0,0.0,0.0,0.0,0.0,0.0,0.0,0.0,0.0,0.0,0.0,0.0,0.0,0.0,2.0,0.0,0.0,0.0
69,2024,8,0.0,0.0,0.0,0.0,0.0,0.0,0.0,0.0,0.0,0.0,0.0,0.0,0.0,0.0,0.0,0.0,0.0,0.0,0.0,0.0,0.0,0.0,0.0,1.0,0.0,3.0,0.0,0.0,0.0,0.0,0.0,0.0,0.0,0.0,0.0,0.0,0.0,0.0,0.0,0.0,0.0,0.0,0.0,0.0,0.0,0.0,0.0,0.0,0.0,0.0,1.0,0.0,0.0,1.0,0.0,0.0,0.0
69,2024,9,0.0,0.0,0.0,0.0,0.0,0.0,0.0,0.0,0.0,0.0,0.0,0.0,0.0,0.0,0.0,0.0,0.0,0.0,0.0,0.0,0.0,0.0,0.0,3.0,0.0,1.0,0.0,0.0,0.0,0.0,0.0,0.0,0.0,0.0,0.0,0.0,0.0,0.0,1.0,0.0,0.0,0.0,0.0,0.0,0.0,0.0,1.0,0.0,0.0,0.0,0.0,0.0,1.0,0.0,0.0,0.0,0.0
69,2024,10,0.0,0.0,0.0,0.0,0.0,0.0,0.0,0.0,0.0,0.0,0.0,0.0,1.0,0.0,0.0,0.0,0.0,0.0,0.0,0.0,0.0,0.0,0.0,2.0,0.0,0.0,0.0,0.0,0.0,0.0,0.0,0.0,0.0,0.0,0.0,0.0,0.0,1.0,0.0,0.0,0.0,0.0,0.0,0.0,0.0,0.0,1.0,0.0,0.0,0.0,0.0,0.0,0.0,1.0,0.0,0.0,0.0
69,2024,11,0.0,0.0,0.0,0.0,0.0,0.0,0.0,0.0,0.0,0.0,0.0,0.0,0.0,0.0,0.0,0.0,0.0,0.0,0.0,0.0,1.0,0.0,0.0,3.0,0.0,1.0,0.0,0.0,0.0,0.0,0.0,0.0,0.0,0.0,0.0,0.0,0.0,2.0,0.0,0.0,0.0,0.0,0.0,0.0,0.0,0.0,1.0,0.0,0.0,0.0,0.0,0.0,1.0,2.0,0.0,0.0,0.0
69,2024,12,0.0,0.0,0.0,0.0,0.0,3.0,0.0,0.0,0.0,0.0,2.0,0.0,0.0,0.0,0.0,0.0,0.0,0.0,0.0,0.0,0.0,0.0,0.0,4.0,0.0,5.0,0.0,0.0,0.0,0.0,0.0,0.0,0.0,0.0,0.0,0.0,0.0,2.0,0.0,0.0,0.0,0.0,0.0,0.0,0.0,0.0,3.0,0.0,0.0,0.0,0.0,0.0,3.0,4.0,1.0,0.0,0.0
69,2025,1,0.0,1.0,0.0,0.0,0.0,37.0,0.0,4.0,0.0,0.0,24.0,2.0,7.0,8.0,0.0,0.0,0.0,14.0,7.0,0.0,1.0,0.0,0.0,12.0,12.0,61.0,0.0,0.0,2.0,0.0,0.0,0.0,0.0,0.0,25.0,0.0,0.0,26.0,3.0,0.0,1.0,1.0,1.0,4.0,8.0,0.0,34.0,0.0,1.0,0.0,1.0,9.0,5.0,4.0,2.0,0.0,19.0
69,2025,2,0.0,3.0,0.0,0.0,0.0,38.0,0.0,1.0,0.0,0.0,26.0,2.0,4.0,6.0,0.0,0.0,0.0,13.0,6.0,0.0,0.0,0.0,0.0,23.0,5.0,66.0,0.0,0.0,4.0,0.0,0.0,0.0,0.0,0.0,10.0,0.0,0.0,21.0,3.0,0.0,0.0,0.0,0.0,4.0,6.0,1.0,47.0,0.0,5.0,0.0,2.0,7.0,2.0,2.0,1.0,0.0,18.0
69,2025,3,0.0,1.0,0.0,0.0,2.0,43.0,0.0,5.0,0.0,0.0,24.0,4.0,2.0,4.0,0.0,0.0,0.0,22.0,10.0,0.0,1.0,0.0,0.0,26.0,9.0,64.0,0.0,0.0,3.0,0.0,0.0,0.0,0.0,0.0,14.0,0.0,0.0,22.0,6.0,0.0,2.0,1.0,0.0,2.0,5.0,0.0,62.0,0.0,0.0,0.0,0.0,13.0,4.0,4.0,2.0,0.0,17.0
69,2025,4,0.0,7.0,0.0,0.0,1.0,41.0,0.0,2.0,0.0,1.0,24.0,3.0,3.0,4.0,0.0,0.0,0.0,19.0,7.0,0.0,0.0,0.0,0.0,37.0,5.0,75.0,0.0,0.0,1.0,0.0,0.0,0.0,0.0,0.0,7.0,0.0,0.0,14.0,7.0,0.0,2.0,0.0,0.0,1.0,7.0,1.0,34.0,0.0,1.0,0.0,0.0,8.0,4.0,2.0,1.0,0.0,24.0
69,2025,5,0.0,2.0,0.0,0.0,1.0,36.0,0.0,8.0,0.0,0.0,28.0,1.0,4.0,5.0,0.0,0.0,0.0,19.0,5.0,0.0,0.0,0.0,0.0,11.0,7.0,95.0,0.0,0.0,0.0,0.0,0.0,0.0,0.0,0.0,19.0,0.0,0.0,20.0,6.0,0.0,2.0,0.0,0.0,4.0,1.0,2.0,40.0,0.0,0.0,0.0,2.0,3.0,3.0,1.0,2.0,0.0,20.0
69,2025,6,0.0,3.0,0.0,0.0,0.0,46.0,0.0,9.0,0.0,0.0,27.0,4.0,3.0,7.0,0.0,0.0,0.0,21.0,2.0,0.0,0.0,0.0,0.0,18.0,17.0,75.0,0.0,0.0,3.0,0.0,0.0,0.0,0.0,0.0,22.0,2.0,0.0,14.0,2.0,0.0,0.0,0.0,0.0,2.0,5.0,0.0,36.0,0.0,1.0,0.0,0.0,9.0,2.0,2.0,2.0,0.0,16.0
69,2025,7,0.0,6.0,0.0,0.0,0.0,43.0,0.0,2.0,0.0,0.0,37.0,1.0,4.0,5.0,0.0,0.0,0.0,17.0,0.0,0.0,1.0,0.0,0.0,36.0,12.0,65.0,0.0,0.0,3.0,0.0,0.0,0.0,0.0,0.0,12.0,1.0,0.0,20.0,4.0,0.0,0.0,0.0,0.0,4.0,8.0,0.0,49.0,0.0,3.0,0.0,2.0,6.0,2.0,1.0,1.0,0.0,25.0
69,2025,8,0.0,4.0,0.0,0.0,0.0,51.0,0.0,3.0,0.0,0.0,23.0,2.0,6.0,3.0,0.0,0.0,1.0,17.0,3.0,0.0,0.0,0.0,0.0,35.0,18.0,96.0,0.0,0.0,6.0,0.0,0.0,1.0,0.0,0.0,14.0,0.0,0.0,10.0,7.0,0.0,0.0,0.0,0.0,5.0,4.0,2.0,66.0,0.0,4.0,0.0,2.0,14.0,4.0,3.0,2.0,0.0,16.0
69,2025,9,0.0,1.0,0.0,0.0,0.0,31.0,0.0,5.0,0.0,0.0,36.0,3.0,3.0,7.0,3.0,0.0,0.0,26.0,5.0,0.0,2.0,0.0,1.0,21.0,20.0,82.0,0.0,0.0,2.0,0.0,0.0,0.0,0.0,0.0,28.0,2.0,0.0,15.0,9.0,1.0,1.0,0.0,0.0,30.0,4.0,1.0,51.0,1.0,4.0,0.0,4.0,10.0,3.0,1.0,3.0,0.0,16.0
69,2025,10,0.0,3.0,0.0,0.0,0.0,44.0,0.0,3.0,0.0,0.0,29.0,2.0,4.0,11.0,0.0,0.0,0.0,23.0,4.0,0.0,2.0,0.0,1.0,19.0,13.0,77.0,0.0,0.0,4.0,0.0,0.0,0.0,0.0,0.0,22.0,0.0,0.0,17.0,6.0,0.0,0.0,0.0,0.0,12.0,2.0,3.0,58.0,1.0,4.0,0.0,1.0,8.0,2.0,5.0,0.0,0.0,25.0
69,2025,11,0.0,4.0,0.0,0.0,0.0,37.0,0.0,1.0,0.0,0.0,25.0,2.0,5.0,5.0,0.0,0.0,0.0,30.0,6.0,0.0,1.0,0.0,0.0,21.0,9.0,70.0,0.0,0.0,1.0,0.0,0.0,0.0,0.0,0.0,21.0,0.0,0.0,19.0,4.0,0.0,0.0,1.0,0.0,22.0,3.0,2.0,43.0,0.0,2.0,0.0,2.0,14.0,2.0,2.0,0.0,0.0,17.0
69,2025,12,0.0,3.0,0.0,0.0,0.0,37.0,0.0,3.0,0.0,0.0,15.0,6.0,11.0,4.0,0.0,0.0,0.0,20.0,8.0,0.0,2.0,0.0,1.0,19.0,13.0,66.0,0.0,0.0,4.0,0.0,0.0,0.0,0.0,0.0,27.0,0.0,0.0,13.0,5.0,0.0,1.0,2.0,0.0,6.0,7.0,0.0,42.0,0.0,0.0,0.0,1.0,5.0,2.0,3.0,1.0,0.0,29.0
7,2024,1,0.0,0.0,0.0,0.0,0.0,0.0,0.0,0.0,0.0,0.0,0.0,0.0,0.0,0.0,0.0,0.0,0.0,0.0,0.0,0.0,0.0,0.0,0.0,1.0,0.0,1.0,0.0,0.0,0.0,0.0,0.0,0.0,0.0,0.0,0.0,0.0,0.0,1.0,0.0,0.0,0.0,0.0,0.0,0.0,0.0,0.0,2.0,0.0,0.0,0.0,0.0,0.0,0.0,0.0,0.0,0.0,0.0
7,2024,2,0.0,0.0,0.0,0.0,0.0,0.0,0.0,0.0,0.0,0.0,1.0,0.0,0.0,0.0,0.0,0.0,0.0,0.0,0.0,0.0,0.0,0.0,0.0,0.0,0.0,0.0,0.0,0.0,0.0,0.0,0.0,0.0,0.0,0.0,0.0,0.0,0.0,0.0,0.0,0.0,0.0,0.0,0.0,0.0,0.0,0.0,1.0,0.0,0.0,0.0,0.0,0.0,0.0,0.0,0.0,0.0,0.0
7,2024,3,0.0,0.0,0.0,0.0,0.0,0.0,0.0,0.0,0.0,0.0,0.0,0.0,0.0,0.0,0.0,0.0,0.0,0.0,0.0,0.0,0.0,0.0,0.0,0.0,0.0,0.0,0.0,0.0,0.0,0.0,0.0,0.0,0.0,0.0,0.0,0.0,0.0,0.0,0.0,0.0,0.0,0.0,0.0,0.0,0.0,1.0,0.0,0.0,0.0,0.0,0.0,0.0,0.0,0.0,0.0,0.0,0.0
7,2024,4,0.0,0.0,0.0,0.0,0.0,0.0,0.0,0.0,0.0,0.0,0.0,0.0,0.0,0.0,0.0,0.0,0.0,0.0,0.0,0.0,0.0,0.0,0.0,0.0,0.0,4.0,0.0,0.0,0.0,0.0,0.0,1.0,0.0,0.0,0.0,0.0,0.0,0.0,0.0,0.0,0.0,0.0,0.0,0.0,0.0,0.0,0.0,0.0,0.0,0.0,0.0,1.0,0.0,0.0,0.0,0.0,0.0
7,2024,5,0.0,0.0,0.0,0.0,0.0,0.0,0.0,0.0,0.0,0.0,0.0,0.0,0.0,0.0,0.0,0.0,0.0,0.0,0.0,0.0,0.0,0.0,0.0,0.0,0.0,1.0,0.0,0.0,0.0,0.0,0.0,0.0,0.0,0.0,0.0,0.0,0.0,2.0,0.0,0.0,0.0,0.0,0.0,0.0,0.0,0.0,1.0,0.0,0.0,0.0,0.0,0.0,0.0,0.0,0.0,0.0,0.0
7,2024,6,0.0,0.0,0.0,0.0,0.0,0.0,0.0,0.0,0.0,0.0,0.0,0.0,2.0,0.0,0.0,0.0,0.0,0.0,0.0,0.0,0.0,0.0,0.0,0.0,0.0,0.0,0.0,0.0,0.0,0.0,0.0,0.0,0.0,0.0,0.0,0.0,0.0,0.0,0.0,0.0,0.0,0.0,0.0,0.0,0.0,0.0,1.0,0.0,0.0,0.0,0.0,0.0,0.0,0.0,0.0,0.0,0.0
7,2024,7,0.0,0.0,0.0,0.0,0.0,0.0,0.0,0.0,0.0,0.0,0.0,0.0,0.0,0.0,0.0,0.0,0.0,0.0,0.0,0.0,0.0,0.0,0.0,2.0,0.0,0.0,0.0,0.0,0.0,0.0,0.0,0.0,0.0,0.0,1.0,0.0,0.0,0.0,0.0,0.0,0.0,0.0,0.0,0.0,0.0,0.0,0.0,0.0,0.0,0.0,0.0,0.0,0.0,0.0,0.0,0.0,0.0
7,2024,8,0.0,0.0,0.0,0.0,0.0,0.0,0.0,0.0,0.0,0.0,0.0,0.0,4.0,0.0,0.0,0.0,0.0,0.0,0.0,0.0,0.0,0.0,0.0,1.0,0.0,0.0,0.0,0.0,0.0,0.0,0.0,0.0,0.0,0.0,0.0,0.0,0.0,0.0,0.0,0.0,0.0,0.0,0.0,1.0,0.0,0.0,1.0,0.0,0.0,0.0,0.0,0.0,0.0,0.0,0.0,0.0,0.0
7,2024,9,0.0,0.0,0.0,0.0,0.0,2.0,0.0,0.0,0.0,0.0,0.0,0.0,2.0,0.0,0.0,0.0,0.0,0.0,0.0,0.0,0.0,0.0,0.0,0.0,0.0,1.0,0.0,0.0,0.0,0.0,0.0,0.0,0.0,0.0,0.0,0.0,0.0,0.0,0.0,0.0,0.0,0.0,0.0,0.0,0.0,0.0,0.0,0.0,0.0,0.0,0.0,0.0,0.0,0.0,0.0,0.0,0.0
7,2024,10,0.0,0.0,0.0,0.0,0.0,0.0,0.0,0.0,0.0,0.0,0.0,0.0,3.0,0.0,0.0,0.0,0.0,1.0,0.0,0.0,0.0,0.0,0.0,3.0,0.0,1.0,0.0,0.0,0.0,0.0,0.0,0.0,0.0,0.0,0.0,0.0,0.0,0.0,0.0,0.0,0.0,0.0,0.0,0.0,0.0,0.0,0.0,0.0,0.0,0.0,0.0,0.0,0.0,0.0,0.0,0.0,0.0
7,2024,11,0.0,0.0,0.0,0.0,0.0,0.0,0.0,0.0,0.0,0.0,0.0,0.0,1.0,0.0,0.0,0.0,0.0,0.0,0.0,0.0,0.0,0.0,0.0,2.0,0.0,3.0,0.0,0.0,0.0,0.0,0.0,0.0,0.0,0.0,0.0,0.0,0.0,0.0,0.0,0.0,0.0,0.0,0.0,0.0,0.0,0.0,2.0,0.0,0.0,0.0,1.0,0.0,1.0,0.0,0.0,0.0,0.0
7,2024,12,0.0,0.0,0.0,0.0,0.0,0.0,0.0,2.0,0.0,0.0,4.0,0.0,4.0,0.0,0.0,0.0,0.0,0.0,0.0,0.0,0.0,0.0,0.0,10.0,0.0,4.0,0.0,0.0,0.0,0.0,0.0,0.0,0.0,0.0,0.0,0.0,0.0,1.0,1.0,0.0,0.0,0.0,0.0,1.0,0.0,0.0,9.0,0.0,0.0,0.0,0.0,0.0,0.0,0.0,0.0,0.0,0.0
7,2025,1,0.0,1.0,0.0,0.0,1.0,37.0,0.0,9.0,0.0,0.0,28.0,1.0,19.0,7.0,0.0,0.0,0.0,13.0,5.0,0.0,0.0,0.0,0.0,28.0,1.0,72.0,0.0,0.0,1.0,0.0,0.0,0.0,0.0,0.0,9.0,1.0,0.0,6.0,6.0,0.0,0.0,1.0,0.0,6.0,0.0,0.0,82.0,0.0,1.0,0.0,1.0,7.0,5.0,3.0,1.0,0.0,9.0
7,2025,2,0.0,1.0,0.0,0.0,0.0,41.0,0.0,13.0,0.0,0.0,25.0,4.0,13.0,5.0,0.0,0.0,0.0,20.0,5.0,0.0,0.0,0.0,0.0,28.0,1.0,51.0,0.0,0.0,4.0,0.0,0.0,0.0,0.0,0.0,5.0,1.0,0.0,10.0,5.0,0.0,1.0,1.0,0.0,11.0,0.0,1.0,78.0,1.0,1.0,0.0,0.0,11.0,3.0,1.0,0.0,0.0,12.0
7,2025,3,0.0,1.0,0.0,0.0,2.0,35.0,1.0,10.0,0.0,0.0,32.0,2.0,9.0,6.0,0.0,0.0,0.0,21.0,4.0,0.0,0.0,0.0,0.0,23.0,1.0,69.0,0.0,0.0,0.0,0.0,0.0,0.0,0.0,0.0,15.0,0.0,0.0,20.0,5.0,0.0,1.0,1.0,0.0,6.0,3.0,1.0,93.0,0.0,2.0,0.0,0.0,14.0,6.0,0.0,2.0,0.0,8.0
7,2025,4,0.0,1.0,0.0,0.0,0.0,42.0,1.0,4.0,0.0,0.0,31.0,2.0,16.0,9.0,0.0,0.0,0.0,20.0,11.0,0.0,2.0,0.0,0.0,31.0,1.0,73.0,0.0,0.0,4.0,0.0,0.0,0.0,0.0,0.0,6.0,0.0,0.0,16.0,4.0,0.0,0.0,0.0,0.0,26.0,4.0,0.0,83.0,0.0,0.0,0.0,2.0,10.0,6.0,0.0,0.0,0.0,9.0
7,2025,5,0.0,0.0,0.0,0.0,0.0,42.0,0.0,8.0,0.0,0.0,20.0,3.0,12.0,3.0,0.0,0.0,0.0,17.0,3.0,0.0,0.0,0.0,0.0,47.0,6.0,55.0,0.0,0.0,1.0,0.0,0.0,0.0,0.0,0.0,4.0,0.0,0.0,11.0,6.0,0.0,2.0,0.0,0.0,27.0,4.0,0.0,101.0,0.0,0.0,0.0,0.0,9.0,9.0,2.0,0.0,0.0,9.0
7,2025,6,0.0,2.0,0.0,0.0,0.0,47.0,0.0,2.0,0.0,0.0,28.0,1.0,13.0,7.0,0.0,0.0,0.0,21.0,1.0,0.0,2.0,0.0,0.0,36.0,5.0,65.0,0.0,0.0,1.0,0.0,0.0,0.0,0.0,0.0,11.0,0.0,0.0,10.0,6.0,0.0,0.0,0.0,0.0,17.0,5.0,0.0,125.0,2.0,2.0,0.0,1.0,6.0,5.0,4.0,0.0,0.0,7.0
7,2025,7,0.0,1.0,0.0,0.0,0.0,45.0,0.0,5.0,0.0,0.0,29.0,3.0,10.0,3.0,0.0,0.0,0.0,17.0,5.0,0.0,1.0,0.0,0.0,44.0,3.0,57.0,0.0,0.0,1.0,0.0,0.0,0.0,0.0,0.0,17.0,0.0,0.0,7.0,13.0,0.0,3.0,0.0,0.0,3.0,2.0,0.0,130.0,1.0,1.0,0.0,1.0,16.0,3.0,3.0,1.0,0.0,8.0
7,2025,8,0.0,0.0,0.0,0.0,0.0,52.0,0.0,9.0,0.0,0.0,31.0,2.0,13.0,8.0,0.0,0.0,0.0,19.0,3.0,0.0,1.0,0.0,0.0,44.0,4.0,60.0,0.0,0.0,0.0,0.0,0.0,0.0,0.0,0.0,5.0,0.0,0.0,5.0,7.0,0.0,1.0,0.0,0.0,9.0,7.0,0.0,161.0,0.0,1.0,0.0,0.0,15.0,5.0,6.0,0.0,0.0,3.0
7,2025,9,0.0,0.0,0.0,0.0,0.0,35.0,1.0,13.0,0.0,0.0,35.0,0.0,15.0,5.0,0.0,0.0,1.0,19.0,2.0,0.0,1.0,0.0,0.0,36.0,2.0,48.0,0.0,0.0,1.0,0.0,0.0,0.0,0.0,0.0,7.0,0.0,0.0,13.0,6.0,0.0,0.0,0.0,0.0,9.0,5.0,0.0,124.0,1.0,0.0,0.0,1.0,5.0,4.0,0.0,0.0,0.0,11.0
7,2025,10,0.0,0.0,0.0,0.0,1.0,50.0,1.0,8.0,0.0,0.0,24.0,1.0,11.0,6.0,0.0,0.0,0.0,13.0,1.0,0.0,0.0,0.0,0.0,40.0,4.0,56.0,0.0,0.0,5.0,0.0,0.0,0.0,0.0,0.0,6.0,0.0,0.0,8.0,8.0,0.0,1.0,0.0,0.0,3.0,6.0,1.0,98.0,0.0,1.0,0.0,1.0,8.0,5.0,2.0,0.0,0.0,6.0
7,2025,11,0.0,0.0,0.0,0.0,0.0,41.0,0.0,5.0,0.0,0.0,28.0,3.0,13.0,9.0,0.0,0.0,0.0,19.0,5.0,0.0,0.0,0.0,0.0,43.0,4.0,56.0,0.0,0.0,4.0,0.0,0.0,0.0,0.0,0.0,9.0,0.0,0.0,5.0,6.0,0.0,1.0,0.0,0.0,3.0,2.0,1.0,120.0,0.0,2.0,0.0,1.0,8.0,6.0,4.0,0.0,0.0,7.0
7,2025,12,0.0,0.0,0.0,0.0,1.0,39.0,0.0,9.0,0.0,0.0,23.0,0.0,3.0,2.0,1.0,0.0,0.0,11.0,4.0,0.0,1.0,0.0,0.0,24.0,3.0,54.0,0.0,0.0,2.0,0.0,0.0,0.0,0.0,0.0,13.0,0.0,0.0,14.0,6.0,0.0,0.0,0.0,0.0,4.0,3.0,0.0,99.0,0.0,3.0,0.0,1.0,4.0,1.0,3.0,0.0,0.0,10.0
70,2024,1,0.0,0.0,0.0,0.0,0.0,1.0,0.0,0.0,0.0,0.0,0.0,0.0,0.0,0.0,0.0,0.0,0.0,0.0,0.0,0.0,0.0,0.0,0.0,2.0,0.0,0.0,0.0,0.0,0.0,0.0,0.0,0.0,0.0,0.0,0.0,0.0,0.0,0.0,0.0,0.0,0.0,1.0,0.0,0.0,0.0,0.0,0.0,0.0,0.0,0.0,0.0,0.0,2.0,0.0,0.0,0.0,0.0
70,2024,2,0.0,0.0,0.0,0.0,0.0,0.0,0.0,0.0,0.0,0.0,0.0,0.0,0.0,0.0,0.0,0.0,0.0,0.0,0.0,0.0,0.0,0.0,0.0,2.0,0.0,0.0,0.0,0.0,0.0,0.0,0.0,0.0,0.0,0.0,0.0,0.0,0.0,0.0,0.0,0.0,0.0,0.0,0.0,0.0,0.0,0.0,1.0,0.0,0.0,0.0,0.0,0.0,1.0,0.0,0.0,0.0,0.0
70,2024,3,0.0,0.0,0.0,0.0,0.0,0.0,0.0,0.0,0.0,0.0,0.0,0.0,0.0,0.0,0.0,0.0,0.0,0.0,0.0,0.0,0.0,0.0,0.0,1.0,0.0,0.0,0.0,0.0,0.0,0.0,0.0,0.0,0.0,0.0,0.0,1.0,0.0,0.0,0.0,0.0,0.0,0.0,0.0,0.0,0.0,0.0,0.0,0.0,0.0,0.0,1.0,0.0,0.0,0.0,0.0,0.0,0.0
70,2024,4,0.0,0.0,0.0,0.0,0.0,0.0,0.0,0.0,0.0,0.0,0.0,0.0,0.0,0.0,0.0,0.0,0.0,0.0,0.0,0.0,0.0,0.0,0.0,2.0,0.0,0.0,0.0,0.0,0.0,0.0,0.0,0.0,0.0,0.0,0.0,0.0,0.0,0.0,0.0,0.0,0.0,0.0,0.0,0.0,0.0,0.0,0.0,0.0,0.0,0.0,1.0,0.0,0.0,1.0,0.0,0.0,0.0
70,2024,5,0.0,0.0,0.0,0.0,0.0,1.0,0.0,0.0,0.0,0.0,0.0,0.0,0.0,0.0,0.0,0.0,0.0,0.0,0.0,0.0,0.0,0.0,0.0,0.0,0.0,1.0,0.0,0.0,0.0,0.0,0.0,0.0,0.0,0.0,0.0,0.0,0.0,0.0,0.0,0.0,0.0,0.0,0.0,0.0,1.0,0.0,1.0,0.0,0.0,0.0,0.0,0.0,0.0,1.0,0.0,0.0,0.0
70,2024,6,0.0,0.0,0.0,0.0,0.0,2.0,0.0,0.0,0.0,0.0,0.0,0.0,0.0,0.0,0.0,0.0,0.0,0.0,0.0,0.0,0.0,0.0,0.0,3.0,0.0,0.0,0.0,0.0,0.0,0.0,0.0,0.0,0.0,0.0,0.0,0.0,0.0,0.0,0.0,0.0,0.0,0.0,0.0,0.0,0.0,0.0,0.0,0.0,0.0,0.0,0.0,0.0,1.0,0.0,0.0,0.0,0.0
70,2024,7,0.0,0.0,0.0,0.0,0.0,0.0,0.0,0.0,0.0,0.0,0.0,0.0,0.0,0.0,0.0,0.0,0.0,1.0,0.0,0.0,0.0,0.0,0.0,2.0,0.0,1.0,0.0,0.0,0.0,0.0,0.0,0.0,0.0,0.0,0.0,0.0,0.0,2.0,0.0,0.0,0.0,0.0,0.0,0.0,0.0,0.0,0.0,0.0,0.0,0.0,0.0,0.0,0.0,0.0,0.0,0.0,0.0
70,2024,8,0.0,0.0,0.0,0.0,0.0,0.0,0.0,0.0,0.0,0.0,0.0,0.0,0.0,0.0,0.0,0.0,0.0,1.0,0.0,0.0,0.0,0.0,0.0,2.0,0.0,0.0,0.0,0.0,0.0,0.0,0.0,0.0,0.0,0.0,0.0,0.0,0.0,0.0,0.0,0.0,0.0,0.0,0.0,0.0,0.0,0.0,0.0,0.0,0.0,0.0,1.0,0.0,1.0,0.0,0.0,0.0,0.0
70,2024,9,0.0,0.0,0.0,0.0,0.0,1.0,0.0,0.0,0.0,0.0,0.0,0.0,0.0,0.0,0.0,0.0,0.0,3.0,0.0,0.0,0.0,0.0,0.0,2.0,0.0,0.0,0.0,0.0,0.0,0.0,0.0,0.0,0.0,0.0,0.0,0.0,0.0,0.0,0.0,0.0,0.0,0.0,0.0,0.0,0.0,0.0,2.0,0.0,0.0,0.0,1.0,0.0,1.0,0.0,0.0,0.0,0.0
70,2024,10,0.0,0.0,0.0,0.0,0.0,2.0,0.0,0.0,0.0,0.0,0.0,0.0,1.0,0.0,0.0,0.0,0.0,2.0,0.0,0.0,0.0,0.0,0.0,5.0,0.0,1.0,0.0,0.0,0.0,0.0,0.0,0.0,0.0,0.0,1.0,0.0,0.0,0.0,0.0,0.0,0.0,0.0,0.0,0.0,0.0,0.0,2.0,0.0,0.0,0.0,0.0,0.0,0.0,0.0,0.0,0.0,0.0
70,2024,11,0.0,0.0,0.0,0.0,0.0,0.0,0.0,0.0,0.0,0.0,1.0,0.0,0.0,0.0,0.0,0.0,0.0,1.0,0.0,0.0,0.0,0.0,0.0,3.0,0.0,0.0,0.0,0.0,0.0,0.0,0.0,0.0,0.0,0.0,1.0,0.0,0.0,1.0,0.0,0.0,0.0,0.0,0.0,0.0,0.0,0.0,3.0,0.0,0.0,0.0,1.0,0.0,0.0,0.0,0.0,0.0,0.0
70,2024,12,0.0,0.0,0.0,0.0,0.0,5.0,0.0,0.0,0.0,0.0,3.0,0.0,0.0,0.0,0.0,0.0,0.0,1.0,1.0,0.0,0.0,0.0,0.0,13.0,1.0,6.0,0.0,0.0,0.0,0.0,0.0,0.0,0.0,0.0,3.0,0.0,0.0,3.0,0.0,0.0,0.0,0.0,0.0,0.0,0.0,0.0,13.0,1.0,0.0,0.0,0.0,0.0,3.0,1.0,0.0,0.0,0.0
70,2025,1,0.0,1.0,0.0,0.0,1.0,49.0,0.0,5.0,0.0,0.0,37.0,1.0,19.0,13.0,0.0,0.0,0.0,35.0,7.0,0.0,1.0,0.0,1.0,32.0,6.0,61.0,0.0,0.0,4.0,0.0,0.0,0.0,0.0,0.0,34.0,0.0,0.0,20.0,13.0,0.0,0.0,1.0,0.0,7.0,11.0,1.0,116.0,0.0,1.0,0.0,2.0,18.0,16.0,5.0,6.0,0.0,40.0
70,2025,2,0.0,5.0,0.0,0.0,1.0,60.0,1.0,9.0,0.0,0.0,35.0,3.0,20.0,7.0,0.0,0.0,0.0,36.0,12.0,0.0,3.0,0.0,0.0,40.0,7.0,84.0,0.0,0.0,1.0,0.0,0.0,0.0,0.0,0.0,36.0,0.0,0.0,19.0,4.0,0.0,1.0,1.0,0.0,11.0,9.0,0.0,118.0,1.0,2.0,0.0,1.0,18.0,20.0,2.0,0.0,0.0,37.0
70,2025,3,0.0,5.0,0.0,0.0,0.0,84.0,0.0,22.0,0.0,0.0,37.0,2.0,13.0,8.0,0.0,0.0,1.0,52.0,5.0,0.0,1.0,0.0,0.0,39.0,12.0,99.0,0.0,0.0,0.0,0.0,0.0,0.0,0.0,0.0,33.0,0.0,0.0,21.0,10.0,0.0,1.0,1.0,0.0,16.0,10.0,0.0,149.0,3.0,1.0,0.0,1.0,13.0,33.0,5.0,0.0,0.0,21.0
70,2025,4,0.0,8.0,0.0,0.0,0.0,86.0,0.0,16.0,0.0,0.0,41.0,2.0,26.0,7.0,1.0,0.0,0.0,49.0,8.0,0.0,3.0,0.0,0.0,34.0,14.0,89.0,0.0,0.0,4.0,0.0,0.0,0.0,0.0,0.0,38.0,0.0,0.0,19.0,9.0,1.0,0.0,0.0,0.0,8.0,6.0,0.0,108.0,7.0,1.0,0.0,2.0,15.0,29.0,4.0,1.0,0.0,17.0
70,2025,5,0.0,2.0,0.0,0.0,0.0,66.0,0.0,13.0,0.0,0.0,51.0,3.0,13.0,8.0,1.0,0.0,0.0,29.0,1.0,0.0,2.0,0.0,0.0,38.0,8.0,108.0,0.0,0.0,2.0,0.0,0.0,1.0,0.0,0.0,40.0,0.0,0.0,21.0,18.0,0.0,0.0,1.0,0.0,7.0,8.0,2.0,130.0,4.0,1.0,0.0,2.0,13.0,12.0,3.0,0.0,1.0,23.0
70,2025,6,0.0,1.0,0.0,0.0,0.0,81.0,0.0,6.0,0.0,0.0,34.0,0.0,11.0,14.0,0.0,0.0,0.0,35.0,6.0,0.0,1.0,0.0,0.0,45.0,16.0,97.0,0.0,0.0,0.0,0.0,0.0,0.0,0.0,0.0,27.0,0.0,0.0,11.0,8.0,1.0,0.0,2.0,0.0,6.0,3.0,0.0,118.0,7.0,0.0,0.0,5.0,19.0,11.0,6.0,1.0,0.0,22.0
70,2025,7,0.0,1.0,0.0,0.0,0.0,80.0,1.0,14.0,0.0,2.0,49.0,1.0,12.0,15.0,0.0,0.0,0.0,39.0,5.0,0.0,2.0,0.0,0.0,41.0,18.0,105.0,0.0,0.0,0.0,0.0,0.0,1.0,0.0,0.0,34.0,0.0,0.0,21.0,5.0,0.0,3.0,2.0,0.0,8.0,5.0,2.0,136.0,11.0,3.0,0.0,1.0,17.0,15.0,4.0,0.0,0.0,29.0
70,2025,8,0.0,5.0,0.0,0.0,1.0,70.0,0.0,10.0,0.0,2.0,49.0,0.0,19.0,12.0,0.0,0.0,0.0,39.0,6.0,0.0,3.0,0.0,1.0,41.0,11.0,87.0,0.0,0.0,0.0,0.0,0.0,1.0,0.0,0.0,29.0,0.0,0.0,22.0,13.0,0.0,2.0,3.0,0.0,7.0,6.0,0.0,128.0,7.0,4.0,0.0,2.0,14.0,15.0,2.0,3.0,0.0,27.0
70,2025,9,0.0,16.0,0.0,0.0,1.0,50.0,0.0,7.0,0.0,0.0,31.0,3.0,18.0,16.0,0.0,0.0,0.0,28.0,3.0,0.0,5.0,0.0,1.0,35.0,15.0,98.0,0.0,0.0,3.0,0.0,0.0,0.0,0.0,0.0,32.0,2.0,0.0,17.0,11.0,0.0,0.0,2.0,0.0,17.0,9.0,1.0,150.0,9.0,0.0,0.0,2.0,19.0,11.0,1.0,0.0,0.0,27.0
70,2025,10,0.0,20.0,0.0,0.0,0.0,62.0,0.0,12.0,0.0,0.0,27.0,5.0,23.0,12.0,1.0,0.0,0.0,34.0,15.0,0.0,3.0,0.0,2.0,34.0,8.0,109.0,0.0,0.0,2.0,0.0,0.0,0.0,0.0,0.0,30.0,2.0,0.0,14.0,14.0,4.0,2.0,0.0,0.0,19.0,14.0,0.0,97.0,1.0,3.0,0.0,1.0,19.0,8.0,3.0,2.0,0.0,41.0
70,2025,11,0.0,5.0,0.0,0.0,2.0,95.0,0.0,10.0,0.0,0.0,41.0,4.0,15.0,19.0,0.0,0.0,0.0,34.0,11.0,0.0,5.0,0.0,1.0,25.0,12.0,101.0,0.0,0.0,2.0,0.0,0.0,0.0,0.0,0.0,33.0,0.0,0.0,15.0,12.0,2.0,0.0,0.0,0.0,4.0,12.0,1.0,94.0,4.0,1.0,0.0,1.0,15.0,9.0,3.0,0.0,0.0,51.0
70,2025,12,0.0,6.0,0.0,0.0,0.0,61.0,1.0,11.0,0.0,0.0,30.0,3.0,22.0,18.0,0.0,0.0,0.0,22.0,8.0,0.0,2.0,0.0,0.0,23.0,7.0,93.0,0.0,0.0,3.0,0.0,0.0,0.0,0.0,0.0,28.0,0.0,0.0,15.0,8.0,0.0,6.0,3.0,0.0,2.0,15.0,1.0,106.0,2.0,2.0,0.0,1.0,16.0,3.0,0.0,2.0,0.0,53.0
71,2024,1,0.0,0.0,0.0,0.0,0.0,0.0,0.0,0.0,0.0,0.0,0.0,0.0,0.0,0.0,0.0,0.0,0.0,0.0,0.0,0.0,0.0,0.0,0.0,2.0,0.0,0.0,0.0,0.0,0.0,0.0,0.0,0.0,0.0,0.0,0.0,0.0,0.0,0.0,0.0,0.0,0.0,0.0,0.0,0.0,0.0,0.0,0.0,0.0,0.0,0.0,1.0,0.0,0.0,0.0,0.0,0.0,0.0
71,2024,2,0.0,0.0,0.0,0.0,0.0,0.0,0.0,0.0,0.0,0.0,0.0,0.0,0.0,0.0,0.0,0.0,0.0,0.0,0.0,0.0,0.0,0.0,0.0,0.0,0.0,1.0,0.0,0.0,0.0,0.0,0.0,0.0,0.0,0.0,0.0,0.0,0.0,0.0,0.0,0.0,0.0,0.0,0.0,0.0,0.0,0.0,0.0,0.0,0.0,0.0,0.0,0.0,0.0,0.0,0.0,0.0,0.0
71,2024,3,0.0,0.0,0.0,0.0,0.0,0.0,0.0,0.0,0.0,0.0,0.0,0.0,0.0,0.0,0.0,0.0,0.0,0.0,0.0,0.0,0.0,0.0,0.0,0.0,0.0,0.0,0.0,0.0,0.0,0.0,0.0,0.0,0.0,0.0,0.0,0.0,0.0,1.0,0.0,0.0,0.0,0.0,0.0,0.0,0.0,0.0,0.0,0.0,0.0,0.0,0.0,0.0,0.0,0.0,0.0,0.0,0.0
71,2024,4,0.0,0.0,0.0,0.0,0.0,0.0,0.0,0.0,0.0,0.0,0.0,0.0,0.0,0.0,0.0,0.0,0.0,1.0,0.0,0.0,0.0,0.0,0.0,0.0,0.0,1.0,0.0,0.0,0.0,0.0,0.0,0.0,0.0,0.0,0.0,0.0,0.0,0.0,0.0,0.0,0.0,0.0,0.0,0.0,0.0,0.0,1.0,0.0,0.0,0.0,0.0,0.0,0.0,0.0,0.0,0.0,1.0
71,2024,5,0.0,0.0,0.0,0.0,0.0,0.0,0.0,0.0,0.0,0.0,0.0,0.0,1.0,0.0,0.0,0.0,0.0,0.0,1.0,0.0,0.0,0.0,0.0,0.0,0.0,1.0,0.0,0.0,0.0,0.0,0.0,0.0,0.0,0.0,0.0,0.0,0.0,0.0,0.0,0.0,0.0,0.0,0.0,0.0,0.0,0.0,0.0,0.0,0.0,0.0,0.0,0.0,0.0,0.0,0.0,0.0,0.0
71,2024,6,0.0,0.0,0.0,0.0,0.0,0.0,0.0,0.0,0.0,0.0,0.0,0.0,1.0,0.0,0.0,0.0,0.0,0.0,0.0,0.0,0.0,0.0,0.0,1.0,0.0,0.0,0.0,0.0,0.0,0.0,0.0,0.0,0.0,0.0,0.0,0.0,0.0,0.0,0.0,0.0,0.0,0.0,0.0,0.0,0.0,0.0,0.0,0.0,0.0,0.0,0.0,0.0,0.0,0.0,0.0,0.0,0.0
71,2024,7,0.0,0.0,0.0,0.0,0.0,0.0,0.0,0.0,0.0,0.0,0.0,0.0,1.0,0.0,0.0,0.0,0.0,1.0,0.0,0.0,0.0,0.0,0.0,2.0,0.0,0.0,0.0,0.0,0.0,0.0,0.0,0.0,0.0,0.0,0.0,0.0,0.0,0.0,0.0,0.0,0.0,0.0,0.0,0.0,0.0,0.0,0.0,0.0,0.0,0.0,0.0,0.0,0.0,0.0,0.0,0.0,0.0
71,2024,8,0.0,0.0,0.0,0.0,0.0,0.0,0.0,0.0,0.0,0.0,1.0,0.0,0.0,0.0,0.0,0.0,0.0,1.0,0.0,0.0,0.0,0.0,0.0,3.0,0.0,1.0,0.0,0.0,0.0,0.0,0.0,0.0,0.0,0.0,0.0,0.0,0.0,0.0,0.0,0.0,0.0,0.0,0.0,0.0,0.0,0.0,0.0,0.0,0.0,0.0,0.0,0.0,0.0,0.0,0.0,0.0,0.0
71,2024,9,0.0,0.0,0.0,0.0,0.0,0.0,0.0,0.0,0.0,0.0,0.0,0.0,0.0,0.0,0.0,0.0,0.0,0.0,0.0,0.0,0.0,0.0,0.0,1.0,0.0,1.0,0.0,0.0,0.0,0.0,0.0,0.0,0.0,0.0,0.0,0.0,0.0,0.0,0.0,0.0,0.0,0.0,0.0,0.0,0.0,0.0,2.0,0.0,0.0,0.0,0.0,0.0,1.0,1.0,0.0,0.0,0.0
71,2024,10,0.0,0.0,0.0,0.0,0.0,0.0,0.0,1.0,0.0,0.0,0.0,0.0,0.0,0.0,0.0,0.0,0.0,0.0,0.0,0.0,0.0,0.0,0.0,2.0,0.0,1.0,0.0,0.0,0.0,0.0,0.0,0.0,0.0,0.0,0.0,0.0,0.0,1.0,0.0,0.0,0.0,0.0,0.0,0.0,0.0,0.0,4.0,0.0,0.0,1.0,0.0,0.0,0.0,0.0,0.0,0.0,0.0
71,2024,11,0.0,0.0,0.0,0.0,0.0,0.0,0.0,0.0,0.0,0.0,0.0,0.0,0.0,0.0,0.0,0.0,0.0,0.0,0.0,0.0,3.0,0.0,0.0,1.0,0.0,2.0,0.0,0.0,0.0,0.0,0.0,0.0,0.0,0.0,2.0,0.0,0.0,1.0,0.0,0.0,0.0,0.0,0.0,0.0,0.0,0.0,2.0,0.0,0.0,0.0,1.0,0.0,1.0,0.0,0.0,0.0,0.0
71,2024,12,0.0,0.0,0.0,0.0,0.0,6.0,0.0,0.0,0.0,0.0,2.0,1.0,0.0,0.0,0.0,0.0,0.0,0.0,0.0,0.0,3.0,0.0,0.0,7.0,0.0,9.0,0.0,0.0,0.0,0.0,0.0,0.0,0.0,0.0,3.0,0.0,0.0,0.0,0.0,0.0,0.0,0.0,0.0,0.0,0.0,0.0,19.0,0.0,0.0,0.0,1.0,0.0,0.0,1.0,0.0,0.0,0.0
71,2025,1,0.0,3.0,0.0,0.0,6.0,53.0,1.0,7.0,0.0,0.0,33.0,2.0,15.0,5.0,0.0,0.0,0.0,22.0,5.0,0.0,3.0,0.0,0.0,30.0,7.0,78.0,0.0,0.0,2.0,0.0,0.0,0.0,0.0,0.0,29.0,1.0,0.0,18.0,4.0,0.0,1.0,11.0,0.0,6.0,3.0,0.0,95.0,0.0,2.0,0.0,1.0,10.0,4.0,1.0,1.0,0.0,14.0
71,2025,2,0.0,1.0,0.0,0.0,2.0,48.0,0.0,6.0,0.0,0.0,30.0,1.0,6.0,9.0,0.0,0.0,0.0,22.0,5.0,0.0,0.0,0.0,0.0,20.0,11.0,81.0,0.0,0.0,1.0,0.0,0.0,0.0,0.0,0.0,23.0,0.0,0.0,19.0,1.0,0.0,0.0,5.0,0.0,5.0,7.0,2.0,57.0,0.0,2.0,0.0,2.0,8.0,7.0,3.0,1.0,0.0,14.0
71,2025,3,0.0,2.0,0.0,0.0,0.0,64.0,0.0,6.0,0.0,0.0,35.0,1.0,9.0,5.0,0.0,0.0,0.0,39.0,7.0,0.0,3.0,0.0,0.0,19.0,5.0,82.0,0.0,0.0,1.0,0.0,0.0,0.0,0.0,0.0,28.0,0.0,0.0,12.0,2.0,0.0,0.0,8.0,0.0,9.0,2.0,0.0,66.0,0.0,1.0,0.0,2.0,4.0,6.0,3.0,0.0,0.0,27.0
71,2025,4,0.0,0.0,0.0,0.0,0.0,66.0,0.0,4.0,0.0,0.0,40.0,0.0,10.0,9.0,0.0,0.0,0.0,34.0,5.0,0.0,5.0,0.0,0.0,30.0,3.0,72.0,0.0,0.0,3.0,0.0,0.0,0.0,0.0,0.0,19.0,0.0,0.0,15.0,5.0,0.0,3.0,7.0,0.0,13.0,4.0,1.0,75.0,0.0,4.0,0.0,1.0,17.0,7.0,4.0,0.0,0.0,27.0
71,2025,5,0.0,4.0,0.0,0.0,0.0,56.0,0.0,5.0,0.0,0.0,38.0,0.0,12.0,4.0,0.0,0.0,0.0,36.0,6.0,0.0,2.0,0.0,0.0,30.0,10.0,96.0,0.0,0.0,3.0,0.0,0.0,0.0,0.0,0.0,23.0,0.0,0.0,17.0,3.0,0.0,0.0,3.0,0.0,9.0,2.0,0.0,99.0,1.0,1.0,0.0,1.0,9.0,6.0,1.0,2.0,0.0,14.0
71,2025,6,0.0,2.0,0.0,0.0,0.0,74.0,0.0,8.0,0.0,0.0,37.0,4.0,5.0,14.0,0.0,0.0,0.0,32.0,1.0,0.0,1.0,0.0,0.0,28.0,9.0,93.0,0.0,0.0,3.0,0.0,0.0,0.0,0.0,0.0,15.0,0.0,0.0,16.0,7.0,0.0,3.0,3.0,0.0,2.0,6.0,0.0,82.0,1.0,1.0,0.0,1.0,16.0,9.0,4.0,1.0,0.0,25.0
71,2025,7,0.0,1.0,0.0,0.0,0.0,53.0,0.0,7.0,0.0,0.0,33.0,5.0,12.0,9.0,0.0,0.0,0.0,31.0,6.0,0.0,2.0,0.0,0.0,39.0,19.0,103.0,0.0,0.0,1.0,0.0,0.0,0.0,0.0,0.0,22.0,0.0,0.0,14.0,10.0,0.0,0.0,4.0,0.0,7.0,2.0,3.0,85.0,1.0,4.0,0.0,2.0,11.0,7.0,2.0,1.0,0.0,23.0
71,2025,8,0.0,2.0,0.0,0.0,0.0,51.0,1.0,6.0,0.0,0.0,32.0,3.0,7.0,5.0,0.0,0.0,0.0,47.0,4.0,0.0,2.0,0.0,0.0,25.0,13.0,87.0,0.0,0.0,4.0,0.0,0.0,0.0,0.0,0.0,24.0,3.0,0.0,14.0,3.0,0.0,1.0,1.0,0.0,4.0,2.0,0.0,81.0,2.0,2.0,0.0,2.0,5.0,9.0,3.0,1.0,0.0,28.0
71,2025,9,0.0,1.0,0.0,0.0,0.0,71.0,0.0,11.0,0.0,0.0,27.0,4.0,5.0,8.0,0.0,0.0,0.0,50.0,1.0,0.0,2.0,0.0,1.0,43.0,9.0,95.0,0.0,0.0,2.0,0.0,0.0,0.0,0.0,0.0,16.0,0.0,0.0,11.0,7.0,0.0,2.0,4.0,0.0,6.0,2.0,1.0,74.0,0.0,6.0,0.0,1.0,16.0,9.0,5.0,0.0,0.0,17.0
71,2025,10,0.0,2.0,0.0,0.0,0.0,79.0,0.0,11.0,0.0,0.0,28.0,2.0,17.0,16.0,0.0,0.0,1.0,39.0,3.0,0.0,5.0,0.0,1.0,20.0,6.0,109.0,0.0,0.0,5.0,0.0,0.0,0.0,0.0,0.0,37.0,0.0,0.0,6.0,7.0,0.0,1.0,4.0,0.0,3.0,2.0,2.0,80.0,0.0,3.0,0.0,2.0,17.0,4.0,2.0,1.0,0.0,11.0
71,2025,11,0.0,9.0,0.0,0.0,1.0,60.0,0.0,10.0,1.0,1.0,33.0,11.0,23.0,5.0,1.0,0.0,0.0,41.0,2.0,0.0,3.0,0.0,1.0,15.0,4.0,101.0,0.0,0.0,7.0,0.0,0.0,1.0,0.0,0.0,26.0,1.0,0.0,9.0,6.0,0.0,0.0,3.0,0.0,9.0,2.0,0.0,68.0,0.0,1.0,0.0,1.0,17.0,3.0,3.0,1.0,0.0,21.0
71,2025,12,0.0,1.0,0.0,0.0,0.0,56.0,0.0,6.0,0.0,0.0,46.0,3.0,7.0,14.0,0.0,0.0,0.0,41.0,3.0,0.0,2.0,0.0,0.0,19.0,2.0,86.0,0.0,0.0,3.0,0.0,0.0,0.0,0.0,0.0,19.0,0.0,0.0,12.0,7.0,0.0,1.0,2.0,0.0,12.0,1.0,0.0,67.0,0.0,3.0,0.0,1.0,8.0,2.0,1.0,0.0,0.0,21.0
72,2024,1,0.0,0.0,0.0,0.0,0.0,0.0,0.0,0.0,0.0,0.0,1.0,0.0,0.0,0.0,0.0,0.0,0.0,0.0,0.0,0.0,0.0,0.0,0.0,1.0,0.0,0.0,0.0,0.0,0.0,0.0,0.0,0.0,0.0,0.0,0.0,0.0,0.0,0.0,0.0,0.0,0.0,0.0,0.0,0.0,0.0,0.0,1.0,0.0,0.0,0.0,0.0,0.0,0.0,0.0,0.0,0.0,0.0
72,2024,3,0.0,0.0,0.0,0.0,0.0,0.0,0.0,0.0,0.0,0.0,1.0,0.0,0.0,0.0,0.0,0.0,0.0,0.0,0.0,0.0,0.0,0.0,0.0,1.0,0.0,0.0,0.0,0.0,0.0,0.0,0.0,0.0,0.0,0.0,0.0,0.0,0.0,0.0,0.0,0.0,0.0,0.0,0.0,0.0,0.0,0.0,0.0,0.0,0.0,0.0,0.0,0.0,1.0,0.0,0.0,0.0,0.0
72,2024,4,0.0,0.0,0.0,0.0,0.0,0.0,0.0,0.0,0.0,0.0,0.0,0.0,0.0,0.0,0.0,0.0,0.0,0.0,0.0,0.0,0.0,0.0,0.0,1.0,0.0,2.0,0.0,0.0,0.0,0.0,0.0,0.0,0.0,0.0,0.0,0.0,0.0,0.0,0.0,0.0,0.0,0.0,0.0,0.0,0.0,0.0,0.0,0.0,0.0,0.0,1.0,0.0,0.0,0.0,0.0,0.0,0.0
72,2024,5,0.0,0.0,0.0,0.0,0.0,0.0,0.0,0.0,0.0,0.0,0.0,0.0,0.0,0.0,0.0,0.0,0.0,0.0,0.0,0.0,0.0,0.0,0.0,0.0,0.0,0.0,0.0,0.0,0.0,0.0,0.0,0.0,0.0,0.0,0.0,0.0,0.0,0.0,0.0,0.0,0.0,0.0,0.0,0.0,0.0,0.0,0.0,0.0,0.0,0.0,0.0,0.0,0.0,0.0,1.0,0.0,0.0
72,2024,6,0.0,0.0,0.0,0.0,0.0,0.0,0.0,0.0,0.0,0.0,0.0,0.0,0.0,0.0,0.0,0.0,0.0,0.0,0.0,0.0,0.0,0.0,0.0,1.0,0.0,1.0,0.0,0.0,0.0,0.0,0.0,0.0,0.0,0.0,0.0,0.0,0.0,0.0,0.0,0.0,0.0,0.0,0.0,0.0,0.0,0.0,0.0,0.0,0.0,0.0,0.0,0.0,0.0,0.0,0.0,0.0,0.0
72,2024,7,0.0,0.0,0.0,0.0,0.0,1.0,0.0,0.0,0.0,0.0,0.0,0.0,0.0,0.0,0.0,0.0,0.0,0.0,0.0,0.0,0.0,0.0,0.0,1.0,0.0,0.0,0.0,0.0,0.0,0.0,0.0,0.0,0.0,0.0,0.0,0.0,0.0,0.0,0.0,0.0,0.0,0.0,0.0,0.0,0.0,0.0,0.0,0.0,0.0,0.0,0.0,0.0,2.0,0.0,0.0,0.0,0.0
72,2024,8,0.0,0.0,0.0,0.0,0.0,1.0,0.0,0.0,0.0,0.0,0.0,0.0,0.0,0.0,0.0,0.0,0.0,3.0,0.0,0.0,0.0,0.0,0.0,2.0,0.0,0.0,0.0,0.0,0.0,0.0,0.0,0.0,0.0,0.0,0.0,0.0,0.0,0.0,0.0,0.0,0.0,0.0,0.0,0.0,0.0,0.0,1.0,0.0,0.0,0.0,0.0,0.0,0.0,0.0,0.0,0.0,0.0
72,2024,9,0.0,0.0,0.0,0.0,0.0,0.0,0.0,0.0,0.0,0.0,0.0,0.0,0.0,0.0,0.0,0.0,0.0,0.0,0.0,0.0,0.0,0.0,0.0,1.0,0.0,0.0,0.0,0.0,0.0,0.0,0.0,1.0,0.0,0.0,0.0,0.0,0.0,0.0,0.0,0.0,0.0,0.0,0.0,0.0,0.0,0.0,3.0,0.0,0.0,0.0,0.0,0.0,0.0,0.0,0.0,0.0,0.0
72,2024,10,0.0,0.0,0.0,0.0,0.0,1.0,0.0,0.0,0.0,0.0,0.0,0.0,0.0,0.0,0.0,0.0,0.0,0.0,0.0,0.0,0.0,0.0,0.0,0.0,0.0,1.0,0.0,0.0,0.0,0.0,0.0,0.0,0.0,0.0,1.0,0.0,0.0,1.0,0.0,0.0,1.0,0.0,0.0,0.0,0.0,0.0,3.0,0.0,0.0,0.0,2.0,0.0,1.0,0.0,0.0,0.0,0.0
72,2024,11,0.0,0.0,0.0,0.0,0.0,0.0,0.0,0.0,0.0,0.0,0.0,0.0,0.0,0.0,0.0,0.0,0.0,0.0,0.0,0.0,0.0,0.0,0.0,0.0,0.0,0.0,0.0,0.0,0.0,0.0,0.0,0.0,0.0,0.0,0.0,0.0,0.0,1.0,0.0,0.0,0.0,0.0,0.0,0.0,0.0,0.0,1.0,0.0,0.0,0.0,0.0,0.0,1.0,0.0,0.0,0.0,0.0
72,2024,12,0.0,0.0,0.0,0.0,0.0,1.0,0.0,1.0,0.0,0.0,0.0,0.0,0.0,0.0,0.0,0.0,0.0,0.0,0.0,0.0,0.0,0.0,0.0,9.0,0.0,3.0,0.0,0.0,0.0,0.0,0.0,0.0,0.0,0.0,1.0,0.0,0.0,1.0,0.0,0.0,0.0,0.0,0.0,0.0,0.0,0.0,16.0,0.0,0.0,0.0,1.0,0.0,1.0,1.0,0.0,0.0,0.0
72,2025,1,0.0,8.0,0.0,0.0,0.0,41.0,1.0,7.0,1.0,0.0,18.0,2.0,14.0,10.0,0.0,0.0,0.0,19.0,3.0,0.0,0.0,0.0,9.0,26.0,6.0,37.0,0.0,0.0,11.0,0.0,0.0,0.0,0.0,0.0,20.0,0.0,0.0,17.0,7.0,0.0,6.0,19.0,0.0,35.0,9.0,0.0,45.0,2.0,4.0,0.0,1.0,7.0,14.0,0.0,0.0,0.0,36.0
72,2025,2,0.0,18.0,0.0,0.0,0.0,50.0,1.0,3.0,1.0,0.0,29.0,2.0,34.0,12.0,0.0,0.0,0.0,18.0,12.0,0.0,1.0,0.0,9.0,23.0,1.0,47.0,0.0,0.0,4.0,0.0,0.0,0.0,0.0,0.0,22.0,0.0,0.0,13.0,10.0,0.0,4.0,14.0,0.0,18.0,7.0,0.0,60.0,2.0,4.0,0.0,0.0,7.0,0.0,1.0,1.0,0.0,23.0
72,2025,3,0.0,15.0,0.0,0.0,0.0,59.0,0.0,15.0,0.0,1.0,31.0,2.0,36.0,9.0,1.0,0.0,0.0,28.0,8.0,0.0,1.0,0.0,10.0,29.0,7.0,57.0,0.0,0.0,7.0,0.0,0.0,1.0,0.0,0.0,30.0,0.0,0.0,15.0,14.0,0.0,1.0,9.0,0.0,16.0,3.0,0.0,64.0,3.0,4.0,0.0,1.0,9.0,8.0,2.0,1.0,0.0,28.0
72,2025,4,0.0,8.0,0.0,0.0,0.0,54.0,0.0,5.0,0.0,0.0,26.0,5.0,24.0,13.0,0.0,0.0,0.0,18.0,10.0,0.0,1.0,0.0,11.0,26.0,11.0,50.0,0.0,0.0,3.0,0.0,0.0,0.0,0.0,0.0,26.0,0.0,0.0,8.0,8.0,0.0,3.0,4.0,0.0,9.0,4.0,1.0,59.0,10.0,6.0,1.0,4.0,8.0,8.0,2.0,0.0,0.0,45.0
72,2025,5,0.0,4.0,1.0,0.0,0.0,52.0,0.0,8.0,0.0,0.0,24.0,5.0,43.0,8.0,0.0,0.0,0.0,19.0,6.0,0.0,2.0,0.0,18.0,31.0,3.0,39.0,0.0,0.0,7.0,0.0,0.0,0.0,0.0,0.0,21.0,0.0,0.0,9.0,10.0,0.0,2.0,6.0,0.0,8.0,2.0,0.0,78.0,1.0,8.0,1.0,1.0,7.0,5.0,2.0,1.0,0.0,26.0
72,2025,6,0.0,2.0,0.0,0.0,1.0,56.0,0.0,8.0,1.0,0.0,17.0,2.0,29.0,14.0,0.0,0.0,1.0,37.0,1.0,0.0,2.0,0.0,7.0,30.0,10.0,42.0,0.0,0.0,10.0,0.0,0.0,0.0,0.0,0.0,20.0,0.0,0.0,12.0,15.0,0.0,1.0,7.0,0.0,15.0,0.0,0.0,62.0,8.0,8.0,1.0,2.0,9.0,9.0,2.0,2.0,0.0,29.0
72,2025,7,0.0,4.0,0.0,0.0,0.0,53.0,2.0,12.0,0.0,0.0,31.0,0.0,33.0,18.0,0.0,0.0,0.0,38.0,10.0,0.0,1.0,0.0,5.0,22.0,12.0,44.0,0.0,0.0,12.0,0.0,0.0,0.0,0.0,0.0,22.0,0.0,0.0,11.0,9.0,0.0,7.0,3.0,0.0,15.0,6.0,0.0,59.0,4.0,6.0,1.0,1.0,7.0,7.0,1.0,1.0,0.0,32.0
72,2025,8,0.0,10.0,0.0,0.0,0.0,63.0,0.0,6.0,0.0,0.0,28.0,1.0,34.0,12.0,0.0,0.0,0.0,26.0,1.0,0.0,2.0,0.0,8.0,39.0,21.0,62.0,0.0,0.0,24.0,0.0,0.0,0.0,0.0,0.0,27.0,1.0,0.0,11.0,15.0,0.0,4.0,2.0,0.0,18.0,3.0,1.0,58.0,7.0,4.0,0.0,4.0,9.0,4.0,4.0,0.0,0.0,20.0
72,2025,9,0.0,25.0,0.0,0.0,0.0,72.0,3.0,13.0,0.0,0.0,35.0,6.0,22.0,15.0,0.0,0.0,0.0,27.0,8.0,0.0,4.0,0.0,4.0,29.0,7.0,44.0,0.0,0.0,21.0,0.0,0.0,0.0,0.0,0.0,35.0,0.0,0.0,9.0,10.0,0.0,2.0,5.0,0.0,6.0,4.0,0.0,52.0,3.0,7.0,3.0,0.0,17.0,5.0,1.0,3.0,0.0,17.0
72,2025,10,0.0,33.0,0.0,0.0,0.0,65.0,0.0,12.0,0.0,0.0,25.0,4.0,28.0,10.0,1.0,0.0,0.0,30.0,18.0,0.0,3.0,0.0,8.0,40.0,12.0,59.0,0.0,0.0,9.0,0.0,0.0,0.0,0.0,0.0,22.0,0.0,0.0,9.0,12.0,0.0,4.0,1.0,0.0,12.0,2.0,1.0,52.0,1.0,2.0,1.0,0.0,10.0,13.0,4.0,0.0,0.0,21.0
72,2025,11,0.0,35.0,1.0,0.0,1.0,56.0,0.0,9.0,0.0,0.0,29.0,3.0,34.0,12.0,0.0,0.0,0.0,17.0,10.0,0.0,1.0,0.0,11.0,23.0,8.0,35.0,0.0,0.0,19.0,0.0,0.0,0.0,0.0,0.0,21.0,1.0,0.0,11.0,17.0,0.0,2.0,2.0,0.0,1.0,6.0,0.0,57.0,3.0,3.0,0.0,0.0,9.0,5.0,0.0,2.0,0.0,29.0
72,2025,12,0.0,18.0,0.0,0.0,1.0,59.0,0.0,8.0,0.0,0.0,25.0,1.0,12.0,9.0,0.0,0.0,0.0,12.0,13.0,0.0,4.0,0.0,2.0,24.0,9.0,43.0,0.0,0.0,8.0,0.0,0.0,0.0,0.0,0.0,27.0,0.0,0.0,8.0,12.0,0.0,4.0,4.0,0.0,6.0,4.0,0.0,64.0,3.0,3.0,2.0,2.0,13.0,4.0,2.0,0.0,0.0,23.0
73,2024,1,0.0,0.0,0.0,0.0,0.0,2.0,0.0,0.0,0.0,0.0,0.0,0.0,0.0,0.0,0.0,0.0,0.0,0.0,1.0,0.0,1.0,0.0,0.0,0.0,0.0,1.0,0.0,0.0,0.0,0.0,0.0,0.0,0.0,0.0,0.0,0.0,0.0,0.0,0.0,0.0,0.0,0.0,0.0,0.0,0.0,0.0,1.0,0.0,0.0,0.0,0.0,0.0,0.0,0.0,0.0,0.0,0.0
73,2024,2,0.0,0.0,0.0,0.0,0.0,0.0,0.0,0.0,0.0,0.0,0.0,0.0,1.0,0.0,0.0,0.0,0.0,0.0,0.0,0.0,0.0,0.0,0.0,1.0,0.0,1.0,0.0,0.0,0.0,0.0,0.0,0.0,0.0,0.0,0.0,0.0,0.0,0.0,0.0,0.0,0.0,0.0,0.0,0.0,0.0,0.0,0.0,0.0,0.0,0.0,0.0,0.0,0.0,0.0,0.0,0.0,0.0
73,2024,3,0.0,0.0,0.0,0.0,0.0,0.0,0.0,0.0,0.0,0.0,0.0,0.0,0.0,0.0,0.0,0.0,0.0,0.0,0.0,0.0,0.0,0.0,0.0,0.0,0.0,1.0,0.0,0.0,0.0,0.0,0.0,0.0,0.0,0.0,0.0,0.0,0.0,0.0,0.0,0.0,0.0,0.0,0.0,0.0,0.0,0.0,2.0,0.0,0.0,0.0,0.0,0.0,1.0,0.0,0.0,0.0,0.0
73,2024,4,0.0,0.0,0.0,0.0,0.0,0.0,0.0,1.0,0.0,0.0,0.0,0.0,0.0,0.0,0.0,0.0,0.0,0.0,0.0,0.0,0.0,0.0,0.0,0.0,0.0,2.0,0.0,0.0,0.0,0.0,0.0,0.0,0.0,0.0,0.0,0.0,0.0,0.0,0.0,0.0,0.0,0.0,0.0,0.0,0.0,0.0,0.0,0.0,0.0,0.0,0.0,0.0,2.0,1.0,0.0,0.0,0.0
73,2024,5,0.0,0.0,0.0,0.0,0.0,1.0,0.0,0.0,0.0,0.0,0.0,0.0,0.0,0.0,0.0,0.0,0.0,0.0,0.0,0.0,0.0,0.0,0.0,2.0,0.0,0.0,0.0,0.0,0.0,0.0,0.0,0.0,0.0,0.0,0.0,0.0,0.0,1.0,0.0,0.0,0.0,0.0,0.0,0.0,0.0,0.0,0.0,0.0,0.0,0.0,0.0,0.0,0.0,0.0,0.0,0.0,0.0
73,2024,6,0.0,0.0,0.0,0.0,0.0,0.0,0.0,0.0,0.0,0.0,0.0,0.0,1.0,0.0,0.0,0.0,0.0,1.0,0.0,0.0,0.0,0.0,0.0,1.0,0.0,0.0,0.0,0.0,0.0,0.0,0.0,0.0,0.0,0.0,1.0,0.0,0.0,1.0,0.0,0.0,0.0,0.0,0.0,0.0,1.0,0.0,0.0,0.0,0.0,0.0,0.0,0.0,1.0,1.0,0.0,0.0,0.0
73,2024,7,0.0,0.0,0.0,0.0,0.0,0.0,0.0,0.0,0.0,0.0,1.0,0.0,0.0,0.0,0.0,0.0,0.0,0.0,0.0,0.0,0.0,0.0,0.0,1.0,0.0,0.0,0.0,0.0,0.0,0.0,0.0,0.0,0.0,0.0,0.0,0.0,0.0,1.0,0.0,0.0,0.0,0.0,0.0,0.0,0.0,0.0,1.0,0.0,0.0,0.0,0.0,0.0,1.0,1.0,0.0,0.0,0.0
73,2024,8,0.0,0.0,0.0,0.0,0.0,1.0,0.0,0.0,0.0,0.0,0.0,0.0,0.0,0.0,0.0,0.0,0.0,0.0,3.0,0.0,0.0,0.0,0.0,1.0,0.0,1.0,0.0,0.0,0.0,0.0,0.0,0.0,0.0,0.0,0.0,0.0,0.0,2.0,0.0,0.0,0.0,0.0,0.0,0.0,1.0,0.0,1.0,0.0,0.0,0.0,1.0,0.0,0.0,0.0,0.0,0.0,0.0
73,2024,9,0.0,0.0,0.0,0.0,0.0,0.0,0.0,0.0,0.0,0.0,0.0,0.0,1.0,0.0,0.0,0.0,0.0,1.0,0.0,0.0,0.0,0.0,0.0,1.0,0.0,2.0,0.0,0.0,0.0,0.0,0.0,0.0,0.0,0.0,0.0,0.0,0.0,0.0,0.0,0.0,0.0,0.0,0.0,0.0,0.0,0.0,1.0,0.0,0.0,0.0,1.0,1.0,2.0,2.0,0.0,0.0,0.0
73,2024,10,0.0,0.0,0.0,0.0,0.0,0.0,0.0,0.0,0.0,0.0,0.0,0.0,0.0,0.0,0.0,0.0,0.0,0.0,1.0,0.0,0.0,0.0,0.0,3.0,0.0,3.0,0.0,0.0,0.0,0.0,0.0,0.0,0.0,0.0,1.0,0.0,0.0,1.0,0.0,0.0,0.0,0.0,0.0,0.0,0.0,0.0,3.0,0.0,1.0,0.0,2.0,0.0,3.0,1.0,1.0,0.0,0.0
73,2024,11,0.0,0.0,0.0,0.0,0.0,0.0,0.0,0.0,0.0,0.0,1.0,0.0,0.0,0.0,0.0,0.0,0.0,1.0,0.0,0.0,0.0,0.0,0.0,3.0,0.0,3.0,0.0,0.0,0.0,0.0,0.0,0.0,0.0,0.0,1.0,0.0,0.0,0.0,0.0,0.0,0.0,0.0,0.0,0.0,0.0,0.0,1.0,0.0,1.0,0.0,4.0,0.0,1.0,1.0,0.0,0.0,1.0
73,2024,12,0.0,0.0,0.0,0.0,0.0,6.0,0.0,3.0,0.0,0.0,2.0,0.0,0.0,0.0,0.0,0.0,0.0,1.0,2.0,0.0,0.0,0.0,0.0,12.0,1.0,4.0,0.0,0.0,0.0,0.0,0.0,0.0,0.0,0.0,0.0,0.0,0.0,6.0,0.0,0.0,1.0,0.0,0.0,0.0,0.0,0.0,13.0,0.0,0.0,0.0,3.0,0.0,3.0,0.0,0.0,0.0,0.0
73,2025,1,0.0,14.0,0.0,0.0,3.0,94.0,0.0,7.0,0.0,0.0,55.0,10.0,62.0,39.0,0.0,0.0,0.0,53.0,5.0,0.0,1.0,0.0,1.0,19.0,10.0,151.0,0.0,0.0,5.0,0.0,0.0,0.0,0.0,0.0,28.0,0.0,0.0,36.0,18.0,0.0,3.0,2.0,0.0,39.0,8.0,3.0,65.0,2.0,2.0,0.0,2.0,20.0,15.0,3.0,1.0,0.0,50.0
73,2025,2,0.0,15.0,0.0,0.0,1.0,75.0,0.0,13.0,0.0,0.0,50.0,8.0,28.0,24.0,0.0,0.0,0.0,64.0,3.0,0.0,3.0,0.0,0.0,39.0,6.0,149.0,0.0,0.0,2.0,0.0,0.0,0.0,0.0,0.0,28.0,0.0,0.0,26.0,10.0,0.0,1.0,3.0,0.0,46.0,9.0,1.0,89.0,3.0,5.0,0.0,2.0,14.0,5.0,1.0,3.0,0.0,27.0
73,2025,3,0.0,11.0,0.0,0.0,3.0,117.0,1.0,9.0,0.0,0.0,55.0,7.0,28.0,16.0,0.0,0.0,0.0,52.0,5.0,0.0,6.0,0.0,2.0,34.0,8.0,154.0,0.0,0.0,4.0,0.0,0.0,0.0,0.0,0.0,40.0,1.0,0.0,33.0,19.0,0.0,1.0,3.0,0.0,59.0,9.0,1.0,110.0,1.0,7.0,0.0,4.0,18.0,8.0,2.0,3.0,0.0,21.0
73,2025,4,0.0,30.0,0.0,0.0,0.0,128.0,1.0,17.0,0.0,0.0,67.0,5.0,40.0,31.0,1.0,0.0,1.0,87.0,10.0,0.0,2.0,0.0,1.0,46.0,12.0,169.0,0.0,0.0,2.0,0.0,0.0,0.0,0.0,0.0,46.0,0.0,0.0,39.0,22.0,1.0,5.0,2.0,0.0,28.0,7.0,2.0,103.0,3.0,4.0,0.0,1.0,25.0,25.0,1.0,0.0,0.0,28.0
73,2025,5,0.0,21.0,0.0,0.0,0.0,129.0,1.0,18.0,0.0,0.0,68.0,6.0,35.0,39.0,1.0,0.0,0.0,72.0,10.0,0.0,2.0,0.0,0.0,37.0,15.0,180.0,0.0,0.0,4.0,0.0,0.0,0.0,0.0,1.0,52.0,0.0,0.0,42.0,23.0,0.0,3.0,2.0,0.0,34.0,10.0,1.0,129.0,5.0,3.0,0.0,1.0,34.0,15.0,6.0,0.0,0.0,48.0
73,2025,6,0.0,24.0,0.0,0.0,0.0,116.0,0.0,17.0,0.0,0.0,62.0,4.0,30.0,24.0,1.0,0.0,0.0,88.0,8.0,0.0,6.0,0.0,2.0,45.0,24.0,182.0,1.0,0.0,4.0,0.0,0.0,0.0,0.0,1.0,62.0,1.0,0.0,23.0,27.0,0.0,4.0,3.0,0.0,29.0,6.0,1.0,136.0,5.0,2.0,0.0,1.0,37.0,15.0,5.0,0.0,0.0,31.0
73,2025,7,0.0,29.0,0.0,0.0,0.0,126.0,0.0,21.0,0.0,0.0,90.0,3.0,40.0,44.0,1.0,0.0,0.0,79.0,16.0,0.0,5.0,0.0,0.0,47.0,15.0,157.0,0.0,0.0,2.0,0.0,0.0,1.0,0.0,0.0,64.0,0.0,0.0,36.0,32.0,0.0,4.0,3.0,0.0,48.0,11.0,3.0,134.0,4.0,5.0,0.0,1.0,32.0,10.0,9.0,0.0,0.0,43.0
73,2025,8,0.0,20.0,0.0,0.0,0.0,133.0,1.0,27.0,1.0,0.0,75.0,15.0,30.0,34.0,0.0,0.0,0.0,66.0,3.0,0.0,3.0,0.0,0.0,41.0,14.0,160.0,0.0,0.0,2.0,0.0,0.0,0.0,0.0,0.0,38.0,1.0,0.0,32.0,19.0,0.0,2.0,3.0,0.0,35.0,9.0,1.0,88.0,7.0,8.0,0.0,2.0,25.0,14.0,6.0,0.0,0.0,35.0
73,2025,9,0.0,15.0,0.0,0.0,1.0,129.0,2.0,21.0,1.0,2.0,85.0,8.0,27.0,34.0,1.0,0.0,1.0,83.0,11.0,0.0,7.0,0.0,3.0,44.0,8.0,158.0,0.0,0.0,4.0,0.0,0.0,0.0,0.0,0.0,51.0,0.0,0.0,33.0,20.0,1.0,2.0,4.0,0.0,42.0,17.0,1.0,102.0,3.0,4.0,0.0,5.0,29.0,17.0,4.0,0.0,0.0,39.0
73,2025,10,0.0,45.0,0.0,0.0,1.0,134.0,2.0,17.0,1.0,0.0,71.0,7.0,63.0,26.0,1.0,0.0,0.0,59.0,13.0,0.0,5.0,0.0,0.0,38.0,10.0,167.0,0.0,0.0,3.0,0.0,0.0,0.0,0.0,0.0,51.0,1.0,0.0,24.0,19.0,0.0,0.0,2.0,0.0,34.0,13.0,2.0,103.0,1.0,3.0,0.0,5.0,20.0,10.0,2.0,1.0,0.0,48.0
73,2025,11,0.0,31.0,0.0,0.0,0.0,93.0,0.0,22.0,0.0,0.0,67.0,7.0,44.0,17.0,0.0,0.0,0.0,64.0,11.0,0.0,6.0,0.0,0.0,47.0,8.0,147.0,0.0,0.0,4.0,0.0,0.0,0.0,0.0,0.0,48.0,2.0,1.0,31.0,19.0,0.0,2.0,3.0,0.0,56.0,14.0,0.0,99.0,1.0,0.0,0.0,3.0,32.0,12.0,2.0,0.0,0.0,41.0
73,2025,12,0.0,40.0,0.0,0.0,2.0,104.0,0.0,15.0,0.0,0.0,45.0,7.0,37.0,19.0,0.0,0.0,0.0,65.0,5.0,0.0,4.0,0.0,0.0,27.0,6.0,135.0,1.0,0.0,0.0,0.0,0.0,0.0,0.0,0.0,49.0,1.0,0.0,32.0,17.0,0.0,3.0,0.0,0.0,38.0,7.0,2.0,114.0,0.0,3.0,0.0,1.0,17.0,10.0,4.0,0.0,0.0,29.0
75,2024,1,0.0,0.0,0.0,0.0,0.0,1.0,0.0,0.0,0.0,0.0,1.0,0.0,0.0,0.0,0.0,0.0,0.0,0.0,0.0,0.0,1.0,0.0,0.0,0.0,0.0,0.0,0.0,0.0,0.0,0.0,0.0,0.0,0.0,0.0,0.0,0.0,0.0,2.0,0.0,0.0,0.0,0.0,0.0,0.0,1.0,0.0,4.0,0.0,0.0,0.0,2.0,0.0,2.0,0.0,0.0,0.0,0.0
75,2024,2,0.0,0.0,0.0,0.0,0.0,1.0,0.0,0.0,0.0,0.0,0.0,0.0,0.0,0.0,0.0,0.0,0.0,0.0,0.0,0.0,0.0,0.0,0.0,5.0,0.0,2.0,0.0,0.0,0.0,0.0,0.0,0.0,0.0,0.0,0.0,0.0,0.0,0.0,0.0,0.0,0.0,0.0,0.0,0.0,0.0,0.0,1.0,0.0,1.0,0.0,0.0,0.0,0.0,0.0,0.0,0.0,0.0
75,2024,3,0.0,0.0,0.0,0.0,0.0,2.0,0.0,0.0,0.0,0.0,1.0,0.0,0.0,0.0,0.0,0.0,0.0,0.0,0.0,0.0,0.0,0.0,0.0,2.0,0.0,1.0,0.0,0.0,0.0,0.0,0.0,0.0,0.0,0.0,0.0,0.0,0.0,0.0,0.0,0.0,0.0,0.0,0.0,0.0,0.0,0.0,0.0,0.0,0.0,0.0,0.0,0.0,0.0,0.0,0.0,0.0,0.0
75,2024,4,0.0,0.0,0.0,0.0,0.0,0.0,0.0,0.0,0.0,0.0,0.0,0.0,0.0,0.0,0.0,0.0,0.0,0.0,0.0,0.0,0.0,0.0,0.0,2.0,0.0,1.0,0.0,0.0,0.0,0.0,0.0,0.0,0.0,0.0,0.0,0.0,0.0,0.0,0.0,0.0,0.0,0.0,0.0,0.0,0.0,0.0,0.0,0.0,0.0,0.0,0.0,0.0,0.0,0.0,0.0,0.0,0.0
75,2024,5,0.0,0.0,0.0,0.0,0.0,2.0,0.0,0.0,0.0,0.0,1.0,0.0,1.0,0.0,0.0,0.0,0.0,0.0,0.0,0.0,0.0,0.0,0.0,0.0,0.0,1.0,0.0,0.0,0.0,0.0,0.0,0.0,0.0,0.0,0.0,0.0,0.0,0.0,0.0,0.0,0.0,0.0,0.0,0.0,0.0,0.0,1.0,0.0,0.0,0.0,0.0,0.0,0.0,0.0,0.0,0.0,0.0
75,2024,6,0.0,0.0,0.0,0.0,0.0,2.0,0.0,0.0,0.0,0.0,0.0,0.0,0.0,0.0,0.0,0.0,0.0,1.0,0.0,0.0,0.0,0.0,0.0,0.0,0.0,1.0,0.0,0.0,0.0,0.0,0.0,1.0,0.0,0.0,0.0,0.0,0.0,0.0,0.0,0.0,0.0,0.0,0.0,0.0,0.0,0.0,2.0,0.0,0.0,0.0,0.0,0.0,3.0,0.0,0.0,0.0,0.0
75,2024,7,0.0,0.0,0.0,0.0,0.0,0.0,0.0,0.0,0.0,0.0,0.0,0.0,1.0,0.0,0.0,0.0,0.0,0.0,0.0,0.0,0.0,0.0,0.0,1.0,0.0,1.0,0.0,0.0,0.0,0.0,0.0,0.0,0.0,0.0,0.0,0.0,0.0,0.0,0.0,0.0,0.0,0.0,0.0,0.0,0.0,0.0,1.0,0.0,0.0,0.0,0.0,0.0,2.0,0.0,0.0,0.0,0.0
75,2024,8,0.0,0.0,0.0,0.0,0.0,0.0,0.0,0.0,0.0,0.0,0.0,0.0,1.0,0.0,0.0,0.0,0.0,1.0,0.0,0.0,0.0,0.0,0.0,2.0,0.0,2.0,0.0,0.0,0.0,0.0,0.0,0.0,0.0,0.0,0.0,0.0,0.0,1.0,1.0,0.0,0.0,0.0,0.0,0.0,0.0,0.0,0.0,0.0,0.0,0.0,0.0,0.0,0.0,1.0,0.0,0.0,0.0
75,2024,9,0.0,0.0,0.0,0.0,0.0,0.0,0.0,0.0,0.0,0.0,0.0,0.0,0.0,0.0,0.0,0.0,0.0,0.0,0.0,0.0,0.0,0.0,0.0,0.0,0.0,0.0,0.0,0.0,0.0,0.0,0.0,0.0,0.0,0.0,0.0,0.0,0.0,1.0,0.0,0.0,0.0,0.0,0.0,0.0,0.0,0.0,4.0,0.0,0.0,0.0,0.0,0.0,1.0,0.0,0.0,0.0,0.0
75,2024,10,0.0,0.0,0.0,0.0,0.0,3.0,0.0,0.0,0.0,0.0,1.0,0.0,0.0,0.0,0.0,0.0,0.0,0.0,0.0,0.0,1.0,0.0,0.0,4.0,0.0,5.0,0.0,0.0,0.0,0.0,0.0,0.0,0.0,0.0,0.0,0.0,0.0,1.0,0.0,0.0,0.0,0.0,0.0,0.0,0.0,0.0,10.0,0.0,0.0,1.0,1.0,0.0,0.0,2.0,0.0,0.0,0.0
75,2024,11,0.0,0.0,0.0,0.0,0.0,1.0,0.0,0.0,0.0,0.0,1.0,0.0,0.0,0.0,0.0,0.0,0.0,1.0,0.0,0.0,0.0,0.0,0.0,9.0,0.0,7.0,0.0,0.0,0.0,0.0,0.0,0.0,0.0,0.0,1.0,0.0,0.0,2.0,0.0,0.0,0.0,0.0,0.0,0.0,0.0,0.0,5.0,0.0,0.0,0.0,2.0,0.0,1.0,1.0,1.0,0.0,0.0
75,2024,12,0.0,0.0,0.0,0.0,0.0,4.0,0.0,1.0,0.0,0.0,2.0,1.0,0.0,0.0,0.0,0.0,0.0,2.0,0.0,0.0,0.0,0.0,0.0,20.0,1.0,17.0,0.0,0.0,0.0,0.0,0.0,1.0,0.0,0.0,5.0,0.0,0.0,6.0,0.0,0.0,0.0,0.0,0.0,0.0,0.0,0.0,26.0,0.0,0.0,0.0,0.0,2.0,4.0,3.0,1.0,0.0,0.0
75,2025,1,0.0,8.0,1.0,0.0,4.0,141.0,1.0,26.0,1.0,0.0,81.0,12.0,106.0,32.0,0.0,0.0,0.0,69.0,21.0,0.0,3.0,0.0,0.0,56.0,26.0,245.0,0.0,0.0,6.0,0.0,0.0,0.0,0.0,0.0,64.0,0.0,0.0,41.0,21.0,0.0,3.0,6.0,0.0,36.0,20.0,1.0,199.0,0.0,4.0,0.0,0.0,25.0,25.0,3.0,4.0,0.0,90.0
75,2025,2,0.0,2.0,0.0,0.0,0.0,141.0,0.0,13.0,0.0,0.0,101.0,9.0,79.0,29.0,0.0,0.0,0.0,92.0,9.0,0.0,6.0,0.0,0.0,62.0,32.0,197.0,0.0,0.0,6.0,0.0,0.0,0.0,0.0,0.0,49.0,2.0,0.0,57.0,20.0,0.0,1.0,1.0,0.0,24.0,22.0,0.0,216.0,1.0,5.0,0.0,4.0,26.0,11.0,3.0,3.0,0.0,69.0
75,2025,3,0.0,11.0,0.0,0.0,2.0,185.0,2.0,18.0,1.0,0.0,104.0,11.0,83.0,40.0,2.0,0.0,0.0,82.0,16.0,0.0,8.0,0.0,0.0,88.0,34.0,298.0,0.0,0.0,12.0,0.0,0.0,0.0,0.0,0.0,53.0,1.0,0.0,51.0,34.0,0.0,4.0,8.0,0.0,37.0,25.0,2.0,199.0,1.0,9.0,0.0,2.0,47.0,21.0,3.0,3.0,0.0,103.0
75,2025,4,0.0,21.0,0.0,0.0,2.0,194.0,1.0,18.0,0.0,0.0,112.0,9.0,73.0,35.0,0.0,0.0,0.0,89.0,23.0,0.0,4.0,0.0,1.0,62.0,40.0,286.0,0.0,0.0,8.0,0.0,0.0,0.0,0.0,0.0,52.0,0.0,0.0,54.0,36.0,0.0,2.0,9.0,0.0,45.0,20.0,1.0,219.0,3.0,7.0,0.0,9.0,36.0,21.0,5.0,2.0,0.0,75.0
75,2025,5,0.0,22.0,2.0,0.0,3.0,173.0,5.0,20.0,1.0,0.0,106.0,11.0,83.0,34.0,0.0,0.0,0.0,84.0,28.0,0.0,6.0,0.0,0.0,98.0,32.0,257.0,0.0,0.0,10.0,0.0,0.0,0.0,0.0,0.0,61.0,2.0,0.0,46.0,24.0,2.0,2.0,3.0,0.0,73.0,21.0,0.0,269.0,1.0,7.0,0.0,8.0,54.0,18.0,6.0,3.0,0.0,86.0
75,2025,6,0.0,18.0,0.0,0.0,4.0,162.0,1.0,20.0,1.0,0.0,124.0,6.0,73.0,33.0,0.0,0.0,1.0,99.0,17.0,0.0,10.0,0.0,0.0,90.0,39.0,257.0,0.0,0.0,5.0,0.0,0.0,0.0,0.0,0.0,52.0,1.0,0.0,49.0,30.0,0.0,4.0,11.0,0.0,27.0,16.0,2.0,217.0,1.0,5.0,0.0,6.0,46.0,16.0,8.0,2.0,0.0,76.0
75,2025,7,0.0,22.0,0.0,0.0,0.0,197.0,1.0,22.0,0.0,0.0,114.0,6.0,65.0,35.0,0.0,0.0,0.0,93.0,10.0,0.0,5.0,0.0,2.0,82.0,59.0,294.0,0.0,0.0,9.0,0.0,0.0,0.0,0.0,0.0,53.0,1.0,0.0,65.0,34.0,0.0,5.0,8.0,0.0,55.0,17.0,3.0,243.0,2.0,6.0,2.0,5.0,51.0,17.0,8.0,3.0,0.0,58.0
75,2025,8,0.0,17.0,0.0,0.0,5.0,174.0,0.0,20.0,0.0,0.0,118.0,10.0,59.0,31.0,0.0,0.0,0.0,99.0,6.0,0.0,6.0,0.0,2.0,72.0,28.0,258.0,0.0,0.0,10.0,0.0,0.0,0.0,0.0,0.0,60.0,3.0,0.0,48.0,19.0,0.0,6.0,2.0,0.0,72.0,14.0,2.0,206.0,5.0,6.0,1.0,9.0,56.0,13.0,12.0,1.0,0.0,71.0
75,2025,9,0.0,7.0,0.0,0.0,2.0,206.0,2.0,24.0,2.0,0.0,113.0,6.0,63.0,35.0,0.0,0.0,1.0,98.0,6.0,0.0,7.0,0.0,1.0,78.0,45.0,265.0,0.0,0.0,4.0,0.0,0.0,1.0,0.0,0.0,51.0,2.0,0.0,53.0,23.0,0.0,7.0,5.0,1.0,60.0,8.0,3.0,221.0,6.0,8.0,0.0,8.0,35.0,25.0,6.0,3.0,0.0,85.0
75,2025,10,0.0,9.0,0.0,0.0,2.0,146.0,0.0,18.0,0.0,0.0,104.0,13.0,71.0,23.0,0.0,0.0,0.0,79.0,6.0,0.0,4.0,0.0,0.0,69.0,50.0,263.0,0.0,0.0,9.0,0.0,0.0,0.0,0.0,0.0,34.0,1.0,0.0,45.0,21.0,0.0,1.0,4.0,0.0,49.0,13.0,0.0,178.0,0.0,5.0,2.0,3.0,49.0,12.0,8.0,1.0,0.0,109.0
75,2025,11,0.0,9.0,0.0,0.0,2.0,157.0,2.0,24.0,1.0,0.0,98.0,10.0,74.0,19.0,0.0,0.0,0.0,101.0,23.0,0.0,9.0,0.0,1.0,66.0,51.0,236.0,0.0,0.0,3.0,0.0,0.0,0.0,0.0,0.0,62.0,0.0,0.0,55.0,23.0,0.0,3.0,4.0,0.0,36.0,16.0,0.0,196.0,4.0,10.0,0.0,5.0,57.0,13.0,3.0,1.0,0.0,88.0
75,2025,12,0.0,8.0,0.0,0.0,1.0,158.0,1.0,23.0,0.0,0.0,97.0,13.0,70.0,19.0,0.0,0.0,0.0,78.0,19.0,0.0,2.0,0.0,1.0,42.0,43.0,207.0,0.0,0.0,5.0,0.0,0.0,0.0,0.0,0.0,48.0,1.0,0.0,35.0,12.0,0.0,4.0,3.0,0.0,12.0,17.0,1.0,185.0,0.0,6.0,0.0,4.0,45.0,16.0,4.0,2.0,0.0,76.0
76,2024,1,0.0,0.0,0.0,0.0,0.0,1.0,0.0,0.0,0.0,0.0,0.0,0.0,0.0,0.0,0.0,0.0,0.0,0.0,0.0,0.0,0.0,0.0,0.0,0.0,0.0,1.0,0.0,0.0,0.0,0.0,0.0,0.0,0.0,0.0,0.0,0.0,0.0,0.0,0.0,0.0,0.0,0.0,0.0,0.0,0.0,0.0,0.0,0.0,0.0,0.0,1.0,0.0,0.0,0.0,0.0,0.0,0.0
76,2024,2,0.0,0.0,0.0,0.0,0.0,0.0,0.0,0.0,0.0,0.0,0.0,0.0,0.0,0.0,0.0,0.0,0.0,0.0,0.0,0.0,0.0,0.0,0.0,1.0,0.0,2.0,0.0,0.0,0.0,0.0,0.0,0.0,0.0,0.0,0.0,0.0,0.0,0.0,0.0,0.0,0.0,0.0,0.0,0.0,0.0,0.0,0.0,0.0,0.0,0.0,0.0,0.0,0.0,0.0,0.0,0.0,0.0
76,2024,3,0.0,0.0,0.0,0.0,0.0,0.0,0.0,0.0,0.0,0.0,0.0,0.0,0.0,0.0,0.0,0.0,0.0,0.0,0.0,0.0,0.0,0.0,0.0,1.0,0.0,0.0,0.0,0.0,0.0,0.0,0.0,0.0,0.0,0.0,0.0,0.0,0.0,0.0,0.0,0.0,0.0,0.0,0.0,0.0,0.0,0.0,0.0,0.0,0.0,0.0,0.0,0.0,0.0,0.0,0.0,0.0,0.0
76,2024,5,0.0,0.0,0.0,0.0,0.0,0.0,0.0,0.0,0.0,0.0,0.0,0.0,2.0,0.0,0.0,0.0,0.0,0.0,0.0,0.0,0.0,0.0,0.0,2.0,0.0,1.0,0.0,0.0,0.0,0.0,0.0,0.0,0.0,0.0,0.0,0.0,0.0,0.0,0.0,0.0,0.0,0.0,0.0,0.0,0.0,0.0,0.0,0.0,0.0,0.0,0.0,0.0,0.0,0.0,0.0,0.0,0.0
76,2024,6,0.0,0.0,0.0,0.0,0.0,0.0,0.0,0.0,0.0,0.0,0.0,0.0,0.0,0.0,0.0,0.0,0.0,0.0,0.0,0.0,0.0,0.0,0.0,0.0,0.0,0.0,0.0,0.0,0.0,0.0,0.0,0.0,0.0,0.0,0.0,0.0,0.0,1.0,0.0,0.0,0.0,0.0,0.0,0.0,0.0,0.0,0.0,0.0,0.0,0.0,0.0,0.0,0.0,0.0,0.0,0.0,0.0
76,2024,7,0.0,0.0,0.0,0.0,0.0,0.0,0.0,0.0,0.0,0.0,0.0,0.0,0.0,0.0,0.0,0.0,0.0,0.0,0.0,0.0,0.0,0.0,0.0,2.0,0.0,0.0,0.0,0.0,0.0,0.0,0.0,0.0,0.0,0.0,0.0,0.0,0.0,0.0,0.0,0.0,0.0,0.0,0.0,0.0,0.0,0.0,0.0,0.0,0.0,0.0,0.0,0.0,0.0,0.0,0.0,0.0,0.0
76,2024,8,0.0,0.0,0.0,0.0,0.0,0.0,0.0,0.0,0.0,0.0,0.0,0.0,0.0,0.0,0.0,0.0,0.0,0.0,0.0,0.0,0.0,0.0,0.0,0.0,0.0,1.0,0.0,0.0,0.0,0.0,0.0,0.0,0.0,0.0,0.0,0.0,0.0,0.0,0.0,0.0,0.0,0.0,0.0,0.0,1.0,0.0,0.0,0.0,0.0,0.0,0.0,0.0,0.0,0.0,0.0,0.0,0.0
76,2024,9,0.0,0.0,0.0,0.0,0.0,0.0,0.0,0.0,0.0,0.0,0.0,0.0,1.0,0.0,0.0,0.0,0.0,0.0,0.0,0.0,0.0,0.0,0.0,2.0,0.0,0.0,0.0,0.0,0.0,0.0,0.0,0.0,0.0,0.0,0.0,0.0,0.0,1.0,0.0,0.0,0.0,0.0,0.0,0.0,0.0,0.0,0.0,0.0,0.0,0.0,0.0,0.0,0.0,0.0,0.0,0.0,0.0
76,2024,10,0.0,0.0,0.0,0.0,0.0,0.0,0.0,0.0,0.0,0.0,0.0,0.0,0.0,0.0,0.0,0.0,0.0,0.0,0.0,0.0,1.0,0.0,0.0,1.0,0.0,1.0,0.0,0.0,0.0,0.0,0.0,0.0,0.0,0.0,0.0,0.0,0.0,0.0,0.0,0.0,0.0,0.0,0.0,0.0,0.0,0.0,0.0,0.0,0.0,0.0,0.0,0.0,0.0,0.0,0.0,0.0,0.0
76,2024,11,0.0,0.0,0.0,0.0,0.0,0.0,0.0,0.0,0.0,0.0,0.0,0.0,0.0,0.0,0.0,0.0,0.0,1.0,0.0,0.0,0.0,0.0,0.0,2.0,0.0,0.0,0.0,0.0,0.0,0.0,0.0,0.0,0.0,0.0,0.0,0.0,0.0,0.0,0.0,0.0,0.0,0.0,0.0,0.0,0.0,0.0,3.0,0.0,0.0,0.0,0.0,0.0,0.0,0.0,0.0,0.0,0.0
76,2024,12,0.0,0.0,0.0,0.0,0.0,0.0,0.0,1.0,0.0,0.0,0.0,0.0,0.0,0.0,0.0,0.0,0.0,0.0,0.0,0.0,1.0,0.0,0.0,3.0,2.0,0.0,0.0,0.0,0.0,0.0,0.0,0.0,0.0,0.0,1.0,0.0,0.0,0.0,0.0,0.0,0.0,0.0,0.0,0.0,0.0,0.0,2.0,0.0,0.0,0.0,0.0,0.0,0.0,1.0,0.0,0.0,0.0
76,2025,1,0.0,1.0,0.0,0.0,0.0,21.0,3.0,8.0,0.0,0.0,16.0,2.0,25.0,4.0,0.0,0.0,0.0,7.0,6.0,0.0,3.0,0.0,0.0,14.0,4.0,29.0,0.0,0.0,4.0,1.0,0.0,0.0,0.0,0.0,13.0,0.0,0.0,12.0,7.0,0.0,0.0,1.0,0.0,3.0,2.0,0.0,38.0,0.0,2.0,0.0,0.0,6.0,1.0,4.0,0.0,0.0,33.0
76,2025,2,0.0,0.0,0.0,0.0,1.0,17.0,0.0,5.0,0.0,0.0,8.0,6.0,23.0,1.0,0.0,0.0,0.0,7.0,5.0,0.0,0.0,0.0,0.0,13.0,1.0,24.0,0.0,0.0,4.0,0.0,0.0,0.0,0.0,0.0,7.0,0.0,0.0,10.0,3.0,0.0,0.0,0.0,0.0,10.0,5.0,0.0,47.0,0.0,0.0,0.0,1.0,3.0,1.0,1.0,0.0,0.0,22.0
76,2025,3,0.0,0.0,0.0,0.0,0.0,24.0,1.0,1.0,1.0,0.0,9.0,5.0,16.0,7.0,0.0,0.0,0.0,7.0,2.0,0.0,0.0,0.0,0.0,11.0,4.0,31.0,0.0,0.0,5.0,0.0,0.0,0.0,0.0,0.0,10.0,0.0,0.0,6.0,9.0,0.0,1.0,0.0,0.0,12.0,1.0,0.0,48.0,0.0,1.0,0.0,0.0,3.0,1.0,1.0,0.0,0.0,15.0
76,2025,4,0.0,2.0,0.0,0.0,0.0,15.0,0.0,16.0,0.0,0.0,10.0,5.0,15.0,3.0,0.0,0.0,0.0,7.0,2.0,0.0,0.0,0.0,0.0,15.0,6.0,37.0,0.0,0.0,3.0,1.0,0.0,0.0,0.0,0.0,9.0,0.0,0.0,10.0,7.0,0.0,1.0,0.0,0.0,13.0,3.0,0.0,31.0,0.0,2.0,0.0,0.0,4.0,1.0,0.0,0.0,0.0,21.0
76,2025,5,0.0,3.0,0.0,0.0,0.0,16.0,1.0,11.0,0.0,0.0,16.0,5.0,37.0,7.0,0.0,0.0,0.0,11.0,0.0,0.0,1.0,0.0,0.0,16.0,4.0,43.0,0.0,0.0,8.0,0.0,0.0,0.0,0.0,0.0,8.0,0.0,0.0,13.0,6.0,0.0,0.0,0.0,0.0,9.0,1.0,0.0,32.0,0.0,2.0,0.0,0.0,8.0,5.0,3.0,0.0,0.0,18.0
76,2025,6,0.0,0.0,0.0,0.0,0.0,21.0,2.0,4.0,0.0,0.0,15.0,3.0,20.0,4.0,0.0,0.0,0.0,5.0,0.0,0.0,2.0,0.0,0.0,17.0,3.0,32.0,0.0,0.0,0.0,0.0,0.0,0.0,0.0,0.0,9.0,1.0,0.0,10.0,4.0,0.0,0.0,0.0,0.0,4.0,2.0,0.0,40.0,0.0,0.0,0.0,0.0,5.0,1.0,0.0,0.0,0.0,18.0
76,2025,7,0.0,0.0,0.0,0.0,0.0,26.0,0.0,9.0,0.0,0.0,24.0,9.0,12.0,5.0,0.0,0.0,0.0,10.0,2.0,0.0,1.0,0.0,0.0,21.0,2.0,23.0,0.0,0.0,2.0,2.0,0.0,0.0,0.0,0.0,13.0,0.0,0.0,11.0,3.0,0.0,2.0,0.0,0.0,2.0,0.0,0.0,45.0,0.0,1.0,0.0,0.0,4.0,1.0,0.0,0.0,0.0,10.0
76,2025,8,0.0,1.0,0.0,0.0,0.0,21.0,0.0,13.0,1.0,0.0,9.0,1.0,22.0,6.0,0.0,0.0,0.0,13.0,4.0,0.0,2.0,0.0,0.0,20.0,4.0,33.0,0.0,0.0,4.0,0.0,0.0,0.0,0.0,0.0,12.0,0.0,0.0,9.0,1.0,0.0,0.0,0.0,0.0,2.0,2.0,0.0,38.0,0.0,2.0,0.0,0.0,3.0,1.0,1.0,0.0,0.0,12.0
76,2025,9,0.0,1.0,0.0,0.0,0.0,25.0,0.0,13.0,0.0,0.0,25.0,3.0,16.0,6.0,0.0,0.0,0.0,9.0,3.0,0.0,1.0,0.0,0.0,19.0,2.0,32.0,0.0,0.0,3.0,2.0,0.0,0.0,0.0,0.0,9.0,0.0,0.0,13.0,5.0,0.0,0.0,0.0,0.0,10.0,1.0,2.0,39.0,1.0,3.0,0.0,0.0,6.0,1.0,2.0,0.0,0.0,39.0
76,2025,10,0.0,2.0,0.0,0.0,0.0,26.0,2.0,9.0,0.0,0.0,26.0,6.0,16.0,9.0,0.0,0.0,0.0,16.0,1.0,0.0,1.0,0.0,0.0,16.0,2.0,44.0,0.0,0.0,11.0,0.0,0.0,0.0,0.0,0.0,7.0,0.0,0.0,9.0,10.0,1.0,1.0,0.0,0.0,7.0,4.0,0.0,34.0,0.0,3.0,0.0,2.0,4.0,2.0,1.0,2.0,0.0,37.0
76,2025,11,0.0,0.0,0.0,0.0,0.0,17.0,0.0,10.0,0.0,0.0,10.0,8.0,23.0,3.0,0.0,0.0,1.0,10.0,1.0,0.0,4.0,0.0,1.0,14.0,3.0,41.0,0.0,0.0,14.0,1.0,0.0,0.0,0.0,0.0,16.0,0.0,0.0,1.0,7.0,0.0,0.0,0.0,0.0,4.0,3.0,0.0,23.0,0.0,1.0,0.0,1.0,3.0,4.0,1.0,0.0,0.0,29.0
76,2025,12,0.0,0.0,0.0,0.0,1.0,24.0,0.0,2.0,0.0,0.0,12.0,9.0,13.0,5.0,0.0,0.0,0.0,12.0,6.0,0.0,0.0,0.0,0.0,9.0,0.0,37.0,0.0,0.0,2.0,1.0,0.0,0.0,0.0,0.0,13.0,0.0,0.0,2.0,3.0,0.0,0.0,1.0,0.0,3.0,5.0,0.0,33.0,0.0,0.0,0.0,1.0,5.0,1.0,1.0,0.0,0.0,23.0
77,2024,1,0.0,0.0,0.0,0.0,0.0,1.0,0.0,0.0,0.0,0.0,0.0,0.0,1.0,0.0,0.0,0.0,0.0,0.0,0.0,0.0,0.0,0.0,0.0,0.0,0.0,0.0,0.0,0.0,0.0,0.0,0.0,0.0,0.0,0.0,0.0,0.0,0.0,1.0,0.0,0.0,0.0,0.0,0.0,0.0,0.0,0.0,2.0,0.0,0.0,0.0,0.0,0.0,0.0,0.0,0.0,0.0,0.0
77,2024,2,0.0,0.0,0.0,0.0,0.0,0.0,0.0,0.0,0.0,0.0,0.0,0.0,0.0,0.0,0.0,0.0,0.0,0.0,0.0,0.0,0.0,0.0,0.0,0.0,0.0,1.0,0.0,0.0,0.0,0.0,0.0,0.0,0.0,0.0,0.0,0.0,0.0,0.0,0.0,0.0,0.0,0.0,0.0,0.0,0.0,0.0,0.0,0.0,0.0,0.0,0.0,0.0,0.0,1.0,0.0,0.0,0.0
77,2024,3,0.0,0.0,0.0,0.0,0.0,1.0,0.0,0.0,0.0,0.0,0.0,0.0,0.0,0.0,0.0,0.0,0.0,0.0,0.0,0.0,0.0,0.0,0.0,0.0,0.0,1.0,0.0,0.0,0.0,0.0,0.0,0.0,0.0,0.0,0.0,0.0,0.0,1.0,0.0,0.0,0.0,0.0,0.0,0.0,0.0,0.0,0.0,0.0,0.0,0.0,0.0,0.0,0.0,0.0,0.0,0.0,0.0
77,2024,4,0.0,0.0,0.0,0.0,0.0,0.0,0.0,0.0,0.0,0.0,0.0,0.0,0.0,0.0,0.0,0.0,0.0,0.0,0.0,0.0,0.0,0.0,0.0,1.0,0.0,0.0,0.0,0.0,0.0,0.0,0.0,0.0,0.0,0.0,0.0,0.0,0.0,0.0,0.0,0.0,0.0,0.0,0.0,0.0,0.0,0.0,1.0,0.0,0.0,0.0,0.0,0.0,0.0,0.0,0.0,0.0,1.0
77,2024,5,0.0,0.0,0.0,0.0,0.0,0.0,0.0,0.0,0.0,0.0,0.0,0.0,0.0,0.0,0.0,0.0,0.0,0.0,0.0,0.0,1.0,0.0,0.0,0.0,0.0,0.0,0.0,0.0,0.0,0.0,0.0,0.0,0.0,0.0,0.0,0.0,0.0,0.0,0.0,0.0,0.0,0.0,0.0,0.0,0.0,0.0,0.0,0.0,0.0,0.0,0.0,0.0,0.0,1.0,0.0,0.0,0.0
77,2024,6,0.0,0.0,0.0,0.0,0.0,0.0,0.0,0.0,0.0,0.0,0.0,0.0,1.0,0.0,0.0,0.0,0.0,0.0,0.0,0.0,0.0,0.0,0.0,1.0,0.0,1.0,0.0,0.0,0.0,0.0,0.0,0.0,0.0,0.0,0.0,0.0,0.0,1.0,0.0,0.0,0.0,0.0,0.0,0.0,0.0,0.0,1.0,0.0,0.0,0.0,0.0,0.0,1.0,0.0,0.0,0.0,0.0
77,2024,7,0.0,0.0,0.0,0.0,0.0,0.0,0.0,0.0,0.0,0.0,0.0,0.0,0.0,0.0,0.0,0.0,0.0,0.0,0.0,0.0,0.0,0.0,0.0,0.0,0.0,1.0,0.0,0.0,0.0,0.0,0.0,0.0,0.0,0.0,0.0,0.0,0.0,0.0,0.0,0.0,0.0,0.0,0.0,0.0,1.0,0.0,1.0,0.0,0.0,0.0,0.0,0.0,1.0,0.0,0.0,0.0,0.0
77,2024,8,0.0,0.0,0.0,0.0,0.0,1.0,0.0,0.0,0.0,0.0,0.0,0.0,0.0,0.0,0.0,0.0,0.0,0.0,0.0,0.0,1.0,0.0,0.0,1.0,1.0,1.0,0.0,0.0,0.0,0.0,0.0,0.0,0.0,0.0,0.0,0.0,0.0,0.0,0.0,0.0,0.0,0.0,0.0,0.0,0.0,0.0,0.0,0.0,0.0,0.0,0.0,0.0,1.0,0.0,0.0,0.0,0.0
77,2024,9,0.0,0.0,0.0,0.0,0.0,1.0,0.0,0.0,0.0,0.0,0.0,0.0,0.0,0.0,0.0,0.0,0.0,0.0,0.0,0.0,0.0,0.0,0.0,1.0,0.0,1.0,0.0,0.0,0.0,0.0,0.0,0.0,0.0,0.0,0.0,0.0,0.0,1.0,0.0,0.0,0.0,0.0,0.0,0.0,0.0,0.0,0.0,0.0,0.0,0.0,1.0,0.0,1.0,0.0,0.0,0.0,0.0
77,2024,10,0.0,0.0,0.0,0.0,0.0,1.0,0.0,0.0,0.0,0.0,2.0,0.0,1.0,0.0,0.0,0.0,0.0,0.0,0.0,0.0,0.0,0.0,0.0,2.0,0.0,0.0,0.0,0.0,0.0,0.0,0.0,0.0,0.0,0.0,0.0,0.0,0.0,0.0,0.0,0.0,0.0,0.0,0.0,0.0,0.0,0.0,2.0,0.0,0.0,0.0,0.0,0.0,0.0,0.0,0.0,0.0,0.0
77,2024,11,0.0,0.0,0.0,0.0,0.0,1.0,0.0,1.0,0.0,0.0,5.0,0.0,0.0,0.0,0.0,0.0,0.0,0.0,0.0,0.0,1.0,0.0,0.0,4.0,0.0,2.0,0.0,0.0,0.0,0.0,0.0,0.0,0.0,0.0,0.0,0.0,0.0,0.0,0.0,0.0,0.0,0.0,0.0,0.0,0.0,0.0,4.0,0.0,0.0,0.0,0.0,0.0,0.0,1.0,1.0,0.0,0.0
77,2024,12,0.0,0.0,0.0,0.0,0.0,1.0,0.0,0.0,0.0,0.0,6.0,0.0,0.0,0.0,0.0,0.0,0.0,0.0,0.0,0.0,0.0,0.0,0.0,8.0,2.0,5.0,0.0,0.0,0.0,0.0,0.0,0.0,0.0,0.0,3.0,0.0,0.0,3.0,0.0,0.0,0.0,0.0,0.0,0.0,0.0,0.0,18.0,1.0,0.0,0.0,0.0,1.0,4.0,0.0,0.0,0.0,0.0
77,2025,1,0.0,34.0,0.0,0.0,4.0,48.0,0.0,15.0,0.0,0.0,26.0,5.0,18.0,22.0,3.0,0.0,0.0,31.0,7.0,0.0,7.0,0.0,0.0,27.0,9.0,82.0,0.0,0.0,2.0,0.0,0.0,0.0,0.0,0.0,26.0,0.0,1.0,34.0,22.0,0.0,0.0,0.0,0.0,33.0,1.0,1.0,71.0,0.0,3.0,0.0,2.0,10.0,10.0,1.0,2.0,0.0,15.0
77,2025,2,0.0,39.0,0.0,0.0,1.0,40.0,0.0,9.0,0.0,1.0,22.0,4.0,24.0,15.0,2.0,0.0,0.0,33.0,5.0,0.0,11.0,0.0,0.0,17.0,3.0,78.0,0.0,0.0,0.0,0.0,0.0,0.0,0.0,0.0,20.0,0.0,0.0,18.0,15.0,0.0,0.0,1.0,0.0,40.0,0.0,1.0,41.0,0.0,1.0,0.0,2.0,11.0,7.0,5.0,1.0,0.0,16.0
77,2025,3,0.0,43.0,0.0,0.0,0.0,48.0,1.0,10.0,0.0,0.0,37.0,3.0,23.0,14.0,0.0,0.0,0.0,32.0,0.0,0.0,2.0,0.0,0.0,30.0,4.0,80.0,0.0,0.0,6.0,0.0,0.0,0.0,0.0,0.0,26.0,0.0,0.0,18.0,12.0,0.0,2.0,0.0,0.0,27.0,3.0,2.0,73.0,0.0,0.0,0.0,2.0,10.0,10.0,2.0,2.0,0.0,15.0
77,2025,4,0.0,43.0,0.0,0.0,0.0,61.0,0.0,11.0,0.0,0.0,33.0,2.0,21.0,8.0,0.0,0.0,0.0,54.0,3.0,0.0,5.0,0.0,0.0,37.0,15.0,85.0,0.0,0.0,3.0,0.0,0.0,0.0,0.0,0.0,17.0,0.0,0.0,21.0,13.0,0.0,1.0,0.0,0.0,24.0,1.0,0.0,60.0,1.0,0.0,0.0,0.0,10.0,12.0,3.0,2.0,0.0,18.0
77,2025,5,0.0,34.0,0.0,0.0,0.0,60.0,0.0,17.0,1.0,0.0,27.0,1.0,19.0,15.0,0.0,0.0,0.0,36.0,4.0,0.0,2.0,0.0,0.0,43.0,13.0,116.0,0.0,0.0,1.0,0.0,0.0,0.0,0.0,0.0,17.0,0.0,0.0,14.0,16.0,0.0,0.0,0.0,0.0,28.0,1.0,0.0,85.0,0.0,0.0,0.0,5.0,15.0,10.0,2.0,2.0,0.0,19.0
77,2025,6,0.0,38.0,0.0,0.0,0.0,58.0,0.0,13.0,0.0,0.0,28.0,10.0,24.0,7.0,0.0,0.0,0.0,38.0,1.0,0.0,7.0,0.0,0.0,28.0,11.0,121.0,0.0,0.0,0.0,0.0,0.0,1.0,0.0,0.0,26.0,1.0,0.0,17.0,23.0,0.0,4.0,0.0,0.0,15.0,3.0,1.0,74.0,2.0,1.0,0.0,1.0,21.0,13.0,2.0,1.0,0.0,13.0
77,2025,7,0.0,32.0,0.0,0.0,0.0,62.0,0.0,17.0,0.0,1.0,35.0,7.0,19.0,18.0,0.0,0.0,0.0,52.0,3.0,0.0,5.0,0.0,0.0,40.0,12.0,82.0,0.0,0.0,3.0,0.0,0.0,0.0,0.0,0.0,37.0,2.0,0.0,28.0,18.0,0.0,2.0,1.0,0.0,21.0,1.0,1.0,78.0,0.0,0.0,0.0,3.0,23.0,14.0,3.0,1.0,0.0,15.0
77,2025,8,0.0,18.0,0.0,0.0,2.0,57.0,1.0,12.0,0.0,0.0,52.0,5.0,14.0,13.0,0.0,0.0,1.0,40.0,1.0,0.0,5.0,0.0,0.0,57.0,6.0,113.0,0.0,0.0,4.0,0.0,0.0,0.0,0.0,0.0,23.0,0.0,0.0,20.0,11.0,0.0,0.0,1.0,0.0,11.0,5.0,0.0,69.0,1.0,0.0,0.0,0.0,21.0,8.0,6.0,0.0,0.0,14.0
77,2025,9,0.0,14.0,0.0,0.0,1.0,51.0,0.0,12.0,0.0,0.0,34.0,9.0,13.0,10.0,1.0,0.0,1.0,43.0,3.0,0.0,3.0,0.0,1.0,49.0,10.0,109.0,0.0,0.0,11.0,0.0,0.0,0.0,0.0,0.0,19.0,0.0,0.0,30.0,24.0,0.0,4.0,1.0,0.0,19.0,1.0,2.0,71.0,0.0,2.0,0.0,0.0,15.0,16.0,5.0,0.0,0.0,10.0
77,2025,10,0.0,36.0,0.0,0.0,1.0,59.0,2.0,21.0,0.0,0.0,14.0,11.0,25.0,16.0,1.0,0.0,0.0,27.0,2.0,0.0,9.0,0.0,0.0,40.0,9.0,122.0,0.0,0.0,7.0,0.0,0.0,0.0,0.0,0.0,22.0,1.0,0.0,22.0,31.0,0.0,1.0,0.0,0.0,20.0,5.0,0.0,71.0,0.0,1.0,0.0,2.0,21.0,10.0,1.0,2.0,0.0,15.0
77,2025,11,0.0,43.0,0.0,0.0,0.0,64.0,1.0,7.0,0.0,0.0,48.0,13.0,26.0,11.0,3.0,0.0,0.0,42.0,1.0,0.0,6.0,0.0,1.0,36.0,15.0,89.0,0.0,0.0,4.0,0.0,0.0,0.0,0.0,0.0,18.0,0.0,0.0,23.0,22.0,0.0,0.0,0.0,0.0,13.0,2.0,1.0,58.0,0.0,1.0,0.0,0.0,15.0,5.0,3.0,0.0,0.0,18.0
77,2025,12,0.0,25.0,0.0,0.0,0.0,40.0,0.0,10.0,0.0,0.0,23.0,5.0,32.0,10.0,0.0,0.0,0.0,33.0,5.0,0.0,7.0,0.0,0.0,30.0,3.0,86.0,0.0,0.0,4.0,0.0,0.0,0.0,0.0,0.0,15.0,0.0,0.0,18.0,24.0,0.0,1.0,0.0,0.0,14.0,3.0,2.0,78.0,0.0,3.0,0.0,2.0,13.0,8.0,1.0,1.0,0.0,17.0
78,2024,2,0.0,0.0,0.0,0.0,0.0,0.0,0.0,0.0,0.0,0.0,0.0,0.0,0.0,0.0,0.0,0.0,0.0,0.0,0.0,0.0,0.0,0.0,0.0,0.0,0.0,1.0,0.0,0.0,0.0,0.0,0.0,0.0,0.0,0.0,0.0,0.0,0.0,0.0,0.0,0.0,0.0,0.0,0.0,0.0,0.0,0.0,2.0,0.0,0.0,0.0,0.0,0.0,1.0,0.0,0.0,0.0,0.0
78,2024,3,0.0,0.0,0.0,0.0,0.0,0.0,0.0,0.0,0.0,0.0,0.0,0.0,0.0,0.0,0.0,0.0,0.0,0.0,0.0,0.0,0.0,0.0,0.0,0.0,0.0,0.0,0.0,0.0,0.0,0.0,0.0,0.0,0.0,0.0,0.0,0.0,0.0,0.0,0.0,0.0,0.0,0.0,0.0,0.0,0.0,0.0,0.0,0.0,0.0,0.0,0.0,0.0,0.0,2.0,0.0,0.0,0.0
78,2024,5,0.0,0.0,0.0,0.0,0.0,0.0,0.0,0.0,0.0,0.0,0.0,0.0,1.0,0.0,0.0,0.0,0.0,0.0,0.0,0.0,0.0,0.0,0.0,0.0,0.0,0.0,0.0,0.0,0.0,0.0,0.0,0.0,0.0,0.0,0.0,0.0,0.0,0.0,0.0,0.0,0.0,0.0,0.0,0.0,0.0,0.0,1.0,0.0,0.0,0.0,0.0,0.0,0.0,1.0,0.0,0.0,0.0
78,2024,6,0.0,0.0,0.0,0.0,0.0,0.0,0.0,0.0,0.0,0.0,0.0,0.0,0.0,0.0,0.0,0.0,0.0,0.0,0.0,0.0,0.0,0.0,0.0,0.0,0.0,0.0,0.0,0.0,0.0,0.0,0.0,0.0,0.0,0.0,0.0,0.0,0.0,0.0,0.0,0.0,0.0,0.0,0.0,0.0,0.0,0.0,1.0,0.0,0.0,0.0,0.0,0.0,2.0,0.0,0.0,0.0,0.0
78,2024,7,0.0,0.0,0.0,0.0,0.0,0.0,0.0,0.0,0.0,0.0,0.0,0.0,0.0,0.0,0.0,0.0,0.0,0.0,0.0,0.0,0.0,0.0,0.0,1.0,0.0,0.0,0.0,0.0,0.0,0.0,0.0,0.0,0.0,0.0,0.0,0.0,0.0,0.0,0.0,0.0,0.0,0.0,0.0,0.0,0.0,0.0,1.0,0.0,0.0,0.0,0.0,0.0,0.0,0.0,0.0,0.0,0.0
78,2024,8,0.0,0.0,0.0,0.0,0.0,0.0,0.0,0.0,0.0,0.0,0.0,0.0,0.0,0.0,0.0,0.0,0.0,1.0,0.0,0.0,0.0,0.0,0.0,1.0,0.0,0.0,0.0,0.0,0.0,0.0,0.0,0.0,0.0,0.0,0.0,0.0,0.0,0.0,0.0,0.0,0.0,0.0,0.0,0.0,0.0,0.0,0.0,0.0,0.0,0.0,0.0,0.0,0.0,1.0,0.0,0.0,0.0
78,2024,9,0.0,0.0,0.0,0.0,0.0,0.0,0.0,0.0,0.0,0.0,1.0,0.0,0.0,0.0,0.0,0.0,0.0,0.0,0.0,0.0,0.0,0.0,0.0,0.0,0.0,0.0,0.0,0.0,0.0,0.0,0.0,0.0,0.0,0.0,0.0,0.0,0.0,2.0,0.0,0.0,0.0,0.0,0.0,0.0,0.0,0.0,0.0,0.0,0.0,0.0,1.0,0.0,1.0,0.0,0.0,0.0,0.0
78,2024,10,0.0,0.0,0.0,0.0,0.0,0.0,0.0,1.0,0.0,0.0,1.0,0.0,0.0,0.0,0.0,0.0,0.0,3.0,0.0,0.0,0.0,0.0,0.0,1.0,0.0,2.0,0.0,0.0,0.0,0.0,0.0,0.0,0.0,0.0,0.0,0.0,0.0,1.0,0.0,0.0,0.0,0.0,0.0,0.0,0.0,0.0,9.0,0.0,0.0,0.0,0.0,0.0,0.0,1.0,0.0,0.0,0.0
78,2024,11,0.0,0.0,0.0,0.0,0.0,0.0,0.0,0.0,0.0,0.0,0.0,0.0,0.0,0.0,0.0,0.0,0.0,0.0,0.0,0.0,0.0,0.0,0.0,5.0,0.0,1.0,0.0,0.0,0.0,0.0,0.0,0.0,0.0,0.0,0.0,0.0,0.0,1.0,0.0,0.0,0.0,0.0,0.0,0.0,0.0,0.0,4.0,0.0,0.0,0.0,0.0,0.0,2.0,0.0,1.0,0.0,0.0
78,2024,12,0.0,0.0,0.0,0.0,0.0,0.0,0.0,0.0,0.0,0.0,1.0,0.0,0.0,0.0,0.0,0.0,0.0,0.0,0.0,0.0,0.0,0.0,0.0,11.0,0.0,4.0,0.0,0.0,0.0,0.0,0.0,0.0,0.0,0.0,2.0,0.0,0.0,1.0,1.0,0.0,1.0,0.0,0.0,0.0,0.0,0.0,13.0,0.0,0.0,0.0,1.0,0.0,0.0,0.0,0.0,0.0,0.0
78,2025,1,0.0,6.0,0.0,0.0,0.0,27.0,0.0,14.0,0.0,0.0,28.0,1.0,11.0,12.0,0.0,0.0,0.0,16.0,2.0,0.0,3.0,0.0,0.0,20.0,3.0,29.0,0.0,0.0,4.0,0.0,0.0,0.0,0.0,0.0,7.0,0.0,0.0,12.0,6.0,0.0,1.0,2.0,0.0,21.0,2.0,1.0,90.0,0.0,0.0,0.0,0.0,4.0,4.0,3.0,2.0,0.0,9.0
78,2025,2,0.0,5.0,0.0,0.0,0.0,16.0,0.0,9.0,0.0,0.0,23.0,4.0,9.0,6.0,0.0,0.0,0.0,11.0,6.0,0.0,2.0,0.0,0.0,25.0,5.0,36.0,0.0,0.0,0.0,0.0,0.0,0.0,0.0,0.0,6.0,0.0,0.0,9.0,5.0,0.0,1.0,1.0,0.0,38.0,0.0,2.0,108.0,0.0,0.0,0.0,1.0,3.0,1.0,1.0,4.0,0.0,17.0
78,2025,3,0.0,6.0,0.0,0.0,0.0,29.0,0.0,5.0,0.0,0.0,22.0,3.0,8.0,13.0,0.0,0.0,0.0,9.0,8.0,0.0,0.0,0.0,0.0,39.0,4.0,41.0,1.0,0.0,0.0,0.0,0.0,0.0,0.0,0.0,12.0,1.0,0.0,12.0,7.0,0.0,0.0,0.0,0.0,32.0,0.0,1.0,122.0,0.0,1.0,0.0,1.0,10.0,2.0,0.0,0.0,0.0,13.0
78,2025,4,0.0,7.0,0.0,0.0,0.0,18.0,0.0,8.0,0.0,0.0,13.0,1.0,13.0,12.0,0.0,0.0,0.0,10.0,3.0,0.0,3.0,0.0,0.0,34.0,4.0,35.0,0.0,0.0,0.0,0.0,0.0,0.0,0.0,0.0,9.0,0.0,0.0,9.0,9.0,0.0,3.0,0.0,0.0,30.0,2.0,0.0,102.0,3.0,0.0,0.0,1.0,6.0,5.0,1.0,0.0,0.0,15.0
78,2025,5,0.0,12.0,0.0,0.0,0.0,25.0,0.0,11.0,0.0,0.0,19.0,0.0,11.0,7.0,2.0,0.0,0.0,14.0,6.0,0.0,1.0,0.0,0.0,38.0,5.0,42.0,0.0,0.0,0.0,0.0,0.0,1.0,0.0,0.0,8.0,0.0,0.0,10.0,5.0,0.0,0.0,0.0,0.0,32.0,1.0,0.0,95.0,1.0,2.0,0.0,2.0,5.0,6.0,2.0,1.0,0.0,20.0
78,2025,6,0.0,4.0,0.0,0.0,0.0,36.0,1.0,9.0,0.0,0.0,22.0,0.0,5.0,8.0,0.0,0.0,0.0,12.0,7.0,0.0,0.0,0.0,0.0,30.0,7.0,43.0,0.0,0.0,0.0,0.0,0.0,0.0,0.0,0.0,9.0,1.0,0.0,10.0,4.0,0.0,1.0,0.0,0.0,30.0,1.0,1.0,114.0,0.0,0.0,0.0,2.0,6.0,3.0,2.0,1.0,0.0,18.0
78,2025,7,0.0,4.0,0.0,0.0,3.0,26.0,1.0,12.0,0.0,0.0,22.0,1.0,4.0,12.0,0.0,0.0,0.0,7.0,8.0,0.0,2.0,0.0,0.0,32.0,10.0,42.0,0.0,0.0,1.0,0.0,0.0,0.0,0.0,0.0,7.0,0.0,0.0,7.0,5.0,1.0,1.0,1.0,0.0,15.0,1.0,2.0,112.0,3.0,2.0,0.0,0.0,8.0,5.0,4.0,0.0,0.0,21.0
78,2025,8,0.0,10.0,0.0,0.0,0.0,27.0,0.0,9.0,0.0,0.0,22.0,5.0,2.0,4.0,0.0,0.0,0.0,18.0,4.0,0.0,1.0,0.0,0.0,32.0,6.0,39.0,0.0,0.0,4.0,0.0,0.0,0.0,0.0,0.0,7.0,0.0,0.0,8.0,6.0,0.0,0.0,0.0,0.0,9.0,1.0,3.0,103.0,2.0,1.0,0.0,1.0,8.0,6.0,1.0,3.0,0.0,8.0
78,2025,9,0.0,14.0,0.0,0.0,0.0,22.0,0.0,13.0,0.0,0.0,26.0,1.0,9.0,11.0,1.0,0.0,0.0,17.0,3.0,0.0,4.0,0.0,0.0,38.0,3.0,46.0,0.0,1.0,2.0,0.0,0.0,0.0,0.0,0.0,15.0,0.0,0.0,7.0,10.0,0.0,0.0,0.0,0.0,44.0,2.0,0.0,82.0,3.0,2.0,0.0,0.0,4.0,3.0,2.0,2.0,0.0,14.0
78,2025,10,0.0,15.0,0.0,0.0,0.0,25.0,0.0,11.0,0.0,0.0,23.0,5.0,12.0,9.0,0.0,0.0,2.0,12.0,5.0,0.0,2.0,0.0,0.0,41.0,10.0,49.0,0.0,0.0,0.0,0.0,0.0,0.0,0.0,0.0,9.0,0.0,0.0,4.0,13.0,0.0,2.0,1.0,0.0,22.0,2.0,1.0,94.0,1.0,1.0,0.0,2.0,10.0,5.0,1.0,1.0,0.0,10.0
78,2025,11,0.0,16.0,0.0,0.0,0.0,29.0,1.0,12.0,0.0,0.0,15.0,5.0,15.0,1.0,0.0,0.0,0.0,15.0,5.0,0.0,1.0,0.0,0.0,37.0,8.0,32.0,0.0,0.0,4.0,0.0,0.0,0.0,0.0,0.0,5.0,0.0,0.0,14.0,9.0,0.0,0.0,1.0,0.0,8.0,0.0,2.0,94.0,1.0,0.0,0.0,1.0,10.0,9.0,4.0,0.0,0.0,15.0
78,2025,12,0.0,13.0,0.0,0.0,0.0,27.0,0.0,8.0,0.0,0.0,15.0,4.0,12.0,2.0,1.0,0.0,0.0,13.0,6.0,0.0,0.0,0.0,0.0,23.0,5.0,31.0,0.0,0.0,0.0,0.0,0.0,0.0,0.0,0.0,13.0,0.0,0.0,13.0,4.0,0.0,0.0,1.0,0.0,20.0,3.0,0.0,83.0,0.0,3.0,0.0,0.0,4.0,6.0,3.0,0.0,0.0,16.0
79,2024,1,0.0,0.0,0.0,0.0,0.0,0.0,0.0,0.0,0.0,0.0,0.0,0.0,0.0,0.0,0.0,0.0,0.0,1.0,0.0,0.0,0.0,0.0,0.0,0.0,0.0,0.0,0.0,0.0,0.0,0.0,0.0,0.0,0.0,0.0,0.0,0.0,0.0,0.0,0.0,0.0,0.0,0.0,0.0,0.0,0.0,0.0,1.0,0.0,0.0,0.0,0.0,0.0,0.0,0.0,0.0,0.0,0.0
79,2024,2,0.0,0.0,0.0,0.0,0.0,0.0,0.0,0.0,0.0,0.0,1.0,0.0,0.0,0.0,0.0,0.0,0.0,0.0,0.0,0.0,0.0,0.0,0.0,0.0,0.0,1.0,0.0,0.0,0.0,0.0,0.0,0.0,0.0,0.0,1.0,0.0,0.0,0.0,0.0,0.0,0.0,0.0,0.0,0.0,0.0,0.0,0.0,0.0,0.0,0.0,1.0,0.0,0.0,2.0,0.0,0.0,0.0
79,2024,3,0.0,0.0,0.0,0.0,0.0,0.0,0.0,0.0,0.0,0.0,1.0,0.0,0.0,0.0,0.0,0.0,0.0,0.0,0.0,0.0,0.0,0.0,0.0,0.0,0.0,0.0,0.0,0.0,0.0,0.0,0.0,0.0,0.0,0.0,0.0,0.0,0.0,0.0,0.0,0.0,0.0,0.0,0.0,0.0,0.0,0.0,1.0,0.0,0.0,0.0,0.0,0.0,0.0,0.0,0.0,0.0,0.0
79,2024,4,0.0,0.0,0.0,0.0,0.0,0.0,0.0,0.0,0.0,0.0,0.0,0.0,0.0,0.0,0.0,0.0,0.0,0.0,0.0,0.0,0.0,0.0,0.0,0.0,0.0,0.0,0.0,0.0,0.0,0.0,0.0,0.0,0.0,0.0,0.0,0.0,0.0,0.0,0.0,0.0,0.0,0.0,0.0,0.0,0.0,0.0,2.0,0.0,0.0,0.0,0.0,0.0,0.0,1.0,0.0,0.0,0.0
79,2024,5,0.0,0.0,0.0,0.0,0.0,0.0,0.0,0.0,0.0,0.0,0.0,0.0,0.0,0.0,0.0,0.0,0.0,0.0,1.0,0.0,0.0,0.0,0.0,2.0,0.0,0.0,0.0,0.0,0.0,0.0,0.0,0.0,0.0,0.0,0.0,0.0,0.0,0.0,0.0,0.0,0.0,0.0,0.0,0.0,0.0,0.0,1.0,0.0,0.0,0.0,0.0,0.0,0.0,0.0,0.0,0.0,0.0
79,2024,6,0.0,0.0,0.0,0.0,0.0,0.0,0.0,0.0,0.0,0.0,1.0,0.0,0.0,0.0,0.0,0.0,0.0,0.0,0.0,0.0,0.0,0.0,0.0,1.0,0.0,0.0,0.0,0.0,0.0,0.0,0.0,0.0,0.0,0.0,0.0,0.0,0.0,0.0,0.0,0.0,0.0,0.0,0.0,0.0,0.0,0.0,0.0,0.0,0.0,0.0,1.0,0.0,0.0,0.0,0.0,0.0,0.0
79,2024,7,0.0,0.0,0.0,0.0,0.0,0.0,0.0,0.0,0.0,0.0,0.0,0.0,0.0,0.0,0.0,0.0,0.0,0.0,0.0,0.0,1.0,0.0,0.0,0.0,0.0,0.0,0.0,0.0,0.0,0.0,0.0,0.0,0.0,0.0,0.0,0.0,0.0,0.0,0.0,0.0,0.0,0.0,0.0,0.0,0.0,0.0,1.0,0.0,0.0,0.0,0.0,0.0,0.0,0.0,0.0,0.0,0.0
79,2024,8,0.0,0.0,0.0,0.0,0.0,0.0,0.0,0.0,0.0,0.0,0.0,0.0,0.0,0.0,0.0,0.0,0.0,1.0,0.0,0.0,0.0,0.0,0.0,0.0,0.0,1.0,0.0,0.0,0.0,0.0,0.0,0.0,0.0,0.0,0.0,0.0,0.0,1.0,0.0,0.0,0.0,0.0,0.0,0.0,0.0,0.0,1.0,0.0,0.0,0.0,0.0,0.0,0.0,2.0,0.0,0.0,0.0
79,2024,9,0.0,0.0,0.0,0.0,0.0,0.0,0.0,0.0,0.0,0.0,0.0,0.0,0.0,0.0,0.0,0.0,0.0,0.0,0.0,0.0,0.0,0.0,0.0,1.0,1.0,0.0,0.0,0.0,0.0,0.0,0.0,0.0,0.0,0.0,0.0,0.0,0.0,0.0,0.0,0.0,0.0,0.0,0.0,0.0,0.0,0.0,1.0,0.0,0.0,0.0,1.0,0.0,0.0,0.0,0.0,0.0,0.0
79,2024,10,0.0,0.0,0.0,0.0,0.0,0.0,0.0,0.0,0.0,0.0,1.0,0.0,0.0,0.0,0.0,0.0,0.0,0.0,0.0,0.0,0.0,0.0,0.0,1.0,0.0,1.0,0.0,0.0,0.0,0.0,0.0,0.0,0.0,0.0,1.0,0.0,0.0,0.0,0.0,0.0,0.0,0.0,0.0,0.0,0.0,0.0,3.0,0.0,0.0,0.0,0.0,0.0,2.0,0.0,0.0,0.0,0.0
79,2024,11,0.0,0.0,0.0,0.0,0.0,0.0,0.0,0.0,0.0,0.0,5.0,0.0,0.0,0.0,0.0,0.0,0.0,1.0,1.0,0.0,0.0,0.0,0.0,2.0,0.0,0.0,0.0,0.0,0.0,0.0,0.0,0.0,0.0,0.0,0.0,0.0,0.0,2.0,0.0,0.0,0.0,0.0,0.0,0.0,0.0,0.0,5.0,0.0,1.0,0.0,0.0,0.0,0.0,1.0,0.0,0.0,0.0
79,2024,12,0.0,1.0,0.0,0.0,0.0,1.0,0.0,1.0,0.0,0.0,2.0,0.0,0.0,0.0,0.0,0.0,0.0,1.0,0.0,0.0,0.0,0.0,0.0,5.0,0.0,7.0,0.0,0.0,0.0,0.0,0.0,0.0,0.0,0.0,2.0,0.0,0.0,3.0,0.0,0.0,0.0,0.0,0.0,0.0,1.0,0.0,10.0,0.0,0.0,0.0,1.0,0.0,1.0,1.0,1.0,0.0,0.0
79,2025,1,0.0,1.0,0.0,0.0,0.0,49.0,1.0,9.0,0.0,0.0,30.0,11.0,29.0,20.0,0.0,0.0,0.0,31.0,9.0,0.0,1.0,0.0,1.0,22.0,5.0,110.0,0.0,0.0,5.0,0.0,0.0,0.0,0.0,0.0,39.0,0.0,0.0,21.0,11.0,0.0,2.0,3.0,0.0,23.0,10.0,0.0,90.0,0.0,1.0,0.0,1.0,12.0,6.0,4.0,2.0,0.0,56.0
79,2025,2,0.0,4.0,0.0,0.0,0.0,75.0,0.0,20.0,0.0,0.0,67.0,10.0,21.0,12.0,0.0,0.0,0.0,27.0,3.0,0.0,1.0,0.0,0.0,23.0,6.0,97.0,0.0,0.0,5.0,0.0,0.0,0.0,0.0,0.0,28.0,1.0,0.0,23.0,17.0,0.0,3.0,1.0,0.0,33.0,8.0,0.0,93.0,0.0,5.0,0.0,1.0,7.0,10.0,4.0,2.0,0.0,47.0
79,2025,3,0.0,7.0,0.0,1.0,2.0,65.0,2.0,13.0,0.0,0.0,35.0,5.0,36.0,10.0,0.0,0.0,0.0,34.0,9.0,0.0,3.0,0.0,1.0,31.0,9.0,105.0,0.0,0.0,9.0,0.0,0.0,0.0,0.0,0.0,25.0,2.0,0.0,27.0,22.0,0.0,1.0,5.0,0.0,37.0,7.0,0.0,149.0,3.0,2.0,0.0,1.0,14.0,6.0,4.0,2.0,1.0,38.0
79,2025,4,1.0,9.0,0.0,0.0,0.0,67.0,1.0,8.0,0.0,0.0,47.0,9.0,34.0,11.0,1.0,0.0,0.0,45.0,8.0,0.0,3.0,0.0,1.0,34.0,12.0,125.0,0.0,0.0,6.0,0.0,0.0,1.0,0.0,0.0,40.0,0.0,0.0,33.0,16.0,0.0,1.0,2.0,0.0,34.0,6.0,0.0,135.0,1.0,0.0,0.0,0.0,22.0,8.0,1.0,1.0,0.0,26.0
79,2025,5,0.0,5.0,0.0,0.0,0.0,65.0,1.0,12.0,0.0,0.0,54.0,11.0,27.0,14.0,2.0,0.0,0.0,54.0,6.0,0.0,3.0,0.0,1.0,34.0,9.0,119.0,0.0,0.0,5.0,0.0,0.0,0.0,0.0,0.0,28.0,1.0,0.0,16.0,25.0,0.0,1.0,2.0,0.0,21.0,6.0,0.0,116.0,1.0,1.0,0.0,2.0,21.0,3.0,5.0,2.0,0.0,35.0
79,2025,6,0.0,4.0,0.0,0.0,1.0,76.0,1.0,10.0,0.0,0.0,44.0,7.0,22.0,15.0,0.0,0.0,0.0,40.0,6.0,0.0,3.0,0.0,0.0,32.0,6.0,127.0,0.0,0.0,10.0,0.0,0.0,0.0,0.0,0.0,37.0,1.0,0.0,17.0,15.0,1.0,1.0,3.0,0.0,18.0,5.0,0.0,114.0,0.0,1.0,0.0,1.0,29.0,10.0,2.0,2.0,0.0,42.0
79,2025,7,0.0,11.0,0.0,0.0,0.0,71.0,0.0,16.0,0.0,0.0,50.0,11.0,15.0,17.0,0.0,0.0,0.0,43.0,4.0,0.0,5.0,0.0,0.0,54.0,19.0,124.0,0.0,0.0,6.0,0.0,0.0,0.0,0.0,0.0,36.0,1.0,0.0,24.0,24.0,0.0,2.0,2.0,0.0,21.0,10.0,0.0,135.0,3.0,1.0,1.0,0.0,13.0,11.0,7.0,2.0,0.0,42.0
79,2025,8,0.0,6.0,0.0,0.0,0.0,65.0,1.0,18.0,0.0,0.0,40.0,15.0,23.0,18.0,0.0,0.0,0.0,50.0,4.0,0.0,2.0,0.0,3.0,54.0,11.0,112.0,0.0,0.0,3.0,0.0,0.0,1.0,0.0,0.0,47.0,0.0,0.0,17.0,31.0,0.0,1.0,0.0,0.0,30.0,9.0,0.0,154.0,7.0,5.0,0.0,3.0,18.0,10.0,3.0,0.0,0.0,38.0
79,2025,9,0.0,6.0,0.0,0.0,0.0,67.0,1.0,13.0,0.0,0.0,51.0,9.0,36.0,19.0,0.0,0.0,0.0,55.0,6.0,0.0,5.0,0.0,0.0,50.0,8.0,115.0,0.0,0.0,9.0,0.0,0.0,0.0,0.0,0.0,35.0,1.0,0.0,18.0,24.0,1.0,3.0,4.0,0.0,48.0,11.0,1.0,137.0,2.0,2.0,0.0,2.0,16.0,6.0,5.0,1.0,0.0,38.0
79,2025,10,0.0,5.0,0.0,0.0,0.0,64.0,0.0,24.0,0.0,0.0,34.0,10.0,30.0,15.0,0.0,0.0,0.0,30.0,9.0,0.0,2.0,0.0,0.0,36.0,9.0,119.0,0.0,0.0,5.0,0.0,0.0,0.0,0.0,0.0,37.0,0.0,0.0,35.0,18.0,0.0,2.0,1.0,0.0,37.0,9.0,0.0,108.0,3.0,0.0,0.0,1.0,14.0,7.0,2.0,0.0,0.0,34.0
79,2025,11,0.0,3.0,0.0,0.0,0.0,78.0,0.0,17.0,0.0,0.0,26.0,8.0,20.0,5.0,0.0,0.0,0.0,30.0,6.0,0.0,2.0,0.0,1.0,35.0,8.0,123.0,0.0,0.0,8.0,0.0,0.0,0.0,0.0,0.0,33.0,0.0,0.0,17.0,12.0,0.0,0.0,1.0,0.0,22.0,7.0,3.0,97.0,0.0,0.0,0.0,0.0,15.0,9.0,2.0,2.0,0.0,45.0
79,2025,12,0.0,3.0,0.0,0.0,0.0,53.0,0.0,12.0,0.0,0.0,30.0,15.0,18.0,15.0,0.0,0.0,0.0,37.0,7.0,0.0,1.0,0.0,0.0,29.0,11.0,93.0,0.0,0.0,4.0,0.0,0.0,0.0,0.0,0.0,24.0,0.0,0.0,19.0,10.0,0.0,0.0,0.0,0.0,18.0,2.0,1.0,102.0,0.0,0.0,0.0,0.0,16.0,4.0,0.0,0.0,0.0,34.0
81,2024,1,0.0,0.0,0.0,0.0,0.0,1.0,0.0,0.0,0.0,0.0,1.0,0.0,0.0,0.0,0.0,0.0,0.0,0.0,0.0,0.0,0.0,0.0,0.0,0.0,0.0,0.0,0.0,0.0,0.0,0.0,0.0,0.0,0.0,0.0,0.0,0.0,0.0,0.0,0.0,0.0,0.0,0.0,0.0,1.0,0.0,0.0,0.0,0.0,0.0,0.0,0.0,0.0,0.0,0.0,0.0,0.0,0.0
81,2024,2,0.0,0.0,0.0,0.0,0.0,0.0,0.0,0.0,0.0,0.0,0.0,0.0,0.0,0.0,0.0,0.0,0.0,0.0,0.0,0.0,0.0,0.0,0.0,1.0,0.0,0.0,0.0,0.0,0.0,0.0,0.0,0.0,0.0,0.0,0.0,0.0,0.0,1.0,0.0,0.0,0.0,0.0,0.0,0.0,0.0,0.0,0.0,0.0,0.0,0.0,1.0,0.0,0.0,0.0,0.0,0.0,0.0
81,2024,3,0.0,0.0,0.0,0.0,0.0,0.0,0.0,0.0,0.0,0.0,1.0,0.0,0.0,0.0,0.0,0.0,0.0,0.0,0.0,0.0,0.0,0.0,0.0,0.0,0.0,0.0,0.0,0.0,0.0,0.0,0.0,0.0,0.0,0.0,0.0,0.0,0.0,0.0,0.0,0.0,0.0,0.0,0.0,0.0,0.0,0.0,0.0,0.0,0.0,0.0,0.0,0.0,0.0,0.0,0.0,0.0,0.0
81,2024,4,0.0,0.0,0.0,0.0,0.0,0.0,0.0,0.0,0.0,0.0,0.0,0.0,0.0,0.0,0.0,0.0,0.0,0.0,0.0,0.0,0.0,0.0,0.0,0.0,0.0,0.0,0.0,0.0,0.0,0.0,0.0,0.0,0.0,0.0,1.0,0.0,0.0,0.0,0.0,0.0,0.0,0.0,0.0,0.0,0.0,0.0,1.0,0.0,0.0,0.0,0.0,0.0,0.0,0.0,0.0,0.0,0.0
81,2024,5,0.0,0.0,0.0,0.0,0.0,0.0,0.0,0.0,0.0,0.0,0.0,0.0,0.0,0.0,0.0,0.0,0.0,0.0,0.0,0.0,0.0,0.0,0.0,1.0,0.0,0.0,0.0,0.0,0.0,0.0,0.0,0.0,0.0,0.0,0.0,0.0,0.0,0.0,0.0,0.0,0.0,0.0,0.0,0.0,0.0,0.0,0.0,0.0,0.0,0.0,0.0,0.0,1.0,0.0,0.0,0.0,0.0
81,2024,6,0.0,0.0,0.0,0.0,0.0,0.0,0.0,0.0,0.0,0.0,0.0,0.0,0.0,0.0,0.0,0.0,0.0,0.0,0.0,0.0,0.0,0.0,0.0,0.0,0.0,0.0,0.0,0.0,0.0,0.0,0.0,0.0,0.0,0.0,0.0,0.0,0.0,1.0,0.0,0.0,0.0,0.0,0.0,0.0,0.0,0.0,1.0,0.0,0.0,0.0,1.0,0.0,1.0,0.0,0.0,0.0,0.0
81,2024,7,0.0,0.0,0.0,0.0,0.0,0.0,0.0,0.0,0.0,0.0,0.0,0.0,0.0,0.0,0.0,0.0,0.0,0.0,0.0,0.0,0.0,0.0,0.0,0.0,0.0,1.0,0.0,0.0,0.0,0.0,0.0,0.0,0.0,0.0,0.0,0.0,0.0,1.0,0.0,0.0,0.0,0.0,0.0,0.0,0.0,0.0,0.0,0.0,0.0,0.0,0.0,0.0,0.0,0.0,0.0,0.0,0.0
81,2024,9,0.0,0.0,0.0,0.0,0.0,0.0,0.0,0.0,0.0,0.0,0.0,0.0,0.0,0.0,0.0,0.0,0.0,0.0,0.0,0.0,0.0,0.0,0.0,1.0,0.0,0.0,0.0,0.0,0.0,0.0,0.0,0.0,0.0,0.0,0.0,0.0,0.0,1.0,0.0,0.0,0.0,0.0,0.0,0.0,0.0,0.0,0.0,0.0,0.0,0.0,0.0,0.0,0.0,0.0,0.0,0.0,0.0
81,2024,10,0.0,0.0,0.0,0.0,0.0,1.0,0.0,0.0,0.0,0.0,0.0,0.0,0.0,0.0,0.0,0.0,0.0,1.0,0.0,0.0,1.0,0.0,0.0,1.0,0.0,0.0,0.0,0.0,0.0,0.0,0.0,0.0,0.0,0.0,0.0,0.0,0.0,1.0,0.0,0.0,1.0,0.0,0.0,0.0,0.0,0.0,3.0,0.0,0.0,0.0,0.0,0.0,2.0,1.0,0.0,0.0,0.0
81,2024,11,0.0,0.0,0.0,0.0,0.0,0.0,0.0,0.0,0.0,0.0,1.0,0.0,0.0,0.0,0.0,0.0,0.0,1.0,0.0,0.0,0.0,0.0,0.0,2.0,1.0,0.0,0.0,0.0,0.0,0.0,0.0,0.0,0.0,0.0,0.0,1.0,0.0,1.0,0.0,0.0,0.0,0.0,0.0,0.0,0.0,0.0,1.0,0.0,0.0,0.0,0.0,0.0,0.0,0.0,0.0,0.0,0.0
81,2024,12,0.0,0.0,0.0,0.0,0.0,3.0,0.0,3.0,0.0,0.0,3.0,0.0,0.0,0.0,0.0,0.0,0.0,1.0,0.0,0.0,1.0,0.0,0.0,4.0,0.0,4.0,0.0,0.0,0.0,0.0,0.0,0.0,0.0,0.0,3.0,0.0,0.0,1.0,0.0,0.0,0.0,0.0,0.0,0.0,0.0,0.0,12.0,0.0,0.0,0.0,1.0,0.0,3.0,1.0,1.0,0.0,0.0
81,2025,1,0.0,2.0,0.0,0.0,2.0,43.0,0.0,8.0,1.0,0.0,28.0,4.0,13.0,14.0,0.0,0.0,0.0,21.0,2.0,0.0,2.0,0.0,0.0,18.0,5.0,58.0,0.0,0.0,1.0,0.0,0.0,0.0,0.0,0.0,25.0,0.0,0.0,14.0,5.0,0.0,2.0,5.0,0.0,106.0,6.0,2.0,52.0,0.0,2.0,0.0,2.0,11.0,4.0,1.0,0.0,0.0,34.0
81,2025,2,0.0,2.0,0.0,0.0,0.0,41.0,2.0,9.0,1.0,0.0,34.0,3.0,10.0,14.0,0.0,0.0,0.0,11.0,3.0,0.0,3.0,0.0,1.0,20.0,9.0,59.0,0.0,0.0,0.0,0.0,0.0,0.0,0.0,0.0,12.0,0.0,0.0,15.0,5.0,1.0,1.0,4.0,0.0,95.0,5.0,1.0,40.0,1.0,1.0,0.0,3.0,7.0,1.0,5.0,2.0,0.0,30.0
81,2025,3,0.0,7.0,0.0,0.0,0.0,44.0,1.0,5.0,0.0,0.0,44.0,3.0,12.0,18.0,0.0,0.0,0.0,23.0,4.0,0.0,2.0,0.0,1.0,21.0,10.0,60.0,0.0,0.0,2.0,0.0,0.0,0.0,0.0,0.0,21.0,1.0,0.0,11.0,9.0,0.0,0.0,4.0,0.0,73.0,6.0,2.0,53.0,1.0,3.0,0.0,0.0,10.0,3.0,3.0,2.0,1.0,27.0
81,2025,4,0.0,9.0,0.0,0.0,1.0,44.0,0.0,4.0,0.0,0.0,25.0,2.0,18.0,15.0,0.0,0.0,0.0,19.0,8.0,0.0,1.0,0.0,1.0,26.0,6.0,73.0,0.0,0.0,0.0,0.0,0.0,0.0,0.0,0.0,20.0,0.0,0.0,20.0,3.0,0.0,1.0,2.0,0.0,51.0,4.0,0.0,53.0,2.0,1.0,0.0,0.0,9.0,5.0,2.0,3.0,0.0,12.0
81,2025,5,0.0,2.0,0.0,0.0,0.0,55.0,1.0,10.0,0.0,0.0,36.0,6.0,8.0,17.0,0.0,0.0,0.0,23.0,4.0,0.0,2.0,0.0,1.0,23.0,2.0,70.0,0.0,0.0,1.0,0.0,0.0,0.0,0.0,0.0,23.0,1.0,0.0,12.0,7.0,0.0,1.0,2.0,0.0,50.0,5.0,0.0,54.0,2.0,1.0,0.0,1.0,18.0,2.0,3.0,1.0,0.0,16.0
81,2025,6,0.0,5.0,0.0,0.0,1.0,58.0,0.0,2.0,0.0,0.0,29.0,6.0,11.0,13.0,0.0,0.0,0.0,19.0,2.0,0.0,3.0,0.0,0.0,25.0,9.0,87.0,0.0,0.0,2.0,0.0,0.0,0.0,0.0,0.0,23.0,0.0,0.0,11.0,7.0,0.0,1.0,2.0,0.0,43.0,7.0,0.0,58.0,3.0,5.0,0.0,1.0,11.0,3.0,4.0,0.0,0.0,17.0
81,2025,7,0.0,2.0,0.0,0.0,1.0,44.0,0.0,13.0,0.0,0.0,35.0,1.0,10.0,8.0,0.0,0.0,0.0,24.0,4.0,0.0,1.0,0.0,0.0,27.0,11.0,62.0,0.0,0.0,0.0,0.0,0.0,0.0,0.0,0.0,17.0,0.0,0.0,12.0,4.0,0.0,0.0,0.0,0.0,57.0,7.0,0.0,75.0,1.0,1.0,0.0,0.0,11.0,6.0,1.0,0.0,0.0,17.0
81,2025,8,0.0,4.0,0.0,0.0,1.0,43.0,2.0,5.0,0.0,0.0,33.0,3.0,7.0,16.0,2.0,0.0,0.0,15.0,3.0,0.0,2.0,0.0,0.0,21.0,7.0,78.0,0.0,0.0,1.0,0.0,0.0,0.0,0.0,0.0,26.0,0.0,0.0,10.0,4.0,0.0,1.0,1.0,0.0,82.0,3.0,0.0,84.0,3.0,2.0,0.0,2.0,8.0,7.0,4.0,0.0,0.0,17.0
81,2025,9,0.0,5.0,0.0,0.0,1.0,58.0,0.0,15.0,0.0,0.0,32.0,6.0,11.0,11.0,0.0,0.0,0.0,28.0,5.0,0.0,2.0,0.0,0.0,35.0,6.0,74.0,0.0,0.0,2.0,0.0,0.0,0.0,0.0,0.0,18.0,0.0,0.0,15.0,4.0,0.0,0.0,2.0,0.0,80.0,7.0,0.0,70.0,1.0,0.0,0.0,1.0,9.0,3.0,5.0,0.0,0.0,23.0
81,2025,10,0.0,3.0,0.0,0.0,4.0,55.0,1.0,10.0,0.0,0.0,28.0,2.0,14.0,13.0,0.0,0.0,0.0,22.0,7.0,0.0,1.0,0.0,0.0,12.0,5.0,66.0,0.0,0.0,0.0,0.0,0.0,0.0,0.0,0.0,19.0,0.0,0.0,10.0,5.0,1.0,1.0,3.0,0.0,85.0,5.0,3.0,53.0,2.0,4.0,0.0,0.0,8.0,1.0,3.0,1.0,0.0,26.0
81,2025,11,0.0,1.0,0.0,0.0,0.0,46.0,0.0,9.0,0.0,0.0,35.0,1.0,10.0,9.0,0.0,0.0,0.0,17.0,4.0,0.0,2.0,0.0,0.0,27.0,7.0,62.0,0.0,0.0,7.0,0.0,0.0,0.0,0.0,0.0,15.0,0.0,0.0,19.0,4.0,0.0,1.0,2.0,0.0,41.0,6.0,1.0,55.0,2.0,2.0,0.0,2.0,7.0,4.0,1.0,2.0,0.0,20.0
81,2025,12,0.0,2.0,0.0,0.0,0.0,48.0,0.0,3.0,0.0,0.0,28.0,9.0,5.0,10.0,0.0,0.0,0.0,16.0,6.0,0.0,1.0,0.0,1.0,27.0,3.0,52.0,0.0,0.0,0.0,0.0,0.0,0.0,0.0,0.0,11.0,0.0,0.0,16.0,2.0,0.0,0.0,1.0,0.0,16.0,1.0,1.0,63.0,0.0,1.0,0.0,0.0,12.0,7.0,1.0,0.0,0.0,15.0
83,2024,1,0.0,0.0,0.0,0.0,0.0,1.0,0.0,0.0,0.0,0.0,1.0,0.0,0.0,0.0,0.0,0.0,0.0,0.0,0.0,0.0,0.0,0.0,0.0,1.0,0.0,2.0,0.0,0.0,0.0,0.0,0.0,0.0,0.0,0.0,0.0,0.0,0.0,1.0,0.0,0.0,0.0,0.0,0.0,0.0,0.0,0.0,0.0,0.0,0.0,0.0,0.0,0.0,0.0,0.0,0.0,0.0,0.0
83,2024,2,0.0,0.0,0.0,0.0,0.0,1.0,0.0,0.0,0.0,0.0,0.0,0.0,1.0,0.0,0.0,0.0,0.0,0.0,0.0,0.0,0.0,0.0,0.0,0.0,0.0,1.0,0.0,0.0,0.0,0.0,0.0,0.0,0.0,0.0,0.0,0.0,0.0,0.0,0.0,0.0,0.0,0.0,0.0,0.0,0.0,0.0,0.0,0.0,0.0,0.0,1.0,0.0,0.0,0.0,0.0,0.0,0.0
83,2024,3,0.0,0.0,0.0,0.0,0.0,2.0,0.0,0.0,0.0,0.0,0.0,0.0,0.0,0.0,0.0,0.0,0.0,1.0,0.0,0.0,0.0,0.0,0.0,0.0,0.0,0.0,0.0,0.0,0.0,0.0,0.0,0.0,0.0,0.0,1.0,0.0,0.0,0.0,0.0,0.0,0.0,0.0,0.0,0.0,0.0,0.0,1.0,0.0,0.0,0.0,0.0,0.0,0.0,0.0,0.0,0.0,0.0
83,2024,4,0.0,1.0,0.0,0.0,0.0,0.0,0.0,0.0,0.0,0.0,0.0,0.0,0.0,0.0,0.0,0.0,0.0,0.0,0.0,0.0,0.0,0.0,0.0,1.0,0.0,1.0,0.0,0.0,0.0,0.0,0.0,0.0,0.0,0.0,0.0,0.0,0.0,0.0,0.0,0.0,0.0,0.0,0.0,0.0,0.0,0.0,0.0,0.0,0.0,0.0,0.0,0.0,1.0,0.0,0.0,0.0,0.0
83,2024,5,0.0,0.0,0.0,0.0,0.0,0.0,0.0,0.0,0.0,0.0,0.0,0.0,0.0,0.0,0.0,0.0,0.0,0.0,0.0,0.0,0.0,0.0,0.0,0.0,0.0,0.0,0.0,0.0,0.0,0.0,0.0,0.0,0.0,0.0,0.0,0.0,0.0,0.0,0.0,0.0,0.0,0.0,0.0,0.0,0.0,0.0,0.0,0.0,0.0,0.0,0.0,0.0,1.0,0.0,0.0,0.0,0.0
83,2024,6,0.0,0.0,0.0,0.0,0.0,0.0,0.0,0.0,0.0,0.0,0.0,0.0,0.0,0.0,0.0,0.0,0.0,0.0,0.0,0.0,1.0,0.0,0.0,2.0,0.0,0.0,0.0,0.0,0.0,0.0,0.0,0.0,0.0,0.0,0.0,0.0,0.0,0.0,0.0,0.0,0.0,0.0,0.0,0.0,0.0,0.0,0.0,0.0,0.0,0.0,0.0,0.0,0.0,0.0,0.0,0.0,0.0
83,2024,7,0.0,0.0,0.0,0.0,0.0,0.0,0.0,0.0,0.0,0.0,0.0,0.0,1.0,0.0,0.0,0.0,0.0,0.0,0.0,0.0,0.0,0.0,0.0,1.0,1.0,1.0,0.0,0.0,0.0,0.0,0.0,0.0,0.0,0.0,0.0,0.0,0.0,0.0,0.0,0.0,0.0,0.0,0.0,0.0,0.0,0.0,0.0,0.0,0.0,0.0,0.0,0.0,0.0,0.0,0.0,0.0,0.0
83,2024,8,0.0,0.0,0.0,0.0,0.0,1.0,0.0,0.0,0.0,0.0,0.0,0.0,0.0,0.0,0.0,0.0,0.0,0.0,0.0,0.0,2.0,0.0,0.0,1.0,0.0,0.0,0.0,0.0,0.0,0.0,0.0,0.0,0.0,0.0,0.0,0.0,0.0,0.0,0.0,0.0,0.0,0.0,0.0,0.0,1.0,0.0,2.0,0.0,0.0,0.0,1.0,0.0,1.0,0.0,0.0,0.0,0.0
83,2024,9,0.0,0.0,0.0,0.0,0.0,0.0,0.0,0.0,0.0,0.0,0.0,0.0,0.0,0.0,0.0,0.0,0.0,0.0,0.0,0.0,0.0,0.0,0.0,3.0,0.0,0.0,0.0,0.0,0.0,0.0,0.0,0.0,0.0,0.0,0.0,0.0,0.0,0.0,0.0,0.0,0.0,0.0,0.0,0.0,0.0,0.0,1.0,0.0,0.0,0.0,0.0,0.0,1.0,0.0,0.0,0.0,0.0
83,2024,10,0.0,0.0,0.0,0.0,0.0,0.0,0.0,0.0,0.0,0.0,1.0,0.0,1.0,0.0,0.0,0.0,0.0,0.0,0.0,0.0,0.0,0.0,0.0,1.0,0.0,1.0,0.0,0.0,0.0,0.0,0.0,0.0,0.0,0.0,0.0,0.0,0.0,0.0,0.0,0.0,0.0,0.0,0.0,0.0,0.0,0.0,0.0,0.0,0.0,0.0,0.0,0.0,1.0,0.0,0.0,0.0,0.0
83,2024,11,0.0,0.0,0.0,0.0,0.0,2.0,0.0,0.0,0.0,0.0,0.0,1.0,0.0,0.0,0.0,0.0,0.0,0.0,0.0,0.0,0.0,0.0,0.0,3.0,1.0,1.0,0.0,0.0,0.0,0.0,0.0,0.0,0.0,0.0,1.0,0.0,0.0,1.0,0.0,0.0,0.0,0.0,0.0,0.0,0.0,0.0,2.0,0.0,0.0,0.0,0.0,1.0,1.0,0.0,0.0,0.0,0.0
83,2024,12,0.0,0.0,0.0,0.0,0.0,1.0,0.0,1.0,0.0,0.0,1.0,0.0,1.0,0.0,0.0,0.0,0.0,2.0,1.0,0.0,0.0,0.0,0.0,8.0,1.0,3.0,0.0,0.0,0.0,0.0,0.0,0.0,0.0,0.0,0.0,0.0,0.0,5.0,0.0,0.0,0.0,0.0,0.0,0.0,0.0,0.0,18.0,0.0,0.0,0.0,0.0,1.0,1.0,2.0,0.0,0.0,0.0
83,2025,1,0.0,7.0,1.0,0.0,0.0,70.0,4.0,14.0,0.0,0.0,54.0,10.0,29.0,10.0,0.0,0.0,0.0,29.0,8.0,0.0,2.0,0.0,0.0,36.0,5.0,69.0,0.0,0.0,7.0,0.0,0.0,0.0,0.0,0.0,28.0,1.0,0.0,14.0,9.0,0.0,2.0,3.0,0.0,17.0,10.0,1.0,86.0,0.0,4.0,0.0,2.0,11.0,13.0,2.0,2.0,0.0,39.0
83,2025,2,0.0,10.0,0.0,0.0,0.0,64.0,2.0,13.0,0.0,0.0,53.0,7.0,35.0,7.0,0.0,0.0,0.0,27.0,4.0,0.0,3.0,0.0,0.0,50.0,15.0,74.0,0.0,0.0,6.0,0.0,0.0,0.0,0.0,0.0,22.0,1.0,0.0,20.0,9.0,0.0,2.0,3.0,1.0,39.0,5.0,1.0,73.0,0.0,5.0,0.0,2.0,11.0,8.0,1.0,0.0,0.0,25.0
83,2025,3,0.0,16.0,0.0,0.0,0.0,77.0,0.0,13.0,0.0,0.0,61.0,12.0,38.0,11.0,0.0,0.0,0.0,27.0,5.0,0.0,4.0,0.0,2.0,38.0,13.0,89.0,0.0,0.0,12.0,0.0,0.0,0.0,0.0,0.0,30.0,1.0,0.0,20.0,7.0,0.0,0.0,2.0,0.0,37.0,7.0,0.0,77.0,3.0,1.0,0.0,3.0,19.0,16.0,2.0,2.0,0.0,43.0
83,2025,4,0.0,25.0,0.0,0.0,1.0,88.0,2.0,8.0,0.0,1.0,45.0,4.0,44.0,6.0,0.0,0.0,0.0,21.0,7.0,0.0,3.0,0.0,1.0,34.0,15.0,97.0,0.0,0.0,7.0,0.0,0.0,0.0,0.0,0.0,24.0,2.0,0.0,18.0,14.0,0.0,4.0,2.0,0.0,27.0,5.0,1.0,74.0,1.0,1.0,0.0,3.0,18.0,7.0,3.0,0.0,0.0,41.0
83,2025,5,0.0,16.0,1.0,0.0,0.0,104.0,3.0,8.0,0.0,1.0,48.0,5.0,38.0,14.0,0.0,0.0,0.0,27.0,4.0,0.0,4.0,0.0,0.0,53.0,12.0,99.0,0.0,0.0,5.0,0.0,0.0,1.0,0.0,0.0,32.0,0.0,0.0,26.0,16.0,0.0,1.0,1.0,0.0,25.0,7.0,1.0,83.0,4.0,6.0,0.0,2.0,22.0,12.0,1.0,3.0,0.0,41.0
83,2025,6,0.0,14.0,1.0,0.0,1.0,96.0,1.0,12.0,0.0,0.0,60.0,3.0,37.0,11.0,0.0,0.0,0.0,50.0,5.0,0.0,4.0,0.0,0.0,58.0,13.0,95.0,0.0,0.0,4.0,0.0,0.0,0.0,0.0,0.0,35.0,1.0,0.0,13.0,24.0,1.0,3.0,1.0,0.0,39.0,9.0,3.0,85.0,12.0,7.0,0.0,3.0,29.0,13.0,5.0,2.0,0.0,49.0
83,2025,7,0.0,12.0,0.0,0.0,0.0,89.0,1.0,17.0,0.0,0.0,53.0,7.0,31.0,7.0,0.0,0.0,0.0,40.0,3.0,0.0,4.0,0.0,0.0,66.0,32.0,75.0,0.0,0.0,8.0,0.0,0.0,0.0,0.0,0.0,37.0,0.0,0.0,17.0,16.0,0.0,2.0,1.0,0.0,33.0,7.0,1.0,90.0,7.0,4.0,0.0,3.0,20.0,9.0,1.0,1.0,0.0,36.0
83,2025,8,0.0,6.0,0.0,0.0,0.0,109.0,1.0,13.0,0.0,0.0,37.0,5.0,25.0,7.0,0.0,0.0,0.0,40.0,3.0,0.0,2.0,0.0,1.0,73.0,20.0,71.0,0.0,0.0,16.0,0.0,0.0,1.0,0.0,0.0,29.0,0.0,0.0,19.0,19.0,0.0,0.0,1.0,0.0,16.0,7.0,0.0,113.0,5.0,8.0,0.0,4.0,22.0,11.0,2.0,2.0,0.0,47.0
83,2025,9,0.0,6.0,0.0,0.0,0.0,102.0,0.0,9.0,0.0,0.0,41.0,8.0,28.0,9.0,2.0,0.0,0.0,25.0,4.0,0.0,2.0,0.0,0.0,89.0,12.0,96.0,0.0,0.0,4.0,0.0,0.0,0.0,0.0,0.0,27.0,1.0,0.0,16.0,19.0,0.0,0.0,0.0,0.0,29.0,6.0,0.0,81.0,4.0,5.0,0.0,3.0,13.0,6.0,9.0,0.0,0.0,42.0
83,2025,10,0.0,13.0,0.0,0.0,0.0,96.0,0.0,14.0,0.0,0.0,50.0,7.0,30.0,13.0,0.0,0.0,0.0,35.0,7.0,0.0,5.0,0.0,0.0,63.0,14.0,76.0,0.0,0.0,3.0,0.0,0.0,0.0,0.0,0.0,24.0,0.0,0.0,15.0,25.0,0.0,1.0,2.0,0.0,22.0,10.0,0.0,81.0,2.0,6.0,0.0,2.0,19.0,13.0,3.0,1.0,0.0,30.0
83,2025,11,0.0,12.0,0.0,0.0,0.0,66.0,2.0,15.0,0.0,0.0,49.0,3.0,24.0,8.0,0.0,0.0,0.0,33.0,4.0,0.0,5.0,0.0,0.0,62.0,5.0,63.0,0.0,0.0,11.0,0.0,0.0,0.0,0.0,0.0,31.0,0.0,0.0,13.0,13.0,0.0,0.0,0.0,0.0,23.0,4.0,1.0,99.0,2.0,1.0,0.0,3.0,20.0,14.0,2.0,0.0,0.0,34.0
83,2025,12,0.0,16.0,0.0,0.0,0.0,60.0,0.0,12.0,0.0,0.0,34.0,3.0,27.0,9.0,0.0,0.0,0.0,34.0,3.0,0.0,3.0,0.0,0.0,57.0,12.0,83.0,0.0,0.0,8.0,0.0,0.0,0.0,0.0,0.0,28.0,0.0,0.0,12.0,11.0,1.0,2.0,0.0,0.0,36.0,5.0,2.0,98.0,1.0,2.0,0.0,2.0,11.0,8.0,3.0,1.0,0.0,35.0
84,2024,1,0.0,0.0,0.0,0.0,0.0,0.0,0.0,0.0,0.0,0.0,0.0,0.0,0.0,0.0,0.0,0.0,0.0,0.0,0.0,0.0,0.0,0.0,0.0,0.0,0.0,1.0,0.0,0.0,0.0,0.0,0.0,0.0,0.0,0.0,0.0,0.0,0.0,0.0,0.0,0.0,0.0,0.0,0.0,0.0,0.0,0.0,1.0,0.0,0.0,0.0,0.0,0.0,1.0,0.0,0.0,0.0,1.0
84,2024,2,0.0,0.0,0.0,0.0,0.0,0.0,0.0,0.0,0.0,0.0,0.0,0.0,0.0,0.0,0.0,0.0,0.0,0.0,0.0,0.0,0.0,0.0,0.0,1.0,0.0,0.0,0.0,0.0,0.0,0.0,0.0,0.0,0.0,0.0,1.0,0.0,0.0,0.0,1.0,0.0,0.0,0.0,0.0,0.0,0.0,0.0,0.0,0.0,0.0,0.0,0.0,0.0,0.0,1.0,0.0,0.0,0.0
84,2024,3,0.0,0.0,0.0,0.0,0.0,1.0,0.0,0.0,0.0,0.0,0.0,0.0,0.0,0.0,0.0,0.0,0.0,0.0,0.0,0.0,0.0,0.0,0.0,3.0,0.0,1.0,0.0,0.0,0.0,0.0,0.0,0.0,0.0,0.0,1.0,0.0,0.0,0.0,0.0,0.0,0.0,0.0,0.0,0.0,0.0,0.0,0.0,0.0,0.0,0.0,0.0,0.0,0.0,0.0,0.0,0.0,0.0
84,2024,4,0.0,0.0,0.0,0.0,0.0,0.0,0.0,0.0,0.0,0.0,0.0,0.0,0.0,0.0,0.0,0.0,0.0,0.0,0.0,0.0,1.0,0.0,0.0,1.0,1.0,0.0,0.0,0.0,0.0,0.0,0.0,0.0,0.0,0.0,0.0,0.0,0.0,0.0,0.0,0.0,0.0,0.0,0.0,0.0,0.0,0.0,0.0,0.0,0.0,0.0,0.0,0.0,0.0,0.0,0.0,0.0,0.0
84,2024,5,0.0,0.0,0.0,0.0,0.0,1.0,0.0,0.0,0.0,0.0,0.0,0.0,0.0,0.0,0.0,0.0,0.0,0.0,0.0,0.0,0.0,0.0,0.0,2.0,0.0,2.0,0.0,0.0,0.0,0.0,0.0,0.0,0.0,0.0,2.0,0.0,0.0,0.0,0.0,0.0,0.0,0.0,0.0,0.0,0.0,0.0,0.0,0.0,0.0,0.0,0.0,0.0,0.0,0.0,0.0,0.0,0.0
84,2024,6,0.0,0.0,0.0,0.0,0.0,0.0,0.0,0.0,0.0,0.0,1.0,0.0,0.0,0.0,0.0,0.0,0.0,0.0,0.0,0.0,0.0,0.0,0.0,0.0,0.0,0.0,0.0,0.0,0.0,0.0,0.0,0.0,0.0,0.0,4.0,0.0,0.0,0.0,0.0,0.0,0.0,0.0,0.0,0.0,0.0,0.0,0.0,0.0,0.0,0.0,0.0,0.0,0.0,1.0,0.0,0.0,0.0
84,2024,7,0.0,0.0,0.0,0.0,0.0,1.0,0.0,0.0,0.0,0.0,0.0,0.0,0.0,0.0,0.0,0.0,0.0,0.0,0.0,0.0,0.0,0.0,0.0,1.0,0.0,1.0,0.0,0.0,0.0,0.0,0.0,0.0,0.0,0.0,1.0,0.0,0.0,0.0,0.0,0.0,0.0,0.0,0.0,0.0,0.0,0.0,0.0,0.0,0.0,0.0,0.0,0.0,1.0,0.0,0.0,0.0,0.0
84,2024,8,0.0,0.0,0.0,0.0,0.0,1.0,0.0,0.0,0.0,0.0,2.0,0.0,0.0,0.0,0.0,0.0,0.0,0.0,0.0,0.0,0.0,0.0,0.0,3.0,0.0,0.0,0.0,0.0,0.0,0.0,0.0,0.0,0.0,0.0,2.0,0.0,0.0,0.0,0.0,0.0,0.0,0.0,0.0,0.0,0.0,0.0,1.0,0.0,0.0,0.0,0.0,0.0,0.0,0.0,0.0,0.0,0.0
84,2024,9,0.0,0.0,0.0,0.0,0.0,0.0,0.0,0.0,0.0,0.0,1.0,0.0,0.0,0.0,0.0,0.0,0.0,0.0,0.0,0.0,0.0,0.0,0.0,3.0,0.0,0.0,0.0,0.0,0.0,0.0,0.0,0.0,0.0,0.0,3.0,0.0,0.0,0.0,0.0,0.0,0.0,0.0,0.0,0.0,0.0,0.0,2.0,0.0,0.0,0.0,0.0,0.0,0.0,0.0,0.0,0.0,0.0
84,2024,10,0.0,0.0,0.0,0.0,0.0,0.0,0.0,0.0,0.0,0.0,3.0,0.0,0.0,0.0,0.0,0.0,0.0,0.0,0.0,0.0,0.0,0.0,0.0,5.0,0.0,0.0,0.0,0.0,0.0,0.0,0.0,0.0,0.0,0.0,0.0,0.0,0.0,1.0,0.0,0.0,0.0,0.0,0.0,0.0,0.0,0.0,2.0,0.0,0.0,0.0,0.0,0.0,0.0,0.0,0.0,0.0,0.0
84,2024,11,0.0,0.0,0.0,0.0,0.0,0.0,0.0,1.0,0.0,0.0,1.0,0.0,0.0,0.0,0.0,0.0,0.0,0.0,0.0,0.0,0.0,0.0,0.0,4.0,0.0,0.0,0.0,0.0,0.0,0.0,0.0,0.0,0.0,0.0,2.0,0.0,0.0,1.0,0.0,0.0,0.0,0.0,0.0,0.0,0.0,0.0,5.0,0.0,0.0,0.0,0.0,0.0,0.0,0.0,0.0,0.0,0.0
84,2024,12,0.0,0.0,0.0,0.0,0.0,0.0,0.0,4.0,0.0,0.0,3.0,0.0,0.0,0.0,0.0,0.0,0.0,0.0,1.0,0.0,0.0,0.0,0.0,6.0,1.0,3.0,0.0,0.0,0.0,0.0,0.0,1.0,0.0,0.0,4.0,0.0,0.0,2.0,0.0,0.0,0.0,0.0,0.0,0.0,1.0,0.0,12.0,0.0,0.0,0.0,1.0,0.0,1.0,0.0,1.0,0.0,0.0
84,2025,1,0.0,12.0,0.0,0.0,0.0,45.0,1.0,20.0,0.0,0.0,19.0,1.0,13.0,9.0,2.0,0.0,0.0,19.0,5.0,0.0,1.0,0.0,0.0,51.0,6.0,84.0,0.0,0.0,0.0,0.0,0.0,0.0,0.0,0.0,21.0,0.0,0.0,8.0,7.0,0.0,2.0,2.0,0.0,27.0,2.0,0.0,123.0,1.0,1.0,0.0,3.0,13.0,7.0,3.0,0.0,0.0,28.0
84,2025,2,0.0,11.0,0.0,0.0,0.0,35.0,1.0,15.0,0.0,0.0,29.0,1.0,13.0,18.0,0.0,0.0,0.0,31.0,2.0,0.0,3.0,0.0,0.0,46.0,5.0,65.0,0.0,0.0,2.0,0.0,0.0,0.0,0.0,0.0,14.0,0.0,0.0,9.0,9.0,0.0,1.0,2.0,0.0,45.0,2.0,0.0,107.0,0.0,1.0,0.0,2.0,15.0,5.0,1.0,1.0,0.0,14.0
84,2025,3,0.0,21.0,0.0,0.0,0.0,54.0,0.0,16.0,0.0,0.0,49.0,4.0,13.0,6.0,0.0,0.0,0.0,45.0,3.0,0.0,4.0,0.0,0.0,67.0,5.0,76.0,0.0,0.0,3.0,0.0,0.0,0.0,0.0,0.0,12.0,0.0,0.0,11.0,15.0,0.0,4.0,0.0,0.0,27.0,2.0,0.0,152.0,0.0,1.0,0.0,0.0,13.0,7.0,0.0,2.0,0.0,16.0
84,2025,4,0.0,29.0,0.0,0.0,1.0,49.0,0.0,21.0,0.0,0.0,31.0,1.0,9.0,15.0,2.0,0.0,0.0,26.0,3.0,0.0,3.0,0.0,0.0,49.0,8.0,84.0,0.0,0.0,1.0,0.0,0.0,0.0,0.0,0.0,19.0,0.0,0.0,15.0,16.0,0.0,1.0,0.0,0.0,29.0,6.0,0.0,134.0,0.0,1.0,1.0,1.0,10.0,13.0,0.0,2.0,0.0,26.0
84,2025,5,0.0,13.0,0.0,0.0,0.0,35.0,0.0,17.0,0.0,0.0,29.0,6.0,13.0,12.0,0.0,0.0,0.0,37.0,1.0,0.0,3.0,0.0,0.0,61.0,6.0,89.0,0.0,0.0,4.0,0.0,0.0,0.0,0.0,0.0,30.0,0.0,0.0,19.0,9.0,0.0,2.0,0.0,0.0,24.0,0.0,0.0,153.0,4.0,1.0,0.0,1.0,28.0,2.0,0.0,1.0,0.0,14.0
84,2025,6,0.0,8.0,0.0,0.0,1.0,53.0,0.0,14.0,0.0,0.0,26.0,2.0,12.0,11.0,0.0,0.0,0.0,25.0,2.0,0.0,1.0,0.0,0.0,49.0,14.0,73.0,0.0,0.0,1.0,0.0,0.0,0.0,0.0,0.0,24.0,0.0,0.0,10.0,7.0,0.0,5.0,0.0,0.0,20.0,2.0,1.0,162.0,2.0,0.0,0.0,2.0,33.0,6.0,0.0,2.0,0.0,17.0
84,2025,7,0.0,9.0,0.0,0.0,0.0,41.0,0.0,20.0,0.0,0.0,29.0,5.0,8.0,11.0,0.0,0.0,0.0,19.0,1.0,0.0,2.0,0.0,0.0,58.0,10.0,97.0,0.0,0.0,3.0,0.0,0.0,0.0,0.0,0.0,29.0,0.0,0.0,12.0,7.0,0.0,3.0,0.0,0.0,16.0,1.0,1.0,147.0,1.0,0.0,0.0,1.0,21.0,6.0,1.0,1.0,0.0,22.0
84,2025,8,0.0,7.0,0.0,0.0,0.0,44.0,0.0,24.0,0.0,0.0,33.0,3.0,6.0,7.0,1.0,0.0,0.0,55.0,2.0,0.0,2.0,0.0,0.0,58.0,12.0,69.0,0.0,0.0,2.0,0.0,0.0,0.0,0.0,0.0,20.0,1.0,0.0,15.0,9.0,0.0,1.0,0.0,0.0,18.0,1.0,0.0,151.0,1.0,2.0,0.0,1.0,24.0,5.0,3.0,0.0,0.0,14.0
84,2025,9,0.0,21.0,0.0,0.0,0.0,49.0,1.0,23.0,0.0,0.0,40.0,8.0,11.0,10.0,1.0,0.0,0.0,42.0,2.0,0.0,4.0,0.0,0.0,68.0,12.0,80.0,0.0,0.0,4.0,0.0,0.0,1.0,0.0,0.0,18.0,0.0,0.0,12.0,14.0,0.0,1.0,0.0,0.0,26.0,0.0,0.0,144.0,3.0,1.0,0.0,2.0,19.0,7.0,1.0,1.0,0.0,16.0
84,2025,10,0.0,30.0,0.0,0.0,0.0,40.0,2.0,20.0,0.0,0.0,23.0,4.0,23.0,13.0,1.0,0.0,0.0,41.0,1.0,0.0,4.0,0.0,0.0,74.0,6.0,88.0,0.0,0.0,2.0,0.0,0.0,1.0,0.0,0.0,21.0,1.0,0.0,19.0,20.0,0.0,1.0,0.0,0.0,38.0,2.0,0.0,170.0,0.0,1.0,0.0,0.0,16.0,7.0,0.0,0.0,0.0,19.0
84,2025,11,0.0,23.0,0.0,0.0,0.0,38.0,1.0,22.0,0.0,0.0,22.0,7.0,13.0,8.0,0.0,0.0,0.0,38.0,3.0,0.0,5.0,0.0,0.0,61.0,7.0,63.0,0.0,0.0,1.0,0.0,0.0,0.0,0.0,0.0,25.0,0.0,0.0,11.0,11.0,0.0,0.0,0.0,0.0,16.0,0.0,0.0,155.0,0.0,8.0,0.0,1.0,23.0,4.0,1.0,0.0,0.0,17.0
84,2025,12,0.0,13.0,0.0,0.0,0.0,31.0,0.0,14.0,0.0,0.0,23.0,2.0,6.0,12.0,0.0,0.0,0.0,23.0,2.0,0.0,4.0,0.0,0.0,37.0,1.0,69.0,0.0,0.0,0.0,0.0,0.0,0.0,0.0,0.0,13.0,0.0,0.0,10.0,18.0,0.0,0.0,0.0,0.0,33.0,0.0,0.0,107.0,0.0,0.0,0.0,0.0,26.0,3.0,0.0,0.0,0.0,14.0
88,2024,1,0.0,0.0,0.0,0.0,0.0,0.0,0.0,0.0,0.0,0.0,0.0,0.0,0.0,0.0,0.0,0.0,0.0,0.0,0.0,0.0,0.0,0.0,0.0,0.0,0.0,2.0,0.0,0.0,0.0,0.0,0.0,0.0,0.0,0.0,0.0,0.0,0.0,0.0,0.0,0.0,0.0,0.0,0.0,0.0,0.0,0.0,0.0,0.0,0.0,0.0,0.0,0.0,0.0,0.0,1.0,0.0,0.0
88,2024,3,0.0,0.0,0.0,0.0,0.0,0.0,0.0,0.0,0.0,0.0,0.0,0.0,0.0,0.0,0.0,0.0,0.0,0.0,0.0,0.0,0.0,0.0,0.0,0.0,0.0,1.0,0.0,0.0,0.0,0.0,0.0,0.0,0.0,0.0,0.0,0.0,0.0,0.0,0.0,0.0,0.0,0.0,0.0,0.0,0.0,0.0,2.0,0.0,0.0,0.0,0.0,0.0,0.0,1.0,0.0,0.0,0.0
88,2024,4,0.0,0.0,0.0,0.0,0.0,0.0,0.0,0.0,0.0,0.0,0.0,0.0,0.0,0.0,0.0,0.0,0.0,0.0,0.0,0.0,0.0,0.0,0.0,0.0,0.0,1.0,0.0,0.0,0.0,0.0,0.0,0.0,0.0,0.0,0.0,0.0,0.0,0.0,0.0,0.0,0.0,0.0,0.0,0.0,0.0,0.0,1.0,0.0,0.0,0.0,0.0,0.0,1.0,0.0,0.0,0.0,0.0
88,2024,5,0.0,0.0,0.0,0.0,0.0,0.0,0.0,0.0,0.0,0.0,0.0,0.0,0.0,0.0,0.0,0.0,0.0,0.0,0.0,0.0,0.0,0.0,0.0,0.0,0.0,1.0,0.0,0.0,0.0,0.0,0.0,0.0,0.0,0.0,0.0,0.0,0.0,0.0,0.0,0.0,0.0,0.0,0.0,0.0,0.0,0.0,0.0,0.0,0.0,0.0,0.0,0.0,0.0,0.0,0.0,0.0,0.0
88,2024,6,0.0,0.0,0.0,0.0,0.0,0.0,0.0,0.0,0.0,0.0,0.0,0.0,0.0,0.0,0.0,0.0,0.0,1.0,0.0,0.0,0.0,0.0,0.0,1.0,0.0,0.0,0.0,0.0,0.0,0.0,0.0,0.0,0.0,0.0,0.0,0.0,0.0,0.0,0.0,0.0,0.0,0.0,0.0,0.0,0.0,0.0,0.0,0.0,0.0,0.0,0.0,0.0,0.0,0.0,0.0,0.0,0.0
88,2024,7,0.0,0.0,0.0,0.0,0.0,0.0,0.0,0.0,0.0,0.0,0.0,0.0,0.0,0.0,0.0,0.0,0.0,0.0,0.0,0.0,0.0,0.0,0.0,0.0,0.0,0.0,0.0,0.0,0.0,0.0,0.0,0.0,0.0,0.0,0.0,0.0,0.0,0.0,0.0,0.0,0.0,0.0,0.0,0.0,0.0,1.0,0.0,0.0,0.0,0.0,0.0,0.0,1.0,0.0,0.0,0.0,0.0
88,2024,8,0.0,0.0,0.0,0.0,0.0,0.0,0.0,0.0,0.0,0.0,0.0,0.0,0.0,0.0,0.0,0.0,0.0,1.0,0.0,0.0,0.0,0.0,0.0,1.0,0.0,0.0,0.0,0.0,0.0,0.0,0.0,0.0,0.0,0.0,0.0,0.0,0.0,0.0,0.0,0.0,0.0,0.0,0.0,0.0,0.0,0.0,1.0,0.0,0.0,0.0,0.0,0.0,0.0,0.0,0.0,0.0,0.0
88,2024,9,0.0,0.0,0.0,0.0,0.0,0.0,0.0,0.0,0.0,0.0,0.0,0.0,0.0,0.0,0.0,0.0,0.0,0.0,0.0,0.0,0.0,0.0,0.0,0.0,0.0,0.0,0.0,0.0,0.0,0.0,0.0,0.0,0.0,0.0,0.0,0.0,0.0,0.0,0.0,0.0,0.0,0.0,0.0,0.0,0.0,0.0,1.0,0.0,0.0,0.0,0.0,0.0,0.0,0.0,0.0,0.0,0.0
88,2024,10,0.0,0.0,0.0,0.0,0.0,2.0,0.0,0.0,0.0,0.0,0.0,0.0,0.0,0.0,0.0,0.0,0.0,0.0,0.0,0.0,0.0,0.0,0.0,0.0,0.0,0.0,0.0,0.0,0.0,0.0,0.0,0.0,0.0,0.0,0.0,0.0,0.0,0.0,0.0,0.0,0.0,0.0,0.0,0.0,0.0,0.0,0.0,0.0,0.0,0.0,0.0,0.0,0.0,0.0,0.0,0.0,0.0
88,2024,11,0.0,0.0,0.0,0.0,0.0,0.0,0.0,0.0,0.0,0.0,0.0,0.0,0.0,0.0,0.0,0.0,0.0,0.0,0.0,0.0,0.0,0.0,0.0,2.0,0.0,2.0,0.0,0.0,0.0,0.0,0.0,0.0,0.0,0.0,0.0,1.0,0.0,0.0,1.0,0.0,0.0,0.0,0.0,0.0,0.0,0.0,0.0,0.0,0.0,0.0,0.0,0.0,0.0,1.0,0.0,0.0,0.0
88,2024,12,0.0,0.0,0.0,0.0,0.0,0.0,0.0,2.0,0.0,0.0,0.0,0.0,0.0,0.0,0.0,0.0,0.0,1.0,1.0,0.0,1.0,0.0,0.0,10.0,0.0,3.0,0.0,0.0,0.0,0.0,0.0,0.0,0.0,0.0,3.0,0.0,0.0,3.0,0.0,0.0,0.0,0.0,0.0,0.0,0.0,0.0,9.0,0.0,0.0,0.0,1.0,0.0,0.0,1.0,0.0,0.0,0.0
88,2025,1,0.0,3.0,0.0,0.0,0.0,28.0,0.0,5.0,0.0,0.0,20.0,4.0,9.0,12.0,0.0,0.0,0.0,24.0,4.0,0.0,0.0,0.0,0.0,17.0,8.0,83.0,0.0,0.0,1.0,0.0,0.0,0.0,0.0,0.0,8.0,0.0,0.0,23.0,3.0,1.0,0.0,4.0,0.0,3.0,4.0,0.0,43.0,0.0,2.0,0.0,3.0,9.0,4.0,0.0,2.0,0.0,28.0
88,2025,2,0.0,3.0,0.0,0.0,1.0,40.0,0.0,5.0,0.0,0.0,28.0,2.0,9.0,7.0,0.0,0.0,1.0,14.0,4.0,0.0,0.0,0.0,0.0,18.0,5.0,72.0,0.0,0.0,1.0,0.0,0.0,0.0,0.0,0.0,11.0,1.0,0.0,10.0,6.0,0.0,0.0,1.0,0.0,13.0,1.0,2.0,46.0,2.0,0.0,0.0,0.0,10.0,4.0,2.0,1.0,0.0,8.0
88,2025,3,0.0,1.0,0.0,0.0,0.0,41.0,1.0,4.0,0.0,1.0,22.0,4.0,8.0,4.0,0.0,0.0,0.0,17.0,2.0,0.0,0.0,0.0,0.0,38.0,5.0,87.0,0.0,0.0,2.0,0.0,0.0,0.0,0.0,0.0,7.0,0.0,0.0,10.0,5.0,0.0,0.0,0.0,0.0,16.0,5.0,0.0,52.0,1.0,0.0,0.0,0.0,7.0,6.0,1.0,0.0,0.0,5.0
88,2025,4,0.0,5.0,0.0,0.0,0.0,47.0,0.0,8.0,0.0,0.0,27.0,0.0,4.0,3.0,0.0,0.0,0.0,18.0,5.0,0.0,2.0,0.0,0.0,30.0,6.0,88.0,0.0,0.0,1.0,0.0,0.0,0.0,0.0,0.0,10.0,0.0,0.0,25.0,3.0,0.0,0.0,2.0,0.0,19.0,2.0,1.0,44.0,2.0,1.0,0.0,2.0,12.0,7.0,3.0,1.0,0.0,13.0
88,2025,5,0.0,3.0,0.0,0.0,0.0,47.0,0.0,7.0,0.0,1.0,23.0,0.0,14.0,5.0,0.0,0.0,0.0,19.0,2.0,0.0,1.0,0.0,0.0,30.0,15.0,94.0,0.0,0.0,1.0,0.0,0.0,0.0,0.0,0.0,15.0,0.0,0.0,7.0,4.0,0.0,0.0,0.0,0.0,8.0,3.0,0.0,73.0,0.0,0.0,0.0,0.0,9.0,4.0,0.0,0.0,0.0,20.0
88,2025,6,0.0,3.0,0.0,0.0,0.0,50.0,0.0,15.0,0.0,0.0,25.0,4.0,13.0,2.0,0.0,0.0,0.0,16.0,2.0,0.0,1.0,0.0,0.0,24.0,13.0,90.0,0.0,0.0,1.0,0.0,0.0,0.0,0.0,0.0,13.0,0.0,0.0,11.0,8.0,0.0,1.0,1.0,0.0,6.0,1.0,0.0,63.0,3.0,1.0,0.0,1.0,6.0,3.0,1.0,0.0,0.0,11.0
88,2025,7,0.0,3.0,0.0,0.0,0.0,32.0,0.0,7.0,0.0,0.0,26.0,6.0,7.0,2.0,0.0,0.0,0.0,18.0,1.0,0.0,4.0,0.0,1.0,37.0,6.0,83.0,0.0,0.0,1.0,0.0,0.0,0.0,0.0,0.0,11.0,0.0,0.0,11.0,5.0,0.0,1.0,1.0,0.0,8.0,3.0,0.0,68.0,3.0,1.0,0.0,1.0,2.0,4.0,2.0,1.0,0.0,17.0
88,2025,8,0.0,2.0,0.0,0.0,5.0,38.0,0.0,7.0,0.0,0.0,36.0,1.0,8.0,3.0,0.0,0.0,0.0,14.0,1.0,0.0,1.0,0.0,0.0,27.0,7.0,80.0,0.0,0.0,1.0,0.0,0.0,0.0,0.0,0.0,15.0,0.0,0.0,12.0,3.0,0.0,1.0,0.0,0.0,15.0,3.0,1.0,54.0,8.0,1.0,0.0,1.0,4.0,3.0,0.0,1.0,0.0,19.0
88,2025,9,0.0,4.0,0.0,0.0,0.0,36.0,0.0,3.0,0.0,0.0,26.0,2.0,9.0,1.0,0.0,0.0,0.0,13.0,0.0,0.0,1.0,0.0,0.0,36.0,4.0,78.0,0.0,0.0,0.0,0.0,0.0,0.0,0.0,0.0,8.0,0.0,0.0,11.0,12.0,0.0,0.0,1.0,0.0,10.0,2.0,1.0,62.0,4.0,1.0,0.0,0.0,7.0,2.0,3.0,0.0,0.0,23.0
88,2025,10,0.0,8.0,0.0,0.0,0.0,48.0,0.0,6.0,0.0,0.0,38.0,5.0,11.0,6.0,0.0,0.0,0.0,10.0,1.0,0.0,3.0,0.0,0.0,35.0,9.0,74.0,0.0,0.0,0.0,0.0,0.0,0.0,0.0,0.0,14.0,0.0,0.0,15.0,2.0,0.0,0.0,1.0,0.0,15.0,1.0,0.0,78.0,0.0,2.0,0.0,0.0,8.0,3.0,1.0,1.0,0.0,17.0
88,2025,11,0.0,5.0,0.0,0.0,0.0,33.0,1.0,5.0,0.0,0.0,13.0,4.0,3.0,3.0,0.0,0.0,0.0,15.0,3.0,0.0,0.0,0.0,0.0,34.0,4.0,66.0,0.0,0.0,1.0,0.0,0.0,0.0,0.0,0.0,16.0,0.0,0.0,15.0,7.0,0.0,1.0,1.0,0.0,5.0,4.0,1.0,53.0,2.0,0.0,0.0,2.0,8.0,5.0,0.0,0.0,0.0,15.0
88,2025,12,0.0,7.0,0.0,0.0,1.0,34.0,0.0,5.0,0.0,0.0,28.0,1.0,5.0,2.0,0.0,0.0,0.0,17.0,0.0,0.0,1.0,0.0,0.0,25.0,2.0,52.0,0.0,0.0,1.0,0.0,0.0,0.0,0.0,0.0,17.0,0.0,0.0,8.0,7.0,0.0,0.0,1.0,0.0,6.0,3.0,0.0,49.0,1.0,0.0,0.0,2.0,9.0,2.0,1.0,0.0,0.0,20.0
9,2024,1,0.0,0.0,0.0,0.0,0.0,0.0,0.0,0.0,0.0,0.0,0.0,0.0,0.0,0.0,0.0,0.0,0.0,0.0,0.0,0.0,0.0,0.0,0.0,3.0,0.0,0.0,0.0,0.0,0.0,0.0,0.0,0.0,0.0,0.0,0.0,0.0,0.0,0.0,0.0,0.0,0.0,0.0,0.0,0.0,0.0,0.0,0.0,0.0,0.0,0.0,1.0,0.0,0.0,0.0,0.0,0.0,0.0
9,2024,2,0.0,0.0,0.0,0.0,0.0,0.0,0.0,0.0,0.0,0.0,0.0,0.0,0.0,0.0,0.0,0.0,0.0,0.0,0.0,0.0,0.0,0.0,0.0,1.0,0.0,0.0,0.0,0.0,0.0,0.0,0.0,0.0,0.0,0.0,0.0,0.0,0.0,0.0,0.0,0.0,0.0,0.0,0.0,0.0,0.0,0.0,0.0,0.0,0.0,0.0,0.0,0.0,0.0,0.0,0.0,0.0,0.0
9,2024,3,0.0,0.0,0.0,0.0,0.0,0.0,0.0,0.0,0.0,0.0,0.0,0.0,0.0,0.0,0.0,0.0,0.0,0.0,0.0,0.0,0.0,0.0,0.0,2.0,0.0,0.0,0.0,0.0,0.0,0.0,0.0,0.0,0.0,0.0,0.0,0.0,0.0,0.0,0.0,0.0,0.0,0.0,0.0,0.0,0.0,0.0,1.0,0.0,0.0,0.0,0.0,0.0,0.0,0.0,0.0,0.0,0.0
9,2024,4,0.0,0.0,0.0,0.0,0.0,0.0,0.0,0.0,0.0,0.0,0.0,0.0,0.0,0.0,0.0,0.0,0.0,0.0,0.0,0.0,0.0,0.0,0.0,2.0,0.0,0.0,0.0,0.0,0.0,0.0,0.0,0.0,0.0,0.0,0.0,0.0,0.0,0.0,0.0,0.0,0.0,0.0,0.0,0.0,0.0,0.0,0.0,0.0,0.0,0.0,0.0,0.0,0.0,0.0,0.0,0.0,0.0
9,2024,5,0.0,0.0,0.0,0.0,0.0,0.0,0.0,0.0,0.0,0.0,0.0,0.0,0.0,0.0,0.0,0.0,0.0,0.0,0.0,0.0,0.0,0.0,0.0,0.0,0.0,0.0,0.0,0.0,0.0,0.0,0.0,0.0,0.0,0.0,0.0,0.0,0.0,0.0,0.0,0.0,0.0,0.0,0.0,0.0,0.0,0.0,0.0,0.0,0.0,0.0,1.0,0.0,0.0,0.0,0.0,0.0,0.0
9,2024,6,0.0,0.0,0.0,0.0,0.0,0.0,0.0,0.0,0.0,0.0,0.0,0.0,0.0,0.0,0.0,0.0,0.0,0.0,0.0,0.0,0.0,0.0,0.0,0.0,0.0,0.0,0.0,0.0,0.0,0.0,0.0,0.0,0.0,0.0,1.0,0.0,0.0,0.0,0.0,0.0,0.0,0.0,0.0,0.0,0.0,0.0,0.0,0.0,0.0,0.0,0.0,0.0,0.0,0.0,0.0,0.0,0.0
9,2024,7,0.0,0.0,0.0,0.0,0.0,0.0,0.0,0.0,0.0,0.0,0.0,0.0,0.0,0.0,0.0,0.0,0.0,1.0,0.0,0.0,0.0,0.0,0.0,0.0,0.0,0.0,0.0,0.0,0.0,0.0,0.0,0.0,0.0,0.0,1.0,0.0,0.0,0.0,0.0,0.0,0.0,0.0,0.0,0.0,0.0,0.0,0.0,0.0,0.0,0.0,0.0,0.0,0.0,0.0,0.0,0.0,0.0
9,2024,8,0.0,0.0,0.0,0.0,0.0,0.0,0.0,0.0,0.0,0.0,0.0,0.0,0.0,0.0,0.0,0.0,0.0,0.0,0.0,0.0,0.0,0.0,0.0,0.0,0.0,0.0,0.0,0.0,0.0,0.0,0.0,0.0,0.0,0.0,0.0,0.0,0.0,0.0,0.0,0.0,0.0,0.0,0.0,0.0,0.0,0.0,4.0,0.0,0.0,0.0,0.0,0.0,1.0,0.0,0.0,0.0,0.0
9,2024,9,0.0,0.0,0.0,0.0,0.0,0.0,0.0,2.0,0.0,0.0,0.0,0.0,1.0,0.0,0.0,0.0,0.0,0.0,0.0,0.0,0.0,0.0,0.0,2.0,0.0,1.0,0.0,0.0,0.0,0.0,0.0,0.0,0.0,0.0,0.0,0.0,0.0,1.0,0.0,0.0,0.0,0.0,0.0,0.0,0.0,0.0,4.0,0.0,0.0,0.0,1.0,0.0,2.0,0.0,0.0,0.0,0.0
9,2024,10,0.0,0.0,0.0,0.0,0.0,0.0,0.0,0.0,0.0,0.0,0.0,0.0,1.0,0.0,0.0,0.0,0.0,0.0,0.0,0.0,0.0,0.0,0.0,3.0,0.0,1.0,0.0,0.0,0.0,0.0,0.0,0.0,0.0,0.0,0.0,0.0,0.0,0.0,0.0,0.0,0.0,0.0,0.0,0.0,0.0,0.0,3.0,0.0,0.0,0.0,0.0,0.0,0.0,1.0,0.0,0.0,0.0
9,2024,11,0.0,0.0,0.0,0.0,0.0,0.0,0.0,0.0,0.0,0.0,0.0,0.0,0.0,0.0,0.0,0.0,0.0,2.0,0.0,0.0,0.0,0.0,0.0,5.0,0.0,2.0,0.0,0.0,0.0,0.0,0.0,0.0,0.0,0.0,0.0,0.0,0.0,0.0,0.0,0.0,0.0,0.0,0.0,0.0,0.0,0.0,2.0,0.0,0.0,0.0,0.0,2.0,0.0,0.0,0.0,0.0,0.0
9,2024,12,0.0,0.0,0.0,0.0,0.0,1.0,0.0,0.0,0.0,0.0,2.0,0.0,3.0,0.0,0.0,0.0,0.0,2.0,0.0,0.0,0.0,0.0,0.0,9.0,1.0,8.0,0.0,0.0,0.0,0.0,0.0,0.0,0.0,0.0,0.0,0.0,0.0,0.0,0.0,0.0,1.0,0.0,0.0,0.0,0.0,0.0,7.0,0.0,0.0,0.0,0.0,0.0,0.0,1.0,0.0,0.0,0.0
9,2025,1,0.0,4.0,0.0,0.0,1.0,40.0,1.0,15.0,0.0,0.0,33.0,1.0,13.0,5.0,0.0,0.0,0.0,16.0,0.0,0.0,6.0,0.0,0.0,53.0,6.0,64.0,0.0,0.0,0.0,0.0,0.0,0.0,0.0,0.0,13.0,0.0,0.0,13.0,7.0,0.0,2.0,1.0,0.0,11.0,1.0,0.0,124.0,0.0,0.0,0.0,0.0,9.0,9.0,1.0,1.0,0.0,15.0
9,2025,2,0.0,0.0,0.0,0.0,0.0,29.0,0.0,13.0,0.0,0.0,27.0,3.0,11.0,3.0,0.0,0.0,0.0,16.0,1.0,0.0,0.0,1.0,0.0,56.0,1.0,43.0,0.0,0.0,0.0,0.0,1.0,0.0,0.0,0.0,13.0,0.0,0.0,11.0,2.0,0.0,0.0,2.0,0.0,9.0,0.0,0.0,97.0,0.0,0.0,0.0,1.0,6.0,3.0,0.0,0.0,0.0,3.0
9,2025,3,0.0,2.0,0.0,0.0,0.0,53.0,3.0,24.0,0.0,0.0,28.0,3.0,4.0,2.0,0.0,0.0,1.0,17.0,1.0,0.0,1.0,1.0,0.0,72.0,3.0,63.0,0.0,0.0,0.0,0.0,0.0,1.0,0.0,0.0,5.0,1.0,0.0,15.0,4.0,0.0,1.0,1.0,0.0,9.0,1.0,0.0,134.0,0.0,0.0,0.0,0.0,7.0,5.0,1.0,0.0,0.0,6.0
9,2025,4,0.0,0.0,0.0,0.0,0.0,53.0,0.0,10.0,0.0,0.0,26.0,4.0,13.0,6.0,0.0,0.0,0.0,16.0,1.0,0.0,4.0,0.0,0.0,68.0,3.0,71.0,0.0,0.0,1.0,0.0,0.0,0.0,0.0,0.0,3.0,0.0,0.0,14.0,4.0,0.0,2.0,0.0,0.0,8.0,0.0,1.0,162.0,0.0,0.0,0.0,0.0,14.0,5.0,4.0,0.0,0.0,14.0
9,2025,5,0.0,1.0,0.0,0.0,0.0,62.0,0.0,8.0,0.0,0.0,37.0,3.0,11.0,3.0,0.0,0.0,0.0,13.0,0.0,0.0,2.0,0.0,0.0,77.0,2.0,60.0,0.0,0.0,0.0,0.0,1.0,0.0,0.0,0.0,6.0,0.0,0.0,15.0,4.0,0.0,2.0,0.0,0.0,20.0,0.0,0.0,96.0,0.0,2.0,0.0,4.0,13.0,5.0,1.0,0.0,0.0,15.0
9,2025,6,0.0,0.0,0.0,0.0,0.0,61.0,1.0,18.0,0.0,0.0,21.0,6.0,14.0,2.0,0.0,0.0,0.0,23.0,0.0,0.0,3.0,0.0,0.0,54.0,3.0,62.0,0.0,0.0,1.0,0.0,0.0,0.0,0.0,0.0,9.0,0.0,0.0,11.0,4.0,0.0,2.0,1.0,0.0,13.0,0.0,0.0,96.0,0.0,1.0,0.0,0.0,13.0,4.0,1.0,0.0,0.0,9.0
9,2025,7,0.0,0.0,0.0,0.0,0.0,55.0,0.0,11.0,0.0,0.0,36.0,5.0,16.0,6.0,0.0,0.0,0.0,11.0,2.0,0.0,3.0,0.0,0.0,46.0,8.0,45.0,0.0,0.0,0.0,0.0,0.0,0.0,0.0,0.0,12.0,0.0,0.0,10.0,4.0,0.0,2.0,1.0,0.0,14.0,2.0,1.0,123.0,0.0,0.0,0.0,2.0,5.0,3.0,3.0,0.0,0.0,5.0
9,2025,8,0.0,1.0,0.0,0.0,0.0,44.0,1.0,16.0,0.0,0.0,33.0,1.0,11.0,4.0,0.0,0.0,0.0,21.0,0.0,0.0,2.0,0.0,0.0,90.0,1.0,51.0,0.0,0.0,1.0,0.0,0.0,0.0,0.0,0.0,4.0,0.0,0.0,28.0,4.0,0.0,2.0,2.0,0.0,29.0,3.0,0.0,135.0,0.0,0.0,0.0,4.0,14.0,4.0,1.0,0.0,0.0,5.0
9,2025,9,0.0,1.0,0.0,0.0,0.0,44.0,1.0,10.0,0.0,0.0,36.0,2.0,14.0,3.0,0.0,0.0,0.0,13.0,1.0,0.0,1.0,0.0,0.0,78.0,3.0,58.0,0.0,0.0,0.0,0.0,0.0,0.0,0.0,0.0,5.0,0.0,0.0,8.0,1.0,0.0,1.0,1.0,0.0,24.0,0.0,1.0,184.0,0.0,0.0,0.0,0.0,9.0,5.0,1.0,0.0,0.0,9.0
9,2025,10,0.0,0.0,0.0,0.0,0.0,46.0,2.0,16.0,0.0,0.0,29.0,0.0,11.0,4.0,2.0,0.0,0.0,9.0,0.0,0.0,6.0,0.0,0.0,80.0,0.0,51.0,0.0,0.0,1.0,0.0,0.0,0.0,0.0,0.0,5.0,0.0,0.0,13.0,1.0,0.0,2.0,1.0,0.0,22.0,1.0,1.0,164.0,0.0,2.0,0.0,1.0,4.0,8.0,1.0,0.0,0.0,11.0
9,2025,11,0.0,1.0,0.0,0.0,0.0,50.0,1.0,13.0,0.0,0.0,23.0,2.0,14.0,2.0,0.0,0.0,0.0,15.0,2.0,0.0,1.0,1.0,0.0,61.0,3.0,56.0,0.0,0.0,0.0,0.0,0.0,0.0,0.0,0.0,7.0,0.0,0.0,14.0,8.0,0.0,4.0,1.0,1.0,22.0,0.0,0.0,122.0,0.0,1.0,0.0,1.0,10.0,4.0,1.0,0.0,0.0,14.0
9,2025,12,0.0,1.0,0.0,0.0,0.0,47.0,0.0,12.0,0.0,0.0,30.0,3.0,6.0,4.0,0.0,0.0,0.0,8.0,1.0,0.0,3.0,0.0,0.0,50.0,3.0,52.0,0.0,0.0,0.0,0.0,0.0,0.0,0.0,0.0,7.0,0.0,0.0,9.0,4.0,0.0,0.0,0.0,0.0,12.0,1.0,1.0,144.0,0.0,1.0,0.0,1.0,7.0,1.0,0.0,1.0,0.0,3.0
90,2024,1,0.0,0.0,0.0,0.0,0.0,0.0,0.0,0.0,0.0,0.0,0.0,0.0,0.0,0.0,0.0,0.0,0.0,0.0,0.0,0.0,0.0,0.0,0.0,1.0,0.0,0.0,0.0,0.0,0.0,0.0,0.0,0.0,0.0,0.0,0.0,0.0,0.0,0.0,0.0,0.0,0.0,0.0,0.0,0.0,0.0,0.0,2.0,0.0,0.0,0.0,0.0,0.0,0.0,0.0,0.0,0.0,0.0
90,2024,2,0.0,0.0,0.0,0.0,0.0,0.0,0.0,0.0,0.0,0.0,0.0,0.0,0.0,0.0,0.0,0.0,0.0,0.0,0.0,0.0,0.0,0.0,0.0,1.0,0.0,1.0,0.0,0.0,0.0,0.0,0.0,0.0,0.0,0.0,0.0,0.0,0.0,0.0,0.0,0.0,0.0,0.0,0.0,0.0,0.0,0.0,0.0,0.0,0.0,0.0,0.0,0.0,0.0,0.0,0.0,0.0,0.0
90,2024,3,0.0,0.0,0.0,0.0,0.0,0.0,0.0,0.0,0.0,0.0,0.0,0.0,0.0,0.0,0.0,0.0,0.0,0.0,0.0,0.0,0.0,0.0,0.0,1.0,0.0,0.0,0.0,0.0,0.0,0.0,0.0,0.0,0.0,0.0,0.0,0.0,0.0,2.0,0.0,0.0,0.0,0.0,0.0,0.0,0.0,0.0,0.0,0.0,0.0,0.0,0.0,0.0,0.0,0.0,0.0,0.0,0.0
90,2024,4,0.0,0.0,0.0,0.0,0.0,0.0,0.0,0.0,0.0,0.0,0.0,0.0,0.0,0.0,0.0,0.0,0.0,0.0,0.0,0.0,0.0,0.0,0.0,1.0,0.0,1.0,0.0,0.0,0.0,0.0,0.0,0.0,0.0,0.0,0.0,0.0,0.0,0.0,0.0,0.0,0.0,0.0,0.0,0.0,0.0,0.0,0.0,0.0,0.0,0.0,0.0,0.0,0.0,1.0,0.0,0.0,0.0
90,2024,5,0.0,0.0,0.0,0.0,0.0,0.0,0.0,0.0,0.0,0.0,0.0,0.0,0.0,0.0,0.0,0.0,0.0,0.0,0.0,0.0,0.0,0.0,0.0,2.0,0.0,0.0,0.0,0.0,0.0,0.0,0.0,0.0,0.0,0.0,0.0,0.0,0.0,0.0,0.0,0.0,0.0,0.0,0.0,0.0,0.0,0.0,1.0,0.0,0.0,0.0,0.0,0.0,0.0,0.0,0.0,0.0,0.0
90,2024,6,0.0,0.0,0.0,0.0,0.0,0.0,0.0,0.0,0.0,0.0,2.0,0.0,0.0,0.0,0.0,0.0,0.0,0.0,0.0,0.0,0.0,0.0,0.0,2.0,0.0,0.0,0.0,0.0,0.0,0.0,0.0,0.0,0.0,0.0,0.0,0.0,0.0,0.0,0.0,0.0,0.0,0.0,0.0,0.0,0.0,0.0,0.0,0.0,0.0,0.0,0.0,0.0,1.0,0.0,0.0,0.0,0.0
90,2024,7,0.0,0.0,0.0,0.0,0.0,0.0,0.0,0.0,0.0,0.0,0.0,0.0,0.0,0.0,0.0,0.0,0.0,0.0,0.0,0.0,1.0,0.0,0.0,2.0,0.0,0.0,0.0,0.0,0.0,0.0,0.0,0.0,0.0,0.0,0.0,0.0,0.0,0.0,0.0,0.0,0.0,0.0,0.0,0.0,0.0,0.0,0.0,0.0,0.0,0.0,0.0,0.0,1.0,0.0,0.0,0.0,0.0
90,2024,8,0.0,0.0,0.0,0.0,0.0,0.0,0.0,0.0,0.0,0.0,0.0,0.0,0.0,0.0,0.0,0.0,0.0,0.0,0.0,0.0,0.0,0.0,0.0,3.0,0.0,0.0,0.0,0.0,0.0,0.0,0.0,1.0,0.0,0.0,0.0,0.0,0.0,0.0,0.0,0.0,0.0,0.0,0.0,0.0,0.0,0.0,2.0,0.0,0.0,0.0,0.0,1.0,0.0,0.0,0.0,0.0,0.0
90,2024,9,0.0,0.0,0.0,0.0,0.0,1.0,0.0,0.0,0.0,0.0,0.0,0.0,0.0,0.0,0.0,0.0,0.0,0.0,0.0,0.0,0.0,0.0,0.0,1.0,0.0,0.0,0.0,0.0,0.0,0.0,0.0,0.0,0.0,0.0,0.0,0.0,0.0,0.0,0.0,0.0,0.0,0.0,0.0,0.0,0.0,0.0,1.0,0.0,0.0,0.0,0.0,0.0,0.0,1.0,0.0,0.0,0.0
90,2024,10,0.0,0.0,0.0,0.0,0.0,0.0,0.0,0.0,0.0,0.0,0.0,0.0,0.0,0.0,0.0,0.0,0.0,0.0,0.0,0.0,0.0,0.0,0.0,3.0,0.0,3.0,0.0,0.0,0.0,0.0,0.0,0.0,0.0,0.0,0.0,0.0,0.0,2.0,0.0,0.0,0.0,0.0,0.0,0.0,0.0,0.0,2.0,0.0,0.0,0.0,0.0,1.0,0.0,0.0,0.0,0.0,0.0
90,2024,11,0.0,0.0,0.0,0.0,0.0,0.0,0.0,1.0,0.0,0.0,2.0,0.0,0.0,0.0,0.0,0.0,0.0,1.0,0.0,0.0,1.0,0.0,0.0,6.0,0.0,0.0,0.0,0.0,0.0,0.0,0.0,0.0,0.0,0.0,0.0,0.0,0.0,1.0,0.0,0.0,0.0,0.0,0.0,0.0,0.0,0.0,6.0,0.0,0.0,0.0,0.0,0.0,0.0,0.0,0.0,0.0,0.0
90,2024,12,0.0,0.0,0.0,0.0,0.0,3.0,0.0,1.0,0.0,0.0,4.0,0.0,0.0,0.0,0.0,0.0,0.0,3.0,0.0,0.0,1.0,0.0,0.0,5.0,0.0,2.0,0.0,0.0,0.0,0.0,0.0,0.0,0.0,0.0,2.0,0.0,0.0,3.0,0.0,0.0,0.0,0.0,0.0,0.0,0.0,0.0,15.0,0.0,0.0,0.0,0.0,0.0,0.0,1.0,0.0,0.0,1.0
90,2025,1,0.0,1.0,0.0,0.0,0.0,34.0,0.0,21.0,0.0,0.0,27.0,6.0,12.0,5.0,0.0,0.0,0.0,15.0,4.0,0.0,3.0,0.0,0.0,49.0,9.0,77.0,0.0,0.0,4.0,0.0,0.0,0.0,0.0,0.0,22.0,0.0,0.0,13.0,4.0,1.0,2.0,0.0,0.0,8.0,1.0,1.0,98.0,0.0,0.0,0.0,2.0,9.0,5.0,2.0,0.0,0.0,17.0
90,2025,2,0.0,3.0,0.0,0.0,1.0,42.0,0.0,18.0,0.0,0.0,29.0,5.0,11.0,7.0,0.0,0.0,0.0,19.0,2.0,0.0,2.0,0.0,0.0,45.0,8.0,66.0,0.0,0.0,5.0,0.0,0.0,0.0,0.0,0.0,27.0,0.0,0.0,19.0,6.0,0.0,2.0,0.0,0.0,14.0,2.0,1.0,71.0,0.0,0.0,1.0,0.0,14.0,2.0,2.0,0.0,0.0,18.0
90,2025,3,0.0,4.0,0.0,0.0,0.0,37.0,0.0,22.0,1.0,0.0,37.0,3.0,6.0,5.0,0.0,0.0,0.0,22.0,5.0,0.0,3.0,0.0,1.0,55.0,6.0,82.0,0.0,0.0,5.0,0.0,0.0,0.0,0.0,0.0,22.0,2.0,0.0,19.0,6.0,0.0,2.0,1.0,0.0,10.0,2.0,0.0,87.0,0.0,0.0,0.0,2.0,21.0,3.0,1.0,2.0,0.0,18.0
90,2025,4,0.0,7.0,0.0,0.0,0.0,43.0,1.0,22.0,0.0,0.0,38.0,1.0,16.0,4.0,0.0,0.0,0.0,30.0,4.0,0.0,6.0,0.0,0.0,59.0,13.0,96.0,0.0,0.0,8.0,0.0,0.0,1.0,0.0,0.0,13.0,0.0,0.0,18.0,8.0,0.0,1.0,0.0,0.0,16.0,2.0,1.0,95.0,1.0,1.0,0.0,0.0,14.0,5.0,6.0,2.0,0.0,11.0
90,2025,5,0.0,4.0,0.0,0.0,0.0,49.0,0.0,21.0,0.0,0.0,31.0,5.0,4.0,5.0,0.0,0.0,0.0,26.0,1.0,0.0,9.0,0.0,0.0,70.0,17.0,99.0,0.0,0.0,3.0,0.0,0.0,0.0,0.0,0.0,16.0,0.0,0.0,13.0,8.0,0.0,2.0,1.0,0.0,6.0,1.0,0.0,98.0,0.0,0.0,0.0,3.0,12.0,7.0,15.0,0.0,0.0,15.0
90,2025,6,0.0,5.0,0.0,0.0,1.0,30.0,1.0,30.0,0.0,0.0,41.0,4.0,14.0,6.0,0.0,0.0,0.0,29.0,2.0,0.0,6.0,0.0,2.0,56.0,12.0,69.0,0.0,0.0,2.0,0.0,0.0,0.0,0.0,0.0,14.0,0.0,0.0,18.0,8.0,0.0,3.0,0.0,0.0,13.0,2.0,1.0,117.0,3.0,0.0,0.0,4.0,25.0,7.0,3.0,1.0,0.0,15.0
90,2025,7,0.0,5.0,0.0,0.0,0.0,65.0,1.0,23.0,0.0,0.0,25.0,6.0,15.0,5.0,0.0,0.0,0.0,21.0,4.0,0.0,4.0,0.0,0.0,70.0,17.0,98.0,0.0,0.0,4.0,0.0,0.0,0.0,0.0,0.0,24.0,0.0,0.0,19.0,7.0,0.0,0.0,0.0,0.0,17.0,3.0,0.0,96.0,0.0,3.0,0.0,1.0,17.0,5.0,5.0,0.0,0.0,22.0
90,2025,8,0.0,0.0,0.0,0.0,0.0,62.0,0.0,19.0,0.0,1.0,33.0,2.0,15.0,1.0,0.0,0.0,0.0,34.0,2.0,0.0,6.0,0.0,0.0,65.0,9.0,81.0,0.0,0.0,4.0,0.0,0.0,1.0,0.0,0.0,10.0,0.0,0.0,12.0,5.0,0.0,2.0,0.0,0.0,14.0,1.0,1.0,111.0,2.0,0.0,0.0,1.0,26.0,7.0,1.0,4.0,0.0,13.0
90,2025,9,0.0,14.0,0.0,0.0,1.0,58.0,1.0,20.0,0.0,0.0,33.0,1.0,17.0,8.0,0.0,0.0,0.0,33.0,2.0,0.0,4.0,0.0,0.0,88.0,6.0,110.0,0.0,0.0,7.0,0.0,0.0,0.0,0.0,0.0,34.0,0.0,0.0,7.0,10.0,0.0,1.0,0.0,0.0,10.0,0.0,1.0,83.0,3.0,2.0,0.0,3.0,20.0,8.0,1.0,1.0,0.0,14.0
90,2025,10,0.0,7.0,0.0,1.0,1.0,52.0,0.0,25.0,0.0,0.0,31.0,4.0,19.0,9.0,0.0,0.0,0.0,22.0,0.0,0.0,5.0,0.0,0.0,61.0,11.0,88.0,0.0,0.0,4.0,0.0,0.0,0.0,0.0,0.0,22.0,0.0,0.0,10.0,4.0,0.0,1.0,1.0,0.0,10.0,2.0,1.0,106.0,0.0,1.0,0.0,3.0,24.0,11.0,7.0,1.0,0.0,17.0
90,2025,11,0.0,3.0,0.0,0.0,0.0,57.0,0.0,14.0,0.0,0.0,65.0,7.0,25.0,3.0,0.0,0.0,0.0,16.0,1.0,0.0,4.0,0.0,0.0,79.0,7.0,91.0,0.0,0.0,9.0,0.0,0.0,0.0,0.0,0.0,12.0,0.0,0.0,23.0,2.0,0.0,2.0,0.0,0.0,14.0,3.0,0.0,140.0,1.0,2.0,1.0,2.0,10.0,8.0,2.0,0.0,0.0,17.0
90,2025,12,0.0,7.0,0.0,0.0,0.0,45.0,0.0,20.0,0.0,0.0,26.0,4.0,7.0,4.0,0.0,0.0,0.0,21.0,5.0,0.0,1.0,0.0,0.0,59.0,4.0,68.0,0.0,0.0,3.0,0.0,0.0,0.0,0.0,0.0,15.0,0.0,0.0,18.0,4.0,0.0,2.0,0.0,0.0,5.0,1.0,0.0,138.0,0.0,2.0,0.0,1.0,10.0,3.0,1.0,0.0,0.0,18.0
94,2024,1,0.0,0.0,0.0,0.0,0.0,1.0,0.0,0.0,0.0,0.0,0.0,0.0,0.0,0.0,0.0,0.0,0.0,0.0,0.0,0.0,0.0,0.0,0.0,1.0,0.0,1.0,0.0,0.0,0.0,0.0,0.0,0.0,0.0,0.0,0.0,0.0,0.0,0.0,0.0,0.0,0.0,0.0,0.0,0.0,0.0,0.0,0.0,0.0,0.0,0.0,0.0,0.0,0.0,0.0,0.0,0.0,0.0
94,2024,2,0.0,0.0,0.0,0.0,0.0,0.0,0.0,0.0,0.0,0.0,0.0,0.0,0.0,0.0,0.0,0.0,0.0,0.0,0.0,0.0,0.0,0.0,0.0,0.0,0.0,0.0,0.0,0.0,0.0,0.0,0.0,0.0,0.0,0.0,0.0,0.0,0.0,0.0,0.0,0.0,0.0,0.0,0.0,0.0,0.0,0.0,1.0,0.0,0.0,0.0,0.0,0.0,0.0,0.0,0.0,0.0,0.0
94,2024,3,0.0,0.0,0.0,0.0,0.0,1.0,0.0,0.0,0.0,0.0,0.0,0.0,0.0,0.0,0.0,0.0,0.0,0.0,0.0,0.0,0.0,0.0,0.0,0.0,0.0,0.0,0.0,0.0,0.0,0.0,0.0,0.0,0.0,0.0,0.0,0.0,0.0,0.0,0.0,0.0,0.0,0.0,0.0,0.0,0.0,0.0,0.0,0.0,0.0,0.0,0.0,0.0,0.0,0.0,0.0,0.0,0.0
94,2024,4,0.0,0.0,0.0,0.0,0.0,0.0,0.0,0.0,0.0,0.0,0.0,0.0,0.0,0.0,0.0,0.0,0.0,0.0,0.0,0.0,0.0,0.0,0.0,1.0,0.0,1.0,0.0,0.0,0.0,0.0,0.0,0.0,0.0,0.0,0.0,0.0,0.0,0.0,0.0,0.0,0.0,0.0,0.0,0.0,0.0,0.0,2.0,0.0,0.0,0.0,0.0,0.0,0.0,0.0,0.0,0.0,0.0
94,2024,5,0.0,0.0,0.0,0.0,0.0,0.0,0.0,0.0,0.0,0.0,0.0,0.0,0.0,0.0,0.0,0.0,0.0,0.0,0.0,0.0,0.0,0.0,0.0,0.0,0.0,0.0,0.0,0.0,0.0,0.0,0.0,0.0,0.0,0.0,0.0,0.0,0.0,1.0,0.0,0.0,0.0,0.0,0.0,0.0,0.0,0.0,0.0,0.0,0.0,0.0,0.0,0.0,0.0,0.0,0.0,0.0,0.0
94,2024,6,0.0,0.0,0.0,0.0,0.0,1.0,0.0,0.0,0.0,0.0,0.0,0.0,0.0,0.0,0.0,0.0,0.0,0.0,0.0,0.0,0.0,0.0,0.0,2.0,0.0,0.0,0.0,0.0,0.0,0.0,0.0,0.0,0.0,0.0,0.0,0.0,0.0,0.0,0.0,0.0,0.0,0.0,0.0,0.0,0.0,0.0,1.0,0.0,0.0,0.0,0.0,0.0,0.0,0.0,0.0,0.0,0.0
94,2024,7,0.0,0.0,0.0,0.0,0.0,0.0,0.0,0.0,0.0,0.0,0.0,0.0,0.0,0.0,0.0,0.0,0.0,0.0,0.0,0.0,0.0,0.0,0.0,0.0,0.0,0.0,0.0,0.0,0.0,0.0,0.0,0.0,0.0,0.0,0.0,0.0,0.0,0.0,0.0,0.0,0.0,0.0,0.0,0.0,0.0,0.0,0.0,0.0,0.0,0.0,0.0,0.0,0.0,1.0,0.0,0.0,0.0
94,2024,8,0.0,0.0,0.0,0.0,0.0,0.0,0.0,0.0,0.0,0.0,0.0,0.0,0.0,0.0,0.0,0.0,0.0,0.0,0.0,0.0,0.0,0.0,0.0,2.0,0.0,1.0,0.0,0.0,0.0,0.0,0.0,0.0,0.0,0.0,1.0,0.0,0.0,1.0,0.0,0.0,0.0,1.0,0.0,0.0,0.0,0.0,1.0,0.0,0.0,0.0,0.0,0.0,0.0,0.0,0.0,0.0,0.0
94,2024,9,0.0,0.0,0.0,0.0,0.0,0.0,0.0,2.0,0.0,0.0,0.0,0.0,0.0,0.0,0.0,0.0,0.0,0.0,0.0,0.0,0.0,0.0,0.0,0.0,0.0,2.0,0.0,0.0,0.0,0.0,0.0,0.0,0.0,0.0,0.0,0.0,0.0,0.0,0.0,0.0,0.0,0.0,0.0,0.0,0.0,0.0,0.0,0.0,0.0,0.0,1.0,0.0,0.0,0.0,0.0,0.0,0.0
94,2024,10,0.0,0.0,0.0,0.0,0.0,0.0,0.0,0.0,0.0,0.0,0.0,0.0,0.0,0.0,0.0,0.0,0.0,0.0,0.0,0.0,0.0,0.0,0.0,2.0,0.0,3.0,0.0,0.0,0.0,0.0,0.0,0.0,0.0,0.0,0.0,0.0,0.0,1.0,0.0,0.0,0.0,0.0,0.0,0.0,0.0,0.0,1.0,0.0,0.0,0.0,0.0,0.0,0.0,1.0,0.0,0.0,0.0
94,2024,11,0.0,0.0,0.0,0.0,0.0,1.0,0.0,1.0,0.0,0.0,1.0,0.0,0.0,0.0,0.0,0.0,0.0,1.0,0.0,0.0,1.0,0.0,0.0,2.0,0.0,2.0,0.0,0.0,0.0,0.0,0.0,0.0,0.0,0.0,0.0,0.0,0.0,1.0,0.0,0.0,0.0,0.0,0.0,0.0,0.0,0.0,1.0,0.0,0.0,0.0,0.0,0.0,1.0,0.0,0.0,0.0,0.0
94,2024,12,0.0,0.0,0.0,0.0,0.0,1.0,0.0,2.0,0.0,0.0,2.0,0.0,0.0,0.0,0.0,0.0,0.0,0.0,0.0,0.0,0.0,0.0,0.0,6.0,0.0,4.0,0.0,0.0,0.0,0.0,0.0,0.0,0.0,0.0,0.0,0.0,0.0,3.0,0.0,0.0,1.0,0.0,0.0,0.0,1.0,0.0,8.0,0.0,0.0,0.0,0.0,1.0,0.0,2.0,1.0,0.0,0.0
94,2025,1,0.0,2.0,0.0,0.0,0.0,19.0,0.0,15.0,0.0,0.0,40.0,2.0,6.0,5.0,0.0,0.0,0.0,6.0,2.0,0.0,5.0,0.0,0.0,49.0,5.0,66.0,0.0,0.0,5.0,0.0,0.0,0.0,0.0,0.0,6.0,0.0,0.0,12.0,4.0,0.0,0.0,0.0,0.0,10.0,3.0,0.0,76.0,0.0,1.0,0.0,1.0,8.0,5.0,1.0,0.0,0.0,7.0
94,2025,2,0.0,2.0,0.0,0.0,0.0,22.0,0.0,9.0,0.0,0.0,36.0,1.0,7.0,0.0,0.0,0.0,0.0,13.0,1.0,0.0,3.0,0.0,0.0,40.0,9.0,42.0,0.0,0.0,0.0,0.0,0.0,0.0,0.0,0.0,5.0,0.0,0.0,9.0,2.0,0.0,2.0,1.0,0.0,7.0,2.0,0.0,60.0,0.0,1.0,0.0,1.0,6.0,4.0,4.0,2.0,0.0,13.0
94,2025,3,0.0,2.0,0.0,0.0,0.0,32.0,0.0,12.0,0.0,0.0,33.0,3.0,4.0,6.0,0.0,0.0,0.0,12.0,2.0,0.0,2.0,0.0,0.0,39.0,7.0,48.0,0.0,0.0,3.0,0.0,0.0,0.0,0.0,0.0,15.0,0.0,0.0,15.0,0.0,0.0,0.0,0.0,0.0,18.0,1.0,0.0,81.0,1.0,4.0,0.0,0.0,8.0,2.0,8.0,3.0,0.0,9.0
94,2025,4,0.0,0.0,0.0,0.0,1.0,23.0,0.0,14.0,0.0,1.0,14.0,2.0,6.0,1.0,0.0,0.0,0.0,17.0,1.0,0.0,3.0,0.0,0.0,43.0,8.0,54.0,0.0,0.0,1.0,0.0,0.0,0.0,0.0,0.0,18.0,0.0,0.0,9.0,3.0,0.0,0.0,0.0,0.0,9.0,3.0,0.0,105.0,0.0,0.0,0.0,1.0,5.0,4.0,0.0,0.0,0.0,7.0
94,2025,5,0.0,2.0,0.0,0.0,0.0,29.0,0.0,4.0,0.0,0.0,20.0,0.0,2.0,3.0,0.0,0.0,0.0,21.0,1.0,0.0,0.0,0.0,0.0,53.0,7.0,45.0,0.0,0.0,3.0,0.0,0.0,0.0,0.0,0.0,13.0,0.0,0.0,13.0,4.0,0.0,1.0,0.0,0.0,8.0,4.0,0.0,91.0,0.0,0.0,0.0,0.0,10.0,4.0,2.0,1.0,0.0,4.0
94,2025,6,0.0,4.0,0.0,0.0,0.0,35.0,0.0,10.0,0.0,0.0,28.0,2.0,4.0,2.0,0.0,0.0,0.0,16.0,0.0,0.0,2.0,0.0,0.0,49.0,23.0,54.0,0.0,0.0,1.0,0.0,0.0,0.0,0.0,0.0,10.0,0.0,0.0,22.0,1.0,0.0,0.0,0.0,0.0,5.0,4.0,3.0,80.0,2.0,0.0,0.0,0.0,11.0,5.0,5.0,1.0,0.0,15.0
94,2025,7,0.0,1.0,0.0,0.0,0.0,35.0,2.0,16.0,0.0,0.0,29.0,0.0,4.0,1.0,0.0,0.0,0.0,12.0,1.0,0.0,1.0,0.0,0.0,56.0,18.0,52.0,0.0,0.0,2.0,0.0,0.0,0.0,0.0,0.0,14.0,0.0,0.0,19.0,2.0,0.0,0.0,0.0,0.0,3.0,1.0,2.0,92.0,1.0,0.0,1.0,0.0,8.0,7.0,2.0,1.0,0.0,14.0
94,2025,8,0.0,3.0,0.0,0.0,0.0,25.0,0.0,12.0,0.0,0.0,29.0,3.0,3.0,4.0,0.0,0.0,0.0,5.0,1.0,0.0,2.0,0.0,0.0,58.0,12.0,63.0,0.0,0.0,4.0,0.0,0.0,0.0,0.0,0.0,14.0,0.0,0.0,11.0,0.0,0.0,0.0,0.0,0.0,5.0,3.0,1.0,66.0,0.0,0.0,0.0,4.0,17.0,10.0,5.0,0.0,0.0,6.0
94,2025,9,0.0,11.0,0.0,0.0,0.0,33.0,0.0,17.0,0.0,0.0,32.0,3.0,4.0,2.0,0.0,0.0,0.0,8.0,2.0,0.0,3.0,0.0,0.0,62.0,12.0,46.0,0.0,0.0,0.0,0.0,0.0,0.0,0.0,0.0,11.0,0.0,0.0,13.0,3.0,0.0,0.0,0.0,0.0,8.0,0.0,2.0,81.0,0.0,0.0,0.0,1.0,9.0,0.0,1.0,0.0,0.0,10.0
94,2025,10,0.0,3.0,0.0,0.0,0.0,36.0,0.0,11.0,0.0,0.0,21.0,1.0,3.0,2.0,0.0,0.0,0.0,15.0,2.0,0.0,2.0,0.0,0.0,53.0,11.0,54.0,0.0,0.0,2.0,0.0,0.0,0.0,0.0,0.0,9.0,0.0,0.0,16.0,3.0,0.0,1.0,0.0,0.0,7.0,4.0,1.0,60.0,1.0,1.0,0.0,2.0,15.0,5.0,2.0,0.0,0.0,14.0
94,2025,11,0.0,4.0,0.0,0.0,1.0,24.0,0.0,4.0,0.0,0.0,15.0,0.0,4.0,3.0,0.0,0.0,0.0,6.0,0.0,0.0,1.0,0.0,0.0,38.0,2.0,55.0,0.0,0.0,2.0,0.0,0.0,0.0,0.0,0.0,9.0,0.0,0.0,8.0,2.0,0.0,0.0,0.0,0.0,11.0,1.0,0.0,68.0,0.0,0.0,0.0,1.0,9.0,4.0,2.0,0.0,0.0,11.0
94,2025,12,0.0,1.0,0.0,0.0,1.0,25.0,1.0,2.0,0.0,0.0,20.0,2.0,6.0,2.0,0.0,0.0,0.0,11.0,0.0,0.0,1.0,0.0,0.0,32.0,7.0,58.0,0.0,0.0,2.0,0.0,0.0,0.0,0.0,0.0,6.0,0.0,0.0,11.0,2.0,0.0,0.0,0.0,0.0,7.0,3.0,0.0,53.0,0.0,1.0,0.0,3.0,6.0,3.0,1.0,1.0,0.0,9.0
