GEOID,NAME,PERCENT OF HOUSING CROWDED,PERCENT HOUSEHOLDS BELOW POVERTY,PERCENT AGED 16+ UNEMPLOYED,PERCENT AGED 25+ WITHOUT HIGH SCHOOL DIPLOMA,PERCENT AGED UNDER 18 OR OVER 64,PER CAPITA INCOME,HARDSHIP INDEX
06037101110,Census Tract 1011.10; Los Angeles County; California,2.2,5.4,7.8,8.2,35.7,37602.0,37.1
06037101122,Census Tract 1011.22; Los Angeles County; California,0.8,4.6,9.6,16.1,37.8,49498.0,38.3
06037101220,Census Tract 1012.20; Los Angeles County; California,4.7,8.7,12.7,23.200000000000003,33.400000000000006,40042.0,43.7
06037101221,Census Tract 1012.21; Los Angeles County; California,7.7,3.1,4.3,25.9,38.0,26561.0,41.0
06037101222,Census Tract 1012.22; Los Angeles County; California,15.9,15.7,11.8,14.1,34.5,23183.0,50.0
06037101300,Census Tract 1013; Los Angeles County; California,0.0,1.6,7.3,7.1000000000000005,45.2,47695.0,36.5
06037101400,Census Tract 1014; Los Angeles County; California,2.6,1.1,8.5,11.3,36.9,39026.0,37.2
06037102103,Census Tract 1021.03; Los Angeles County; California,2.2,11.8,8.7,6.0,40.0,29930.0,41.2
06037102104,Census Tract 1021.04; Los Angeles County; California,3.0,1.7,5.5,7.300000000000001,38.9,44438.0,35.0
06037102105,Census Tract 1021.05; Los Angeles County; California,3.9,2.6,3.4,22.9,37.2,40167.0,36.7
06037102107,Census Tract 1021.07; Los Angeles County; California,1.5,7.7,6.9,17.0,33.8,47137.0,36.9
06037103101,Census Tract 1031.01; Los Angeles County; California,0.0,2.0,8.6,6.6,32.7,47590.0,33.7
06037103102,Census Tract 1031.02; Los Angeles County; California,2.0,1.5,11.8,17.2,34.0,39410.0,39.2
06037103201,Census Tract 1032.01; Los Angeles County; California,5.5,5.9,10.0,21.9,30.5,40741.0,40.3
06037103202,Census Tract 1032.02; Los Angeles County; California,4.6,0.0,1.1,10.7,44.3,47043.0,34.3
06037103300,Census Tract 1033; Los Angeles County; California,0.9,4.4,8.9,5.199999999999999,45.900000000000006,57228.0,37.7
06037103401,Census Tract 1034.01; Los Angeles County; California,0.0,0.0,10.3,7.6000000000000005,48.4,46558.0,39.2
06037103402,Census Tract 1034.02; Los Angeles County; California,6.0,5.4,2.9,8.3,39.1,47819.0,35.5
06037104103,Census Tract 1041.03; Los Angeles County; California,6.5,3.0,8.0,30.9,36.3,27435.0,43.0
06037104105,Census Tract 1041.05; Los Angeles County; California,7.0,19.8,8.3,37.400000000000006,42.099999999999994,19180.0,51.9
06037104108,Census Tract 1041.08; Los Angeles County; California,13.4,9.8,5.1,37.7,35.5,23653.0,47.1
06037104124,Census Tract 1041.24; Los Angeles County; California,0.1,7.1,14.4,14.899999999999999,30.8,33860.0,40.9
06037104201,Census Tract 1042.01; Los Angeles County; California,22.0,9.8,5.5,42.1,33.0,27338.0,50.3
06037104203,Census Tract 1042.03; Los Angeles County; California,14.5,16.1,9.1,39.9,35.9,19001.0,52.8
06037104204,Census Tract 1042.04; Los Angeles County; California,9.8,8.6,5.1,33.5,32.400000000000006,21509.0,43.9
06037104310,Census Tract 1043.10; Los Angeles County; California,15.4,5.0,6.9,43.599999999999994,32.4,25673.0,47.5
06037104321,Census Tract 1043.21; Los Angeles County; California,16.2,25.9,8.7,51.9,35.8,18340.0,58.0
06037104322,Census Tract 1043.22; Los Angeles County; California,9.7,0.0,0.0,46.8,32.8,24449.0,40.1
06037104401,Census Tract 1044.01; Los Angeles County; California,14.7,20.3,5.1,42.3,39.0,19833.0,52.8
06037104403,Census Tract 1044.03; Los Angeles County; California,18.6,8.7,6.9,46.1,40.099999999999994,32989.0,51.8
06037104404,Census Tract 1044.04; Los Angeles County; California,21.0,14.0,9.2,48.5,37.599999999999994,21096.0,56.5
06037104500,Census Tract 1045; Los Angeles County; California,17.4,22.2,4.5,47.099999999999994,40.6,18982.0,55.4
06037104610,Census Tract 1046.10; Los Angeles County; California,23.6,7.0,2.0,46.6,39.7,20516.0,51.3
06037104620,Census Tract 1046.20; Los Angeles County; California,28.5,15.4,5.1,53.800000000000004,35.6,21510.0,57.5
06037104701,Census Tract 1047.01; Los Angeles County; California,17.5,23.4,9.1,53.3,39.699999999999996,14584.0,59.8
06037104703,Census Tract 1047.03; Los Angeles County; California,22.6,9.4,7.8,45.400000000000006,35.4,21338.0,53.7
06037104704,Census Tract 1047.04; Los Angeles County; California,21.5,18.9,4.5,39.2,41.8,20204.0,55.0
06037104821,Census Tract 1048.21; Los Angeles County; California,15.6,15.7,7.7,50.5,33.9,19235.0,53.3
06037104822,Census Tract 1048.22; Los Angeles County; California,21.3,24.4,11.7,50.8,41.2,18841.0,62.9
06037104823,Census Tract 1048.23; Los Angeles County; California,20.1,18.7,8.2,43.9,40.3,19865.0,57.1
06037104824,Census Tract 1048.24; Los Angeles County; California,18.4,0.0,2.8,45.099999999999994,39.5,21950.0,47.3
06037106010,Census Tract 1060.10; Los Angeles County; California,9.9,4.3,4.8,17.9,38.400000000000006,36464.0,40.4
06037106020,Census Tract 1060.20; Los Angeles County; California,11.9,13.5,10.4,25.8,33.3,35288.0,47.3
06037106111,Census Tract 1061.11; Los Angeles County; California,8.6,1.6,7.1,21.6,36.0,40392.0,40.1
06037106112,Census Tract 1061.12; Los Angeles County; California,4.1,13.9,3.0,15.3,35.1,33219.0,38.6
06037106113,Census Tract 1061.13; Los Angeles County; California,8.8,3.9,7.5,25.3,36.3,33954.0,42.4
06037106114,Census Tract 1061.14; Los Angeles County; California,10.9,18.4,4.9,32.8,38.0,24009.0,48.4
06037106403,Census Tract 1064.03; Los Angeles County; California,10.9,5.1,5.0,44.8,36.7,26767.0,45.9
06037106405,Census Tract 1064.05; Los Angeles County; California,5.2,13.0,11.1,30.099999999999998,31.099999999999998,27055.0,45.7
06037106406,Census Tract 1064.06; Los Angeles County; California,3.6,0.7,3.1,32.6,31.9,37578.0,36.1
06037106407,Census Tract 1064.07; Los Angeles County; California,9.2,24.2,9.1,44.0,46.1,18223.0,56.9
06037106408,Census Tract 1064.08; Los Angeles County; California,13.0,27.3,5.8,25.0,40.6,19199.0,52.3
06037106510,Census Tract 1065.10; Los Angeles County; California,10.0,11.6,9.1,20.700000000000003,35.3,34418.0,45.0
06037106520,Census Tract 1065.20; Los Angeles County; California,10.7,15.3,5.6,28.9,33.9,27895.0,45.6
06037106603,Census Tract 1066.03; Los Angeles County; California,0.3,2.4,4.9,6.0,42.2,56391.0,33.5
06037106604,Census Tract 1066.04; Los Angeles County; California,7.5,7.6,2.6,38.900000000000006,33.0,29815.0,41.4
06037106641,Census Tract 1066.41; Los Angeles County; California,0.0,7.1,6.7,4.7,40.4,58585.0,34.9
06037106642,Census Tract 1066.42; Los Angeles County; California,3.7,3.5,6.8,7.4,36.6,49539.0,35.5
06037106643,Census Tract 1066.43; Los Angeles County; California,0.6,0.0,5.2,7.1,39.2,85777.0,29.6
06037106645,Census Tract 1066.45; Los Angeles County; California,1.3,2.2,10.8,8.4,48.9,51225.0,40.5
06037106646,Census Tract 1066.46; Los Angeles County; California,0.0,0.8,9.0,9.4,39.6,44647.0,36.4
06037106648,Census Tract 1066.48; Los Angeles County; California,6.7,14.4,1.5,42.2,39.5,22385.0,45.5
06037106649,Census Tract 1066.49; Los Angeles County; California,13.7,7.3,7.4,36.6,37.3,31125.0,47.6
06037107010,Census Tract 1070.10; Los Angeles County; California,11.7,1.6,5.0,33.9,33.599999999999994,28092.0,42.4
06037107020,Census Tract 1070.20; Los Angeles County; California,17.5,16.6,8.9,27.0,43.0,22912.0,53.7
06037108101,Census Tract 1081.01; Los Angeles County; California,0.0,3.8,5.3,5.300000000000001,40.4,55514.0,33.4
06037108102,Census Tract 1081.02; Los Angeles County; California,4.1,13.6,7.4,4.9,42.4,52608.0,40.0
06037108103,Census Tract 1081.03; Los Angeles County; California,0.5,5.8,5.6,5.6,37.1,68429.0,32.2
06037108104,Census Tract 1081.04; Los Angeles County; California,4.7,2.0,1.6,1.0,51.0,56184.0,34.8
06037108202,Census Tract 1082.02; Los Angeles County; California,0.0,0.5,2.3,5.5,39.5,70092.0,28.9
06037108203,Census Tract 1082.03; Los Angeles County; California,0.9,4.4,3.2,5.1,45.9,62593.0,33.6
06037108204,Census Tract 1082.04; Los Angeles County; California,0.0,0.9,1.4,5.3,41.8,69996.0,29.1
06037109100,Census Tract 1091; Los Angeles County; California,4.5,2.6,7.8,35.1,49.1,35435.0,45.8
06037109200,Census Tract 1092; Los Angeles County; California,4.4,0.0,2.4,11.8,33.8,46478.0,32.1
06037109300,Census Tract 1093; Los Angeles County; California,1.3,4.6,4.6,12.4,37.2,48807.0,34.5
06037109400,Census Tract 1094; Los Angeles County; California,10.1,4.0,1.8,20.3,32.8,29213.0,37.8
06037109500,Census Tract 1095; Los Angeles County; California,10.4,14.3,8.5,28.6,30.700000000000003,22933.0,46.5
06037109601,Census Tract 1096.01; Los Angeles County; California,7.1,1.9,7.8,20.799999999999997,32.2,34745.0,39.3
06037109603,Census Tract 1096.03; Los Angeles County; California,11.2,11.8,5.2,13.1,36.3,32190.0,42.3
06037109604,Census Tract 1096.04; Los Angeles County; California,5.5,7.2,4.4,17.9,36.1,33171.0,38.8
06037109700,Census Tract 1097; Los Angeles County; California,1.9,5.8,8.9,14.399999999999999,39.599999999999994,42074.0,39.6
06037109800,Census Tract 1098; Los Angeles County; California,3.3,5.6,7.2,19.9,42.3,35371.0,41.3
06037111100,Census Tract 1111; Los Angeles County; California,4.1,2.0,5.2,12.0,34.2,40157.0,35.1
06037111201,Census Tract 1112.01; Los Angeles County; California,1.2,10.4,8.9,10.1,36.5,49242.0,38.3
06037111202,Census Tract 1112.02; Los Angeles County; California,3.3,4.1,12.9,11.8,33.599999999999994,40975.0,40.1
06037111204,Census Tract 1112.04; Los Angeles County; California,0.0,1.3,4.9,6.9,42.599999999999994,64324.0,32.5
06037111205,Census Tract 1112.05; Los Angeles County; California,5.6,4.9,5.6,4.5,39.4,48493.0,36.4
06037111206,Census Tract 1112.06; Los Angeles County; California,1.1,1.0,5.1,4.1,43.599999999999994,58851.0,33.4
06037111302,Census Tract 1113.02; Los Angeles County; California,2.2,5.7,5.1,7.3,32.2,41905.0,33.9
06037111303,Census Tract 1113.03; Los Angeles County; California,2.9,4.4,11.2,14.399999999999999,37.2,34749.0,41.0
06037111304,Census Tract 1113.04; Los Angeles County; California,11.6,26.3,1.8,0.7,22.6,26171.0,38.9
06037111401,Census Tract 1114.01; Los Angeles County; California,8.6,0.0,2.1,8.0,39.4,45761.0,34.7
06037111402,Census Tract 1114.02; Los Angeles County; California,10.7,10.9,9.7,22.299999999999997,37.099999999999994,27997.0,46.9
06037113101,Census Tract 1131.01; Los Angeles County; California,0.0,5.5,6.4,11.0,44.3,47722.0,37.5
06037113102,Census Tract 1131.02; Los Angeles County; California,0.0,4.2,3.5,7.1000000000000005,39.8,84526.0,29.8
06037113211,Census Tract 1132.11; Los Angeles County; California,0.0,2.5,5.3,3.6,41.9,53213.0,33.4
06037113212,Census Tract 1132.12; Los Angeles County; California,4.1,0.0,10.9,14.399999999999999,38.5,40681.0,39.8
06037113213,Census Tract 1132.13; Los Angeles County; California,3.3,3.8,3.1,5.1,36.900000000000006,50005.0,32.8
06037113231,Census Tract 1132.31; Los Angeles County; California,1.2,3.1,7.7,7.0,38.900000000000006,65567.0,34.1
06037113232,Census Tract 1132.32; Los Angeles County; California,0.5,6.8,6.7,6.4,35.1,54539.0,34.1
06037113234,Census Tract 1132.34; Los Angeles County; California,9.7,13.2,11.0,28.4,39.900000000000006,28387.0,49.8
06037113235,Census Tract 1132.35; Los Angeles County; California,4.0,0.0,9.4,4.8999999999999995,34.400000000000006,58799.0,34.3
06037113237,Census Tract 1132.37; Los Angeles County; California,3.3,5.5,2.8,6.300000000000001,40.599999999999994,58780.0,33.5
06037113238,Census Tract 1132.38; Los Angeles County; California,5.9,11.1,4.0,24.200000000000003,34.4,31103.0,40.6
06037113239,Census Tract 1132.39; Los Angeles County; California,5.1,20.0,10.5,17.0,34.9,24706.0,46.6
06037113301,Census Tract 1133.01; Los Angeles County; California,1.5,5.5,9.6,8.8,33.599999999999994,56542.0,35.7
06037113303,Census Tract 1133.03; Los Angeles County; California,1.8,6.2,5.0,5.8,40.8,46972.0,35.6
06037113322,Census Tract 1133.22; Los Angeles County; California,2.5,0.8,5.5,10.6,40.5,47820.0,35.3
06037113323,Census Tract 1133.23; Los Angeles County; California,4.7,4.1,5.6,9.399999999999999,30.200000000000003,41748.0,34.4
06037113324,Census Tract 1133.24; Los Angeles County; California,30.9,0.0,3.2,15.3,42.300000000000004,34393.0,47.3
06037113423,Census Tract 1134.23; Los Angeles County; California,6.4,13.6,10.2,16.2,38.0,34835.0,44.9
06037113424,Census Tract 1134.24; Los Angeles County; California,2.3,7.1,5.2,13.8,39.2,40136.0,37.7
06037113425,Census Tract 1134.25; Los Angeles County; California,10.4,5.7,6.9,26.6,29.8,21550.0,42.6
06037113426,Census Tract 1134.26; Los Angeles County; California,3.1,18.1,7.0,11.7,33.5,30096.0,41.2
06037113427,Census Tract 1134.27; Los Angeles County; California,6.6,13.3,4.3,20.5,32.3,34652.0,40.1
06037113428,Census Tract 1134.28; Los Angeles County; California,7.2,6.5,11.1,8.9,31.6,52599.0,39.0
06037115101,Census Tract 1151.01; Los Angeles County; California,0.0,6.1,6.5,4.8,40.8,63655.0,34.1
06037115103,Census Tract 1151.03; Los Angeles County; California,0.0,0.0,10.1,6.0,1.1,6731.0,28.3
06037115104,Census Tract 1151.04; Los Angeles County; California,4.5,4.7,11.1,8.7,21.799999999999997,47219.0,34.9
06037115202,Census Tract 1152.02; Los Angeles County; California,3.9,11.8,9.0,18.4,20.799999999999997,33991.0,37.9
06037115203,Census Tract 1152.03; Los Angeles County; California,5.2,10.1,1.5,10.0,30.6,65757.0,31.7
06037115204,Census Tract 1152.04; Los Angeles County; California,3.9,10.9,6.2,8.9,29.299999999999997,45755.0,35.8
06037115301,Census Tract 1153.01; Los Angeles County; California,6.1,4.1,1.8,8.2,38.6,47018.0,34.4
06037115302,Census Tract 1153.02; Los Angeles County; California,7.3,13.5,5.4,36.599999999999994,33.8,25079.0,45.1
06037115401,Census Tract 1154.01; Los Angeles County; California,11.8,14.2,4.9,21.799999999999997,37.7,30946.0,45.0
06037115403,Census Tract 1154.03; Los Angeles County; California,8.0,18.3,8.1,22.299999999999997,33.7,29007.0,45.8
06037115404,Census Tract 1154.04; Los Angeles County; California,4.7,11.4,9.6,19.3,30.0,34458.0,41.3
06037117101,Census Tract 1171.01; Los Angeles County; California,5.9,12.6,4.3,17.4,32.8,31490.0,39.6
06037117102,Census Tract 1171.02; Los Angeles County; California,6.5,9.0,5.8,18.7,34.1,33594.0,40.1
06037117201,Census Tract 1172.01; Los Angeles County; California,11.8,18.4,8.6,26.200000000000003,33.4,22086.0,48.8
06037117202,Census Tract 1172.02; Los Angeles County; California,3.8,3.2,17.8,17.7,41.6,41203.0,46.5
06037117301,Census Tract 1173.01; Los Angeles County; California,0.0,1.8,7.8,9.899999999999999,35.1,40556.0,35.0
06037117302,Census Tract 1173.02; Los Angeles County; California,4.0,5.1,6.3,13.3,40.0,48471.0,37.9
06037117303,Census Tract 1173.03; Los Angeles County; California,0.8,9.0,4.7,13.5,38.7,36887.0,37.4
06037117404,Census Tract 1174.04; Los Angeles County; California,7.8,5.9,7.3,9.4,35.1,41483.0,38.8
06037117405,Census Tract 1174.05; Los Angeles County; California,17.8,35.6,5.9,47.5,33.4,14332.0,58.6
06037117407,Census Tract 1174.07; Los Angeles County; California,27.1,26.7,10.2,41.099999999999994,38.900000000000006,15640.0,63.0
06037117408,Census Tract 1174.08; Los Angeles County; California,18.9,32.2,5.3,35.5,39.1,18789.0,57.0
06037117510,Census Tract 1175.10; Los Angeles County; California,17.5,14.6,4.3,46.1,34.0,30620.0,49.8
06037117520,Census Tract 1175.20; Los Angeles County; California,18.7,28.9,7.7,41.6,35.8,18875.0,57.5
06037117530,Census Tract 1175.30; Los Angeles County; California,16.7,23.5,7.7,41.6,35.5,22319.0,54.8
06037119001,Census Tract 1190.01; Los Angeles County; California,16.4,4.9,4.8,36.8,31.799999999999997,29250.0,44.9
06037119003,Census Tract 1190.03; Los Angeles County; California,21.4,4.3,4.7,48.2,32.6,26929.0,48.9
06037119004,Census Tract 1190.04; Los Angeles County; California,2.7,3.4,11.3,37.2,37.6,21725.0,45.7
06037119201,Census Tract 1192.01; Los Angeles County; California,27.9,9.8,11.8,34.0,32.7,25541.0,55.5
06037119202,Census Tract 1192.02; Los Angeles County; California,21.3,16.7,4.4,37.8,36.1,23117.0,52.0
06037119310,Census Tract 1193.10; Los Angeles County; California,4.6,8.8,6.4,25.1,35.2,30571.0,41.4
06037119320,Census Tract 1193.20; Los Angeles County; California,14.2,2.6,11.1,29.700000000000003,32.7,27527.0,46.6
06037119340,Census Tract 1193.40; Los Angeles County; California,20.8,27.7,9.3,44.7,31.8,14268.0,58.8
06037119341,Census Tract 1193.41; Los Angeles County; California,6.8,13.0,5.2,36.7,35.4,23853.0,45.3
06037119342,Census Tract 1193.42; Los Angeles County; California,12.1,10.0,5.7,37.7,32.8,25107.0,46.1
06037119400,Census Tract 1194; Los Angeles County; California,22.9,6.5,4.0,40.9,34.9,25627.0,49.3
06037119700,Census Tract 1197; Los Angeles County; California,7.8,2.5,3.1,27.9,32.9,39874.0,37.6
06037119801,Census Tract 1198.01; Los Angeles County; California,15.4,4.2,7.3,34.900000000000006,37.1,29134.0,47.2
06037119802,Census Tract 1198.02; Los Angeles County; California,5.1,9.3,4.0,38.3,30.7,24194.0,41.6
06037119900,Census Tract 1199; Los Angeles County; California,15.7,2.9,4.3,24.2,35.4,29238.0,42.7
06037120010,Census Tract 1200.10; Los Angeles County; California,13.0,8.7,8.4,30.5,34.2,24298.0,47.1
06037120020,Census Tract 1200.20; Los Angeles County; California,14.3,15.9,11.4,45.8,33.400000000000006,19507.0,54.3
06037120030,Census Tract 1200.30; Los Angeles County; California,26.1,31.5,13.9,43.2,37.0,13925.0,66.3
06037120103,Census Tract 1201.03; Los Angeles County; California,28.8,47.4,13.6,53.9,43.6,12929.0,75.5
06037120104,Census Tract 1201.04; Los Angeles County; California,5.9,16.9,9.7,27.1,36.7,22401.0,47.9
06037120105,Census Tract 1201.05; Los Angeles County; California,8.7,21.3,6.9,35.4,38.3,22166.0,50.3
06037120106,Census Tract 1201.06; Los Angeles County; California,16.8,23.2,12.8,41.7,39.6,18704.0,59.6
06037120107,Census Tract 1201.07; Los Angeles County; California,19.0,31.3,9.7,50.599999999999994,42.0,13581.0,63.4
06037120108,Census Tract 1201.08; Los Angeles County; California,9.2,23.6,7.8,39.3,33.6,23249.0,50.9
06037120300,Census Tract 1203; Los Angeles County; California,17.9,16.1,10.1,21.9,35.5,24862.0,51.2
06037120400,Census Tract 1204; Los Angeles County; California,7.0,5.9,10.8,27.3,37.3,27519.0,45.6
06037121010,Census Tract 1210.10; Los Angeles County; California,17.7,3.5,5.5,26.7,31.799999999999997,28314.0,43.9
06037121020,Census Tract 1210.20; Los Angeles County; California,8.3,15.7,9.0,30.8,32.5,26732.0,47.0
06037121101,Census Tract 1211.01; Los Angeles County; California,8.9,8.8,5.0,33.6,26.0,28208.0,41.0
06037121102,Census Tract 1211.02; Los Angeles County; California,5.3,2.6,4.0,24.1,38.8,32071.0,39.1
06037121210,Census Tract 1212.10; Los Angeles County; California,6.5,6.3,8.8,38.900000000000006,39.5,24780.0,47.0
06037121221,Census Tract 1212.21; Los Angeles County; California,9.3,10.9,5.3,26.0,32.8,27860.0,42.8
06037121222,Census Tract 1212.22; Los Angeles County; California,18.5,12.2,6.6,47.5,26.700000000000003,24199.0,49.6
06037121600,Census Tract 1216; Los Angeles County; California,4.4,7.7,8.0,15.600000000000001,37.7,36485.0,40.7
06037121801,Census Tract 1218.01; Los Angeles County; California,7.6,9.9,9.8,39.8,32.9,19995.0,47.7
06037121802,Census Tract 1218.02; Los Angeles County; California,9.4,5.2,9.5,30.0,30.3,22522.0,44.3
06037121900,Census Tract 1219; Los Angeles County; California,5.2,11.8,13.2,33.5,29.5,25170.0,47.0
06037122000,Census Tract 1220; Los Angeles County; California,5.2,5.9,8.5,20.799999999999997,33.8,44501.0,39.7
06037122120,Census Tract 1221.20; Los Angeles County; California,8.3,7.4,7.3,41.1,36.5,23288.0,46.7
06037122121,Census Tract 1221.21; Los Angeles County; California,20.9,25.1,4.5,39.2,35.3,20547.0,54.5
06037122122,Census Tract 1221.22; Los Angeles County; California,24.0,27.5,2.4,41.9,44.400000000000006,15577.0,58.8
06037122200,Census Tract 1222; Los Angeles County; California,14.4,7.5,3.2,41.5,33.3,21365.0,45.8
06037122410,Census Tract 1224.10; Los Angeles County; California,18.5,15.9,5.9,36.900000000000006,31.5,27695.0,49.6
06037122420,Census Tract 1224.20; Los Angeles County; California,15.0,11.3,3.6,32.2,32.0,24541.0,45.2
06037123010,Census Tract 1230.10; Los Angeles County; California,19.8,20.3,5.6,43.8,37.3,19038.0,54.9
06037123020,Census Tract 1230.20; Los Angeles County; California,13.7,7.0,5.2,30.299999999999997,25.4,26799.0,41.9
06037123103,Census Tract 1231.03; Los Angeles County; California,8.6,14.3,8.7,19.7,27.2,37944.0,42.0
06037123104,Census Tract 1231.04; Los Angeles County; California,8.1,9.7,4.3,23.0,31.799999999999997,30865.0,40.3
06037123203,Census Tract 1232.03; Los Angeles County; California,18.1,22.5,3.8,38.0,31.8,19818.0,51.1
06037123204,Census Tract 1232.04; Los Angeles County; California,9.7,18.9,20.9,45.0,21.1,21525.0,55.4
06037123205,Census Tract 1232.05; Los Angeles County; California,16.5,24.7,11.7,36.9,30.5,21966.0,55.4
06037123206,Census Tract 1232.06; Los Angeles County; California,8.8,23.8,16.6,41.7,33.7,20086.0,57.1
06037123301,Census Tract 1233.01; Los Angeles County; California,3.6,6.5,4.3,17.0,30.2,35448.0,35.7
06037123303,Census Tract 1233.03; Los Angeles County; California,8.5,14.4,9.4,26.299999999999997,30.6,25638.0,45.7
06037123304,Census Tract 1233.04; Los Angeles County; California,7.8,16.3,8.1,21.700000000000003,46.400000000000006,26645.0,49.1
06037123410,Census Tract 1234.10; Los Angeles County; California,6.9,15.4,9.8,13.8,32.2,28446.0,43.8
06037123420,Census Tract 1234.20; Los Angeles County; California,11.7,19.3,8.8,27.0,31.2,30492.0,47.9
06037123510,Census Tract 1235.10; Los Angeles County; California,9.7,16.7,7.8,21.8,36.9,25074.0,47.1
06037123520,Census Tract 1235.20; Los Angeles County; California,17.7,18.3,16.5,20.6,33.4,28280.0,54.7
06037123601,Census Tract 1236.01; Los Angeles County; California,4.0,12.9,7.4,19.3,36.5,35404.0,42.0
06037123602,Census Tract 1236.02; Los Angeles County; California,4.8,13.4,7.0,22.9,43.099999999999994,35803.0,44.7
06037123700,Census Tract 1237; Los Angeles County; California,6.8,10.8,5.6,13.8,26.1,43437.0,36.5
06037123800,Census Tract 1238; Los Angeles County; California,2.1,10.7,6.8,9.1,29.7,53258.0,34.8
06037123901,Census Tract 1239.01; Los Angeles County; California,1.8,21.3,5.8,19.0,36.2,29045.0,43.0
06037123902,Census Tract 1239.02; Los Angeles County; California,1.1,23.7,14.4,6.5,29.799999999999997,45392.0,43.4
06037124000,Census Tract 1240; Los Angeles County; California,0.0,10.1,5.6,6.1,37.8,58332.0,34.5
06037124102,Census Tract 1241.02; Los Angeles County; California,6.0,22.6,8.4,11.7,29.700000000000003,39907.0,42.5
06037124103,Census Tract 1241.03; Los Angeles County; California,7.1,12.4,7.6,29.9,32.7,22314.0,45.0
06037124104,Census Tract 1241.04; Los Angeles County; California,9.0,17.4,9.0,21.299999999999997,32.0,27795.0,45.9
06037124105,Census Tract 1241.05; Los Angeles County; California,9.5,8.5,4.1,21.1,29.6,30991.0,39.4
06037124201,Census Tract 1242.01; Los Angeles County; California,3.0,6.0,7.0,29.9,26.200000000000003,27916.0,38.6
06037124203,Census Tract 1242.03; Los Angeles County; California,9.5,4.6,7.9,17.4,29.599999999999998,36599.0,39.6
06037124204,Census Tract 1242.04; Los Angeles County; California,5.9,22.6,8.9,30.0,30.0,27431.0,47.0
06037124300,Census Tract 1243; Los Angeles County; California,8.8,1.8,5.2,22.4,28.0,37527.0,37.0
06037124400,Census Tract 1244; Los Angeles County; California,3.0,6.9,5.0,8.5,30.8,46806.0,33.8
06037124500,Census Tract 1245; Los Angeles County; California,0.3,11.7,5.8,12.5,33.0,58439.0,34.8
06037124600,Census Tract 1246; Los Angeles County; California,0.0,4.3,6.9,4.2,35.3,57179.0,32.7
06037124700,Census Tract 1247; Los Angeles County; California,0.7,8.0,11.9,3.5999999999999996,30.2,63405.0,35.1
06037124902,Census Tract 1249.02; Los Angeles County; California,8.7,4.2,8.9,7.6,32.2,34124.0,39.2
06037124903,Census Tract 1249.03; Los Angeles County; California,5.2,13.1,10.2,16.2,31.799999999999997,39970.0,41.9
06037125101,Census Tract 1251.01; Los Angeles County; California,1.2,9.8,9.0,4.2,18.3,48473.0,31.8
06037125102,Census Tract 1251.02; Los Angeles County; California,1.6,7.7,6.7,0.8,41.2,81041.0,33.2
06037125200,Census Tract 1252; Los Angeles County; California,4.7,3.6,13.2,4.2,28.8,59620.0,36.2
06037125310,Census Tract 1253.10; Los Angeles County; California,1.4,11.9,8.5,10.9,23.4,51303.0,34.6
06037125321,Census Tract 1253.21; Los Angeles County; California,6.0,13.1,5.7,7.3,22.7,36258.0,35.5
06037125322,Census Tract 1253.22; Los Angeles County; California,1.0,12.7,9.3,18.4,24.8,40951.0,37.7
06037125402,Census Tract 1254.02; Los Angeles County; California,0.0,3.3,11.0,4.4,16.6,50888.0,30.1
06037125403,Census Tract 1254.03; Los Angeles County; California,3.0,4.4,9.9,8.3,12.3,41716.0,31.1
06037125404,Census Tract 1254.04; Los Angeles County; California,3.1,22.3,14.3,1.2,9.399999999999999,58788.0,35.5
06037125501,Census Tract 1255.01; Los Angeles County; California,2.3,13.2,9.6,5.6000000000000005,21.5,47709.0,34.9
06037125502,Census Tract 1255.02; Los Angeles County; California,0.5,6.1,13.0,15.1,26.799999999999997,87638.0,33.7
06037125600,Census Tract 1256; Los Angeles County; California,0.9,0.0,5.1,4.0,36.7,84995.0,28.4
06037127102,Census Tract 1271.02; Los Angeles County; California,15.2,23.5,9.5,23.3,30.9,23292.0,50.9
06037127103,Census Tract 1271.03; Los Angeles County; California,8.8,4.0,3.7,17.700000000000003,28.2,26429.0,37.0
06037127104,Census Tract 1271.04; Los Angeles County; California,16.2,20.4,8.1,18.2,34.2,21595.0,49.8
06037127210,Census Tract 1272.10; Los Angeles County; California,4.5,9.1,9.5,24.0,29.6,29861.0,41.6
06037127220,Census Tract 1272.20; Los Angeles County; California,14.6,16.0,13.2,33.400000000000006,37.7,29304.0,54.0
06037127300,Census Tract 1273; Los Angeles County; California,5.7,2.2,7.7,17.2,34.1,39932.0,38.2
06037127400,Census Tract 1274; Los Angeles County; California,9.1,11.3,7.6,36.1,28.0,25853.0,44.7
06037127520,Census Tract 1275.20; Los Angeles County; California,11.7,24.3,7.9,35.8,38.9,17040.0,53.7
06037127603,Census Tract 1276.03; Los Angeles County; California,13.2,23.6,7.6,34.1,30.8,24352.0,50.5
06037127604,Census Tract 1276.04; Los Angeles County; California,7.8,15.2,3.1,17.7,34.3,30259.0,40.9
06037127605,Census Tract 1276.05; Los Angeles County; California,17.1,23.3,6.8,28.799999999999997,35.6,23872.0,52.1
06037127606,Census Tract 1276.06; Los Angeles County; California,11.1,24.5,3.0,20.0,30.900000000000002,31694.0,44.1
06037127711,Census Tract 1277.11; Los Angeles County; California,5.5,18.5,8.1,24.9,32.9,45778.0,43.5
06037127712,Census Tract 1277.12; Los Angeles County; California,13.0,20.3,5.6,18.4,31.3,32941.0,45.0
06037127803,Census Tract 1278.03; Los Angeles County; California,7.8,14.0,6.4,30.9,41.0,27378.0,47.1
06037127804,Census Tract 1278.04; Los Angeles County; California,10.0,7.3,10.4,13.5,32.3,31689.0,42.8
06037127805,Census Tract 1278.05; Los Angeles County; California,8.6,19.0,7.6,29.4,37.8,25588.0,48.6
06037127806,Census Tract 1278.06; Los Angeles County; California,9.4,9.0,4.1,30.4,26.4,33713.0,39.8
06037127910,Census Tract 1279.10; Los Angeles County; California,12.9,23.3,8.5,31.9,35.8,25873.0,51.9
06037127920,Census Tract 1279.20; Los Angeles County; California,5.9,13.9,8.2,20.1,27.6,29455.0,41.5
06037128101,Census Tract 1281.01; Los Angeles County; California,5.2,7.4,5.3,17.5,28.0,50075.0,35.3
06037128102,Census Tract 1281.02; Los Angeles County; California,10.9,11.9,5.1,27.2,28.599999999999998,28130.0,42.5
06037128210,Census Tract 1282.10; Los Angeles County; California,10.1,24.0,8.4,38.5,32.9,19587.0,51.7
06037128220,Census Tract 1282.20; Los Angeles County; California,6.3,14.9,2.5,25.4,24.7,34261.0,37.9
06037128302,Census Tract 1283.02; Los Angeles County; California,16.8,23.5,8.8,34.3,34.1,25346.0,53.6
06037128303,Census Tract 1283.03; Los Angeles County; California,12.9,33.5,9.5,44.2,28.900000000000002,18231.0,56.1
06037128400,Census Tract 1284; Los Angeles County; California,1.1,8.7,3.7,7.5,28.0,56427.0,30.8
06037128500,Census Tract 1285; Los Angeles County; California,1.6,6.3,4.3,6.2,30.0,63044.0,30.4
06037128601,Census Tract 1286.01; Los Angeles County; California,11.4,18.0,9.1,25.9,26.799999999999997,29773.0,46.1
06037128602,Census Tract 1286.02; Los Angeles County; California,0.0,2.6,8.5,8.9,36.0,63502.0,33.6
06037128703,Census Tract 1287.03; Los Angeles County; California,0.0,10.9,22.9,5.2,28.5,63811.0,42.4
06037128704,Census Tract 1287.04; Los Angeles County; California,0.0,3.1,7.2,3.8,33.6,94104.0,28.5
06037128801,Census Tract 1288.01; Los Angeles County; California,2.5,1.6,8.5,1.4,21.3,66448.0,28.4
06037128802,Census Tract 1288.02; Los Angeles County; California,2.0,2.3,4.7,8.100000000000001,36.5,66085.0,31.7
06037128910,Census Tract 1289.10; Los Angeles County; California,0.7,1.4,8.8,3.5999999999999996,34.900000000000006,57379.0,33.1
06037131021,Census Tract 1310.21; Los Angeles County; California,24.3,6.4,5.3,34.2,38.2,21962.0,50.9
06037131022,Census Tract 1310.22; Los Angeles County; California,7.8,5.8,5.4,18.5,28.299999999999997,30965.0,37.9
06037131023,Census Tract 1310.23; Los Angeles County; California,8.1,11.4,5.0,27.1,29.6,27605.0,41.5
06037131024,Census Tract 1310.24; Los Angeles County; California,10.5,4.9,9.3,24.5,34.5,35074.0,43.7
06037131100,Census Tract 1311; Los Angeles County; California,2.9,1.9,7.6,20.7,33.4,40977.0,37.2
06037131200,Census Tract 1312; Los Angeles County; California,3.9,6.0,2.8,13.0,40.0,50014.0,35.6
06037131300,Census Tract 1313; Los Angeles County; California,9.0,9.7,7.2,29.4,42.2,27983.0,46.9
06037131400,Census Tract 1314; Los Angeles County; California,8.0,4.5,3.4,14.1,34.1,33834.0,37.1
06037131600,Census Tract 1316; Los Angeles County; California,7.2,10.9,11.6,36.0,34.0,27571.0,48.0
06037131701,Census Tract 1317.01; Los Angeles County; California,6.8,15.3,6.9,21.2,38.5,39198.0,44.0
06037131702,Census Tract 1317.02; Los Angeles County; California,5.6,2.0,6.3,16.6,34.2,39625.0,37.2
06037131801,Census Tract 1318.01; Los Angeles County; California,16.8,16.3,3.8,21.6,38.5,22570.0,47.9
06037131802,Census Tract 1318.02; Los Angeles County; California,9.6,0.0,2.8,20.0,26.3,47608.0,33.4
06037131900,Census Tract 1319; Los Angeles County; California,3.1,0.0,7.4,23.1,31.700000000000003,43810.0,36.3
06037132001,Census Tract 1320.01; Los Angeles County; California,2.5,14.5,6.3,12.6,32.5,47017.0,37.7
06037132002,Census Tract 1320.02; Los Angeles County; California,6.1,0.0,7.4,15.5,38.400000000000006,38975.0,38.7
06037132101,Census Tract 1321.01; Los Angeles County; California,3.0,26.6,9.6,13.5,40.2,36405.0,47.0
06037132102,Census Tract 1321.02; Los Angeles County; California,3.6,8.4,7.9,21.9,39.2,35438.0,42.1
06037132301,Census Tract 1323.01; Los Angeles County; California,13.7,12.9,5.8,20.7,30.6,29162.0,43.8
06037132302,Census Tract 1323.02; Los Angeles County; California,0.8,3.5,5.2,23.1,29.4,32673.0,35.3
06037132501,Census Tract 1325.01; Los Angeles County; California,14.1,7.5,7.3,34.9,39.099999999999994,27251.0,48.4
06037132502,Census Tract 1325.02; Los Angeles County; California,2.3,15.6,11.7,15.3,44.2,27855.0,47.2
06037132700,Census Tract 1327; Los Angeles County; California,9.9,10.9,5.9,27.200000000000003,40.1,37832.0,44.9
06037132900,Census Tract 1329; Los Angeles County; California,4.5,5.9,2.2,11.399999999999999,41.5,46692.0,36.0
06037133000,Census Tract 1330; Los Angeles County; California,2.8,8.8,12.5,14.3,36.0,32739.0,42.9
06037133101,Census Tract 1331.01; Los Angeles County; California,4.5,3.1,3.4,11.0,34.599999999999994,38657.0,34.5
06037133102,Census Tract 1331.02; Los Angeles County; California,5.6,9.1,6.5,20.4,41.4,33154.0,42.8
06037134001,Census Tract 1340.01; Los Angeles County; California,10.1,12.7,7.4,31.7,30.6,23251.0,45.7
06037134002,Census Tract 1340.02; Los Angeles County; California,4.3,13.4,10.9,28.4,41.2,27763.0,48.1
06037134101,Census Tract 1341.01; Los Angeles County; California,10.9,15.7,4.5,36.2,35.9,28823.0,46.8
06037134103,Census Tract 1341.03; Los Angeles County; California,7.1,22.3,6.7,23.5,47.099999999999994,32767.0,49.6
06037134104,Census Tract 1341.04; Los Angeles County; California,12.2,16.6,8.5,29.599999999999998,35.7,29353.0,49.0
06037134201,Census Tract 1342.01; Los Angeles County; California,5.0,5.7,7.3,16.4,30.1,33866.0,38.0
06037134302,Census Tract 1343.02; Los Angeles County; California,1.9,11.0,4.1,13.7,35.9,47753.0,36.2
06037134303,Census Tract 1343.03; Los Angeles County; California,2.8,5.3,8.1,23.1,35.3,47703.0,38.8
06037134304,Census Tract 1343.04; Los Angeles County; California,2.3,9.6,10.7,13.600000000000001,41.6,31370.0,43.4
06037134305,Census Tract 1343.05; Los Angeles County; California,19.2,14.4,6.7,26.700000000000003,33.5,19013.0,49.8
06037134306,Census Tract 1343.06; Los Angeles County; California,9.4,17.8,8.3,23.1,36.5,24665.0,47.7
06037134421,Census Tract 1344.21; Los Angeles County; California,0.5,1.6,8.6,4.2,39.1,61711.0,33.9
06037134422,Census Tract 1344.22; Los Angeles County; California,0.4,0.0,10.4,6.0,40.2,57373.0,35.6
06037134423,Census Tract 1344.23; Los Angeles County; California,0.0,5.8,3.8,8.399999999999999,50.2,59403.0,36.1
06037134424,Census Tract 1344.24; Los Angeles County; California,0.8,3.3,9.5,4.4,44.4,75364.0,35.5
06037134520,Census Tract 1345.20; Los Angeles County; California,11.1,19.2,5.5,30.4,34.3,22380.0,47.7
06037134521,Census Tract 1345.21; Los Angeles County; California,25.6,28.2,6.1,42.2,36.5,20320.0,59.2
06037134522,Census Tract 1345.22; Los Angeles County; California,15.7,17.2,5.6,23.700000000000003,31.400000000000002,22943.0,47.0
06037134710,Census Tract 1347.10; Los Angeles County; California,14.5,19.8,4.5,31.1,36.9,22528.0,49.5
06037134720,Census Tract 1347.20; Los Angeles County; California,5.9,7.9,8.4,19.6,31.6,39669.0,40.1
06037134801,Census Tract 1348.01; Los Angeles County; California,1.5,8.3,4.0,9.399999999999999,30.6,36901.0,34.0
06037134802,Census Tract 1348.02; Los Angeles County; California,13.9,16.2,9.1,25.9,36.1,28548.0,49.5
06037134901,Census Tract 1349.01; Los Angeles County; California,2.7,12.1,10.4,7.5,36.9,41923.0,40.7
06037134904,Census Tract 1349.04; Los Angeles County; California,6.3,13.4,12.7,21.9,27.599999999999998,33660.0,44.3
06037134905,Census Tract 1349.05; Los Angeles County; California,4.4,11.8,3.9,1.9,17.6,62366.0,28.5
06037134906,Census Tract 1349.06; Los Angeles County; California,10.7,12.7,5.8,23.4,27.4,34320.0,41.5
06037134907,Census Tract 1349.07; Los Angeles County; California,2.4,12.3,15.0,2.2,9.2,53197.0,33.4
06037135102,Census Tract 1351.02; Los Angeles County; California,3.5,0.4,4.2,3.2,39.9,67289.0,31.5
06037135111,Census Tract 1351.11; Los Angeles County; California,12.4,4.2,6.1,17.5,33.400000000000006,39025.0,40.4
06037135113,Census Tract 1351.13; Los Angeles County; California,3.6,9.5,5.0,4.0,26.1,60273.0,31.3
06037135115,Census Tract 1351.15; Los Angeles County; California,11.8,2.4,9.0,1.7,33.0,41161.0,38.6
06037135116,Census Tract 1351.16; Los Angeles County; California,0.0,4.0,23.6,8.5,36.0,59272.0,44.0
06037135201,Census Tract 1352.01; Los Angeles County; California,2.9,8.7,15.2,2.1,42.8,40036.0,44.0
06037135202,Census Tract 1352.02; Los Angeles County; California,6.9,7.7,9.8,7.4,36.6,46315.0,40.2
06037135204,Census Tract 1352.04; Los Angeles County; California,2.2,0.0,9.1,6.5,30.3,45322.0,33.7
06037135205,Census Tract 1352.05; Los Angeles County; California,0.8,8.4,15.2,7.8,51.7,79689.0,42.9
06037137000,Census Tract 1370; Los Angeles County; California,0.0,4.5,8.6,5.2,43.0,59194.0,36.2
06037137103,Census Tract 1371.03; Los Angeles County; California,6.2,17.1,8.0,6.4,33.6,49045.0,40.2
06037137104,Census Tract 1371.04; Los Angeles County; California,1.3,14.9,8.7,6.5,41.9,54260.0,40.1
06037137202,Census Tract 1372.02; Los Angeles County; California,4.7,9.4,13.2,8.4,28.8,48368.0,39.6
06037137203,Census Tract 1372.03; Los Angeles County; California,0.8,3.2,7.7,3.6,42.7,60787.0,35.0
06037137301,Census Tract 1373.01; Los Angeles County; California,1.3,0.0,5.7,6.0,39.6,74340.0,31.2
06037137302,Census Tract 1373.02; Los Angeles County; California,0.9,5.0,6.7,4.7,47.5,73387.0,35.4
06037137401,Census Tract 1374.01; Los Angeles County; California,0.5,5.3,3.4,1.6,39.6,60980.0,31.5
06037137402,Census Tract 1374.02; Los Angeles County; California,0.0,2.1,8.6,3.1,44.7,62444.0,35.3
06037137501,Census Tract 1375.01; Los Angeles County; California,4.1,9.4,10.8,3.5999999999999996,36.5,50870.0,39.2
06037137502,Census Tract 1375.02; Los Angeles County; California,2.6,2.6,5.4,2.7,35.5,74951.0,30.4
06037137504,Census Tract 1375.04; Los Angeles County; California,0.0,0.0,4.4,4.6,41.2,105228.0,27.2
06037138000,Census Tract 1380; Los Angeles County; California,0.0,5.4,5.3,2.7,45.8,62589.0,34.4
06037139001,Census Tract 1390.01; Los Angeles County; California,6.4,5.5,9.4,4.2,38.900000000000006,51892.0,38.8
06037139200,Census Tract 1392; Los Angeles County; California,2.1,7.2,5.2,3.1,32.8,52250.0,32.8
06037139301,Census Tract 1393.01; Los Angeles County; California,1.9,0.7,3.9,5.0,43.7,74861.0,31.5
06037139302,Census Tract 1393.02; Los Angeles County; California,5.1,3.1,7.8,9.1,28.5,33919.0,35.9
06037139303,Census Tract 1393.03; Los Angeles County; California,2.0,9.7,5.7,14.6,38.6,49463.0,37.7
06037139401,Census Tract 1394.01; Los Angeles County; California,1.1,8.3,2.8,7.1,39.3,59837.0,33.1
06037139402,Census Tract 1394.02; Los Angeles County; California,0.7,6.8,4.8,1.7000000000000002,43.400000000000006,77945.0,32.5
06037139502,Census Tract 1395.02; Los Angeles County; California,4.6,4.4,5.6,4.3,40.099999999999994,53348.0,35.6
06037139504,Census Tract 1395.04; Los Angeles County; California,4.8,14.6,10.2,9.6,35.9,41665.0,42.2
06037139505,Census Tract 1395.05; Los Angeles County; California,0.0,12.9,15.4,6.8,31.7,32094.0,42.4
06037139506,Census Tract 1395.06; Los Angeles County; California,6.9,0.0,1.9,7.0,38.6,40095.0,34.1
06037139600,Census Tract 1396; Los Angeles County; California,6.6,2.8,11.7,4.3,43.900000000000006,72520.0,39.1
06037139701,Census Tract 1397.01; Los Angeles County; California,0.0,6.2,9.3,9.2,42.6,96504.0,34.1
06037139703,Census Tract 1397.03; Los Angeles County; California,5.5,1.0,6.0,4.8,50.9,98138.0,34.3
06037139704,Census Tract 1397.04; Los Angeles County; California,1.1,9.0,7.2,2.0,47.0,90789.0,34.7
06037139705,Census Tract 1397.05; Los Angeles County; California,0.0,0.0,5.5,3.5,49.2,106818.0,30.0
06037139801,Census Tract 1398.01; Los Angeles County; California,0.0,1.6,8.5,2.8,44.7,90440.0,32.4
06037139802,Census Tract 1398.02; Los Angeles County; California,0.0,8.4,6.9,2.9,46.5,105869.0,32.5
06037141101,Census Tract 1411.01; Los Angeles County; California,0.0,1.9,8.7,3.8,24.400000000000002,74388.0,28.2
06037141102,Census Tract 1411.02; Los Angeles County; California,3.3,7.1,13.7,2.3,29.4,69318.0,36.0
06037141201,Census Tract 1412.01; Los Angeles County; California,0.7,10.9,7.0,2.9,22.8,60852.0,30.7
06037141202,Census Tract 1412.02; Los Angeles County; California,1.0,8.6,4.3,1.3,29.400000000000002,71578.0,29.1
06037141303,Census Tract 1413.03; Los Angeles County; California,0.3,16.4,9.7,1.4,22.0,54551.0,33.9
06037141304,Census Tract 1413.04; Los Angeles County; California,1.5,12.4,5.5,4.1000000000000005,34.2,95311.0,30.8
06037141305,Census Tract 1413.05; Los Angeles County; California,0.0,3.3,13.7,3.9,26.6,78805.0,32.1
06037141306,Census Tract 1413.06; Los Angeles County; California,0.0,0.0,13.7,0.0,22.4,74268.0,29.7
06037141400,Census Tract 1414; Los Angeles County; California,5.0,2.9,4.2,3.5,39.9,73730.0,32.3
06037141500,Census Tract 1415; Los Angeles County; California,0.0,3.2,2.6,0.9,39.4,142238.0,22.3
06037141600,Census Tract 1416; Los Angeles County; California,0.0,2.0,5.3,0.8,41.3,113304.0,27.0
06037141700,Census Tract 1417; Los Angeles County; California,0.0,0.0,16.1,0.0,38.0,141942.0,29.5
06037143101,Census Tract 1431.01; Los Angeles County; California,1.9,0.0,6.3,2.7,38.7,113403.0,27.3
06037143102,Census Tract 1431.02; Los Angeles County; California,2.1,3.6,6.5,8.5,20.9,70898.0,28.2
06037143200,Census Tract 1432; Los Angeles County; California,0.8,2.1,8.6,6.8,16.1,52266.0,28.6
06037143301,Census Tract 1433.01; Los Angeles County; California,5.7,0.3,5.7,4.5,36.8,51129.0,34.1
06037143302,Census Tract 1433.02; Los Angeles County; California,1.5,0.0,9.1,4.7,37.9,76127.0,32.6
06037143401,Census Tract 1434.01; Los Angeles County; California,0.7,4.1,9.8,3.1,36.2,74056.0,33.3
06037143402,Census Tract 1434.02; Los Angeles County; California,0.0,0.0,10.6,2.1,33.3,117675.0,27.2
06037143500,Census Tract 1435; Los Angeles County; California,0.0,3.5,8.3,1.4,34.2,93577.0,29.2
06037143602,Census Tract 1436.02; Los Angeles County; California,0.0,4.9,12.7,6.5,32.3,91428.0,32.8
06037143603,Census Tract 1436.03; Los Angeles County; California,0.6,12.0,7.1,3.1,23.4,67195.0,30.6
06037143605,Census Tract 1436.05; Los Angeles County; California,3.3,2.4,9.8,1.9,4.300000000000001,54590.0,25.9
06037143606,Census Tract 1436.06; Los Angeles County; California,3.1,0.0,4.8,0.4,9.8,67714.0,22.1
06037143700,Census Tract 1437; Los Angeles County; California,0.0,4.3,8.6,0.9,29.4,124278.0,25.2
06037143801,Census Tract 1438.01; Los Angeles County; California,0.0,1.6,14.7,2.1,31.799999999999997,103823.0,31.1
06037143802,Census Tract 1438.02; Los Angeles County; California,0.0,0.0,13.7,2.8,39.8,97814.0,33.1
06037143901,Census Tract 1439.01; Los Angeles County; California,0.0,0.0,5.0,2.1,42.900000000000006,121946.0,26.1
06037143902,Census Tract 1439.02; Los Angeles County; California,1.9,5.8,9.3,2.8,38.2,122582.0,29.9
06037181000,Census Tract 1810; Los Angeles County; California,0.8,6.4,5.2,2.4,40.5,73679.0,32.3
06037181300,Census Tract 1813; Los Angeles County; California,6.4,6.9,6.2,9.4,35.9,58803.0,36.4
06037181400,Census Tract 1814; Los Angeles County; California,4.8,3.5,8.6,8.3,36.9,59394.0,36.4
06037181500,Census Tract 1815; Los Angeles County; California,6.5,12.9,5.1,12.1,39.2,47731.0,40.0
06037181600,Census Tract 1816; Los Angeles County; California,2.3,2.7,4.6,11.4,20.7,37683.0,30.3
06037183101,Census Tract 1831.01; Los Angeles County; California,1.0,12.5,4.7,17.9,31.9,62924.0,34.7
06037183103,Census Tract 1831.03; Los Angeles County; California,6.5,4.7,9.4,18.0,30.799999999999997,37362.0,39.7
06037183104,Census Tract 1831.04; Los Angeles County; California,2.0,6.0,4.2,10.6,35.6,54267.0,33.7
06037183220,Census Tract 1832.20; Los Angeles County; California,7.6,8.1,8.9,16.1,34.3,42812.0,41.1
06037183221,Census Tract 1832.21; Los Angeles County; California,5.5,6.0,15.1,13.3,32.0,45194.0,42.2
06037183222,Census Tract 1832.22; Los Angeles County; California,2.7,5.4,7.9,15.0,36.4,63025.0,36.3
06037183300,Census Tract 1833; Los Angeles County; California,10.8,5.8,7.4,14.200000000000001,33.2,35999.0,40.7
06037183401,Census Tract 1834.01; Los Angeles County; California,7.3,11.3,5.0,23.8,34.9,40672.0,41.0
06037183402,Census Tract 1834.02; Los Angeles County; California,4.9,9.3,8.4,13.6,25.1,41195.0,37.0
06037183510,Census Tract 1835.10; Los Angeles County; California,2.7,4.5,9.1,19.3,32.8,46612.0,37.9
06037183520,Census Tract 1835.20; Los Angeles County; California,10.9,19.0,7.5,30.799999999999997,33.7,33865.0,47.7
06037183610,Census Tract 1836.10; Los Angeles County; California,4.2,13.1,9.8,24.299999999999997,30.200000000000003,30896.0,43.0
06037183620,Census Tract 1836.20; Los Angeles County; California,5.6,8.2,7.0,20.8,29.2,39165.0,38.7
06037183701,Census Tract 1837.01; Los Angeles County; California,9.0,12.3,8.9,17.9,31.7,35953.0,43.0
06037183702,Census Tract 1837.02; Los Angeles County; California,3.6,5.9,6.1,15.2,31.3,61066.0,34.3
06037183810,Census Tract 1838.10; Los Angeles County; California,10.1,14.2,9.0,25.700000000000003,29.5,34572.0,44.8
06037183820,Census Tract 1838.20; Los Angeles County; California,11.0,2.7,11.4,31.299999999999997,17.700000000000003,36201.0,40.5
06037185101,Census Tract 1851.01; Los Angeles County; California,12.9,6.6,15.7,37.7,30.0,41456.0,49.4
06037185102,Census Tract 1851.02; Los Angeles County; California,1.8,0.0,10.6,3.8,28.7,86324.0,29.8
06037185202,Census Tract 1852.02; Los Angeles County; California,5.3,9.0,4.5,16.1,28.9,87740.0,31.7
06037185203,Census Tract 1852.03; Los Angeles County; California,1.1,14.2,4.1,27.6,27.4,33962.0,37.8
06037185204,Census Tract 1852.04; Los Angeles County; California,2.9,13.5,7.8,7.0,37.9,60237.0,38.1
06037185310,Census Tract 1853.10; Los Angeles County; California,15.7,16.0,4.0,31.9,34.1,30033.0,47.1
06037185320,Census Tract 1853.20; Los Angeles County; California,11.7,15.2,6.6,29.8,27.8,27792.0,44.9
06037186100,Census Tract 1861; Los Angeles County; California,3.0,3.0,6.4,5.9,31.0,58197.0,32.1
06037186201,Census Tract 1862.01; Los Angeles County; California,12.0,6.3,3.3,16.8,40.8,43785.0,40.7
06037186202,Census Tract 1862.02; Los Angeles County; California,8.6,4.7,5.3,3.8000000000000003,26.5,51179.0,33.1
06037186203,Census Tract 1862.03; Los Angeles County; California,4.5,2.3,9.2,12.899999999999999,33.8,59861.0,36.1
06037186301,Census Tract 1863.01; Los Angeles County; California,3.0,19.7,12.1,22.0,35.6,32934.0,46.9
06037186302,Census Tract 1863.02; Los Angeles County; California,3.1,3.2,9.6,11.0,30.7,57853.0,35.0
06037186401,Census Tract 1864.01; Los Angeles County; California,14.0,13.0,4.4,29.8,35.3,26063.0,46.2
06037186403,Census Tract 1864.03; Los Angeles County; California,18.1,7.3,3.9,30.3,36.4,34145.0,45.5
06037186404,Census Tract 1864.04; Los Angeles County; California,11.1,18.6,12.9,24.9,29.400000000000002,29924.0,49.2
06037187101,Census Tract 1871.01; Los Angeles County; California,1.6,0.0,5.5,11.5,36.7,51667.0,33.3
06037187102,Census Tract 1871.02; Los Angeles County; California,11.5,14.6,4.3,16.7,32.1,43341.0,40.9
06037187200,Census Tract 1872; Los Angeles County; California,4.1,13.7,10.9,23.7,25.2,45494.0,40.8
06037187300,Census Tract 1873; Los Angeles County; California,2.1,2.1,9.9,6.1,24.4,78000.0,29.9
06037188100,Census Tract 1881; Los Angeles County; California,3.6,8.3,6.7,13.4,26.099999999999998,52253.0,34.4
06037188201,Census Tract 1882.01; Los Angeles County; California,2.0,3.2,7.7,2.4,22.5,83198.0,27.1
06037188202,Census Tract 1882.02; Los Angeles County; California,2.5,0.0,3.7,1.4,34.099999999999994,117307.0,23.9
06037188300,Census Tract 1883; Los Angeles County; California,13.0,7.9,6.3,7.4,37.5,67847.0,38.7
06037189101,Census Tract 1891.01; Los Angeles County; California,1.2,0.0,9.3,0.7,24.1,62378.0,29.1
06037189102,Census Tract 1891.02; Los Angeles County; California,0.8,2.3,9.6,0.4,24.2,79240.0,28.2
06037189201,Census Tract 1892.01; Los Angeles County; California,2.5,14.3,10.2,5.9,22.7,56559.0,35.3
06037189202,Census Tract 1892.02; Los Angeles County; California,0.0,1.4,4.4,1.7000000000000002,31.7,100384.0,24.7
06037189300,Census Tract 1893; Los Angeles County; California,0.0,11.2,6.8,5.1,43.0,125308.0,30.7
06037189400,Census Tract 1894; Los Angeles County; California,0.0,1.2,7.2,0.8,26.200000000000003,104992.0,24.2
06037189501,Census Tract 1895.01; Los Angeles County; California,2.1,0.0,9.4,1.2,21.6,78068.0,27.3
06037189502,Census Tract 1895.02; Los Angeles County; California,0.0,0.0,11.0,8.4,15.2,49954.0,29.4
06037189600,Census Tract 1896; Los Angeles County; California,0.7,0.0,6.0,4.4,18.700000000000003,74092.0,24.6
06037189702,Census Tract 1897.02; Los Angeles County; California,0.0,0.0,13.1,0.9,25.3,96569.0,28.2
06037189703,Census Tract 1897.03; Los Angeles County; California,3.8,2.1,1.3,11.600000000000001,21.9,98945.0,23.2
06037189704,Census Tract 1897.04; Los Angeles County; California,0.0,4.7,2.2,1.5,33.400000000000006,112596.0,23.6
06037189801,Census Tract 1898.01; Los Angeles County; California,0.0,5.2,4.9,2.4000000000000004,25.5,83000.0,26.0
06037189802,Census Tract 1898.02; Los Angeles County; California,1.8,15.7,12.4,3.7,34.699999999999996,79855.0,37.9
06037189903,Census Tract 1899.03; Los Angeles County; California,2.7,0.0,13.3,3.4000000000000004,14.0,84256.0,27.5
06037189904,Census Tract 1899.04; Los Angeles County; California,3.4,12.3,8.7,9.4,11.899999999999999,47274.0,32.3
06037189905,Census Tract 1899.05; Los Angeles County; California,5.8,2.4,5.3,3.5,31.3,71829.0,30.7
06037189906,Census Tract 1899.06; Los Angeles County; California,0.0,4.6,5.9,3.5,6.0,79732.0,21.1
06037189907,Census Tract 1899.07; Los Angeles County; California,5.7,0.0,8.8,1.2,23.0,52763.0,31.2
06037190101,Census Tract 1901.01; Los Angeles County; California,4.3,0.0,5.9,10.2,10.0,39755.0,27.5
06037190102,Census Tract 1901.02; Los Angeles County; California,0.0,21.1,6.0,10.399999999999999,11.7,52924.0,31.3
06037190201,Census Tract 1902.01; Los Angeles County; California,2.9,3.2,12.2,15.9,19.4,24558.0,37.1
06037190202,Census Tract 1902.02; Los Angeles County; California,0.0,11.6,10.9,1.0,19.8,44095.0,33.4
06037190302,Census Tract 1903.02; Los Angeles County; California,9.6,6.9,8.7,7.9,27.799999999999997,60491.0,36.4
06037190303,Census Tract 1903.03; Los Angeles County; California,2.4,11.7,17.0,9.899999999999999,17.7,42856.0,39.3
06037190401,Census Tract 1904.01; Los Angeles County; California,5.4,3.6,9.4,11.7,25.299999999999997,49609.0,35.2
06037190402,Census Tract 1904.02; Los Angeles County; California,4.4,18.2,4.7,3.6,23.2,35349.0,35.4
06037190510,Census Tract 1905.10; Los Angeles County; California,12.9,19.2,11.2,14.1,28.0,31153.0,46.7
06037190520,Census Tract 1905.20; Los Angeles County; California,6.9,21.6,4.4,22.700000000000003,34.599999999999994,29170.0,44.3
06037190701,Census Tract 1907.01; Los Angeles County; California,2.0,10.2,7.4,15.899999999999999,33.8,43106.0,38.3
06037190702,Census Tract 1907.02; Los Angeles County; California,1.9,8.8,14.5,9.2,14.2,75603.0,32.4
06037190801,Census Tract 1908.01; Los Angeles County; California,3.1,16.7,11.6,10.399999999999999,28.3,33419.0,41.7
06037190802,Census Tract 1908.02; Los Angeles County; California,1.0,16.8,8.1,16.4,15.1,45809.0,34.5
06037190901,Census Tract 1909.01; Los Angeles County; California,18.0,17.7,8.1,43.599999999999994,22.9,24062.0,50.2
06037190902,Census Tract 1909.02; Los Angeles County; California,4.1,9.2,7.6,21.4,25.5,32448.0,38.4
06037191000,Census Tract 1910; Los Angeles County; California,0.0,7.2,9.5,7.6,15.899999999999999,60722.0,29.6
06037191110,Census Tract 1911.10; Los Angeles County; California,2.7,7.5,9.1,19.4,33.0,22625.0,41.1
06037191120,Census Tract 1911.20; Los Angeles County; California,13.3,8.3,17.0,19.700000000000003,34.0,26146.0,50.6
06037191201,Census Tract 1912.01; Los Angeles County; California,10.1,16.9,8.7,16.0,24.3,33679.0,42.3
06037191203,Census Tract 1912.03; Los Angeles County; California,2.8,22.8,9.0,16.8,32.7,39243.0,43.5
06037191204,Census Tract 1912.04; Los Angeles County; California,5.9,16.6,4.2,16.4,33.7,35721.0,40.4
06037191301,Census Tract 1913.01; Los Angeles County; California,6.9,15.9,10.4,23.1,31.4,42127.0,44.3
06037191302,Census Tract 1913.02; Los Angeles County; California,10.5,7.6,8.9,18.299999999999997,15.1,44944.0,36.4
06037191410,Census Tract 1914.10; Los Angeles County; California,5.9,23.6,10.3,34.1,27.9,27229.0,48.2
06037191420,Census Tract 1914.20; Los Angeles County; California,16.0,9.8,7.0,26.6,16.299999999999997,33095.0,40.9
06037191500,Census Tract 1915; Los Angeles County; California,17.3,15.0,10.3,28.200000000000003,30.9,27411.0,50.2
06037191610,Census Tract 1916.10; Los Angeles County; California,11.6,22.5,7.3,27.1,29.799999999999997,25648.0,47.8
06037191620,Census Tract 1916.20; Los Angeles County; California,17.9,13.4,6.6,33.2,37.4,23884.0,50.7
06037191710,Census Tract 1917.10; Los Angeles County; California,9.1,19.4,7.2,54.3,36.7,20954.0,52.8
06037191720,Census Tract 1917.20; Los Angeles County; California,17.4,10.9,7.6,46.5,22.7,22335.0,48.3
06037191810,Census Tract 1918.10; Los Angeles County; California,8.1,4.7,8.4,25.8,26.2,30246.0,40.3
06037191820,Census Tract 1918.20; Los Angeles County; California,3.6,11.2,6.1,8.7,19.4,49397.0,32.3
06037191901,Census Tract 1919.01; Los Angeles County; California,6.2,11.4,7.8,5.8,13.7,43916.0,32.8
06037191902,Census Tract 1919.02; Los Angeles County; California,0.8,6.9,6.4,5.199999999999999,30.5,105356.0,27.6
06037192001,Census Tract 1920.01; Los Angeles County; California,0.9,6.5,6.7,4.6,25.200000000000003,116506.0,25.0
06037192002,Census Tract 1920.02; Los Angeles County; California,1.1,2.7,8.2,5.300000000000001,25.5,88954.0,27.8
06037192300,Census Tract 1923; Los Angeles County; California,0.0,10.5,8.9,3.7,28.099999999999998,82805.0,31.1
06037192410,Census Tract 1924.10; Los Angeles County; California,0.6,1.9,6.3,7.0,23.6,95669.0,25.2
06037192420,Census Tract 1924.20; Los Angeles County; California,7.6,4.6,4.3,20.6,28.5,35120.0,36.8
06037192510,Census Tract 1925.10; Los Angeles County; California,7.8,18.9,6.3,28.5,32.7,26191.0,45.7
06037192520,Census Tract 1925.20; Los Angeles County; California,13.3,15.8,13.3,34.0,28.4,25010.0,51.2
06037192610,Census Tract 1926.10; Los Angeles County; California,12.3,16.8,7.4,28.5,32.1,24241.0,47.6
06037192620,Census Tract 1926.20; Los Angeles County; California,8.1,21.0,5.2,38.9,36.5,21532.0,49.0
06037192700,Census Tract 1927; Los Angeles County; California,7.3,9.1,7.5,27.8,21.799999999999997,27420.0,39.9
06037194101,Census Tract 1941.01; Los Angeles County; California,1.7,4.5,13.4,3.1,26.8,104212.0,30.4
06037194102,Census Tract 1941.02; Los Angeles County; California,0.0,7.6,5.3,5.1,33.5,132038.0,25.2
06037194200,Census Tract 1942; Los Angeles County; California,0.0,1.5,9.0,1.1,30.400000000000002,123325.0,25.0
06037194300,Census Tract 1943; Los Angeles County; California,0.0,1.4,4.9,0.0,37.2,230757.0,14.1
06037194401,Census Tract 1944.01; Los Angeles County; California,0.0,8.8,9.1,5.4,20.0,78536.0,29.0
06037194402,Census Tract 1944.02; Los Angeles County; California,0.0,13.8,6.4,3.8,20.599999999999998,97538.0,26.9
06037194500,Census Tract 1945; Los Angeles County; California,0.0,1.6,6.7,4.2,33.7,103730.0,26.9
06037195100,Census Tract 1951; Los Angeles County; California,0.0,0.0,2.1,2.8,35.9,110160.0,23.4
06037195201,Census Tract 1952.01; Los Angeles County; California,0.0,0.0,8.7,4.0,27.299999999999997,72439.0,28.8
06037195202,Census Tract 1952.02; Los Angeles County; California,0.0,2.1,8.8,4.4,26.5,90597.0,27.5
06037195300,Census Tract 1953; Los Angeles County; California,6.8,8.6,16.6,7.3,22.6,64301.0,38.9
06037195400,Census Tract 1954; Los Angeles County; California,1.8,0.0,9.1,5.5,20.8,119986.0,23.5
06037195500,Census Tract 1955; Los Angeles County; California,0.0,1.0,8.1,8.7,30.6,77019.0,30.0
06037195600,Census Tract 1956; Los Angeles County; California,10.5,23.1,4.6,22.3,30.299999999999997,48307.0,43.1
06037195710,Census Tract 1957.10; Los Angeles County; California,7.7,26.3,8.8,24.8,24.1,32685.0,45.6
06037195720,Census Tract 1957.20; Los Angeles County; California,1.9,23.1,10.1,18.9,27.799999999999997,39479.0,42.7
06037195802,Census Tract 1958.02; Los Angeles County; California,10.3,6.2,6.2,20.4,29.6,35063.0,39.9
06037195803,Census Tract 1958.03; Los Angeles County; California,7.3,13.7,9.1,11.3,26.299999999999997,50259.0,38.8
06037195804,Census Tract 1958.04; Los Angeles County; California,3.5,8.5,5.7,22.2,24.3,46364.0,35.2
06037195901,Census Tract 1959.01; Los Angeles County; California,3.5,6.9,16.3,16.8,23.4,52723.0,39.7
06037195902,Census Tract 1959.02; Los Angeles County; California,0.8,0.0,9.3,2.5,25.0,86106.0,27.2
06037195903,Census Tract 1959.03; Los Angeles County; California,1.9,4.4,6.6,11.0,20.299999999999997,48879.0,30.7
06037197200,Census Tract 1972; Los Angeles County; California,7.0,3.6,3.2,21.1,31.799999999999997,35019.0,36.7
06037197300,Census Tract 1973; Los Angeles County; California,3.7,5.2,9.0,13.1,23.3,55309.0,33.8
06037197410,Census Tract 1974.10; Los Angeles County; California,4.4,7.7,10.1,9.3,28.2,65058.0,35.4
06037197420,Census Tract 1974.20; Los Angeles County; California,9.6,6.3,7.3,23.0,25.3,47685.0,38.3
06037197500,Census Tract 1975; Los Angeles County; California,4.5,9.5,6.2,19.6,21.6,47708.0,34.8
06037197600,Census Tract 1976; Los Angeles County; California,0.9,30.3,8.9,19.5,22.200000000000003,46976.0,41.4
06037197700,Census Tract 1977; Los Angeles County; California,5.3,11.3,4.7,20.6,28.5,45272.0,37.2
06037199001,Census Tract 1990.01; Los Angeles County; California,1.3,16.9,7.6,44.4,33.8,18428.0,47.0
06037199002,Census Tract 1990.02; Los Angeles County; California,3.8,6.8,10.0,25.6,26.9,34230.0,40.0
06037199110,Census Tract 1991.10; Los Angeles County; California,11.8,15.4,13.9,38.3,34.9,31042.0,52.9
06037199120,Census Tract 1991.20; Los Angeles County; California,10.8,26.9,11.8,32.3,36.8,19267.0,55.2
06037199201,Census Tract 1992.01; Los Angeles County; California,15.4,24.2,7.8,34.3,36.8,36581.0,52.4
06037199202,Census Tract 1992.02; Los Angeles County; California,14.3,4.6,8.1,27.1,38.599999999999994,38476.0,45.7
06037199300,Census Tract 1993; Los Angeles County; California,5.7,8.3,9.6,27.3,31.9,47141.0,41.5
06037199400,Census Tract 1994; Los Angeles County; California,16.5,26.3,15.2,31.2,32.7,27267.0,57.3
06037199700,Census Tract 1997; Los Angeles County; California,9.6,12.7,4.1,41.4,33.2,31412.0,45.0
06037199801,Census Tract 1998.01; Los Angeles County; California,29.8,10.0,7.3,50.900000000000006,34.1,22745.0,56.8
06037199802,Census Tract 1998.02; Los Angeles County; California,4.7,12.5,6.9,45.2,35.3,20359.0,47.0
06037199900,Census Tract 1999; Los Angeles County; California,10.7,9.7,10.7,35.2,34.5,31420.0,48.1
06037201110,Census Tract 2011.10; Los Angeles County; California,4.4,6.3,1.9,24.8,35.400000000000006,38249.0,37.0
06037201120,Census Tract 2011.20; Los Angeles County; California,7.7,8.4,8.7,31.700000000000003,30.799999999999997,36479.0,43.1
06037201200,Census Tract 2012; Los Angeles County; California,13.7,11.4,5.2,33.6,34.6,30867.0,46.1
06037201301,Census Tract 2013.01; Los Angeles County; California,12.8,10.9,10.2,30.3,34.2,35311.0,47.7
06037201302,Census Tract 2013.02; Los Angeles County; California,2.9,6.1,5.8,12.3,31.299999999999997,61644.0,33.4
06037201401,Census Tract 2014.01; Los Angeles County; California,13.4,20.8,11.1,29.799999999999997,35.9,25092.0,52.8
06037201402,Census Tract 2014.02; Los Angeles County; California,5.6,16.3,6.7,36.1,41.5,36122.0,47.3
06037201501,Census Tract 2015.01; Los Angeles County; California,16.2,7.8,11.2,29.0,38.6,26002.0,50.8
06037201503,Census Tract 2015.03; Los Angeles County; California,8.1,10.2,9.6,28.0,32.599999999999994,23260.0,45.6
06037201504,Census Tract 2015.04; Los Angeles County; California,13.8,11.2,8.0,43.4,39.599999999999994,30072.0,51.0
06037201601,Census Tract 2016.01; Los Angeles County; California,10.6,9.1,21.7,23.9,35.4,25704.0,53.9
06037201602,Census Tract 2016.02; Los Angeles County; California,9.3,12.5,10.5,39.7,44.6,26923.0,52.5
06037201700,Census Tract 2017; Los Angeles County; California,5.8,8.1,6.7,15.5,30.1,28882.0,38.9
06037203100,Census Tract 2031; Los Angeles County; California,17.4,15.7,10.6,45.900000000000006,34.400000000000006,19211.0,55.3
06037203200,Census Tract 2032; Los Angeles County; California,15.7,16.7,9.4,41.9,40.199999999999996,20036.0,55.2
06037203300,Census Tract 2033; Los Angeles County; California,4.2,41.7,13.8,48.9,41.9,12978.0,63.0
06037203500,Census Tract 2035; Los Angeles County; California,3.6,30.8,12.3,39.5,34.6,25307.0,53.8
06037203601,Census Tract 2036.01; Los Angeles County; California,14.9,12.7,10.4,36.8,33.099999999999994,19435.0,51.4
06037203602,Census Tract 2036.02; Los Angeles County; California,20.9,33.2,3.0,48.8,34.9,20851.0,57.3
06037203710,Census Tract 2037.10; Los Angeles County; California,22.5,21.0,10.1,48.199999999999996,37.3,20587.0,59.6
06037203720,Census Tract 2037.20; Los Angeles County; California,17.1,18.2,10.4,44.099999999999994,38.5,20311.0,56.6
06037203800,Census Tract 2038; Los Angeles County; California,17.8,25.4,6.6,42.9,34.3,19956.0,55.1
06037203900,Census Tract 2039; Los Angeles County; California,14.8,8.5,5.5,39.8,38.2,21015.0,48.9
06037204110,Census Tract 2041.10; Los Angeles County; California,12.5,15.1,6.4,50.5,34.0,18883.0,51.2
06037204120,Census Tract 2041.20; Los Angeles County; California,9.9,7.1,11.6,49.900000000000006,36.0,22446.0,51.3
06037204200,Census Tract 2042; Los Angeles County; California,15.2,24.9,11.0,45.0,35.1,18485.0,57.5
06037204300,Census Tract 2043; Los Angeles County; California,13.1,23.7,7.9,51.0,42.5,17457.0,57.6
06037204410,Census Tract 2044.10; Los Angeles County; California,13.9,30.9,7.5,55.4,38.2,19556.0,59.0
06037204420,Census Tract 2044.20; Los Angeles County; California,10.4,20.2,11.8,54.400000000000006,33.8,17607.0,55.9
06037204600,Census Tract 2046; Los Angeles County; California,11.1,13.3,13.5,43.7,43.9,17529.0,56.6
06037204700,Census Tract 2047; Los Angeles County; California,15.2,21.5,8.8,35.8,36.5,20719.0,53.8
06037204810,Census Tract 2048.10; Los Angeles County; California,18.7,15.3,6.6,37.099999999999994,39.9,19821.0,53.3
06037204820,Census Tract 2048.20; Los Angeles County; California,25.9,11.6,0.9,37.7,39.2,19964.0,51.3
06037204910,Census Tract 2049.10; Los Angeles County; California,10.9,19.6,8.3,44.2,41.6,20783.0,54.1
06037204920,Census Tract 2049.20; Los Angeles County; California,18.8,15.8,11.7,47.5,37.9,19624.0,57.8
06037205110,Census Tract 2051.10; Los Angeles County; California,23.5,23.5,16.1,58.900000000000006,38.5,17170.0,67.0
06037205120,Census Tract 2051.20; Los Angeles County; California,11.7,30.5,15.3,46.3,40.900000000000006,12594.0,63.0
06037206010,Census Tract 2060.10; Los Angeles County; California,3.0,23.4,16.2,36.0,26.3,33249.0,50.1
06037206020,Census Tract 2060.20; Los Angeles County; California,0.0,0.0,4.3,36.8,1.3,10572.0,29.2
06037206050,Census Tract 2060.50; Los Angeles County; California,11.1,13.8,15.8,34.5,46.6,25804.0,56.8
06037206051,Census Tract 2060.51; Los Angeles County; California,0.0,0.0,8.8,0.0,10.3,152134.0,15.5
06037206052,Census Tract 2060.52; Los Angeles County; California,1.2,3.6,3.8,0.7,7.7,72151.0,20.7
06037206053,Census Tract 2060.53; Los Angeles County; California,7.6,25.3,6.0,44.5,41.2,24237.0,52.6
06037206054,Census Tract 2060.54; Los Angeles County; California,7.5,37.8,12.0,41.1,34.800000000000004,19047.0,58.0
06037206201,Census Tract 2062.01; Los Angeles County; California,0.0,0.0,17.8,8.7,16.7,47624.0,34.5
06037206202,Census Tract 2062.02; Los Angeles County; California,2.1,21.4,5.5,12.8,43.3,45708.0,42.5
06037206301,Census Tract 2063.01; Los Angeles County; California,0.0,0.0,30.5,19.3,22.4,12895.0,49.3
06037206302,Census Tract 2063.02; Los Angeles County; California,0.0,0.0,44.4,24.200000000000003,10.8,12272.0,55.6
06037206303,Census Tract 2063.03; Los Angeles County; California,0.0,0.0,44.6,27.0,11.3,11257.0,56.4
06037207101,Census Tract 2071.01; Los Angeles County; California,8.1,23.3,5.0,16.1,32.2,34160.0,43.4
06037207102,Census Tract 2071.02; Los Angeles County; California,8.2,22.6,13.3,33.3,34.0,35702.0,51.7
06037207103,Census Tract 2071.03; Los Angeles County; California,13.3,21.4,7.9,25.1,36.9,33013.0,49.7
06037207303,Census Tract 2073.03; Los Angeles County; California,0.0,5.3,4.7,9.2,20.9,60805.0,27.7
06037207304,Census Tract 2073.04; Los Angeles County; California,4.5,0.0,18.6,17.6,22.299999999999997,33893.0,41.2
06037207305,Census Tract 2073.05; Los Angeles County; California,0.0,0.0,5.7,8.5,0.0,94412.0,17.3
06037207306,Census Tract 2073.06; Los Angeles County; California,0.0,15.6,9.1,3.2,8.4,69417.0,28.0
06037207307,Census Tract 2073.07; Los Angeles County; California,0.0,0.0,17.3,16.2,10.2,32744.0,34.8
06037207308,Census Tract 2073.08; Los Angeles County; California,0.0,0.0,15.1,2.7,5.5,67950.0,26.5
06037207400,Census Tract 2074; Los Angeles County; California,2.6,1.8,10.8,15.1,14.6,36590.0,33.0
06037207501,Census Tract 2075.01; Los Angeles County; California,1.1,6.7,5.6,0.4,17.8,91150.0,23.9
06037207502,Census Tract 2075.02; Los Angeles County; California,0.4,20.9,12.3,24.0,48.8,48538.0,49.2
06037207711,Census Tract 2077.11; Los Angeles County; California,0.0,0.0,7.1,0.0,3.6,135592.0,14.0
06037207712,Census Tract 2077.12; Los Angeles County; California,0.0,12.0,5.5,19.4,23.4,71282.0,31.6
06037207901,Census Tract 2079.01; Los Angeles County; California,0.0,19.6,4.0,7.9,8.700000000000001,80949.0,25.6
06037207902,Census Tract 2079.02; Los Angeles County; California,0.9,8.6,8.4,1.7,5.6,76104.0,24.2
06037208001,Census Tract 2080.01; Los Angeles County; California,6.6,23.3,0.0,13.9,9.0,41400.0,31.5
06037208002,Census Tract 2080.02; Los Angeles County; California,5.5,28.9,9.8,41.8,33.8,26447.0,52.4
06037208301,Census Tract 2083.01; Los Angeles County; California,11.2,38.9,5.6,60.3,30.700000000000003,17292.0,57.8
06037208302,Census Tract 2083.02; Los Angeles County; California,7.7,35.7,3.9,37.5,35.0,22693.0,51.5
06037208401,Census Tract 2084.01; Los Angeles County; California,14.1,19.9,7.4,46.5,35.8,22962.0,53.3
06037208402,Census Tract 2084.02; Los Angeles County; California,13.9,13.5,5.4,27.5,34.6,30253.0,46.0
06037208501,Census Tract 2085.01; Los Angeles County; California,20.5,11.8,5.9,23.8,28.8,33016.0,45.8
06037208502,Census Tract 2085.02; Los Angeles County; California,11.4,10.9,4.5,41.0,34.8,20272.0,46.9
06037208610,Census Tract 2086.10; Los Angeles County; California,10.2,9.7,9.6,22.4,29.700000000000003,32229.0,43.6
06037208620,Census Tract 2086.20; Los Angeles County; California,12.8,16.6,6.3,19.6,29.0,32292.0,43.9
06037208710,Census Tract 2087.10; Los Angeles County; California,2.8,5.0,9.4,14.1,27.400000000000002,37858.0,36.7
06037208720,Census Tract 2087.20; Los Angeles County; California,2.9,27.9,11.0,44.7,27.7,21152.0,51.0
06037208801,Census Tract 2088.01; Los Angeles County; California,6.0,13.8,6.1,34.0,35.2,22294.0,45.4
06037208802,Census Tract 2088.02; Los Angeles County; California,0.9,3.8,7.2,20.6,32.8,29533.0,37.6
06037208902,Census Tract 2089.02; Los Angeles County; California,14.5,38.7,6.0,66.8,33.9,14882.0,61.5
06037208903,Census Tract 2089.03; Los Angeles County; California,2.7,46.9,5.2,65.9,30.0,17026.0,57.2
06037208904,Census Tract 2089.04; Los Angeles County; California,9.1,43.8,4.7,48.7,40.8,13911.0,59.3
06037209103,Census Tract 2091.03; Los Angeles County; California,5.5,46.5,6.4,62.4,38.1,12957.0,61.2
06037209104,Census Tract 2091.04; Los Angeles County; California,3.2,26.2,4.7,49.900000000000006,37.6,20105.0,50.5
06037209105,Census Tract 2091.05; Los Angeles County; California,2.3,35.7,7.6,49.5,49.1,10542.0,59.0
06037209106,Census Tract 2091.06; Los Angeles County; California,2.4,29.6,2.1,29.8,23.5,35296.0,40.6
06037209201,Census Tract 2092.01; Los Angeles County; California,1.1,28.0,4.1,1.0,9.6,59609.0,29.7
06037209202,Census Tract 2092.02; Los Angeles County; California,16.9,35.8,0.0,38.7,37.900000000000006,16604.0,54.3
06037209300,Census Tract 2093; Los Angeles County; California,3.1,40.6,9.0,35.4,27.6,22210.0,51.8
06037209401,Census Tract 2094.01; Los Angeles County; California,10.3,15.5,7.5,57.9,41.2,19108.0,54.4
06037209402,Census Tract 2094.02; Los Angeles County; California,6.3,31.0,2.1,64.0,33.8,19559.0,52.6
06037209403,Census Tract 2094.03; Los Angeles County; California,2.9,28.2,12.1,41.0,44.3,14879.0,56.8
06037209510,Census Tract 2095.10; Los Angeles County; California,11.7,20.5,6.1,34.0,28.4,20144.0,47.7
06037209520,Census Tract 2095.20; Los Angeles County; California,9.9,24.0,11.4,44.2,32.1,19746.0,54.2
06037209810,Census Tract 2098.10; Los Angeles County; California,4.5,26.6,6.9,51.5,43.0,14776.0,54.9
06037209820,Census Tract 2098.20; Los Angeles County; California,7.8,18.1,6.6,50.2,32.5,21211.0,49.6
06037210010,Census Tract 2100.10; Los Angeles County; California,8.7,30.2,12.5,43.6,36.6,18718.0,57.6
06037211000,Census Tract 2110; Los Angeles County; California,1.6,8.5,8.9,3.4000000000000004,32.5,136318.0,27.4
06037211121,Census Tract 2111.21; Los Angeles County; California,5.7,10.3,13.4,14.2,27.7,30116.0,42.7
06037211122,Census Tract 2111.22; Los Angeles County; California,6.8,25.3,3.8,13.0,28.4,29659.0,41.4
06037211123,Census Tract 2111.23; Los Angeles County; California,1.6,8.0,1.2,4.1,15.0,55900.0,24.8
06037211124,Census Tract 2111.24; Los Angeles County; California,5.6,15.6,6.3,18.8,27.3,38328.0,39.5
06037211201,Census Tract 2112.01; Los Angeles County; California,8.0,17.0,4.3,25.0,28.700000000000003,35164.0,41.3
06037211202,Census Tract 2112.02; Los Angeles County; California,11.4,26.4,6.9,26.200000000000003,27.099999999999998,28640.0,47.4
06037211310,Census Tract 2113.10; Los Angeles County; California,6.1,26.1,9.2,27.0,28.9,23698.0,47.8
06037211320,Census Tract 2113.20; Los Angeles County; California,8.7,19.9,7.9,30.4,34.1,21472.0,48.5
06037211410,Census Tract 2114.10; Los Angeles County; California,8.5,7.5,4.9,37.0,35.9,22639.0,44.5
06037211420,Census Tract 2114.20; Los Angeles County; California,5.7,21.9,7.3,27.6,29.799999999999997,31180.0,44.9
06037211500,Census Tract 2115; Los Angeles County; California,1.1,7.4,4.8,11.1,30.200000000000003,70327.0,31.0
06037211701,Census Tract 2117.01; Los Angeles County; California,3.0,6.4,5.8,7.0,39.9,91952.0,32.4
06037211703,Census Tract 2117.03; Los Angeles County; California,7.2,11.6,2.9,13.4,32.7,34991.0,37.9
06037211704,Census Tract 2117.04; Los Angeles County; California,4.1,10.3,3.0,15.0,34.5,41385.0,36.6
06037211802,Census Tract 2118.02; Los Angeles County; California,5.9,20.6,9.1,11.700000000000001,27.3,28451.0,42.7
06037211803,Census Tract 2118.03; Los Angeles County; California,6.9,14.2,10.0,8.5,23.3,33706.0,39.6
06037211804,Census Tract 2118.04; Los Angeles County; California,14.4,17.8,13.3,16.3,33.7,25922.0,50.8
06037211910,Census Tract 2119.10; Los Angeles County; California,3.2,11.6,4.9,23.0,22.0,28967.0,36.5
06037211921,Census Tract 2119.21; Los Angeles County; California,5.9,30.3,3.2,24.799999999999997,24.299999999999997,22382.0,43.5
06037211922,Census Tract 2119.22; Los Angeles County; California,7.9,10.9,11.3,25.8,23.0,25251.0,43.4
06037212101,Census Tract 2121.01; Los Angeles County; California,0.0,18.5,5.2,8.7,20.4,46619.0,33.0
06037212102,Census Tract 2121.02; Los Angeles County; California,7.0,16.9,5.2,24.700000000000003,42.5,24843.0,46.6
06037212202,Census Tract 2122.02; Los Angeles County; California,5.1,14.9,0.9,44.6,28.8,21207.0,41.9
06037212203,Census Tract 2122.03; Los Angeles County; California,1.7,26.2,7.5,43.400000000000006,27.1,34426.0,46.1
06037212204,Census Tract 2122.04; Los Angeles County; California,1.3,29.3,2.3,44.400000000000006,31.200000000000003,22005.0,46.1
06037212303,Census Tract 2123.03; Los Angeles County; California,6.9,23.9,6.5,41.8,27.599999999999998,26482.0,47.5
06037212304,Census Tract 2123.04; Los Angeles County; California,12.2,22.6,7.0,37.9,32.2,22303.0,50.7
06037212305,Census Tract 2123.05; Los Angeles County; California,12.9,26.4,5.4,42.8,34.9,20752.0,52.8
06037212306,Census Tract 2123.06; Los Angeles County; California,6.1,23.4,4.9,24.6,32.4,24639.0,44.9
06037212410,Census Tract 2124.10; Los Angeles County; California,10.9,9.8,5.8,27.5,27.7,24505.0,42.5
06037212420,Census Tract 2124.20; Los Angeles County; California,3.9,19.1,3.7,29.299999999999997,30.9,25006.0,42.3
06037212501,Census Tract 2125.01; Los Angeles County; California,7.6,8.4,4.4,30.700000000000003,21.4,37575.0,37.2
06037212502,Census Tract 2125.02; Los Angeles County; California,8.8,21.9,2.9,17.099999999999998,24.0,42042.0,38.8
06037212610,Census Tract 2126.10; Los Angeles County; California,5.9,17.3,4.8,16.4,26.3,47360.0,37.7
06037212620,Census Tract 2126.20; Los Angeles County; California,1.2,16.8,6.5,22.5,28.9,32899.0,39.9
06037212701,Census Tract 2127.01; Los Angeles County; California,2.6,7.8,4.8,14.899999999999999,44.5,40055.0,39.5
06037212702,Census Tract 2127.02; Los Angeles County; California,4.1,7.6,5.2,8.9,31.3,64406.0,33.1
06037212800,Census Tract 2128; Los Angeles County; California,0.8,6.3,5.2,23.799999999999997,35.0,46910.0,36.6
06037212900,Census Tract 2129; Los Angeles County; California,9.5,16.7,4.7,19.799999999999997,30.1,35682.0,41.6
06037213100,Census Tract 2131; Los Angeles County; California,2.4,20.6,2.1,12.899999999999999,28.1,35331.0,36.6
06037213201,Census Tract 2132.01; Los Angeles County; California,12.1,23.6,11.4,25.5,32.2,23734.0,51.6
06037213202,Census Tract 2132.02; Los Angeles County; California,17.0,14.7,6.4,32.5,25.5,25719.0,46.7
06037213310,Census Tract 2133.10; Los Angeles County; California,4.3,16.6,6.8,27.599999999999998,21.4,26290.0,40.4
06037213320,Census Tract 2133.20; Los Angeles County; California,3.9,14.4,1.6,36.5,31.200000000000003,24730.0,40.8
06037213401,Census Tract 2134.01; Los Angeles County; California,16.3,19.5,4.5,40.3,32.3,20780.0,50.4
06037213402,Census Tract 2134.02; Los Angeles County; California,10.0,17.6,2.0,39.2,30.5,25750.0,44.5
06037214000,Census Tract 2140; Los Angeles County; California,4.3,0.0,10.0,4.9,46.7,61903.0,38.3
06037214100,Census Tract 2141; Los Angeles County; California,0.0,2.9,5.7,3.5,37.5,118093.0,26.3
06037214400,Census Tract 2144; Los Angeles County; California,0.0,5.0,15.2,4.6,9.4,84886.0,27.9
06037214501,Census Tract 2145.01; Los Angeles County; California,3.2,2.7,5.7,2.0,30.700000000000003,59720.0,30.8
06037214503,Census Tract 2145.03; Los Angeles County; California,4.0,8.5,9.4,2.2,31.9,46343.0,36.8
06037214504,Census Tract 2145.04; Los Angeles County; California,5.7,22.7,7.6,0.0,26.2,71384.0,36.0
06037214505,Census Tract 2145.05; Los Angeles County; California,2.4,4.1,8.7,3.5,19.2,95487.0,26.2
06037214600,Census Tract 2146; Los Angeles County; California,0.0,2.1,8.3,4.1,23.8,106617.0,24.8
06037214700,Census Tract 2147; Los Angeles County; California,0.0,4.3,12.5,2.5,32.5,100049.0,31.1
06037214800,Census Tract 2148; Los Angeles County; California,2.8,10.1,8.1,7.300000000000001,35.3,94020.0,33.3
06037214902,Census Tract 2149.02; Los Angeles County; California,1.6,15.5,1.8,4.1,25.8,86343.0,27.7
06037214903,Census Tract 2149.03; Los Angeles County; California,0.0,14.8,3.2,7.2,23.400000000000002,67832.0,29.3
06037214904,Census Tract 2149.04; Los Angeles County; California,0.0,0.0,5.4,7.6,15.2,104090.0,20.6
06037215101,Census Tract 2151.01; Los Angeles County; California,0.0,2.2,11.6,0.8,11.0,76257.0,25.5
06037215102,Census Tract 2151.02; Los Angeles County; California,0.0,0.0,10.7,1.1,11.4,67206.0,25.3
06037216100,Census Tract 2161; Los Angeles County; California,1.8,6.7,7.1,14.7,33.1,87223.0,32.5
06037216201,Census Tract 2162.01; Los Angeles County; California,0.0,9.2,2.2,2.5,17.8,93416.0,22.2
06037216202,Census Tract 2162.02; Los Angeles County; California,1.5,1.6,7.3,4.4,28.0,73040.0,29.1
06037216301,Census Tract 2163.01; Los Angeles County; California,0.0,0.0,5.6,1.1,50.300000000000004,112131.0,29.5
06037216302,Census Tract 2163.02; Los Angeles County; California,0.8,8.1,3.4,4.9,24.6,69691.0,27.6
06037216401,Census Tract 2164.01; Los Angeles County; California,6.4,4.9,6.0,6.199999999999999,25.6,67183.0,31.3
06037216402,Census Tract 2164.02; Los Angeles County; California,1.6,2.7,14.4,1.5,35.6,59557.0,37.1
06037216700,Census Tract 2167; Los Angeles County; California,0.9,10.9,4.4,6.1,24.6,69777.0,29.3
06037216800,Census Tract 2168; Los Angeles County; California,2.8,0.9,4.4,8.700000000000001,28.700000000000003,73323.0,28.5
06037216901,Census Tract 2169.01; Los Angeles County; California,0.0,0.0,3.2,5.1,34.7,70802.0,27.8
06037216902,Census Tract 2169.02; Los Angeles County; California,0.0,40.1,10.6,11.4,35.8,70876.0,45.5
06037217001,Census Tract 2170.01; Los Angeles County; California,3.5,2.2,10.0,7.9,41.4,59183.0,37.7
06037217002,Census Tract 2170.02; Los Angeles County; California,8.6,3.0,3.1,7.6,39.2,54548.0,35.3
06037217101,Census Tract 2171.01; Los Angeles County; California,6.6,17.5,26.5,18.900000000000002,33.300000000000004,36982.0,55.4
06037217102,Census Tract 2171.02; Los Angeles County; California,2.6,3.9,3.6,6.2,27.7,55785.0,29.7
06037217200,Census Tract 2172; Los Angeles County; California,5.6,9.6,7.4,18.1,32.1,51495.0,38.6
06037218110,Census Tract 2181.10; Los Angeles County; California,12.1,21.3,14.5,25.0,32.3,27350.0,52.5
06037218120,Census Tract 2181.20; Los Angeles County; California,10.7,22.6,8.3,31.1,39.0,24804.0,51.6
06037218210,Census Tract 2182.10; Los Angeles County; California,17.1,10.3,6.3,40.0,25.7,25797.0,46.7
06037218220,Census Tract 2182.20; Los Angeles County; California,6.9,10.0,5.6,25.0,30.200000000000003,42035.0,39.5
06037218300,Census Tract 2183; Los Angeles County; California,5.7,11.0,15.4,17.8,20.6,38070.0,41.9
06037218400,Census Tract 2184; Los Angeles County; California,5.4,11.5,3.5,30.5,30.200000000000003,34069.0,39.7
06037218500,Census Tract 2185; Los Angeles County; California,7.2,21.6,7.9,26.299999999999997,30.5,38332.0,45.1
06037218600,Census Tract 2186; Los Angeles County; California,4.9,8.9,4.1,19.700000000000003,31.5,36103.0,37.5
06037218701,Census Tract 2187.01; Los Angeles County; California,7.2,10.8,11.1,19.9,31.3,35762.0,43.5
06037218702,Census Tract 2187.02; Los Angeles County; California,8.0,10.5,14.1,28.3,37.3,21401.0,50.1
06037218800,Census Tract 2188; Los Angeles County; California,7.6,24.6,3.9,25.8,43.400000000000006,25299.0,48.6
06037218900,Census Tract 2189; Los Angeles County; California,7.0,18.2,11.4,23.3,32.8,29960.0,47.3
06037219010,Census Tract 2190.10; Los Angeles County; California,3.5,8.9,8.6,28.3,31.5,33928.0,41.5
06037219020,Census Tract 2190.20; Los Angeles County; California,12.3,23.3,7.7,29.5,36.4,26592.0,50.9
06037219300,Census Tract 2193; Los Angeles County; California,7.6,9.9,6.0,22.700000000000003,32.8,26778.0,41.9
06037219500,Census Tract 2195; Los Angeles County; California,3.2,2.2,4.4,9.0,41.8,51981.0,35.0
06037219700,Census Tract 2197; Los Angeles County; California,10.5,11.9,5.0,17.2,28.6,27170.0,40.8
06037219800,Census Tract 2198; Los Angeles County; California,15.2,12.5,4.9,30.4,32.2,31289.0,45.5
06037219901,Census Tract 2199.01; Los Angeles County; California,11.9,8.4,3.2,37.4,32.8,26874.0,43.7
06037219902,Census Tract 2199.02; Los Angeles County; California,12.7,12.6,9.1,32.9,29.599999999999998,35944.0,46.5
06037220000,Census Tract 2200; Los Angeles County; California,3.1,29.8,15.2,15.6,37.4,44491.0,50.3
06037220100,Census Tract 2201; Los Angeles County; California,4.7,3.3,9.4,20.4,36.5,44531.0,40.1
06037221110,Census Tract 2211.10; Los Angeles County; California,6.1,21.4,10.1,44.7,34.3,21156.0,51.8
06037221120,Census Tract 2211.20; Los Angeles County; California,12.6,27.3,4.6,48.400000000000006,37.8,19936.0,54.3
06037221210,Census Tract 2212.10; Los Angeles County; California,6.2,11.1,5.8,34.0,32.4,26004.0,43.3
06037221220,Census Tract 2212.20; Los Angeles County; California,9.2,13.4,5.9,39.9,34.599999999999994,23463.0,47.1
06037221302,Census Tract 2213.02; Los Angeles County; California,7.1,25.7,4.3,53.3,29.6,20603.0,49.7
06037221303,Census Tract 2213.03; Los Angeles County; California,25.1,29.0,6.3,47.2,32.5,20493.0,58.9
06037221304,Census Tract 2213.04; Los Angeles County; California,10.4,6.8,10.6,33.4,36.6,21198.0,48.4
06037221401,Census Tract 2214.01; Los Angeles County; California,5.5,14.3,5.0,21.8,43.7,22451.0,45.2
06037221402,Census Tract 2214.02; Los Angeles County; California,6.4,20.9,11.4,22.0,39.4,27549.0,49.8
06037221500,Census Tract 2215; Los Angeles County; California,8.5,27.8,6.4,38.400000000000006,39.2,18965.0,52.9
06037221601,Census Tract 2216.01; Los Angeles County; California,8.0,16.4,9.0,42.9,26.0,24539.0,47.3
06037221602,Census Tract 2216.02; Los Angeles County; California,4.6,11.0,3.0,40.900000000000006,31.9,23255.0,42.1
06037221710,Census Tract 2217.10; Los Angeles County; California,12.6,21.6,14.8,39.8,25.5,21709.0,53.9
06037221810,Census Tract 2218.10; Los Angeles County; California,9.8,28.0,13.0,28.1,16.3,19786.0,49.0
06037221820,Census Tract 2218.20; Los Angeles County; California,6.1,4.8,22.7,14.3,10.2,17622.0,43.2
06037221900,Census Tract 2219; Los Angeles County; California,16.2,19.0,17.0,35.7,14.9,12297.0,53.0
06037222001,Census Tract 2220.01; Los Angeles County; California,6.1,16.8,7.1,23.4,28.0,30987.0,42.2
06037222002,Census Tract 2220.02; Los Angeles County; California,8.5,12.4,7.7,39.3,36.5,24661.0,48.0
06037222100,Census Tract 2221; Los Angeles County; California,8.3,14.9,7.2,41.099999999999994,33.6,25043.0,47.7
06037222200,Census Tract 2222; Los Angeles County; California,8.8,13.4,9.4,33.2,28.6,27300.0,45.9
06037222500,Census Tract 2225; Los Angeles County; California,17.5,10.4,6.7,29.9,31.9,25357.0,47.4
06037222600,Census Tract 2226; Los Angeles County; California,8.2,16.7,14.9,29.0,22.0,21681.0,48.0
06037222700,Census Tract 2227; Los Angeles County; California,21.2,16.2,8.5,2.4,2.4,14744.0,39.4
06037224010,Census Tract 2240.10; Los Angeles County; California,1.3,23.8,2.4,30.1,26.6,39341.0,39.2
06037224020,Census Tract 2240.20; Los Angeles County; California,19.7,26.4,11.9,43.2,30.099999999999998,17518.0,58.6
06037224200,Census Tract 2242; Los Angeles County; California,15.5,25.7,5.4,51.5,30.299999999999997,19807.0,53.7
06037224310,Census Tract 2243.10; Los Angeles County; California,16.3,20.4,9.5,30.4,30.099999999999998,19827.0,51.7
06037224320,Census Tract 2243.20; Los Angeles County; California,9.5,39.1,7.3,55.9,38.3,14991.0,60.0
06037224410,Census Tract 2244.10; Los Angeles County; California,1.8,26.8,2.6,34.2,32.4,23472.0,44.3
06037224420,Census Tract 2244.20; Los Angeles County; California,2.7,31.0,18.1,54.3,28.6,16239.0,58.6
06037224600,Census Tract 2246; Los Angeles County; California,19.7,20.6,11.2,47.5,35.0,17548.0,58.6
06037224701,Census Tract 2247.01; Los Angeles County; California,17.4,21.1,16.2,1.0,2.2,14816.0,43.9
06037224702,Census Tract 2247.02; Los Angeles County; California,9.5,23.9,10.3,32.7,3.5,9802.0,43.8
06037226001,Census Tract 2260.01; Los Angeles County; California,7.5,24.2,13.7,49.4,25.5,15398.0,54.1
06037226002,Census Tract 2260.02; Los Angeles County; California,0.0,33.1,11.0,22.8,19.9,43473.0,43.3
06037226410,Census Tract 2264.10; Los Angeles County; California,19.5,33.8,7.8,64.6,38.6,13014.0,64.4
06037226420,Census Tract 2264.20; Los Angeles County; California,17.7,21.8,13.8,59.1,36.9,15988.0,62.4
06037226701,Census Tract 2267.01; Los Angeles County; California,35.7,24.8,6.1,44.6,32.1,19450.0,61.3
06037226702,Census Tract 2267.02; Los Angeles County; California,12.5,25.9,12.8,48.0,27.5,19511.0,56.0
06037227010,Census Tract 2270.10; Los Angeles County; California,23.0,23.8,13.7,64.0,34.6,14715.0,65.2
06037227020,Census Tract 2270.20; Los Angeles County; California,12.7,12.7,7.3,55.3,36.8,18022.0,52.8
06037228100,Census Tract 2281; Los Angeles County; California,15.0,27.7,3.3,61.599999999999994,40.2,16733.0,57.7
06037228210,Census Tract 2282.10; Los Angeles County; California,13.7,18.6,11.9,60.9,39.8,15352.0,59.9
06037228220,Census Tract 2282.20; Los Angeles County; California,24.2,26.0,11.0,52.0,31.3,16541.0,61.5
06037228310,Census Tract 2283.10; Los Angeles County; California,18.2,25.2,11.4,60.099999999999994,39.8,16224.0,63.1
06037228320,Census Tract 2283.20; Los Angeles County; California,21.9,31.6,7.1,63.599999999999994,38.6,14535.0,64.0
06037228410,Census Tract 2284.10; Los Angeles County; California,15.4,25.2,9.2,48.5,36.2,27729.0,56.5
06037228420,Census Tract 2284.20; Los Angeles County; California,24.6,22.1,8.2,55.1,28.599999999999998,19633.0,58.1
06037228500,Census Tract 2285; Los Angeles County; California,12.2,42.0,13.5,45.2,36.2,18736.0,63.2
06037228600,Census Tract 2286; Los Angeles County; California,24.8,24.5,8.4,62.8,37.0,15590.0,63.2
06037228710,Census Tract 2287.10; Los Angeles County; California,16.7,26.9,6.3,50.8,34.3,18795.0,56.3
06037228720,Census Tract 2287.20; Los Angeles County; California,15.5,25.6,12.5,62.3,34.9,15854.0,61.7
06037228800,Census Tract 2288; Los Angeles County; California,24.9,18.0,7.6,55.0,32.7,18934.0,58.0
06037228900,Census Tract 2289; Los Angeles County; California,9.3,35.5,17.0,55.7,37.5,17014.0,64.7
06037229100,Census Tract 2291; Los Angeles County; California,16.9,22.4,7.5,52.0,32.9,18930.0,55.6
06037229200,Census Tract 2292; Los Angeles County; California,17.6,22.2,10.4,60.400000000000006,37.3,16277.0,60.6
06037229300,Census Tract 2293; Los Angeles County; California,23.6,20.4,12.0,61.5,34.7,15419.0,63.0
06037229410,Census Tract 2294.10; Los Angeles County; California,39.2,26.9,4.7,52.1,37.199999999999996,16135.0,65.5
06037229420,Census Tract 2294.20; Los Angeles County; California,16.7,29.6,11.9,54.8,34.4,16690.0,61.5
06037231100,Census Tract 2311; Los Angeles County; California,19.9,25.6,24.4,42.0,31.3,12485.0,67.0
06037231210,Census Tract 2312.10; Los Angeles County; California,22.6,27.1,7.0,43.2,34.0,17101.0,58.0
06037231220,Census Tract 2312.20; Los Angeles County; California,8.8,22.6,15.5,38.4,47.6,21517.0,59.6
06037231301,Census Tract 2313.01; Los Angeles County; California,22.3,11.1,12.1,43.1,32.7,22940.0,55.5
06037231302,Census Tract 2313.02; Los Angeles County; California,12.2,6.9,7.3,32.900000000000006,28.8,27877.0,44.0
06037231400,Census Tract 2314; Los Angeles County; California,8.6,21.7,3.2,38.7,34.599999999999994,24632.0,47.2
06037231500,Census Tract 2315; Los Angeles County; California,8.1,7.8,8.3,30.5,34.7,31444.0,44.3
06037231601,Census Tract 2316.01; Los Angeles County; California,5.1,9.0,7.1,40.4,20.7,28856.0,40.3
06037231602,Census Tract 2316.02; Los Angeles County; California,9.5,6.1,4.9,41.5,24.1,30532.0,40.9
06037231603,Census Tract 2316.03; Los Angeles County; California,9.1,30.2,9.1,41.0,38.1,18026.0,55.7
06037231710,Census Tract 2317.10; Los Angeles County; California,16.0,20.9,7.5,53.7,32.1,16741.0,55.1
06037231720,Census Tract 2317.20; Los Angeles County; California,15.0,32.1,6.2,53.199999999999996,35.9,18693.0,58.0
06037231800,Census Tract 2318; Los Angeles County; California,16.1,25.9,10.5,55.5,34.5,15867.0,59.6
06037231901,Census Tract 2319.01; Los Angeles County; California,9.4,16.0,5.8,40.7,27.900000000000002,21649.0,46.1
06037231902,Census Tract 2319.02; Los Angeles County; California,9.4,39.7,5.0,53.7,40.1,13178.0,59.0
06037232110,Census Tract 2321.10; Los Angeles County; California,14.3,19.9,8.5,48.5,35.4,17514.0,54.8
06037232120,Census Tract 2321.20; Los Angeles County; California,16.7,20.8,9.9,43.3,38.900000000000006,16418.0,57.2
06037232200,Census Tract 2322; Los Angeles County; California,14.9,14.3,7.3,37.1,38.4,21332.0,51.4
06037232300,Census Tract 2323; Los Angeles County; California,14.0,12.9,3.3,30.5,34.0,34134.0,44.5
06037232401,Census Tract 2324.01; Los Angeles County; California,1.3,9.2,9.2,30.3,31.7,22229.0,42.6
06037232402,Census Tract 2324.02; Los Angeles County; California,3.8,15.3,8.4,35.5,32.7,27400.0,45.4
06037232500,Census Tract 2325; Los Angeles County; California,5.4,11.7,7.9,36.5,33.5,26727.0,45.2
06037232601,Census Tract 2326.01; Los Angeles County; California,1.0,7.7,6.0,45.599999999999994,35.7,20590.0,43.8
06037232602,Census Tract 2326.02; Los Angeles County; California,12.4,16.9,6.0,38.400000000000006,35.800000000000004,22578.0,49.6
06037232701,Census Tract 2327.01; Los Angeles County; California,17.3,20.0,4.1,50.3,37.6,21041.0,53.8
06037232702,Census Tract 2327.02; Los Angeles County; California,15.3,13.6,5.1,50.0,26.6,19333.0,48.6
06037232800,Census Tract 2328; Los Angeles County; California,20.3,19.6,9.5,46.5,33.699999999999996,19114.0,56.8
06037234001,Census Tract 2340.01; Los Angeles County; California,0.0,11.4,1.6,8.899999999999999,39.3,43748.0,34.6
06037234002,Census Tract 2340.02; Los Angeles County; California,6.2,18.0,1.8,34.0,33.4,28318.0,42.8
06037234200,Census Tract 2342; Los Angeles County; California,2.2,8.8,12.3,6.8,40.8,55313.0,40.6
06037234301,Census Tract 2343.01; Los Angeles County; California,0.0,0.0,17.6,6.6,25.4,49876.0,36.4
06037234302,Census Tract 2343.02; Los Angeles County; California,4.5,9.1,8.4,8.8,36.2,32542.0,40.2
06037234501,Census Tract 2345.01; Los Angeles County; California,5.1,4.4,15.5,19.299999999999997,41.6,33952.0,46.8
06037234502,Census Tract 2345.02; Los Angeles County; California,3.0,17.2,17.2,11.6,34.7,29314.0,47.9
06037234600,Census Tract 2346; Los Angeles County; California,4.7,8.6,11.9,21.1,37.2,32380.0,44.7
06037234700,Census Tract 2347; Los Angeles County; California,19.7,18.9,10.9,23.4,42.8,31093.0,55.1
06037234800,Census Tract 2348; Los Angeles County; California,7.0,10.5,10.3,24.3,33.1,28679.0,44.7
06037234901,Census Tract 2349.01; Los Angeles County; California,5.1,14.8,12.1,21.4,34.2,25368.0,46.5
06037234902,Census Tract 2349.02; Los Angeles County; California,5.1,16.4,10.7,28.1,41.0,21665.0,49.6
06037235100,Census Tract 2351; Los Angeles County; California,1.2,5.2,14.7,6.1,31.0,50205.0,38.1
06037235201,Census Tract 2352.01; Los Angeles County; California,4.5,14.3,5.7,15.6,41.0,27309.0,43.0
06037235202,Census Tract 2352.02; Los Angeles County; California,1.9,25.5,9.5,18.0,41.599999999999994,25108.0,48.4
06037236001,Census Tract 2360.01; Los Angeles County; California,0.0,1.4,4.3,4.2,41.4,65271.0,31.3
06037236101,Census Tract 2361.01; Los Angeles County; California,4.2,16.2,11.2,14.9,46.0,30113.0,48.1
06037236102,Census Tract 2361.02; Los Angeles County; California,5.2,12.9,10.6,18.200000000000003,27.5,44722.0,40.7
06037236203,Census Tract 2362.03; Los Angeles County; California,15.0,25.5,4.9,30.5,42.4,17907.0,53.6
06037236204,Census Tract 2362.04; Los Angeles County; California,10.3,18.0,11.4,26.4,27.5,20546.0,48.3
06037236205,Census Tract 2362.05; Los Angeles County; California,7.1,37.9,2.8,25.2,36.1,15903.0,50.1
06037236206,Census Tract 2362.06; Los Angeles County; California,8.7,23.8,23.0,17.4,28.799999999999997,25583.0,55.3
06037236400,Census Tract 2364; Los Angeles County; California,1.6,2.5,3.1,3.6999999999999997,38.0,65267.0,30.4
06037237101,Census Tract 2371.01; Los Angeles County; California,14.8,17.5,7.9,44.599999999999994,44.3,16922.0,56.0
06037237102,Census Tract 2371.02; Los Angeles County; California,16.9,21.3,6.2,43.2,41.6,16305.0,55.9
06037237201,Census Tract 2372.01; Los Angeles County; California,18.7,16.9,12.6,44.6,32.800000000000004,18158.0,56.8
06037237202,Census Tract 2372.02; Los Angeles County; California,13.8,19.0,14.1,37.3,40.7,17536.0,57.7
06037237300,Census Tract 2373; Los Angeles County; California,5.3,10.6,5.0,23.1,34.6,28291.0,41.0
06037237401,Census Tract 2374.01; Los Angeles County; California,12.3,17.8,6.6,30.700000000000003,34.4,21014.0,48.7
06037237402,Census Tract 2374.02; Los Angeles County; California,5.0,0.0,6.3,24.3,31.4,26103.0,38.1
06037237500,Census Tract 2375; Los Angeles County; California,22.8,32.2,6.7,49.400000000000006,39.4,14338.0,62.2
06037237600,Census Tract 2376; Los Angeles County; California,12.9,23.2,15.2,45.599999999999994,35.7,19791.0,58.9
06037237710,Census Tract 2377.10; Los Angeles County; California,15.4,39.5,7.2,34.0,37.2,16377.0,58.4
06037237720,Census Tract 2377.20; Los Angeles County; California,12.8,26.0,3.6,44.9,40.699999999999996,14251.0,54.2
06037237800,Census Tract 2378; Los Angeles County; California,7.0,22.7,11.4,29.4,41.4,20948.0,53.0
06037237900,Census Tract 2379; Los Angeles County; California,1.9,17.9,9.5,20.4,42.6,28588.0,46.6
06037238000,Census Tract 2380; Los Angeles County; California,3.5,8.2,9.9,20.200000000000003,36.8,36926.0,42.1
06037238100,Census Tract 2381; Los Angeles County; California,8.0,5.6,5.0,13.100000000000001,29.700000000000003,30578.0,37.3
06037238200,Census Tract 2382; Los Angeles County; California,3.9,21.1,6.4,19.9,39.3,23943.0,45.7
06037238310,Census Tract 2383.10; Los Angeles County; California,12.7,25.1,6.5,44.7,39.199999999999996,16579.0,55.0
06037238320,Census Tract 2383.20; Los Angeles County; California,7.2,41.2,10.6,38.4,41.5,15067.0,60.0
06037238400,Census Tract 2384; Los Angeles County; California,7.5,14.0,9.1,14.7,41.2,39631.0,45.0
06037239201,Census Tract 2392.01; Los Angeles County; California,14.9,21.2,1.1,53.300000000000004,34.4,17197.0,51.2
06037239202,Census Tract 2392.02; Los Angeles County; California,13.2,22.0,9.2,52.7,43.0,14784.0,58.7
06037239310,Census Tract 2393.10; Los Angeles County; California,17.1,18.8,5.7,50.9,37.0,17135.0,54.7
06037239320,Census Tract 2393.20; Los Angeles County; California,7.2,23.8,8.5,50.2,32.9,17642.0,52.7
06037239330,Census Tract 2393.30; Los Angeles County; California,10.8,26.5,8.6,42.5,37.4,18515.0,55.0
06037239501,Census Tract 2395.01; Los Angeles County; California,8.8,19.9,8.6,37.0,36.800000000000004,18712.0,51.2
06037239502,Census Tract 2395.02; Los Angeles County; California,20.6,12.8,6.7,42.2,39.4,17340.0,54.3
06037239601,Census Tract 2396.01; Los Angeles County; California,18.6,20.9,5.0,44.2,34.099999999999994,17984.0,53.4
06037239602,Census Tract 2396.02; Los Angeles County; California,15.5,23.9,8.8,47.6,44.2,14910.0,59.4
06037239701,Census Tract 2397.01; Los Angeles County; California,16.6,37.8,12.8,51.5,41.0,12546.0,66.3
06037239702,Census Tract 2397.02; Los Angeles County; California,16.5,34.9,10.1,52.2,36.4,15935.0,62.1
06037239801,Census Tract 2398.01; Los Angeles County; California,16.6,14.6,8.7,38.8,33.4,19863.0,51.9
06037239802,Census Tract 2398.02; Los Angeles County; California,13.2,24.6,11.8,44.7,37.7,19710.0,57.7
06037240010,Census Tract 2400.10; Los Angeles County; California,13.1,35.7,13.5,55.2,35.300000000000004,12910.0,63.6
06037240020,Census Tract 2400.20; Los Angeles County; California,16.6,17.2,8.6,53.8,37.7,18503.0,56.5
06037240200,Census Tract 2402; Los Angeles County; California,17.0,28.4,15.9,43.8,40.5,15373.0,64.1
06037240301,Census Tract 2403.01; Los Angeles County; California,9.9,31.0,18.3,27.2,42.0,19643.0,60.9
06037240302,Census Tract 2403.02; Los Angeles County; California,11.4,26.2,21.0,47.400000000000006,37.0,17338.0,63.8
06037240401,Census Tract 2404.01; Los Angeles County; California,29.8,21.6,6.3,54.5,40.0,15181.0,62.6
06037240402,Census Tract 2404.02; Los Angeles County; California,14.4,28.2,12.7,37.1,39.0,21382.0,58.8
06037240500,Census Tract 2405; Los Angeles County; California,7.7,26.2,11.2,46.3,35.8,20867.0,55.2
06037240600,Census Tract 2406; Los Angeles County; California,23.4,24.5,12.2,45.4,46.1,19903.0,64.6
06037240700,Census Tract 2407; Los Angeles County; California,17.8,15.2,9.5,44.0,38.0,19917.0,55.3
06037240800,Census Tract 2408; Los Angeles County; California,13.2,30.1,9.4,41.5,32.2,19715.0,55.6
06037240901,Census Tract 2409.01; Los Angeles County; California,23.3,21.0,11.1,46.8,42.099999999999994,17278.0,62.1
06037240902,Census Tract 2409.02; Los Angeles County; California,23.1,31.4,7.0,63.5,46.5,25225.0,65.7
06037241001,Census Tract 2410.01; Los Angeles County; California,12.5,16.3,7.9,34.8,39.5,20478.0,51.4
06037241002,Census Tract 2410.02; Los Angeles County; California,12.4,21.9,16.7,38.9,38.5,21064.0,59.0
06037241110,Census Tract 2411.10; Los Angeles County; California,25.4,12.8,4.2,45.7,38.5,17165.0,54.9
06037241120,Census Tract 2411.20; Los Angeles County; California,7.8,34.4,12.8,49.8,45.800000000000004,18265.0,62.5
06037241201,Census Tract 2412.01; Los Angeles County; California,17.5,11.2,6.6,33.5,38.1,20933.0,50.4
06037241202,Census Tract 2412.02; Los Angeles County; California,9.4,14.6,3.0,30.7,38.0,24582.0,45.1
06037241300,Census Tract 2413; Los Angeles County; California,10.0,18.6,14.1,40.2,35.2,25711.0,54.2
06037241400,Census Tract 2414; Los Angeles County; California,12.7,10.5,8.2,39.7,36.9,24548.0,49.6
06037242000,Census Tract 2420; Los Angeles County; California,18.1,22.0,12.6,34.7,42.0,25594.0,58.5
06037242100,Census Tract 2421; Los Angeles County; California,22.0,52.3,25.7,51.400000000000006,46.9,11099.0,82.8
06037242201,Census Tract 2422.01; Los Angeles County; California,24.3,22.6,12.3,41.9,38.8,20655.0,61.6
06037242202,Census Tract 2422.02; Los Angeles County; California,11.3,26.3,17.2,46.4,37.9,15604.0,61.7
06037242300,Census Tract 2423; Los Angeles County; California,10.6,22.9,18.7,50.3,36.4,15779.0,61.5
06037242600,Census Tract 2426; Los Angeles County; California,7.9,45.8,27.0,54.5,47.099999999999994,8916.0,76.9
06037242700,Census Tract 2427; Los Angeles County; California,21.7,22.5,4.1,39.6,31.5,18268.0,53.0
06037243001,Census Tract 2430.01; Los Angeles County; California,14.2,28.3,14.5,41.0,37.9,16597.0,60.7
06037243002,Census Tract 2430.02; Los Angeles County; California,31.8,2.1,8.7,58.7,32.4,17880.0,57.4
06037243100,Census Tract 2431; Los Angeles County; California,9.0,34.9,17.5,40.3,41.4,12607.0,63.8
06037261102,Census Tract 2611.02; Los Angeles County; California,0.0,3.5,1.6,3.0,46.7,151240.0,23.5
06037261103,Census Tract 2611.03; Los Angeles County; California,0.0,0.8,8.8,7.3999999999999995,47.0,119184.0,31.1
06037261104,Census Tract 2611.04; Los Angeles County; California,0.0,0.0,3.9,1.9,49.3,156755.0,24.0
06037261200,Census Tract 2612; Los Angeles County; California,1.6,5.2,7.3,2.8,40.5,122256.0,29.1
06037262100,Census Tract 2621; Los Angeles County; California,3.3,2.3,9.4,4.9,61.8,157306.0,33.7
06037262200,Census Tract 2622; Los Angeles County; California,0.0,3.5,4.7,4.7,45.6,148231.0,25.7
06037262301,Census Tract 2623.01; Los Angeles County; California,0.8,1.8,6.8,6.699999999999999,46.400000000000006,128254.0,29.3
06037262302,Census Tract 2623.02; Los Angeles County; California,0.0,1.4,0.0,1.0,51.099999999999994,160973.0,21.9
06037262303,Census Tract 2623.03; Los Angeles County; California,1.1,3.4,3.0,2.3000000000000003,50.2,180205.0,23.0
06037262400,Census Tract 2624; Los Angeles County; California,0.0,0.0,1.0,0.6,53.4,172521.0,21.7
06037262501,Census Tract 2625.01; Los Angeles County; California,0.0,2.8,4.7,0.0,48.5,147531.0,25.6
06037262601,Census Tract 2626.01; Los Angeles County; California,1.0,1.3,2.3,3.9,48.9,148174.0,24.8
06037262604,Census Tract 2626.04; Los Angeles County; California,0.0,3.4,2.6,0.0,51.2,133867.0,26.6
06037262704,Census Tract 2627.04; Los Angeles County; California,0.5,3.2,4.7,0.6000000000000001,45.5,131164.0,26.7
06037262706,Census Tract 2627.06; Los Angeles County; California,0.0,1.6,3.7,1.2,52.6,142436.0,26.6
06037262802,Census Tract 2628.02; Los Angeles County; California,0.7,5.2,4.6,1.2,54.6,132886.0,30.0
06037264000,Census Tract 2640; Los Angeles County; California,1.7,5.4,9.3,0.0,51.099999999999994,160928.0,29.5
06037264102,Census Tract 2641.02; Los Angeles County; California,0.0,0.0,3.4,0.3,28.7,109203.0,21.7
06037264103,Census Tract 2641.03; Los Angeles County; California,1.5,0.0,6.4,1.2000000000000002,21.6,96108.0,23.5
06037264303,Census Tract 2643.03; Los Angeles County; California,0.0,0.0,3.4,3.4,15.600000000000001,104090.0,18.7
06037264304,Census Tract 2643.04; Los Angeles County; California,0.0,0.0,3.9,0.0,12.2,101910.0,17.7
06037264305,Census Tract 2643.05; Los Angeles County; California,0.0,4.4,5.5,1.6,42.4,103739.0,29.2
06037264306,Census Tract 2643.06; Los Angeles County; California,0.0,0.0,2.4,0.0,24.200000000000003,89762.0,21.5
06037265100,Census Tract 2651; Los Angeles County; California,0.0,8.9,2.1,6.8,56.7,187715.0,25.5
06037265201,Census Tract 2652.01; Los Angeles County; California,0.0,1.2,11.8,11.7,33.0,98425.0,31.6
06037265203,Census Tract 2652.03; Los Angeles County; California,0.2,11.7,0.0,11.200000000000001,40.5,88835.0,30.2
06037265204,Census Tract 2652.04; Los Angeles County; California,6.9,0.0,9.3,0.0,22.1,79830.0,28.9
06037265301,Census Tract 2653.01; Los Angeles County; California,,,22.1,0.0,1.8,6466.0,41.0
06037265303,Census Tract 2653.03; Los Angeles County; California,10.4,30.8,5.4,4.1,3.8000000000000003,22907.0,37.3
06037265304,Census Tract 2653.04; Los Angeles County; California,10.5,39.0,14.2,0.0,2.3,12333.0,45.2
06037265306,Census Tract 2653.06; Los Angeles County; California,5.5,0.0,10.9,10.5,1.0,17670.0,30.6
06037265307,Census Tract 2653.07; Los Angeles County; California,0.7,0.0,7.7,0.0,4.300000000000001,35425.0,24.3
06037265410,Census Tract 2654.10; Los Angeles County; California,0.0,4.5,3.3,0.6,45.0,100482.0,28.7
06037265420,Census Tract 2654.20; Los Angeles County; California,1.3,2.7,3.1,0.8,53.6,180865.0,23.6
06037265521,Census Tract 2655.21; Los Angeles County; California,0.0,24.9,2.8,0.0,14.200000000000001,70636.0,27.8
06037265522,Census Tract 2655.22; Los Angeles County; California,9.0,4.0,2.4,0.0,15.5,71831.0,25.3
06037265523,Census Tract 2655.23; Los Angeles County; California,1.1,9.6,2.9,0.0,20.4,75413.0,25.2
06037265524,Census Tract 2655.24; Los Angeles County; California,2.9,8.6,3.2,0.9,34.0,79624.0,29.7
06037265601,Census Tract 2656.01; Los Angeles County; California,0.9,0.0,1.4,3.0999999999999996,40.8,72202.0,28.4
06037265602,Census Tract 2656.02; Los Angeles County; California,0.5,3.0,14.7,4.4,38.6,96028.0,34.9
06037265701,Census Tract 2657.01; Los Angeles County; California,0.0,0.0,7.0,5.1,41.6,85239.0,30.9
06037265702,Census Tract 2657.02; Los Angeles County; California,1.5,6.7,12.5,4.5,52.4,102906.0,38.5
06037267101,Census Tract 2671.01; Los Angeles County; California,0.0,0.0,3.6,5.5,32.2,68257.0,27.6
06037267102,Census Tract 2671.02; Los Angeles County; California,0.0,0.0,4.3,0.9,30.8,123411.0,21.7
06037267201,Census Tract 2672.01; Los Angeles County; California,2.0,0.0,5.8,0.0,25.8,71248.0,26.7
06037267202,Census Tract 2672.02; Los Angeles County; California,1.2,1.5,8.6,0.9,31.900000000000002,87792.0,29.0
06037267300,Census Tract 2673; Los Angeles County; California,2.0,12.2,15.5,8.1,20.3,65786.0,36.6
06037267403,Census Tract 2674.03; Los Angeles County; California,0.8,1.8,17.4,3.8,13.7,61930.0,32.0
06037267404,Census Tract 2674.04; Los Angeles County; California,0.0,11.4,4.0,3.4,16.9,60842.0,26.9
06037267405,Census Tract 2674.05; Los Angeles County; California,3.1,0.0,2.6,3.0,14.8,74148.0,22.0
06037267406,Census Tract 2674.06; Los Angeles County; California,0.0,5.4,2.3,9.1,19.4,65935.0,25.3
06037267502,Census Tract 2675.02; Los Angeles County; California,5.0,12.3,8.0,11.2,20.200000000000003,68139.0,33.3
06037267503,Census Tract 2675.03; Los Angeles County; California,1.4,0.0,4.6,4.6,15.0,96594.0,20.8
06037267504,Census Tract 2675.04; Los Angeles County; California,1.2,0.1,3.8,4.9,20.6,82442.0,23.3
06037267600,Census Tract 2676; Los Angeles County; California,0.0,7.2,2.0,5.300000000000001,33.9,57670.0,30.1
06037267700,Census Tract 2677; Los Angeles County; California,4.7,1.7,3.8,4.0,21.700000000000003,80960.0,25.5
06037267800,Census Tract 2678; Los Angeles County; California,1.5,0.0,2.3,4.5,41.0,86777.0,28.1
06037267901,Census Tract 2679.01; Los Angeles County; California,2.9,2.5,6.2,0.8999999999999999,56.300000000000004,137075.0,31.1
06037267902,Census Tract 2679.02; Los Angeles County; California,0.4,4.0,5.6,3.5,35.9,110822.0,27.0
06037269000,Census Tract 2690; Los Angeles County; California,0.5,0.0,4.5,2.8000000000000003,38.8,112000.0,25.8
06037269100,Census Tract 2691; Los Angeles County; California,1.1,12.0,9.2,7.0,45.2,56087.0,40.4
06037269300,Census Tract 2693; Los Angeles County; California,0.0,0.0,9.7,1.8,45.0,117679.0,30.1
06037269500,Census Tract 2695; Los Angeles County; California,0.0,1.2,9.1,0.0,54.9,121198.0,32.4
06037269601,Census Tract 2696.01; Los Angeles County; California,1.4,6.7,5.9,35.2,27.0,27781.0,38.6
06037269602,Census Tract 2696.02; Los Angeles County; California,10.7,14.6,9.0,16.1,24.6,36931.0,41.9
06037269700,Census Tract 2697; Los Angeles County; California,5.9,6.4,7.4,8.2,29.9,71449.0,33.6
06037269800,Census Tract 2698; Los Angeles County; California,2.7,5.2,2.7,2.9,20.7,72457.0,25.3
06037269903,Census Tract 2699.03; Los Angeles County; California,3.9,2.2,5.2,2.2,11.899999999999999,52495.0,25.6
06037269905,Census Tract 2699.05; Los Angeles County; California,2.3,11.3,6.7,4.3,13.2,72042.0,27.5
06037269906,Census Tract 2699.06; Los Angeles County; California,2.4,0.0,1.8,5.6,16.9,69038.0,22.7
06037269907,Census Tract 2699.07; Los Angeles County; California,1.6,0.0,7.6,7.0,14.2,55837.0,26.8
06037269908,Census Tract 2699.08; Los Angeles County; California,0.2,5.3,0.7,0.0,20.8,76124.0,22.3
06037269909,Census Tract 2699.09; Los Angeles County; California,0.0,1.0,5.0,3.8,24.599999999999998,58130.0,27.2
06037270101,Census Tract 2701.01; Los Angeles County; California,1.5,0.0,1.1,11.7,11.6,61039.0,22.1
06037270102,Census Tract 2701.02; Los Angeles County; California,4.9,0.0,6.1,8.2,15.7,54352.0,27.9
06037270200,Census Tract 2702; Los Angeles County; California,3.9,5.4,6.2,15.2,25.700000000000003,50226.0,33.7
06037270300,Census Tract 2703; Los Angeles County; California,2.9,3.4,5.8,11.6,33.400000000000006,51702.0,34.0
06037271100,Census Tract 2711; Los Angeles County; California,6.1,3.1,5.0,12.0,37.7,74917.0,33.9
06037271200,Census Tract 2712; Los Angeles County; California,6.9,8.8,0.8,5.9,22.4,65156.0,28.5
06037271300,Census Tract 2713; Los Angeles County; California,0.0,10.5,6.3,7.9,32.0,79792.0,31.6
06037271400,Census Tract 2714; Los Angeles County; California,0.5,0.0,3.5,2.4,48.3,92800.0,29.8
06037271500,Census Tract 2715; Los Angeles County; California,0.5,12.9,2.9,3.0,50.8,80643.0,35.1
06037271600,Census Tract 2716; Los Angeles County; California,1.2,10.0,2.3,1.0,27.2,67275.0,28.0
06037271702,Census Tract 2717.02; Los Angeles County; California,4.6,8.8,6.9,9.2,24.4,49804.0,34.1
06037271703,Census Tract 2717.03; Los Angeles County; California,0.0,4.4,2.8,2.0,27.7,62897.0,26.9
06037271704,Census Tract 2717.04; Los Angeles County; California,2.4,8.1,5.2,1.0,33.6,68612.0,31.6
06037271801,Census Tract 2718.01; Los Angeles County; California,3.3,9.7,5.6,4.6,22.700000000000003,50458.0,31.7
06037271803,Census Tract 2718.03; Los Angeles County; California,1.2,10.4,7.6,11.399999999999999,19.5,50701.0,32.4
06037271804,Census Tract 2718.04; Los Angeles County; California,3.5,0.0,7.7,8.5,23.0,58725.0,30.2
06037271901,Census Tract 2719.01; Los Angeles County; California,5.0,1.7,2.4,8.4,28.299999999999997,71002.0,28.3
06037271902,Census Tract 2719.02; Los Angeles County; California,1.8,0.0,9.8,3.2,31.7,65128.0,32.0
06037272100,Census Tract 2721; Los Angeles County; California,2.0,5.0,6.8,6.0,37.9,81686.0,32.4
06037272201,Census Tract 2722.01; Los Angeles County; California,3.3,4.6,6.4,16.1,26.2,58254.0,32.9
06037272202,Census Tract 2722.02; Los Angeles County; California,0.5,7.1,3.4,10.7,19.6,79479.0,25.7
06037272301,Census Tract 2723.01; Los Angeles County; California,3.0,0.0,5.8,7.6,37.3,71692.0,31.7
06037272302,Census Tract 2723.02; Los Angeles County; California,5.2,8.5,3.9,21.6,24.9,54516.0,34.0
06037273100,Census Tract 2731; Los Angeles County; California,0.3,3.1,3.7,3.6,26.9,110695.0,22.8
06037273200,Census Tract 2732; Los Angeles County; California,0.0,4.3,4.8,11.9,28.4,82237.0,28.2
06037273300,Census Tract 2733; Los Angeles County; California,4.3,2.5,11.8,12.1,24.6,76374.0,33.3
06037273403,Census Tract 2734.03; Los Angeles County; California,0.7,8.1,0.0,3.0999999999999996,17.3,208162.0,9.8
06037273404,Census Tract 2734.04; Los Angeles County; California,0.0,0.0,8.3,0.5,14.4,101617.0,21.3
06037273502,Census Tract 2735.02; Los Angeles County; California,0.0,5.9,5.8,1.2000000000000002,22.0,88171.0,25.1
06037273600,Census Tract 2736; Los Angeles County; California,0.0,3.7,4.7,5.3,30.2,113145.0,24.5
06037273700,Census Tract 2737; Los Angeles County; California,0.0,2.6,11.8,4.5,25.2,85602.0,29.7
06037273800,Census Tract 2738; Los Angeles County; California,0.0,2.5,5.7,5.8,27.6,82674.0,27.0
06037273902,Census Tract 2739.02; Los Angeles County; California,0.0,2.1,10.1,0.9,34.1,114657.0,27.8
06037274100,Census Tract 2741; Los Angeles County; California,0.0,7.0,5.4,2.9,33.1,109428.0,26.7
06037274202,Census Tract 2742.02; Los Angeles County; California,0.9,5.2,11.4,5.8,35.2,125566.0,30.0
06037275101,Census Tract 2751.01; Los Angeles County; California,0.0,1.5,10.5,7.6,27.1,82799.0,29.9
06037275102,Census Tract 2751.02; Los Angeles County; California,5.9,19.9,5.6,24.3,34.800000000000004,37756.0,43.7
06037275200,Census Tract 2752; Los Angeles County; California,1.5,1.5,6.9,19.1,32.7,55007.0,34.3
06037275311,Census Tract 2753.11; Los Angeles County; California,1.4,2.4,7.2,8.1,34.1,63643.0,32.6
06037275312,Census Tract 2753.12; Los Angeles County; California,0.0,0.0,3.6,0.7,20.299999999999997,95337.0,20.7
06037275313,Census Tract 2753.13; Los Angeles County; California,0.2,10.9,2.1,6.300000000000001,31.9,70772.0,29.7
06037275400,Census Tract 2754; Los Angeles County; California,1.2,0.0,1.8,4.3,22.0,94211.0,21.2
06037275500,Census Tract 2755; Los Angeles County; California,7.1,28.1,4.8,29.0,39.5,34717.0,48.5
06037275603,Census Tract 2756.03; Los Angeles County; California,1.4,4.1,3.0,6.300000000000001,32.2,64874.0,29.4
06037275604,Census Tract 2756.04; Los Angeles County; California,3.5,3.1,3.1,1.4,31.799999999999997,114366.0,24.4
06037275605,Census Tract 2756.05; Los Angeles County; California,0.0,9.8,9.3,2.9,23.1,85400.0,29.3
06037276000,Census Tract 2760; Los Angeles County; California,0.5,2.0,5.1,2.2,33.4,79033.0,28.1
06037276101,Census Tract 2761.01; Los Angeles County; California,0.0,0.0,6.0,1.2,12.6,79014.0,21.5
06037276102,Census Tract 2761.02; Los Angeles County; California,0.8,2.8,15.2,5.0,33.900000000000006,52468.0,38.1
06037276400,Census Tract 2764; Los Angeles County; California,1.8,0.0,5.2,2.6,40.4,79327.0,30.3
06037276500,Census Tract 2765; Los Angeles County; California,0.7,4.3,9.7,5.6,13.5,31460.0,30.9
06037276601,Census Tract 2766.01; Los Angeles County; California,0.6,1.0,7.8,1.4,36.5,107685.0,27.7
06037276605,Census Tract 2766.05; Los Angeles County; California,1.8,0.0,16.5,3.7,28.4,65250.0,35.4
06037276606,Census Tract 2766.06; Los Angeles County; California,0.4,0.0,3.0,1.6,22.7,89233.0,21.9
06037276607,Census Tract 2766.07; Los Angeles County; California,3.7,12.6,5.0,5.3,17.4,59014.0,30.0
06037276608,Census Tract 2766.08; Los Angeles County; California,0.0,6.0,4.9,0.6,23.5,71775.0,26.4
06037277000,Census Tract 2770; Los Angeles County; California,2.8,5.8,4.7,0.0,34.7,71872.0,30.6
06037277100,Census Tract 2771; Los Angeles County; California,1.0,0.9,8.8,3.6999999999999997,40.6,62460.0,34.4
06037277200,Census Tract 2772; Los Angeles County; California,1.9,7.5,5.1,7.6,31.9,35836.0,34.8
06037277400,Census Tract 2774; Los Angeles County; California,,,,0.0,0.0,,0.0
06037278001,Census Tract 2780.01; Los Angeles County; California,0.0,12.8,1.8,4.3,35.4,59736.0,31.7
06037278102,Census Tract 2781.02; Los Angeles County; California,0.0,2.4,5.9,0.9,36.900000000000006,109758.0,26.5
06037291110,Census Tract 2911.10; Los Angeles County; California,14.0,13.7,16.0,24.9,41.7,22286.0,55.3
06037291120,Census Tract 2911.20; Los Angeles County; California,10.3,12.5,8.6,30.299999999999997,29.0,25607.0,45.5
06037291130,Census Tract 2911.30; Los Angeles County; California,14.5,3.6,5.8,20.799999999999997,35.7,30866.0,42.8
06037291210,Census Tract 2912.10; Los Angeles County; California,3.0,9.5,3.0,19.8,28.1,28649.0,36.0
06037291220,Census Tract 2912.20; Los Angeles County; California,9.6,14.5,6.7,26.3,34.1,30570.0,45.0
06037291300,Census Tract 2913; Los Angeles County; California,3.4,1.9,5.6,13.100000000000001,34.6,44351.0,35.0
06037292001,Census Tract 2920.01; Los Angeles County; California,9.1,23.4,13.6,37.2,35.6,22772.0,54.8
06037292002,Census Tract 2920.02; Los Angeles County; California,11.0,12.2,8.5,13.8,38.1,33022.0,45.0
06037293203,Census Tract 2932.03; Los Angeles County; California,9.3,12.5,9.1,13.5,32.5,30525.0,43.3
06037293204,Census Tract 2932.04; Los Angeles County; California,16.7,8.1,4.3,13.7,49.6,30222.0,47.1
06037293205,Census Tract 2932.05; Los Angeles County; California,7.4,14.5,5.2,16.9,28.799999999999997,25660.0,40.6
06037293206,Census Tract 2932.06; Los Angeles County; California,10.6,18.7,8.0,32.8,28.099999999999998,25344.0,47.2
06037293301,Census Tract 2933.01; Los Angeles County; California,1.6,1.5,5.9,5.1000000000000005,42.1,51468.0,34.6
06037293302,Census Tract 2933.02; Los Angeles County; California,4.7,7.7,5.0,13.100000000000001,37.9,48507.0,37.4
06037293304,Census Tract 2933.04; Los Angeles County; California,7.1,9.3,5.7,29.1,36.8,29152.0,43.3
06037293306,Census Tract 2933.06; Los Angeles County; California,8.3,1.0,14.0,8.9,34.1,49409.0,40.7
06037293307,Census Tract 2933.07; Los Angeles County; California,3.7,18.6,5.3,28.0,36.1,29726.0,44.0
06037294110,Census Tract 2941.10; Los Angeles County; California,16.7,14.0,11.0,32.4,40.1,31921.0,53.1
06037294120,Census Tract 2941.20; Los Angeles County; California,27.8,18.1,4.2,44.3,34.0,18438.0,55.7
06037294200,Census Tract 2942; Los Angeles County; California,8.8,16.1,9.6,34.599999999999994,39.8,26072.0,50.5
06037294301,Census Tract 2943.01; Los Angeles County; California,18.8,4.8,2.9,30.400000000000002,39.1,26873.0,45.9
06037294302,Census Tract 2943.02; Los Angeles County; California,25.4,9.1,4.6,39.9,32.5,25205.0,50.6
06037294410,Census Tract 2944.10; Los Angeles County; California,9.1,20.2,15.3,12.7,38.8,27716.0,51.5
06037294421,Census Tract 2944.21; Los Angeles County; California,5.6,11.4,3.7,33.7,36.9,24623.0,43.3
06037294510,Census Tract 2945.10; Los Angeles County; California,18.2,17.9,5.2,50.0,37.5,19628.0,54.3
06037294520,Census Tract 2945.20; Los Angeles County; California,15.6,11.7,9.6,36.1,39.8,22179.0,52.5
06037294610,Census Tract 2946.10; Los Angeles County; California,11.7,13.8,17.1,37.8,37.8,24023.0,55.9
06037294620,Census Tract 2946.20; Los Angeles County; California,17.0,10.6,6.9,36.2,33.4,23048.0,49.1
06037294701,Census Tract 2947.01; Los Angeles County; California,10.1,30.7,4.9,39.7,36.6,19084.0,52.8
06037294810,Census Tract 2948.10; Los Angeles County; California,16.1,21.8,5.9,49.7,39.599999999999994,16012.0,56.0
06037294820,Census Tract 2948.20; Los Angeles County; California,27.0,44.4,3.5,54.199999999999996,45.599999999999994,14545.0,68.0
06037294830,Census Tract 2948.30; Los Angeles County; California,20.6,15.2,4.0,38.2,42.3,18397.0,53.4
06037294900,Census Tract 2949; Los Angeles County; California,11.7,31.4,6.2,39.9,43.400000000000006,19755.0,56.5
06037295103,Census Tract 2951.03; Los Angeles County; California,5.5,0.8,5.9,5.6,39.8,59716.0,34.6
06037296210,Census Tract 2962.10; Los Angeles County; California,14.1,18.6,8.3,26.7,34.5,17758.0,50.4
06037296220,Census Tract 2962.20; Los Angeles County; California,3.5,17.6,9.1,31.5,37.8,31318.0,47.0
06037296300,Census Tract 2963; Los Angeles County; California,5.9,6.0,6.2,6.6,39.1,46190.0,37.7
06037296401,Census Tract 2964.01; Los Angeles County; California,1.8,3.1,6.9,8.7,43.099999999999994,60794.0,35.8
06037296402,Census Tract 2964.02; Los Angeles County; California,4.5,0.9,6.8,11.1,36.8,53642.0,35.3
06037296500,Census Tract 2965; Los Angeles County; California,11.9,12.7,3.8,22.3,35.7,29125.0,43.5
06037296600,Census Tract 2966; Los Angeles County; California,4.5,12.3,10.3,27.5,30.5,35949.0,43.3
06037296901,Census Tract 2969.01; Los Angeles County; California,3.9,20.7,9.0,17.3,36.1,25467.0,45.7
06037296902,Census Tract 2969.02; Los Angeles County; California,10.6,12.4,9.2,20.200000000000003,31.9,32454.0,44.6
06037297001,Census Tract 2970.01; Los Angeles County; California,0.0,10.1,2.8,5.199999999999999,29.8,70431.0,29.0
06037297002,Census Tract 2970.02; Los Angeles County; California,2.9,7.5,4.3,7.8999999999999995,41.8,52708.0,36.1
06037297110,Census Tract 2971.10; Los Angeles County; California,10.5,19.8,10.5,35.4,35.2,22542.0,51.9
06037297120,Census Tract 2971.20; Los Angeles County; California,5.8,16.3,6.1,22.799999999999997,34.5,33326.0,43.0
06037297201,Census Tract 2972.01; Los Angeles County; California,2.9,13.3,4.1,23.6,30.799999999999997,25230.0,39.5
06037297202,Census Tract 2972.02; Los Angeles County; California,2.9,5.7,2.5,9.2,35.8,42658.0,33.8
06037297300,Census Tract 2973; Los Angeles County; California,5.4,0.0,8.2,5.8999999999999995,44.9,61893.0,37.2
06037297400,Census Tract 2974; Los Angeles County; California,0.0,1.7,7.8,6.6,51.0,74621.0,36.0
06037297501,Census Tract 2975.01; Los Angeles County; California,0.0,0.0,2.2,4.1,35.9,73555.0,27.1
06037297502,Census Tract 2975.02; Los Angeles County; California,1.2,0.0,4.3,9.0,32.2,44800.0,31.3
06037297601,Census Tract 2976.01; Los Angeles County; California,2.0,0.0,4.1,5.9,37.7,47162.0,32.4
06037297602,Census Tract 2976.02; Los Angeles County; California,0.7,14.6,3.7,9.9,34.099999999999994,52379.0,34.9
06037300100,Census Tract 3001; Los Angeles County; California,1.8,4.6,7.2,4.5,46.400000000000006,64831.0,36.4
06037300200,Census Tract 3002; Los Angeles County; California,3.1,1.6,8.8,1.9,41.3,54580.0,36.1
06037300301,Census Tract 3003.01; Los Angeles County; California,8.7,4.4,0.7,1.9,41.7,56270.0,33.9
06037300400,Census Tract 3004; Los Angeles County; California,3.1,2.6,10.6,11.7,42.9,45058.0,40.5
06037300501,Census Tract 3005.01; Los Angeles County; California,2.3,0.0,5.9,7.1,36.1,48523.0,33.3
06037300503,Census Tract 3005.03; Los Angeles County; California,5.5,12.0,7.5,9.6,41.7,43209.0,41.6
06037300601,Census Tract 3006.01; Los Angeles County; California,4.0,6.2,2.7,9.3,35.1,41554.0,34.4
06037300602,Census Tract 3006.02; Los Angeles County; California,0.0,4.5,15.7,3.9000000000000004,41.0,53878.0,40.4
06037300701,Census Tract 3007.01; Los Angeles County; California,0.0,6.2,4.4,2.7,39.0,72826.0,31.1
06037300702,Census Tract 3007.02; Los Angeles County; California,1.5,5.2,6.3,4.4,46.400000000000006,55645.0,36.7
06037300800,Census Tract 3008; Los Angeles County; California,3.7,2.8,14.8,7.4,36.3,51083.0,40.2
06037300901,Census Tract 3009.01; Los Angeles County; California,3.3,1.8,4.8,3.6,40.599999999999994,74079.0,31.9
06037300902,Census Tract 3009.02; Los Angeles County; California,0.0,3.2,6.9,6.800000000000001,44.7,76804.0,33.8
06037301000,Census Tract 3010; Los Angeles County; California,0.7,6.6,5.2,9.9,36.3,64624.0,33.1
06037301100,Census Tract 3011; Los Angeles County; California,1.1,0.9,3.9,4.5,37.8,59804.0,30.8
06037301203,Census Tract 3012.03; Los Angeles County; California,0.4,8.5,6.5,14.0,37.7,63637.0,35.5
06037301204,Census Tract 3012.04; Los Angeles County; California,4.6,13.8,5.9,8.100000000000001,31.4,43943.0,37.4
06037301205,Census Tract 3012.05; Los Angeles County; California,7.7,2.5,8.4,2.8,40.900000000000006,54061.0,38.0
06037301206,Census Tract 3012.06; Los Angeles County; California,6.9,7.9,8.8,9.0,34.599999999999994,35554.0,40.3
06037301300,Census Tract 3013; Los Angeles County; California,0.0,5.5,6.8,1.7999999999999998,40.7,84671.0,31.6
06037301400,Census Tract 3014; Los Angeles County; California,1.5,1.6,5.9,5.1,37.9,66337.0,32.0
06037301501,Census Tract 3015.01; Los Angeles County; California,3.6,0.7,8.1,5.8,36.8,45483.0,35.7
06037301502,Census Tract 3015.02; Los Angeles County; California,6.7,14.0,13.1,11.2,36.3,27177.0,46.4
06037301601,Census Tract 3016.01; Los Angeles County; California,2.2,4.9,11.4,19.400000000000002,37.5,32164.0,42.1
06037301602,Census Tract 3016.02; Los Angeles County; California,1.9,7.9,11.8,16.9,32.599999999999994,38649.0,40.6
06037301701,Census Tract 3017.01; Los Angeles County; California,1.3,14.6,6.9,8.8,37.8,46429.0,38.7
06037301702,Census Tract 3017.02; Los Angeles County; California,3.8,14.4,13.1,11.2,32.8,35160.0,43.6
06037301801,Census Tract 3018.01; Los Angeles County; California,2.9,18.2,5.5,6.8,33.7,42165.0,38.3
06037301802,Census Tract 3018.02; Los Angeles County; California,4.9,13.8,8.7,6.0,28.6,49870.0,37.5
06037301901,Census Tract 3019.01; Los Angeles County; California,3.0,5.0,4.8,7.1,35.7,47882.0,34.2
06037301902,Census Tract 3019.02; Los Angeles County; California,1.5,11.7,15.8,11.4,34.900000000000006,38005.0,44.0
06037302002,Census Tract 3020.02; Los Angeles County; California,4.8,27.2,15.6,7.300000000000001,29.9,31783.0,48.1
06037302003,Census Tract 3020.03; Los Angeles County; California,2.7,15.6,2.4,11.3,34.5,30502.0,37.6
06037302004,Census Tract 3020.04; Los Angeles County; California,6.7,14.3,13.3,20.200000000000003,34.4,30007.0,47.2
06037302102,Census Tract 3021.02; Los Angeles County; California,7.2,1.7,6.4,7.4,42.5,51082.0,37.7
06037302103,Census Tract 3021.03; Los Angeles County; California,3.9,20.0,13.0,17.1,38.2,30449.0,48.2
06037302104,Census Tract 3021.04; Los Angeles County; California,5.0,5.9,7.6,12.6,35.0,32660.0,39.2
06037302201,Census Tract 3022.01; Los Angeles County; California,2.5,15.9,7.0,22.299999999999997,39.5,34748.0,43.4
06037302202,Census Tract 3022.02; Los Angeles County; California,8.0,19.4,5.9,18.2,33.9,25440.0,44.4
06037302301,Census Tract 3023.01; Los Angeles County; California,2.5,7.8,6.9,14.7,40.599999999999994,41470.0,39.5
06037302302,Census Tract 3023.02; Los Angeles County; California,7.1,23.6,7.8,18.9,35.900000000000006,25331.0,47.2
06037302401,Census Tract 3024.01; Los Angeles County; California,4.3,13.3,10.1,27.400000000000002,26.2,38687.0,41.8
06037302503,Census Tract 3025.03; Los Angeles County; California,9.8,17.4,14.4,16.6,36.6,28238.0,50.3
06037302504,Census Tract 3025.04; Los Angeles County; California,10.4,15.0,6.2,19.3,33.7,24929.0,44.5
06037302505,Census Tract 3025.05; Los Angeles County; California,9.0,11.2,4.1,22.299999999999997,32.4,23481.0,41.7
06037302506,Census Tract 3025.06; Los Angeles County; California,5.5,21.8,4.4,17.9,36.6,37039.0,42.9
06037310100,Census Tract 3101; Los Angeles County; California,3.1,6.9,5.3,4.8999999999999995,46.2,93420.0,33.6
06037310201,Census Tract 3102.01; Los Angeles County; California,1.3,4.8,6.6,2.5999999999999996,39.7,51528.0,34.8
06037310202,Census Tract 3102.02; Los Angeles County; California,5.6,9.0,6.7,7.6,35.9,50285.0,37.5
06037310300,Census Tract 3103; Los Angeles County; California,0.0,5.2,6.7,3.6999999999999997,40.8,64209.0,33.8
06037310400,Census Tract 3104; Los Angeles County; California,4.2,6.6,4.6,5.5,38.3,47199.0,35.6
06037310501,Census Tract 3105.01; Los Angeles County; California,4.4,21.1,5.5,14.899999999999999,33.2,46506.0,40.5
06037310601,Census Tract 3106.01; Los Angeles County; California,2.8,11.5,9.0,9.899999999999999,33.9,35122.0,39.8
06037310602,Census Tract 3106.02; Los Angeles County; California,1.2,5.8,7.6,2.9,34.6,69367.0,32.5
06037310701,Census Tract 3107.01; Los Angeles County; California,2.3,31.5,14.2,12.5,46.7,29085.0,53.6
06037310703,Census Tract 3107.03; Los Angeles County; California,12.0,5.6,5.9,12.0,32.3,33302.0,39.8
06037310704,Census Tract 3107.04; Los Angeles County; California,2.6,12.7,12.1,16.5,33.1,35562.0,42.9
06037310705,Census Tract 3107.05; Los Angeles County; California,2.4,3.4,1.9,12.899999999999999,34.8,35112.0,33.5
06037310800,Census Tract 3108; Los Angeles County; California,3.7,1.4,5.8,2.2,31.2,57546.0,31.0
06037310900,Census Tract 3109; Los Angeles County; California,4.5,2.2,8.7,8.4,34.1,45401.0,36.5
06037311000,Census Tract 3110; Los Angeles County; California,5.4,9.9,3.1,9.0,37.3,44677.0,36.6
06037311100,Census Tract 3111; Los Angeles County; California,3.1,12.3,7.7,10.0,37.599999999999994,42270.0,39.8
06037311200,Census Tract 3112; Los Angeles County; California,0.7,1.2,6.5,3.1,27.0,41624.0,30.6
06037311300,Census Tract 3113; Los Angeles County; California,2.0,1.0,3.7,9.1,31.2,58641.0,29.9
06037311400,Census Tract 3114; Los Angeles County; California,0.9,0.0,5.1,2.0,35.7,81858.0,28.1
06037311500,Census Tract 3115; Los Angeles County; California,4.1,2.3,7.5,5.1,26.8,62410.0,31.2
06037311601,Census Tract 3116.01; Los Angeles County; California,0.0,4.8,8.0,5.4,41.3,55543.0,35.7
06037311602,Census Tract 3116.02; Los Angeles County; California,1.4,1.7,12.7,1.4,26.0,71881.0,31.6
06037311700,Census Tract 3117; Los Angeles County; California,1.5,1.0,4.4,5.199999999999999,36.7,64861.0,30.6
06037311801,Census Tract 3118.01; Los Angeles County; California,5.2,13.7,4.6,5.8,29.2,39554.0,36.1
06037311802,Census Tract 3118.02; Los Angeles County; California,11.8,3.2,2.5,6.3,25.299999999999997,49088.0,32.3
06037320101,Census Tract 3201.01; Los Angeles County; California,5.0,4.1,8.4,27.2,33.7,35195.0,40.9
06037320102,Census Tract 3201.02; Los Angeles County; California,13.6,13.4,8.7,43.1,35.1,27834.0,50.9
06037320201,Census Tract 3202.01; Los Angeles County; California,7.0,14.7,9.2,42.900000000000006,32.4,21389.0,48.7
06037320202,Census Tract 3202.02; Los Angeles County; California,8.6,6.0,4.2,42.9,31.7,28434.0,42.8
06037320300,Census Tract 3203; Los Angeles County; California,8.8,10.8,7.3,33.6,41.0,26129.0,47.7
06037400205,Census Tract 4002.05; Los Angeles County; California,0.0,0.0,5.4,2.2,45.599999999999994,90669.0,30.1
06037400206,Census Tract 4002.06; Los Angeles County; California,0.0,1.9,7.4,6.2,38.7,74874.0,32.0
06037400207,Census Tract 4002.07; Los Angeles County; California,0.0,1.0,4.0,3.8000000000000003,45.7,55859.0,33.1
06037400208,Census Tract 4002.08; Los Angeles County; California,0.0,0.0,1.4,4.0,44.2,62761.0,30.1
06037400209,Census Tract 4002.09; Los Angeles County; California,0.0,4.7,2.8,4.9,37.3,67491.0,30.0
06037400304,Census Tract 4003.04; Los Angeles County; California,1.5,6.0,2.1,2.4,31.4,42500.0,30.7
06037400402,Census Tract 4004.02; Los Angeles County; California,3.0,2.2,16.2,7.5,32.0,49454.0,39.5
06037400403,Census Tract 4004.03; Los Angeles County; California,3.1,8.4,4.1,5.1,38.6,47884.0,35.4
06037400404,Census Tract 4004.04; Los Angeles County; California,0.0,0.5,5.4,1.5,40.5,72611.0,30.3
06037400501,Census Tract 4005.01; Los Angeles County; California,0.0,2.0,7.8,6.699999999999999,41.7,74478.0,33.3
06037400602,Census Tract 4006.02; Los Angeles County; California,9.6,10.0,7.1,23.6,35.2,31526.0,43.8
06037400603,Census Tract 4006.03; Los Angeles County; California,1.3,2.1,6.5,8.9,31.0,43014.0,33.1
06037400605,Census Tract 4006.05; Los Angeles County; California,2.3,6.2,5.3,6.6,31.6,43770.0,33.7
06037400801,Census Tract 4008.01; Los Angeles County; California,5.1,9.0,4.5,5.1,31.2,44396.0,34.7
06037401001,Census Tract 4010.01; Los Angeles County; California,4.8,0.0,0.8,4.3,46.099999999999994,50555.0,33.4
06037401002,Census Tract 4010.02; Los Angeles County; California,3.8,4.7,6.7,4.8,36.1,46284.0,35.6
06037401101,Census Tract 4011.01; Los Angeles County; California,4.4,4.4,3.7,9.9,42.3,33390.0,37.7
06037401102,Census Tract 4011.02; Los Angeles County; California,8.8,7.1,5.0,5.699999999999999,39.7,33642.0,39.6
06037401201,Census Tract 4012.01; Los Angeles County; California,4.8,4.5,3.7,3.0,41.1,58734.0,34.0
06037401202,Census Tract 4012.02; Los Angeles County; California,1.4,2.0,12.4,14.2,42.400000000000006,36960.0,41.8
06037401203,Census Tract 4012.03; Los Angeles County; California,2.8,7.4,4.5,9.0,36.6,39164.0,36.1
06037401303,Census Tract 4013.03; Los Angeles County; California,1.0,1.7,5.2,11.3,36.5,57484.0,32.8
06037401304,Census Tract 4013.04; Los Angeles County; California,0.0,4.9,7.5,4.3,39.5,60424.0,34.3
06037401311,Census Tract 4013.11; Los Angeles County; California,3.4,9.7,6.0,6.4,37.0,37746.0,37.8
06037401312,Census Tract 4013.12; Los Angeles County; California,3.7,3.5,6.3,8.4,46.8,43896.0,39.0
06037401500,Census Tract 4015; Los Angeles County; California,4.2,14.0,12.9,7.9,37.4,35353.0,44.3
06037401601,Census Tract 4016.01; Los Angeles County; California,0.4,8.1,3.0,5.1000000000000005,47.900000000000006,47936.0,36.3
06037401602,Census Tract 4016.02; Los Angeles County; California,7.5,6.6,8.1,7.6,33.1,40309.0,38.6
06037401705,Census Tract 4017.05; Los Angeles County; California,2.0,4.0,4.4,6.0,40.0,44125.0,34.8
06037401706,Census Tract 4017.06; Los Angeles County; California,5.5,1.8,6.3,7.8999999999999995,34.1,38027.0,35.8
06037401707,Census Tract 4017.07; Los Angeles County; California,3.2,15.9,5.6,20.0,38.5,29703.0,42.6
06037401801,Census Tract 4018.01; Los Angeles County; California,0.0,1.3,4.7,3.0,45.099999999999994,60347.0,32.9
06037401802,Census Tract 4018.02; Los Angeles County; California,2.5,3.2,4.8,4.199999999999999,45.7,55682.0,35.3
06037401901,Census Tract 4019.01; Los Angeles County; California,0.0,0.0,10.1,2.0,1.3,8212.0,27.6
06037401902,Census Tract 4019.02; Los Angeles County; California,0.0,2.1,5.5,3.3,43.6,64995.0,32.8
06037402001,Census Tract 4020.01; Los Angeles County; California,3.3,15.2,5.0,12.4,33.9,34580.0,39.0
06037402002,Census Tract 4020.02; Los Angeles County; California,1.3,5.2,2.3,8.5,38.2,41332.0,33.6
06037402101,Census Tract 4021.01; Los Angeles County; California,14.8,9.1,5.6,20.1,35.3,25009.0,44.7
06037402102,Census Tract 4021.02; Los Angeles County; California,9.6,4.9,8.4,15.600000000000001,36.2,29556.0,42.4
06037402200,Census Tract 4022; Los Angeles County; California,4.3,9.3,6.6,14.0,41.5,29886.0,41.7
06037402301,Census Tract 4023.01; Los Angeles County; California,6.5,6.2,8.0,27.9,35.900000000000006,26935.0,43.4
06037402303,Census Tract 4023.03; Los Angeles County; California,13.1,13.9,6.4,34.0,34.2,22180.0,48.1
06037402304,Census Tract 4023.04; Los Angeles County; California,19.6,20.2,3.0,43.0,35.2,18193.0,52.5
06037402403,Census Tract 4024.03; Los Angeles County; California,13.8,7.5,10.8,26.700000000000003,26.6,19539.0,46.2
06037402404,Census Tract 4024.04; Los Angeles County; California,,,24.2,0.0,2.1,5803.0,43.3
06037402405,Census Tract 4024.05; Los Angeles County; California,6.4,12.6,6.5,42.7,37.3,24837.0,47.3
06037402406,Census Tract 4024.06; Los Angeles County; California,16.6,13.1,3.9,34.8,37.7,24118.0,48.7
06037402501,Census Tract 4025.01; Los Angeles County; California,16.3,10.9,5.4,47.099999999999994,39.3,18515.0,51.9
06037402503,Census Tract 4025.03; Los Angeles County; California,23.6,19.5,9.1,33.8,34.7,18830.0,56.0
06037402504,Census Tract 4025.04; Los Angeles County; California,13.9,19.9,6.0,35.400000000000006,40.5,17371.0,52.5
06037402601,Census Tract 4026.01; Los Angeles County; California,10.6,26.3,5.8,32.5,34.5,23518.0,50.1
06037402602,Census Tract 4026.02; Los Angeles County; California,2.3,1.6,15.9,16.1,32.8,39359.0,41.5
06037402702,Census Tract 4027.02; Los Angeles County; California,15.8,34.0,5.7,46.5,33.6,17951.0,56.8
06037402703,Census Tract 4027.03; Los Angeles County; California,14.0,12.9,4.4,20.6,44.4,21696.0,47.9
06037402705,Census Tract 4027.05; Los Angeles County; California,11.6,7.6,6.5,24.200000000000003,38.5,27133.0,45.0
06037402706,Census Tract 4027.06; Los Angeles County; California,11.0,8.0,7.0,32.4,34.7,28502.0,45.3
06037402801,Census Tract 4028.01; Los Angeles County; California,15.5,17.9,6.1,57.3,38.300000000000004,18097.0,55.4
06037402803,Census Tract 4028.03; Los Angeles County; California,18.4,12.3,7.4,42.1,33.1,22319.0,51.4
06037402804,Census Tract 4028.04; Los Angeles County; California,20.0,15.6,10.4,40.8,36.9,18979.0,56.1
06037402902,Census Tract 4029.02; Los Angeles County; California,14.1,8.4,3.4,38.599999999999994,42.4,19628.0,48.5
06037402903,Census Tract 4029.03; Los Angeles County; California,6.0,14.6,6.0,32.099999999999994,39.2,22852.0,46.4
06037402904,Census Tract 4029.04; Los Angeles County; California,15.7,12.0,5.4,33.5,38.599999999999994,24230.0,49.0
06037403000,Census Tract 4030; Los Angeles County; California,13.2,6.4,3.7,35.5,34.8,23307.0,44.6
06037403305,Census Tract 4033.05; Los Angeles County; California,1.9,2.8,5.4,6.6,35.8,44485.0,33.8
06037403316,Census Tract 4033.16; Los Angeles County; California,1.5,4.9,3.9,8.1,41.8,39921.0,35.8
06037403317,Census Tract 4033.17; Los Angeles County; California,3.3,5.4,4.7,8.4,40.0,45689.0,36.1
06037403318,Census Tract 4033.18; Los Angeles County; California,0.9,2.0,4.7,4.5,40.8,46848.0,33.7
06037403319,Census Tract 4033.19; Los Angeles County; California,3.2,8.8,4.7,3.7,33.9,41514.0,34.9
06037403320,Census Tract 4033.20; Los Angeles County; California,0.0,2.9,2.3,2.4000000000000004,43.3,60766.0,31.2
06037403321,Census Tract 4033.21; Los Angeles County; California,2.9,8.4,7.8,6.3,37.1,42731.0,37.9
06037403323,Census Tract 4033.23; Los Angeles County; California,4.4,4.2,7.7,7.6,33.4,39305.0,36.6
06037403324,Census Tract 4033.24; Los Angeles County; California,4.3,9.6,4.3,8.9,39.7,52952.0,36.8
06037403325,Census Tract 4033.25; Los Angeles County; California,3.5,11.7,2.8,8.9,39.7,52188.0,36.2
06037403326,Census Tract 4033.26; Los Angeles County; California,4.7,3.9,3.9,12.700000000000001,41.3,39103.0,37.4
06037403327,Census Tract 4033.27; Los Angeles County; California,1.8,2.3,5.0,7.5,35.0,48456.0,32.9
06037403328,Census Tract 4033.28; Los Angeles County; California,2.7,7.4,9.1,10.399999999999999,35.3,37115.0,39.0
06037403401,Census Tract 4034.01; Los Angeles County; California,1.9,7.2,4.2,11.5,43.5,42392.0,37.6
06037403402,Census Tract 4034.02; Los Angeles County; California,3.8,2.4,3.9,7.3,36.4,41130.0,34.1
06037403403,Census Tract 4034.03; Los Angeles County; California,0.5,12.4,4.1,5.0,45.3,67311.0,35.7
06037403404,Census Tract 4034.04; Los Angeles County; California,4.3,7.8,13.9,7.8,46.0,51276.0,44.3
06037403407,Census Tract 4034.07; Los Angeles County; California,0.0,7.2,3.0,3.6999999999999997,34.3,56487.0,30.8
06037403408,Census Tract 4034.08; Los Angeles County; California,1.7,3.6,2.5,5.9,41.8,49177.0,33.4
06037403409,Census Tract 4034.09; Los Angeles County; California,5.4,6.6,2.8,5.3999999999999995,41.900000000000006,46093.0,36.1
06037403500,Census Tract 4035; Los Angeles County; California,0.9,3.0,10.8,6.5,38.0,57984.0,36.3
06037403601,Census Tract 4036.01; Los Angeles County; California,4.3,6.2,7.9,13.100000000000001,35.099999999999994,39200.0,38.7
06037403702,Census Tract 4037.02; Los Angeles County; California,1.9,1.1,1.1,8.4,35.9,38384.0,31.5
06037403703,Census Tract 4037.03; Los Angeles County; California,5.8,0.0,5.9,10.8,42.7,49436.0,37.1
06037403721,Census Tract 4037.21; Los Angeles County; California,1.2,4.9,8.4,19.299999999999997,36.2,38177.0,38.8
06037403722,Census Tract 4037.22; Los Angeles County; California,14.4,9.9,7.1,10.7,34.2,28449.0,43.6
06037403801,Census Tract 4038.01; Los Angeles County; California,1.8,7.5,4.2,8.4,29.0,43585.0,32.7
06037403802,Census Tract 4038.02; Los Angeles County; California,6.5,9.0,6.1,16.2,35.3,37722.0,39.9
06037403901,Census Tract 4039.01; Los Angeles County; California,7.0,7.0,6.3,10.2,36.0,35670.0,39.1
06037403902,Census Tract 4039.02; Los Angeles County; California,2.6,8.3,1.6,9.3,41.5,36011.0,36.2
06037404000,Census Tract 4040; Los Angeles County; California,4.7,3.3,8.9,11.9,27.9,35111.0,36.7
06037404100,Census Tract 4041; Los Angeles County; California,21.2,5.8,5.7,30.1,33.7,22032.0,47.8
06037404201,Census Tract 4042.01; Los Angeles County; California,14.0,19.2,7.6,22.1,35.4,24279.0,49.0
06037404203,Census Tract 4042.03; Los Angeles County; California,6.1,10.7,6.8,18.2,24.1,22442.0,39.1
06037404301,Census Tract 4043.01; Los Angeles County; California,14.6,23.9,7.4,31.9,36.7,22591.0,52.6
06037404302,Census Tract 4043.02; Los Angeles County; California,2.7,2.0,1.5,20.3,42.9,28500.0,37.3
06037404401,Census Tract 4044.01; Los Angeles County; California,11.2,4.4,4.1,26.4,31.4,27996.0,40.5
06037404402,Census Tract 4044.02; Los Angeles County; California,7.7,2.6,7.2,22.9,29.0,28812.0,39.3
06037404501,Census Tract 4045.01; Los Angeles County; California,15.0,13.0,2.9,33.4,33.0,19680.0,46.2
06037404503,Census Tract 4045.03; Los Angeles County; California,10.1,2.9,6.6,26.9,35.8,28660.0,42.6
06037404504,Census Tract 4045.04; Los Angeles County; California,16.3,14.1,4.2,32.1,31.0,21566.0,46.8
06037404600,Census Tract 4046; Los Angeles County; California,5.6,6.0,4.5,18.1,38.6,42766.0,38.5
06037404701,Census Tract 4047.01; Los Angeles County; California,13.0,10.4,6.9,34.6,34.7,26631.0,47.2
06037404702,Census Tract 4047.02; Los Angeles County; California,9.4,17.1,4.4,30.0,34.3,25014.0,45.4
06037404703,Census Tract 4047.03; Los Angeles County; California,19.6,13.5,7.3,31.0,33.8,26074.0,50.2
06037404804,Census Tract 4048.04; Los Angeles County; California,10.9,17.4,4.9,33.0,39.0,25505.0,48.3
06037404805,Census Tract 4048.05; Los Angeles County; California,11.6,21.3,8.1,31.099999999999998,35.2,20217.0,50.8
06037404806,Census Tract 4048.06; Los Angeles County; California,12.3,11.8,8.6,29.4,37.5,24607.0,48.6
06037404901,Census Tract 4049.01; Los Angeles County; California,18.6,13.6,7.0,38.9,29.9,28220.0,49.5
06037404902,Census Tract 4049.02; Los Angeles County; California,11.6,6.5,7.2,28.4,36.6,26417.0,45.3
06037404903,Census Tract 4049.03; Los Angeles County; California,19.4,7.1,6.0,21.5,34.099999999999994,25272.0,46.0
06037405001,Census Tract 4050.01; Los Angeles County; California,12.7,11.5,10.5,32.9,32.2,24642.0,48.9
06037405002,Census Tract 4050.02; Los Angeles County; California,26.6,10.7,10.8,51.1,35.9,21289.0,58.7
06037405101,Census Tract 4051.01; Los Angeles County; California,16.7,14.1,7.5,37.2,34.6,22197.0,50.9
06037405102,Census Tract 4051.02; Los Angeles County; California,14.0,4.9,8.0,35.5,35.0,26267.0,47.0
06037405201,Census Tract 4052.01; Los Angeles County; California,10.9,10.1,6.7,31.4,33.6,24030.0,45.6
06037405202,Census Tract 4052.02; Los Angeles County; California,8.3,4.8,4.3,29.700000000000003,31.200000000000003,22465.0,40.6
06037405203,Census Tract 4052.03; Los Angeles County; California,17.9,14.6,6.3,26.8,41.8,24209.0,51.1
06037405301,Census Tract 4053.01; Los Angeles County; California,9.1,7.9,9.7,21.9,38.6,34775.0,45.1
06037405302,Census Tract 4053.02; Los Angeles County; California,5.6,6.5,5.0,17.9,35.8,31275.0,39.2
06037405400,Census Tract 4054; Los Angeles County; California,11.7,5.5,4.0,20.2,31.2,35471.0,39.2
06037405500,Census Tract 4055; Los Angeles County; California,7.7,8.4,4.3,16.3,41.0,33370.0,41.2
06037405600,Census Tract 4056; Los Angeles County; California,4.1,1.5,5.1,16.5,34.599999999999994,36204.0,36.1
06037405701,Census Tract 4057.01; Los Angeles County; California,9.4,5.8,9.6,16.7,37.9,29173.0,44.0
06037405702,Census Tract 4057.02; Los Angeles County; California,8.1,3.8,6.0,16.799999999999997,32.0,30803.0,38.7
06037405800,Census Tract 4058; Los Angeles County; California,4.3,2.2,2.5,14.8,33.900000000000006,32093.0,34.7
06037405900,Census Tract 4059; Los Angeles County; California,4.4,1.4,3.7,18.6,31.799999999999997,32825.0,35.1
06037406000,Census Tract 4060; Los Angeles County; California,8.9,4.8,5.4,14.5,35.3,33245.0,39.3
06037406101,Census Tract 4061.01; Los Angeles County; California,0.0,2.2,5.7,6.5,31.6,47510.0,31.5
06037406103,Census Tract 4061.03; Los Angeles County; California,8.1,10.5,7.0,13.8,31.8,37694.0,40.1
06037406201,Census Tract 4062.01; Los Angeles County; California,3.6,15.5,7.4,27.299999999999997,41.900000000000006,24584.0,46.5
06037406300,Census Tract 4063; Los Angeles County; California,9.5,5.7,5.1,8.0,39.3,51273.0,38.1
06037406413,Census Tract 4064.13; Los Angeles County; California,2.4,6.8,11.9,10.1,38.099999999999994,43080.0,40.7
06037406500,Census Tract 4065; Los Angeles County; California,11.2,5.3,9.3,12.899999999999999,36.7,33645.0,43.0
06037406601,Census Tract 4066.01; Los Angeles County; California,5.6,9.1,7.6,10.0,38.5,39148.0,40.4
06037406602,Census Tract 4066.02; Los Angeles County; California,4.0,13.1,5.1,16.8,34.1,31152.0,39.8
06037406701,Census Tract 4067.01; Los Angeles County; California,8.0,2.8,6.4,18.3,33.8,33122.0,39.2
06037406702,Census Tract 4067.02; Los Angeles County; California,6.4,6.2,10.1,11.9,34.4,40336.0,40.4
06037406801,Census Tract 4068.01; Los Angeles County; California,5.7,2.9,8.4,14.899999999999999,37.2,36149.0,39.8
06037406903,Census Tract 4069.03; Los Angeles County; California,5.4,9.5,6.5,27.299999999999997,43.599999999999994,28150.0,45.1
06037407001,Census Tract 4070.01; Los Angeles County; California,17.2,13.2,8.0,32.2,35.7,24032.0,50.5
06037407002,Census Tract 4070.02; Los Angeles County; California,15.6,9.2,9.4,36.0,33.1,22061.0,49.7
06037407101,Census Tract 4071.01; Los Angeles County; California,14.4,8.5,1.2,33.1,33.8,24968.0,43.2
06037407102,Census Tract 4071.02; Los Angeles County; California,11.6,3.4,4.0,34.7,32.5,27365.0,42.1
06037407201,Census Tract 4072.01; Los Angeles County; California,12.9,6.0,8.2,34.9,30.1,24286.0,45.6
06037407202,Census Tract 4072.02; Los Angeles County; California,5.6,23.2,5.6,38.8,41.4,28107.0,49.7
06037407301,Census Tract 4073.01; Los Angeles County; California,4.7,4.7,7.1,23.3,38.3,23700.0,42.0
06037407302,Census Tract 4073.02; Los Angeles County; California,14.8,15.3,6.5,24.7,45.2,24037.0,50.9
06037407400,Census Tract 4074; Los Angeles County; California,2.2,0.7,7.6,14.0,38.2,36599.0,37.4
06037407501,Census Tract 4075.01; Los Angeles County; California,18.6,5.2,2.9,29.1,39.9,21458.0,46.5
06037407502,Census Tract 4075.02; Los Angeles County; California,10.8,7.7,6.3,28.299999999999997,27.6,33907.0,41.3
06037407601,Census Tract 4076.01; Los Angeles County; California,6.6,7.5,5.7,33.1,33.4,23944.0,42.7
06037407602,Census Tract 4076.02; Los Angeles County; California,8.1,7.7,13.8,30.6,34.099999999999994,26045.0,48.2
06037407701,Census Tract 4077.01; Los Angeles County; California,9.1,13.0,6.8,36.400000000000006,36.9,21956.0,47.8
06037407702,Census Tract 4077.02; Los Angeles County; California,5.0,4.6,4.3,33.8,32.7,29002.0,39.8
06037407801,Census Tract 4078.01; Los Angeles County; California,15.5,4.7,10.1,26.0,32.7,29912.0,46.3
06037407802,Census Tract 4078.02; Los Angeles County; California,6.9,3.0,6.5,28.6,31.6,27495.0,40.4
06037407901,Census Tract 4079.01; Los Angeles County; California,5.4,4.6,3.2,29.9,37.8,27879.0,40.2
06037407902,Census Tract 4079.02; Los Angeles County; California,3.7,5.3,7.1,24.900000000000002,29.9,35213.0,38.4
06037408003,Census Tract 4080.03; Los Angeles County; California,6.2,8.8,5.2,25.0,38.5,32859.0,42.0
06037408004,Census Tract 4080.04; Los Angeles County; California,2.9,12.7,5.4,7.1,33.0,40012.0,36.7
06037408005,Census Tract 4080.05; Los Angeles County; California,1.5,3.4,6.2,5.7,32.0,49048.0,32.6
06037408006,Census Tract 4080.06; Los Angeles County; California,12.8,5.0,8.7,10.7,36.5,29978.0,43.1
06037408133,Census Tract 4081.33; Los Angeles County; California,8.9,10.0,3.5,18.5,38.9,30694.0,41.6
06037408134,Census Tract 4081.34; Los Angeles County; California,8.6,9.3,2.3,9.1,33.8,41304.0,36.5
06037408135,Census Tract 4081.35; Los Angeles County; California,2.5,17.5,6.6,10.4,38.0,34761.0,41.3
06037408136,Census Tract 4081.36; Los Angeles County; California,6.2,6.3,6.6,10.1,29.2,35742.0,36.7
06037408137,Census Tract 4081.37; Los Angeles County; California,5.0,8.3,5.6,8.2,31.200000000000003,30950.0,36.9
06037408138,Census Tract 4081.38; Los Angeles County; California,12.3,7.0,5.1,32.9,38.7,22060.0,46.2
06037408139,Census Tract 4081.39; Los Angeles County; California,16.5,10.6,10.2,40.4,36.9,21732.0,52.8
06037408140,Census Tract 4081.40; Los Angeles County; California,5.5,13.4,6.8,39.4,35.5,21705.0,46.6
06037408141,Census Tract 4081.41; Los Angeles County; California,11.7,16.6,10.0,36.5,37.4,24694.0,51.8
06037408212,Census Tract 4082.12; Los Angeles County; California,9.8,4.6,4.8,17.6,46.2,31632.0,43.2
06037408213,Census Tract 4082.13; Los Angeles County; California,5.5,10.7,7.6,13.299999999999999,34.2,29606.0,40.9
06037408301,Census Tract 4083.01; Los Angeles County; California,7.9,9.5,10.3,35.6,29.7,26860.0,45.8
06037408302,Census Tract 4083.02; Los Angeles County; California,4.2,5.0,7.1,27.6,33.9,32615.0,40.4
06037408303,Census Tract 4083.03; Los Angeles County; California,9.6,4.9,3.5,14.7,38.7,37955.0,39.0
06037408401,Census Tract 4084.01; Los Angeles County; California,4.2,6.4,6.0,19.7,39.9,30883.0,40.8
06037408402,Census Tract 4084.02; Los Angeles County; California,2.0,4.2,3.4,12.2,40.599999999999994,38387.0,35.9
06037408503,Census Tract 4085.03; Los Angeles County; California,1.3,2.0,5.5,6.5,42.0,45490.0,35.2
06037408504,Census Tract 4085.04; Los Angeles County; California,6.2,5.8,8.1,13.100000000000001,35.3,39584.0,39.5
06037408505,Census Tract 4085.05; Los Angeles County; California,6.5,7.7,6.5,11.7,43.3,51174.0,40.2
06037408623,Census Tract 4086.23; Los Angeles County; California,6.8,6.0,5.2,11.6,43.0,33391.0,40.6
06037408624,Census Tract 4086.24; Los Angeles County; California,2.2,8.9,2.2,6.6000000000000005,36.900000000000006,43886.0,34.0
06037408625,Census Tract 4086.25; Los Angeles County; California,0.0,5.9,1.5,10.0,41.2,51692.0,33.0
06037408626,Census Tract 4086.26; Los Angeles County; California,3.4,7.7,4.4,11.3,36.7,48202.0,35.9
06037408627,Census Tract 4086.27; Los Angeles County; California,0.0,5.4,4.1,7.3,37.8,42915.0,33.9
06037408628,Census Tract 4086.28; Los Angeles County; California,9.0,7.3,2.7,10.8,42.4,37096.0,39.5
06037408629,Census Tract 4086.29; Los Angeles County; California,2.4,5.1,8.0,7.4,37.6,42363.0,37.2
06037408631,Census Tract 4086.31; Los Angeles County; California,5.3,14.6,7.7,16.8,32.8,34616.0,41.7
06037408703,Census Tract 4087.03; Los Angeles County; California,0.0,5.8,7.3,8.899999999999999,38.2,58369.0,34.9
06037408705,Census Tract 4087.05; Los Angeles County; California,4.4,11.5,6.9,18.6,39.8,30691.0,42.7
06037408707,Census Tract 4087.07; Los Angeles County; California,4.3,4.8,4.6,7.8,39.6,46439.0,36.0
06037408722,Census Tract 4087.22; Los Angeles County; California,9.2,7.1,5.7,15.4,37.9,38152.0,40.8
06037408724,Census Tract 4087.24; Los Angeles County; California,20.2,13.2,8.3,24.4,34.5,21658.0,50.5
06037408725,Census Tract 4087.25; Los Angeles County; California,4.0,6.0,4.8,17.8,41.5,31046.0,40.0
06037408800,Census Tract 4088; Los Angeles County; California,5.8,18.0,8.6,28.1,23.2,26011.0,43.2
06037408900,Census Tract 4089; Los Angeles County; California,1.3,6.2,4.6,8.3,50.0,49366.0,38.1
06037409000,Census Tract 4090; Los Angeles County; California,3.3,18.2,5.5,23.0,33.4,24455.0,42.7
06037409100,Census Tract 4091; Los Angeles County; California,6.4,14.8,7.9,33.5,35.3,29452.0,46.3
06037430003,Census Tract 4300.03; Los Angeles County; California,6.4,2.7,3.0,10.7,38.8,51300.0,34.9
06037430004,Census Tract 4300.04; Los Angeles County; California,1.5,2.5,6.4,20.1,38.6,37145.0,37.9
06037430005,Census Tract 4300.05; Los Angeles County; California,2.6,0.0,8.6,10.299999999999999,33.5,42301.0,35.4
06037430101,Census Tract 4301.01; Los Angeles County; California,5.5,6.0,2.3,12.8,43.5,32830.0,38.6
06037430102,Census Tract 4301.02; Los Angeles County; California,10.1,6.3,8.9,27.3,36.2,26617.0,45.4
06037430200,Census Tract 4302; Los Angeles County; California,0.0,5.6,7.1,7.4,46.5,85924.0,34.4
06037430301,Census Tract 4303.01; Los Angeles County; California,0.0,3.2,1.9,5.4,38.6,70218.0,29.2
06037430302,Census Tract 4303.02; Los Angeles County; California,0.8,5.8,2.5,8.3,36.2,57776.0,31.5
06037430400,Census Tract 4304; Los Angeles County; California,0.8,4.0,0.7,5.199999999999999,43.1,84439.0,28.9
06037430501,Census Tract 4305.01; Los Angeles County; California,0.5,2.0,3.3,2.1,36.6,83930.0,27.5
06037430502,Census Tract 4305.02; Los Angeles County; California,0.0,6.5,3.1,1.8,40.9,77590.0,30.3
06037430600,Census Tract 4306; Los Angeles County; California,1.8,3.7,3.2,6.5,44.599999999999994,67741.0,33.1
06037430701,Census Tract 4307.01; Los Angeles County; California,2.8,5.9,3.1,6.5,47.1,55521.0,35.9
06037430721,Census Tract 4307.21; Los Angeles County; California,2.1,13.1,15.8,12.899999999999999,44.8,45941.0,47.1
06037430723,Census Tract 4307.23; Los Angeles County; California,5.4,7.3,7.4,3.0,31.5,37323.0,36.6
06037430724,Census Tract 4307.24; Los Angeles County; California,6.0,5.6,5.7,6.0,32.400000000000006,45873.0,35.2
06037430801,Census Tract 4308.01; Los Angeles County; California,3.5,6.0,6.9,7.6,37.0,39684.0,37.3
06037430802,Census Tract 4308.02; Los Angeles County; California,0.8,12.8,7.2,7.6,39.8,55586.0,37.7
06037430803,Census Tract 4308.03; Los Angeles County; California,1.7,1.6,3.1,4.800000000000001,41.3,52784.0,32.5
06037430901,Census Tract 4309.01; Los Angeles County; California,8.7,9.5,8.0,14.6,32.5,34886.0,41.3
06037430902,Census Tract 4309.02; Los Angeles County; California,6.7,1.4,5.5,6.6,35.0,37889.0,35.7
06037431002,Census Tract 4310.02; Los Angeles County; California,1.2,2.8,5.5,6.9,38.1,47923.0,34.0
06037431003,Census Tract 4310.03; Los Angeles County; California,3.6,19.4,4.1,7.4,36.5,31258.0,40.0
06037431004,Census Tract 4310.04; Los Angeles County; California,7.4,4.0,11.4,4.1,30.6,36028.0,39.0
06037431100,Census Tract 4311; Los Angeles County; California,13.3,4.4,6.6,21.4,33.9,41555.0,41.6
06037431200,Census Tract 4312; Los Angeles County; California,5.2,9.1,6.4,26.700000000000003,34.099999999999994,28036.0,41.9
06037431300,Census Tract 4313; Los Angeles County; California,0.9,5.5,5.1,7.0,36.1,43549.0,34.3
06037431400,Census Tract 4314; Los Angeles County; California,6.5,3.7,4.1,14.3,48.900000000000006,36639.0,41.0
06037431501,Census Tract 4315.01; Los Angeles County; California,4.5,7.0,0.8,14.5,44.0,31064.0,38.1
06037431502,Census Tract 4315.02; Los Angeles County; California,3.5,10.9,3.3,13.5,35.0,45913.0,36.2
06037431600,Census Tract 4316; Los Angeles County; California,0.8,2.5,3.3,7.8,44.2,55453.0,33.6
06037431701,Census Tract 4317.01; Los Angeles County; California,0.0,4.6,4.3,10.8,44.900000000000006,68767.0,34.0
06037431800,Census Tract 4318; Los Angeles County; California,2.0,6.6,2.9,14.799999999999999,43.400000000000006,40535.0,37.3
06037431900,Census Tract 4319; Los Angeles County; California,0.4,7.2,10.1,6.300000000000001,37.1,46650.0,37.6
06037432001,Census Tract 4320.01; Los Angeles County; California,2.8,5.8,8.4,20.0,41.099999999999994,32510.0,41.8
06037432002,Census Tract 4320.02; Los Angeles County; California,2.2,9.0,7.7,11.8,39.8,37118.0,39.9
06037432101,Census Tract 4321.01; Los Angeles County; California,6.5,3.3,4.9,16.7,35.7,40836.0,37.4
06037432102,Census Tract 4321.02; Los Angeles County; California,2.1,6.3,3.0,9.4,42.3,46106.0,35.6
06037432201,Census Tract 4322.01; Los Angeles County; California,6.2,8.2,2.3,15.9,37.2,33327.0,38.1
06037432202,Census Tract 4322.02; Los Angeles County; California,2.4,8.7,6.4,30.2,39.6,31866.0,42.5
06037432300,Census Tract 4323; Los Angeles County; California,8.5,14.1,7.6,27.2,44.2,23198.0,49.0
06037432401,Census Tract 4324.01; Los Angeles County; California,9.4,5.2,3.3,24.299999999999997,40.2,23508.0,42.3
06037432402,Census Tract 4324.02; Los Angeles County; California,12.7,14.9,6.3,32.4,39.5,21117.0,49.6
06037432501,Census Tract 4325.01; Los Angeles County; California,13.6,2.8,2.4,29.6,41.8,32371.0,43.2
06037432502,Census Tract 4325.02; Los Angeles County; California,7.2,0.5,6.6,19.7,29.6,36761.0,37.0
06037432601,Census Tract 4326.01; Los Angeles County; California,14.9,13.9,3.7,28.700000000000003,37.0,22954.0,47.0
06037432602,Census Tract 4326.02; Los Angeles County; California,6.6,14.3,6.9,27.0,41.0,25145.0,46.6
06037432700,Census Tract 4327; Los Angeles County; California,12.2,8.0,5.8,30.6,36.3,22056.0,45.8
06037432801,Census Tract 4328.01; Los Angeles County; California,8.3,16.0,4.1,36.3,48.2,20989.0,50.1
06037432802,Census Tract 4328.02; Los Angeles County; California,19.4,15.0,15.2,39.1,32.1,20816.0,56.9
06037432901,Census Tract 4329.01; Los Angeles County; California,7.4,9.5,4.0,28.6,31.5,24609.0,41.2
06037432902,Census Tract 4329.02; Los Angeles County; California,3.5,2.8,7.3,26.7,42.5,26692.0,42.6
06037433103,Census Tract 4331.03; Los Angeles County; California,17.4,15.6,8.8,42.8,32.099999999999994,23000.0,52.6
06037433200,Census Tract 4332; Los Angeles County; California,12.8,5.9,6.5,34.400000000000006,36.400000000000006,25155.0,46.2
06037433302,Census Tract 4333.02; Los Angeles County; California,9.9,7.8,3.9,38.9,31.200000000000003,29685.0,42.7
06037433304,Census Tract 4333.04; Los Angeles County; California,13.3,19.8,8.0,38.8,38.7,20193.0,53.3
06037433305,Census Tract 4333.05; Los Angeles County; California,13.8,22.5,4.8,47.1,40.9,16446.0,54.5
06037433306,Census Tract 4333.06; Los Angeles County; California,4.5,18.6,4.1,37.9,34.5,19803.0,45.6
06037433307,Census Tract 4333.07; Los Angeles County; California,13.2,18.9,5.1,31.200000000000003,38.7,28250.0,49.1
06037433402,Census Tract 4334.02; Los Angeles County; California,11.4,8.2,7.3,45.900000000000006,36.3,25206.0,48.7
06037433403,Census Tract 4334.03; Los Angeles County; California,15.3,12.3,3.5,40.3,40.4,17454.0,50.0
06037433505,Census Tract 4335.05; Los Angeles County; California,19.9,18.0,12.6,43.9,33.5,20724.0,57.5
06037433506,Census Tract 4335.06; Los Angeles County; California,12.0,28.8,14.7,51.8,36.099999999999994,17197.0,61.2
06037433601,Census Tract 4336.01; Los Angeles County; California,8.5,7.8,7.0,38.5,36.2,22992.0,46.2
06037433602,Census Tract 4336.02; Los Angeles County; California,12.6,16.7,7.9,39.9,37.900000000000006,24392.0,51.6
06037433803,Census Tract 4338.03; Los Angeles County; California,7.6,8.8,5.2,28.5,38.4,27061.0,43.6
06037433804,Census Tract 4338.04; Los Angeles County; California,10.1,23.5,5.9,43.7,35.5,18159.0,51.7
06037433901,Census Tract 4339.01; Los Angeles County; California,16.1,11.3,10.0,47.599999999999994,28.5,19330.0,51.6
06037433903,Census Tract 4339.03; Los Angeles County; California,14.3,18.3,4.6,39.0,33.8,21095.0,49.5
06037434001,Census Tract 4340.01; Los Angeles County; California,14.7,15.5,11.4,38.3,39.8,17793.0,55.2
06037434003,Census Tract 4340.03; Los Angeles County; California,13.6,10.3,6.3,44.5,34.9,22532.0,49.1
06037434004,Census Tract 4340.04; Los Angeles County; California,8.6,10.5,2.9,41.3,41.8,29360.0,45.9
06037434100,Census Tract 4341; Los Angeles County; California,16.4,14.6,5.2,47.6,36.6,21957.0,51.8
06037460001,Census Tract 4600.01; Los Angeles County; California,0.0,0.0,3.6,0.3,46.400000000000006,104606.0,27.6
06037460002,Census Tract 4600.02; Los Angeles County; California,0.6,2.5,2.7,2.8,43.0,83386.0,29.4
06037460101,Census Tract 4601.01; Los Angeles County; California,0.0,0.7,6.6,3.1,38.5,101883.0,28.1
06037460200,Census Tract 4602; Los Angeles County; California,3.2,9.6,9.3,7.4,41.0,55050.0,39.5
06037460301,Census Tract 4603.01; Los Angeles County; California,5.6,5.9,5.6,2.6,40.1,64197.0,35.1
06037460302,Census Tract 4603.02; Los Angeles County; California,0.1,6.2,14.0,7.5,41.0,44100.0,41.3
06037460401,Census Tract 4604.01; Los Angeles County; California,3.1,3.2,10.2,4.5,28.299999999999997,54053.0,34.0
06037460501,Census Tract 4605.01; Los Angeles County; California,0.5,2.7,7.0,1.5,47.7,98827.0,31.9
06037460502,Census Tract 4605.02; Los Angeles County; California,0.1,0.0,5.2,2.1,43.3,98333.0,28.6
06037460601,Census Tract 4606.01; Los Angeles County; California,1.3,3.4,3.8,2.1,45.900000000000006,89090.0,30.8
06037460700,Census Tract 4607; Los Angeles County; California,0.0,0.9,1.9,3.8,49.900000000000006,112686.0,27.6
06037460800,Census Tract 4608; Los Angeles County; California,0.0,0.0,4.4,1.4,46.6,143356.0,24.7
06037460900,Census Tract 4609; Los Angeles County; California,10.2,13.8,4.5,19.2,36.4,35970.0,42.7
06037461000,Census Tract 4610; Los Angeles County; California,10.8,9.1,8.9,19.5,40.8,40387.0,45.4
06037461100,Census Tract 4611; Los Angeles County; California,8.7,2.8,3.8,11.3,40.3,51765.0,36.9
06037461200,Census Tract 4612; Los Angeles County; California,0.0,0.6,3.5,4.2,41.5,77832.0,29.4
06037461300,Census Tract 4613; Los Angeles County; California,3.3,1.7,2.2,7.6,39.9,63271.0,31.6
06037461400,Census Tract 4614; Los Angeles County; California,4.7,12.6,5.9,16.7,39.4,52130.0,40.1
06037461501,Census Tract 4615.01; Los Angeles County; California,6.6,11.2,2.5,13.4,38.7,43861.0,38.3
06037461502,Census Tract 4615.02; Los Angeles County; California,3.9,6.6,5.7,23.900000000000002,37.9,29812.0,40.7
06037461600,Census Tract 4616; Los Angeles County; California,5.9,16.8,9.0,17.9,36.0,35027.0,44.5
06037461700,Census Tract 4617; Los Angeles County; California,0.0,3.7,6.3,4.1,53.0,98203.0,33.6
06037461901,Census Tract 4619.01; Los Angeles County; California,9.6,24.6,4.8,32.3,32.1,29306.0,47.2
06037461902,Census Tract 4619.02; Los Angeles County; California,0.0,4.3,4.4,9.7,19.0,54931.0,27.3
06037462001,Census Tract 4620.01; Los Angeles County; California,9.9,13.7,5.6,34.7,33.4,29543.0,45.5
06037462002,Census Tract 4620.02; Los Angeles County; California,20.8,33.2,4.9,39.7,37.6,16665.0,58.3
06037462100,Census Tract 4621; Los Angeles County; California,2.7,4.3,4.6,19.1,27.200000000000003,41378.0,33.8
06037462201,Census Tract 4622.01; Los Angeles County; California,1.8,28.0,6.8,15.100000000000001,40.4,35982.0,45.5
06037462202,Census Tract 4622.02; Los Angeles County; California,0.0,11.5,6.7,2.7,15.7,74250.0,26.9
06037462301,Census Tract 4623.01; Los Angeles County; California,5.6,14.9,3.6,19.5,27.2,36631.0,37.9
06037462302,Census Tract 4623.02; Los Angeles County; California,0.9,11.5,3.9,7.8,22.6,41946.0,31.4
06037462400,Census Tract 4624; Los Angeles County; California,1.4,4.4,0.9,7.699999999999999,33.0,56174.0,29.4
06037462500,Census Tract 4625; Los Angeles County; California,0.7,1.1,1.7,3.9,38.5,57531.0,29.6
06037462600,Census Tract 4626; Los Angeles County; California,0.8,5.6,11.9,3.7,44.900000000000006,75892.0,37.7
06037462700,Census Tract 4627; Los Angeles County; California,2.6,10.3,8.6,10.7,32.6,49468.0,37.5
06037462800,Census Tract 4628; Los Angeles County; California,1.9,0.0,4.0,7.3999999999999995,29.8,51948.0,29.7
06037462900,Census Tract 4629; Los Angeles County; California,0.0,5.4,4.2,2.1,41.1,54997.0,32.9
06037463000,Census Tract 4630; Los Angeles County; California,0.0,0.0,2.9,2.7,36.3,63573.0,28.4
06037463103,Census Tract 4631.03; Los Angeles County; California,2.1,4.4,2.2,16.0,41.0,52018.0,34.7
06037463200,Census Tract 4632; Los Angeles County; California,0.0,3.0,8.2,6.0,40.3,59349.0,34.8
06037463300,Census Tract 4633; Los Angeles County; California,2.8,4.5,4.1,3.3,35.2,90910.0,28.7
06037463400,Census Tract 4634; Los Angeles County; California,0.4,9.1,2.1,2.5,27.0,83078.0,26.0
06037463500,Census Tract 4635; Los Angeles County; California,0.7,1.2,8.1,0.1,23.4,57391.0,28.6
06037463601,Census Tract 4636.01; Los Angeles County; California,0.5,2.7,2.9,1.9,24.8,61529.0,26.0
06037463602,Census Tract 4636.02; Los Angeles County; California,0.0,3.9,4.1,2.5,25.200000000000003,78187.0,25.5
06037463700,Census Tract 4637; Los Angeles County; California,0.0,0.0,2.8,0.0,35.3,122554.0,22.0
06037463800,Census Tract 4638; Los Angeles County; California,0.0,1.1,2.9,2.2,46.0,108269.0,27.3
06037463900,Census Tract 4639; Los Angeles County; California,0.4,3.5,7.9,3.4,44.9,85361.0,33.4
06037464000,Census Tract 4640; Los Angeles County; California,0.5,0.8,9.7,2.2,35.7,102638.0,29.2
06037464101,Census Tract 4641.01; Los Angeles County; California,1.0,7.7,0.0,0.0,49.400000000000006,91023.0,30.1
06037464102,Census Tract 4641.02; Los Angeles County; California,5.6,9.6,2.2,8.3,40.6,106190.0,31.1
06037464200,Census Tract 4642; Los Angeles County; California,0.9,3.7,8.1,1.0,46.1,73131.0,34.9
06037480002,Census Tract 4800.02; Los Angeles County; California,1.8,7.1,10.3,4.8,40.2,61049.0,37.6
06037480011,Census Tract 4800.11; Los Angeles County; California,2.7,18.5,7.5,14.1,37.9,34896.0,42.8
06037480012,Census Tract 4800.12; Los Angeles County; California,3.3,5.1,5.0,10.0,38.5,48045.0,35.8
06037480101,Census Tract 4801.01; Los Angeles County; California,2.5,13.2,7.1,13.0,41.7,44820.0,40.9
06037480102,Census Tract 4801.02; Los Angeles County; California,6.9,5.1,6.3,10.2,34.5,44124.0,37.3
06037480201,Census Tract 4802.01; Los Angeles County; California,2.6,1.3,3.8,4.6000000000000005,37.5,63463.0,31.0
06037480202,Census Tract 4802.02; Los Angeles County; California,2.8,6.2,3.0,10.0,44.3,58346.0,35.4
06037480302,Census Tract 4803.02; Los Angeles County; California,3.3,7.0,4.7,12.2,38.3,56842.0,35.6
06037480303,Census Tract 4803.03; Los Angeles County; California,4.6,6.2,12.3,12.2,30.6,34140.0,40.6
06037480304,Census Tract 4803.04; Los Angeles County; California,1.7,6.5,4.9,18.1,31.7,43912.0,35.2
06037480400,Census Tract 4804; Los Angeles County; California,3.0,5.9,5.4,10.6,33.3,47148.0,34.8
06037480500,Census Tract 4805; Los Angeles County; California,0.0,1.4,6.2,0.5,38.4,85037.0,29.1
06037480601,Census Tract 4806.01; Los Angeles County; California,5.0,4.0,6.3,1.5,34.9,59887.0,33.4
06037480602,Census Tract 4806.02; Los Angeles County; California,3.7,0.0,3.6,4.4,30.0,72568.0,27.8
06037480702,Census Tract 4807.02; Los Angeles County; California,2.1,2.4,8.1,3.9000000000000004,48.5,81249.0,35.4
06037480703,Census Tract 4807.03; Los Angeles County; California,3.2,6.3,3.9,4.1,37.2,70575.0,31.9
06037480704,Census Tract 4807.04; Los Angeles County; California,2.0,8.0,3.0,2.8,34.9,56880.0,31.8
06037480802,Census Tract 4808.02; Los Angeles County; California,6.7,8.2,3.9,20.2,32.4,45544.0,37.4
06037480803,Census Tract 4808.03; Los Angeles County; California,6.0,8.2,5.6,13.2,36.7,43873.0,38.5
06037480804,Census Tract 4808.04; Los Angeles County; California,6.5,6.7,2.9,16.1,33.7,39750.0,36.5
06037480901,Census Tract 4809.01; Los Angeles County; California,4.9,16.1,3.7,17.0,29.3,34264.0,38.4
06037480902,Census Tract 4809.02; Los Angeles County; California,5.1,25.2,5.6,28.099999999999998,36.2,23265.0,47.3
06037480903,Census Tract 4809.03; Los Angeles County; California,9.4,15.4,3.7,32.8,38.8,34214.0,45.4
06037481001,Census Tract 4810.01; Los Angeles County; California,4.9,10.9,5.6,20.0,42.8,34700.0,42.7
06037481002,Census Tract 4810.02; Los Angeles County; California,3.8,6.1,6.7,14.8,34.1,37887.0,37.8
06037481101,Census Tract 4811.01; Los Angeles County; California,8.1,13.8,4.1,14.200000000000001,39.2,36105.0,41.7
06037481102,Census Tract 4811.02; Los Angeles County; California,5.4,8.3,7.0,11.4,33.5,32260.0,39.0
06037481103,Census Tract 4811.03; Los Angeles County; California,5.6,20.2,5.2,26.2,33.4,31594.0,43.8
06037481201,Census Tract 4812.01; Los Angeles County; California,3.1,15.8,9.9,13.2,36.7,30884.0,43.6
06037481203,Census Tract 4812.03; Los Angeles County; California,8.9,4.8,9.3,15.3,38.8,29305.0,43.4
06037481300,Census Tract 4813; Los Angeles County; California,8.8,4.4,4.3,39.2,40.8,26902.0,44.7
06037481401,Census Tract 4814.01; Los Angeles County; California,4.7,15.0,8.1,22.6,30.6,31394.0,42.4
06037481403,Census Tract 4814.03; Los Angeles County; California,5.8,15.9,13.7,36.3,30.7,23434.0,49.7
06037481404,Census Tract 4814.04; Los Angeles County; California,6.9,5.5,5.1,26.7,41.1,33981.0,42.2
06037481500,Census Tract 4815; Los Angeles County; California,2.1,11.1,3.8,17.299999999999997,41.7,37427.0,39.4
06037481603,Census Tract 4816.03; Los Angeles County; California,9.1,9.9,8.0,14.799999999999999,34.6,30711.0,42.6
06037481604,Census Tract 4816.04; Los Angeles County; California,1.7,7.2,4.8,11.399999999999999,37.2,34370.0,36.8
06037481605,Census Tract 4816.05; Los Angeles County; California,11.1,8.5,2.7,18.4,36.5,37585.0,40.1
06037481606,Census Tract 4816.06; Los Angeles County; California,9.2,12.6,6.6,23.2,39.5,29090.0,45.5
06037481711,Census Tract 4817.11; Los Angeles County; California,9.2,13.2,8.0,31.0,39.599999999999994,21601.0,48.6
06037481712,Census Tract 4817.12; Los Angeles County; California,10.5,15.8,9.7,36.8,37.099999999999994,22609.0,51.0
06037481713,Census Tract 4817.13; Los Angeles County; California,8.3,13.7,10.8,23.3,28.6,37342.0,44.1
06037481714,Census Tract 4817.14; Los Angeles County; California,7.9,26.1,6.2,37.7,42.7,30079.0,51.9
06037481800,Census Tract 4818; Los Angeles County; California,2.1,1.6,4.3,15.4,44.2,46509.0,36.6
06037481901,Census Tract 4819.01; Los Angeles County; California,7.9,4.7,5.8,13.0,41.6,43338.0,39.9
06037481902,Census Tract 4819.02; Los Angeles County; California,5.1,10.3,5.9,16.5,33.7,33139.0,39.6
06037482001,Census Tract 4820.01; Los Angeles County; California,0.0,4.0,2.0,8.5,46.3,52966.0,33.9
06037482002,Census Tract 4820.02; Los Angeles County; California,4.0,5.1,9.6,4.9,39.400000000000006,44865.0,38.8
06037482101,Census Tract 4821.01; Los Angeles County; California,9.8,6.4,4.0,20.9,36.599999999999994,38444.0,40.2
06037482102,Census Tract 4821.02; Los Angeles County; California,4.0,9.3,4.7,14.5,43.900000000000006,49488.0,39.3
06037482201,Census Tract 4822.01; Los Angeles County; California,5.2,11.0,4.3,25.1,32.7,27210.0,40.5
06037482202,Census Tract 4822.02; Los Angeles County; California,7.6,10.8,3.4,25.4,40.0,27718.0,43.0
06037482301,Census Tract 4823.01; Los Angeles County; California,9.2,13.2,9.9,42.0,36.3,23906.0,50.4
06037482303,Census Tract 4823.03; Los Angeles County; California,13.8,9.4,4.6,31.0,40.900000000000006,26956.0,47.0
06037482304,Census Tract 4823.04; Los Angeles County; California,20.9,16.9,4.3,39.6,34.2,19208.0,51.9
06037482401,Census Tract 4824.01; Los Angeles County; California,11.5,12.1,5.8,42.9,34.5,23547.0,48.0
06037482403,Census Tract 4824.03; Los Angeles County; California,15.0,10.8,3.1,35.3,32.7,18722.0,46.0
06037482404,Census Tract 4824.04; Los Angeles County; California,0.0,4.4,5.3,10.8,38.3,36692.0,35.6
06037482502,Census Tract 4825.02; Los Angeles County; California,9.9,15.2,5.9,39.5,38.8,19068.0,49.5
06037482503,Census Tract 4825.03; Los Angeles County; California,13.1,9.6,2.3,45.1,36.5,24770.0,46.5
06037482521,Census Tract 4825.21; Los Angeles County; California,9.9,5.3,5.5,27.0,40.900000000000006,25030.0,44.4
06037482522,Census Tract 4825.22; Los Angeles County; California,9.0,4.4,5.9,22.4,39.1,36289.0,41.7
06037482600,Census Tract 4826; Los Angeles County; California,1.2,1.9,2.4,16.9,38.7,46735.0,33.7
06037482701,Census Tract 4827.01; Los Angeles County; California,5.2,9.2,2.7,17.0,36.2,32475.0,38.2
06037482702,Census Tract 4827.02; Los Angeles County; California,9.6,5.3,2.8,18.6,41.4,40542.0,39.9
06037482801,Census Tract 4828.01; Los Angeles County; California,9.3,6.4,7.5,16.799999999999997,39.5,35737.0,42.7
06037500100,Census Tract 5001; Los Angeles County; California,1.4,1.6,1.4,2.8,42.1,79675.0,28.7
06037500202,Census Tract 5002.02; Los Angeles County; California,0.3,2.3,6.8,6.4,41.8,57135.0,34.5
06037500203,Census Tract 5002.03; Los Angeles County; California,3.0,0.0,4.3,6.6,42.099999999999994,44941.0,34.6
06037500204,Census Tract 5002.04; Los Angeles County; California,0.5,1.4,2.3,6.6,39.400000000000006,101692.0,26.6
06037500300,Census Tract 5003; Los Angeles County; California,1.8,1.7,2.3,3.8,40.7,60600.0,31.0
06037500402,Census Tract 5004.02; Los Angeles County; California,18.2,6.4,2.1,39.099999999999994,34.099999999999994,25219.0,45.7
06037500403,Census Tract 5004.03; Los Angeles County; California,4.9,8.8,3.9,21.4,38.5,31754.0,40.2
06037500404,Census Tract 5004.04; Los Angeles County; California,9.0,3.8,4.8,23.700000000000003,37.2,33762.0,40.7
06037500500,Census Tract 5005; Los Angeles County; California,6.7,14.1,4.5,35.0,34.2,26058.0,44.2
06037500600,Census Tract 5006; Los Angeles County; California,19.5,9.6,1.5,41.8,34.400000000000006,23562.0,47.5
06037500700,Census Tract 5007; Los Angeles County; California,5.4,15.7,5.4,23.200000000000003,37.7,26941.0,43.8
06037500800,Census Tract 5008; Los Angeles County; California,10.9,3.2,4.2,24.9,34.6,32212.0,40.5
06037500900,Census Tract 5009; Los Angeles County; California,5.3,14.4,3.5,26.6,37.3,27426.0,42.6
06037501001,Census Tract 5010.01; Los Angeles County; California,15.1,10.6,1.4,21.0,39.3,24186.0,44.0
06037501002,Census Tract 5010.02; Los Angeles County; California,3.5,1.9,6.7,11.8,33.7,38719.0,35.8
06037501200,Census Tract 5012; Los Angeles County; California,9.1,4.4,4.6,18.4,39.8,31457.0,40.9
06037501301,Census Tract 5013.01; Los Angeles County; California,4.5,0.0,7.5,10.3,36.2,35636.0,36.9
06037501302,Census Tract 5013.02; Los Angeles County; California,5.6,7.7,10.2,10.600000000000001,35.8,43234.0,40.5
06037501400,Census Tract 5014; Los Angeles County; California,4.3,7.1,8.0,21.7,30.4,28805.0,40.0
06037501501,Census Tract 5015.01; Los Angeles County; California,1.7,3.6,2.4,5.5,37.7,58294.0,31.1
06037501503,Census Tract 5015.03; Los Angeles County; California,7.3,11.9,9.9,8.7,35.7,30206.0,43.1
06037501504,Census Tract 5015.04; Los Angeles County; California,7.9,13.5,4.0,12.2,44.4,28424.0,43.4
06037501600,Census Tract 5016; Los Angeles County; California,6.9,8.8,4.1,4.6,31.799999999999997,42915.0,35.3
06037501700,Census Tract 5017; Los Angeles County; California,2.2,3.8,1.7,6.4,39.2,46045.0,32.7
06037501802,Census Tract 5018.02; Los Angeles County; California,1.1,5.5,5.9,6.2,37.8,40139.0,35.5
06037501803,Census Tract 5018.03; Los Angeles County; California,11.0,9.6,5.8,16.9,39.6,23774.0,44.4
06037501804,Census Tract 5018.04; Los Angeles County; California,4.7,16.9,4.9,23.0,38.4,26516.0,43.8
06037501900,Census Tract 5019; Los Angeles County; California,2.7,3.4,1.0,12.399999999999999,35.9,36653.0,33.2
06037502003,Census Tract 5020.03; Los Angeles County; California,12.3,8.6,8.4,21.6,33.1,24994.0,45.0
06037502004,Census Tract 5020.04; Los Angeles County; California,9.9,10.3,3.9,24.5,37.6,22939.0,43.6
06037502005,Census Tract 5020.05; Los Angeles County; California,8.9,2.9,2.7,16.6,36.6,29064.0,38.2
06037502100,Census Tract 5021; Los Angeles County; California,3.3,7.4,3.4,23.4,39.6,33111.0,39.3
06037502200,Census Tract 5022; Los Angeles County; California,12.2,7.2,4.5,25.299999999999997,32.1,32447.0,41.6
06037502303,Census Tract 5023.03; Los Angeles County; California,12.8,14.6,3.4,34.4,41.0,20003.0,48.6
06037502401,Census Tract 5024.01; Los Angeles County; California,10.0,3.9,6.9,29.700000000000003,38.9,24990.0,44.8
06037502402,Census Tract 5024.02; Los Angeles County; California,7.5,2.3,6.5,27.4,36.8,30602.0,41.6
06037502500,Census Tract 5025; Los Angeles County; California,9.7,16.9,5.5,25.8,37.1,28259.0,46.1
06037502602,Census Tract 5026.02; Los Angeles County; California,13.6,6.7,6.0,21.8,34.9,27993.0,43.7
06037502603,Census Tract 5026.03; Los Angeles County; California,19.0,7.0,8.0,19.7,39.5,31003.0,47.9
06037502604,Census Tract 5026.04; Los Angeles County; California,8.4,3.0,3.7,36.1,34.0,43853.0,39.6
06037502700,Census Tract 5027; Los Angeles County; California,11.0,3.2,4.2,21.4,35.5,29610.0,40.5
06037502801,Census Tract 5028.01; Los Angeles County; California,10.1,7.4,2.6,18.1,34.9,34190.0,39.1
06037502901,Census Tract 5029.01; Los Angeles County; California,5.4,7.3,2.8,21.3,30.200000000000003,33205.0,36.6
06037503000,Census Tract 5030; Los Angeles County; California,13.4,7.7,10.5,24.400000000000002,28.1,26548.0,45.3
06037503103,Census Tract 5031.03; Los Angeles County; California,17.4,10.0,10.1,19.5,33.7,27336.0,48.1
06037503104,Census Tract 5031.04; Los Angeles County; California,9.7,8.5,4.3,24.0,36.3,24147.0,42.7
06037503105,Census Tract 5031.05; Los Angeles County; California,11.1,0.9,3.5,15.2,42.400000000000006,34592.0,40.0
06037503106,Census Tract 5031.06; Los Angeles County; California,5.0,16.2,2.2,16.2,34.3,35254.0,38.8
06037503201,Census Tract 5032.01; Los Angeles County; California,14.2,8.9,2.5,12.0,37.3,33049.0,41.0
06037503202,Census Tract 5032.02; Los Angeles County; California,6.0,6.6,1.4,14.5,38.5,34284.0,37.0
06037503301,Census Tract 5033.01; Los Angeles County; California,0.8,5.1,2.5,5.3,33.3,50791.0,30.6
06037503302,Census Tract 5033.02; Los Angeles County; California,11.3,9.0,3.2,13.0,35.7,30659.0,40.2
06037503401,Census Tract 5034.01; Los Angeles County; California,3.8,0.8,8.0,9.2,36.3,38260.0,36.8
06037503402,Census Tract 5034.02; Los Angeles County; California,1.7,2.0,2.3,9.5,38.2,45629.0,32.6
06037503501,Census Tract 5035.01; Los Angeles County; California,7.6,3.1,5.2,16.1,33.3,34861.0,37.7
06037503502,Census Tract 5035.02; Los Angeles County; California,5.1,0.0,5.0,7.699999999999999,41.1,32000.0,37.0
06037503601,Census Tract 5036.01; Los Angeles County; California,4.6,6.1,4.6,7.300000000000001,39.2,41417.0,36.7
06037503602,Census Tract 5036.02; Los Angeles County; California,4.2,3.0,4.8,2.5999999999999996,39.7,51396.0,34.3
06037503701,Census Tract 5037.01; Los Angeles County; California,1.5,1.4,4.0,9.1,36.6,33877.0,34.0
06037503702,Census Tract 5037.02; Los Angeles County; California,1.6,2.6,2.9,8.0,36.7,38726.0,33.1
06037503704,Census Tract 5037.04; Los Angeles County; California,0.0,2.7,4.5,11.5,56.7,50296.0,39.0
06037503705,Census Tract 5037.05; Los Angeles County; California,0.0,0.0,3.5,9.899999999999999,43.9,51962.0,33.3
06037503801,Census Tract 5038.01; Los Angeles County; California,4.6,6.2,8.5,9.2,37.2,34904.0,39.6
06037503802,Census Tract 5038.02; Los Angeles County; California,4.1,1.1,5.1,10.7,33.2,39929.0,34.3
06037503901,Census Tract 5039.01; Los Angeles County; California,0.6,3.9,5.5,5.800000000000001,39.7,40946.0,35.1
06037503902,Census Tract 5039.02; Los Angeles County; California,2.5,0.0,3.2,10.2,41.599999999999994,37177.0,34.9
06037504001,Census Tract 5040.01; Los Angeles County; California,0.8,6.6,4.4,7.5,27.9,30252.0,33.0
06037504002,Census Tract 5040.02; Los Angeles County; California,6.3,3.9,2.3,9.2,33.8,37775.0,34.3
06037504101,Census Tract 5041.01; Los Angeles County; California,6.4,8.6,9.1,17.9,38.5,29329.0,43.7
06037504200,Census Tract 5042; Los Angeles County; California,8.3,7.2,6.8,24.7,40.6,26471.0,44.6
06037530005,Census Tract 5300.05; Los Angeles County; California,0.6,1.1,5.1,9.0,50.5,55215.0,36.4
06037530006,Census Tract 5300.06; Los Angeles County; California,13.2,11.1,8.4,21.5,33.6,33394.0,45.4
06037530007,Census Tract 5300.07; Los Angeles County; California,1.4,6.4,9.0,17.4,40.8,36282.0,41.0
06037530101,Census Tract 5301.01; Los Angeles County; California,7.4,16.7,13.6,34.099999999999994,40.7,23084.0,53.2
06037530102,Census Tract 5301.02; Los Angeles County; California,6.2,5.7,8.8,30.6,41.900000000000006,25833.0,46.0
06037530202,Census Tract 5302.02; Los Angeles County; California,6.5,5.3,6.2,21.0,34.3,41294.0,39.0
06037530203,Census Tract 5302.03; Los Angeles County; California,8.1,11.4,6.7,31.1,34.5,27608.0,44.7
06037530204,Census Tract 5302.04; Los Angeles County; California,8.8,7.5,4.6,30.799999999999997,29.5,25840.0,41.2
06037530301,Census Tract 5303.01; Los Angeles County; California,7.3,8.9,2.4,47.7,39.8,21350.0,45.8
06037530302,Census Tract 5303.02; Los Angeles County; California,10.8,16.5,7.3,33.2,36.8,23613.0,49.1
06037530400,Census Tract 5304; Los Angeles County; California,3.4,23.8,7.7,30.8,51.5,24010.0,52.5
06037530500,Census Tract 5305; Los Angeles County; California,12.8,5.6,10.0,37.0,32.1,21094.0,47.9
06037530603,Census Tract 5306.03; Los Angeles County; California,13.9,11.5,9.4,35.5,30.6,29459.0,48.1
06037530700,Census Tract 5307; Los Angeles County; California,14.0,17.8,6.3,35.4,32.1,26014.0,48.8
06037530801,Census Tract 5308.01; Los Angeles County; California,16.7,15.5,9.1,37.8,30.9,24678.0,51.1
06037530802,Census Tract 5308.02; Los Angeles County; California,10.7,13.1,6.0,41.8,31.3,22928.0,47.0
06037530901,Census Tract 5309.01; Los Angeles County; California,21.0,14.5,4.0,41.4,30.4,22536.0,49.9
06037530902,Census Tract 5309.02; Los Angeles County; California,15.9,18.4,5.9,49.900000000000006,44.3,19641.0,56.1
06037531000,Census Tract 5310; Los Angeles County; California,14.0,9.1,8.8,44.8,32.900000000000006,22660.0,49.9
06037531101,Census Tract 5311.01; Los Angeles County; California,13.6,13.8,11.2,54.7,34.4,19216.0,55.0
06037531102,Census Tract 5311.02; Los Angeles County; California,7.4,11.7,5.5,45.9,32.9,22461.0,46.2
06037531201,Census Tract 5312.01; Los Angeles County; California,18.9,10.3,1.0,54.1,43.3,20660.0,52.0
06037531202,Census Tract 5312.02; Los Angeles County; California,10.5,10.6,10.5,53.400000000000006,39.8,18918.0,53.9
06037531301,Census Tract 5313.01; Los Angeles County; California,18.5,18.9,6.0,52.099999999999994,44.0,16677.0,57.8
06037531302,Census Tract 5313.02; Los Angeles County; California,19.2,33.9,4.0,47.900000000000006,37.3,16215.0,58.5
06037531502,Census Tract 5315.02; Los Angeles County; California,21.3,20.2,13.1,53.0,34.5,16799.0,61.1
06037531503,Census Tract 5315.03; Los Angeles County; California,7.1,10.2,2.0,53.0,29.599999999999998,23813.0,43.4
06037531504,Census Tract 5315.04; Los Angeles County; California,17.9,14.6,7.5,46.8,37.7,21057.0,54.2
06037531602,Census Tract 5316.02; Los Angeles County; California,22.8,24.1,4.3,47.0,37.4,19082.0,56.9
06037531603,Census Tract 5316.03; Los Angeles County; California,14.8,7.0,5.5,48.5,32.8,22320.0,48.1
06037531604,Census Tract 5316.04; Los Angeles County; California,9.7,32.0,5.4,56.099999999999994,37.099999999999994,15173.0,56.5
06037531701,Census Tract 5317.01; Los Angeles County; California,16.6,16.2,4.8,43.6,35.4,23342.0,50.9
06037531702,Census Tract 5317.02; Los Angeles County; California,4.3,5.3,1.7,44.5,32.5,22198.0,40.3
06037531800,Census Tract 5318; Los Angeles County; California,9.2,11.1,2.7,40.8,33.3,27551.0,43.7
06037531901,Census Tract 5319.01; Los Angeles County; California,16.2,7.5,2.3,43.0,29.8,20920.0,45.1
06037531902,Census Tract 5319.02; Los Angeles County; California,15.9,12.8,8.0,37.2,30.5,24761.0,49.1
06037532001,Census Tract 5320.01; Los Angeles County; California,6.3,10.6,7.0,25.0,41.099999999999994,28610.0,44.9
06037532002,Census Tract 5320.02; Los Angeles County; California,11.9,13.7,6.5,35.599999999999994,36.2,25595.0,48.2
06037532101,Census Tract 5321.01; Los Angeles County; California,14.1,14.2,7.2,34.2,39.7,20990.0,50.9
06037532102,Census Tract 5321.02; Los Angeles County; California,6.4,6.1,2.5,18.8,33.400000000000006,32705.0,37.0
06037532200,Census Tract 5322; Los Angeles County; California,17.7,14.8,3.4,30.799999999999997,34.8,25829.0,47.6
06037532302,Census Tract 5323.02; Los Angeles County; California,6.6,11.0,3.4,38.8,42.4,21178.0,46.1
06037532303,Census Tract 5323.03; Los Angeles County; California,14.5,16.4,7.3,34.3,37.6,24070.0,50.9
06037532304,Census Tract 5323.04; Los Angeles County; California,19.4,8.9,6.2,32.9,35.8,34254.0,48.2
06037532500,Census Tract 5325; Los Angeles County; California,9.3,20.5,8.8,34.8,38.6,21914.0,51.6
06037532605,Census Tract 5326.05; Los Angeles County; California,22.9,16.4,9.6,40.1,37.3,17716.0,57.1
06037532606,Census Tract 5326.06; Los Angeles County; California,14.7,17.8,10.0,56.1,32.5,17865.0,55.7
06037532607,Census Tract 5326.07; Los Angeles County; California,18.1,18.1,7.9,50.5,38.2,19134.0,56.4
06037532700,Census Tract 5327; Los Angeles County; California,16.3,18.7,10.4,59.699999999999996,38.2,17529.0,59.1
06037532800,Census Tract 5328; Los Angeles County; California,24.3,18.5,7.3,63.5,39.3,14477.0,61.5
06037532900,Census Tract 5329; Los Angeles County; California,22.7,24.3,8.7,63.900000000000006,38.5,15088.0,63.2
06037533001,Census Tract 5330.01; Los Angeles County; California,11.4,18.8,14.0,53.9,40.3,17658.0,59.2
06037533002,Census Tract 5330.02; Los Angeles County; California,11.1,21.1,11.0,56.8,32.3,16070.0,56.1
06037533103,Census Tract 5331.03; Los Angeles County; California,19.3,11.9,5.3,56.6,37.800000000000004,18294.0,54.4
06037533104,Census Tract 5331.04; Los Angeles County; California,18.6,13.4,7.2,50.4,42.0,17436.0,56.1
06037533105,Census Tract 5331.05; Los Angeles County; California,10.0,11.6,16.0,41.7,26.5,20072.0,51.5
06037533108,Census Tract 5331.08; Los Angeles County; California,14.0,21.8,11.3,47.2,32.8,17939.0,56.0
06037533201,Census Tract 5332.01; Los Angeles County; California,13.7,6.3,13.3,47.900000000000006,30.5,20290.0,51.9
06037533204,Census Tract 5332.04; Los Angeles County; California,19.5,12.7,7.9,51.5,35.9,19237.0,54.9
06037533300,Census Tract 5333; Los Angeles County; California,15.3,21.8,3.0,44.6,40.0,17989.0,53.0
06037533401,Census Tract 5334.01; Los Angeles County; California,24.0,16.1,1.9,42.900000000000006,34.1,19600.0,51.8
06037533402,Census Tract 5334.02; Los Angeles County; California,27.2,32.2,3.3,62.6,40.2,21177.0,63.5
06037533403,Census Tract 5334.03; Los Angeles County; California,22.5,6.5,6.2,48.4,44.599999999999994,21169.0,55.1
06037533501,Census Tract 5335.01; Los Angeles County; California,24.5,16.2,11.7,45.2,28.7,22357.0,56.8
06037533504,Census Tract 5335.04; Los Angeles County; California,22.8,14.2,5.3,52.2,36.3,18916.0,55.2
06037533601,Census Tract 5336.01; Los Angeles County; California,17.1,19.2,7.5,42.1,35.6,16729.0,54.2
06037533602,Census Tract 5336.02; Los Angeles County; California,16.9,17.2,6.6,37.099999999999994,42.599999999999994,18122.0,54.1
06037533603,Census Tract 5336.03; Los Angeles County; California,8.1,22.9,10.8,45.3,40.8,19110.0,55.7
06037533701,Census Tract 5337.01; Los Angeles County; California,7.8,13.0,5.3,51.699999999999996,37.6,21003.0,49.1
06037533702,Census Tract 5337.02; Los Angeles County; California,29.0,28.7,10.3,51.8,35.1,16949.0,64.8
06037533703,Census Tract 5337.03; Los Angeles County; California,28.5,16.0,9.7,45.2,37.2,17494.0,60.1
06037533803,Census Tract 5338.03; Los Angeles County; California,22.1,25.2,2.9,43.6,36.3,18924.0,55.2
06037533804,Census Tract 5338.04; Los Angeles County; California,11.3,13.7,7.2,51.800000000000004,31.599999999999998,23796.0,49.8
06037533805,Census Tract 5338.05; Los Angeles County; California,6.7,19.8,0.0,38.9,30.799999999999997,27706.0,42.5
06037533806,Census Tract 5338.06; Los Angeles County; California,18.2,16.0,8.1,42.4,31.9,19901.0,52.7
06037533901,Census Tract 5339.01; Los Angeles County; California,21.4,20.9,4.3,36.6,38.8,15651.0,54.5
06037533902,Census Tract 5339.02; Los Angeles County; California,16.9,15.8,4.4,46.2,33.0,17351.0,51.0
06037534001,Census Tract 5340.01; Los Angeles County; California,21.4,25.3,6.5,52.7,36.2,18333.0,58.7
06037534002,Census Tract 5340.02; Los Angeles County; California,25.6,18.4,4.6,38.7,41.9,21854.0,56.3
06037534101,Census Tract 5341.01; Los Angeles County; California,11.7,22.6,2.5,37.800000000000004,26.3,17195.0,46.3
06037534102,Census Tract 5341.02; Los Angeles County; California,13.8,31.8,6.6,55.6,35.5,16928.0,58.1
06037534201,Census Tract 5342.01; Los Angeles County; California,30.4,19.5,2.1,52.8,40.3,14501.0,59.4
06037534202,Census Tract 5342.02; Los Angeles County; California,22.4,21.9,13.6,55.0,39.2,17117.0,64.1
06037534203,Census Tract 5342.03; Los Angeles County; California,20.0,17.6,2.7,50.2,40.2,15845.0,54.6
06037534301,Census Tract 5343.01; Los Angeles County; California,19.2,28.1,11.6,53.8,45.199999999999996,13847.0,65.3
06037534302,Census Tract 5343.02; Los Angeles County; California,19.6,23.4,7.2,53.9,34.5,17015.0,57.7
06037534403,Census Tract 5344.03; Los Angeles County; California,17.9,30.8,8.2,51.6,36.0,18372.0,59.8
06037534404,Census Tract 5344.04; Los Angeles County; California,12.2,13.2,11.7,42.1,33.9,20808.0,52.3
06037534405,Census Tract 5344.05; Los Angeles County; California,20.7,29.8,7.8,41.1,35.2,15158.0,58.7
06037534406,Census Tract 5344.06; Los Angeles County; California,14.4,19.0,8.8,40.3,32.0,15085.0,52.7
06037534501,Census Tract 5345.01; Los Angeles County; California,26.0,17.2,19.3,42.900000000000006,38.7,16247.0,65.8
06037534502,Census Tract 5345.02; Los Angeles County; California,15.9,18.8,6.3,31.8,30.799999999999997,25947.0,48.8
06037534700,Census Tract 5347; Los Angeles County; California,7.6,6.1,9.9,36.0,37.4,22201.0,47.2
06037534802,Census Tract 5348.02; Los Angeles County; California,14.1,10.2,4.4,49.6,32.7,22897.0,48.2
06037534803,Census Tract 5348.03; Los Angeles County; California,22.8,14.6,9.3,52.5,36.4,23211.0,57.6
06037534804,Census Tract 5348.04; Los Angeles County; California,17.5,23.8,12.1,47.599999999999994,41.400000000000006,18338.0,61.1
06037534900,Census Tract 5349; Los Angeles County; California,13.0,11.5,14.1,53.5,30.3,22994.0,54.2
06037535001,Census Tract 5350.01; Los Angeles County; California,26.6,20.5,10.9,56.2,39.5,16288.0,64.0
06037535002,Census Tract 5350.02; Los Angeles County; California,14.9,24.4,7.8,46.900000000000006,41.4,19268.0,57.3
06037535101,Census Tract 5351.01; Los Angeles County; California,14.7,10.6,13.3,45.5,38.599999999999994,17081.0,55.9
06037535102,Census Tract 5351.02; Los Angeles County; California,12.5,11.4,9.0,41.5,38.8,19443.0,51.7
06037535200,Census Tract 5352; Los Angeles County; California,22.7,15.4,12.6,47.5,34.8,15975.0,59.3
06037535300,Census Tract 5353; Los Angeles County; California,22.4,27.9,4.4,50.4,34.2,19325.0,57.5
06037535400,Census Tract 5354; Los Angeles County; California,25.8,25.6,6.9,58.1,38.0,16823.0,62.4
06037535501,Census Tract 5355.01; Los Angeles County; California,18.7,22.3,6.8,55.9,45.9,16413.0,60.6
06037535502,Census Tract 5355.02; Los Angeles County; California,10.9,14.8,6.5,43.7,33.0,23047.0,48.7
06037535503,Census Tract 5355.03; Los Angeles County; California,9.1,5.9,9.6,34.7,34.1,23465.0,46.2
06037535603,Census Tract 5356.03; Los Angeles County; California,21.4,22.1,12.3,45.1,40.8,17898.0,61.7
06037535604,Census Tract 5356.04; Los Angeles County; California,14.4,18.1,10.6,48.2,33.9,19637.0,55.0
06037535605,Census Tract 5356.05; Los Angeles County; California,19.0,7.9,14.4,43.1,38.3,21677.0,56.6
06037535606,Census Tract 5356.06; Los Angeles County; California,11.7,7.9,14.8,43.0,39.9,18251.0,54.8
06037535607,Census Tract 5356.07; Los Angeles County; California,24.2,10.9,3.8,50.400000000000006,40.0,20934.0,54.5
06037535701,Census Tract 5357.01; Los Angeles County; California,13.8,8.8,7.3,38.099999999999994,31.5,22230.0,47.3
06037535702,Census Tract 5357.02; Los Angeles County; California,17.0,9.2,6.4,38.6,32.1,22163.0,48.4
06037535802,Census Tract 5358.02; Los Angeles County; California,14.0,8.6,6.1,45.800000000000004,35.0,25342.0,48.6
06037535803,Census Tract 5358.03; Los Angeles County; California,9.6,15.3,5.4,49.9,39.3,22306.0,50.6
06037535804,Census Tract 5358.04; Los Angeles County; California,14.6,14.1,9.2,38.5,34.099999999999994,21475.0,51.3
06037535901,Census Tract 5359.01; Los Angeles County; California,13.1,15.6,6.5,42.6,35.9,20755.0,50.7
06037535902,Census Tract 5359.02; Los Angeles County; California,17.9,6.5,7.5,36.5,38.1,24464.0,49.9
06037536000,Census Tract 5360; Los Angeles County; California,13.9,17.2,11.4,45.0,35.6,19498.0,55.0
06037536102,Census Tract 5361.02; Los Angeles County; California,8.7,12.1,4.1,28.9,40.4,24074.0,45.3
06037536103,Census Tract 5361.03; Los Angeles County; California,13.5,9.7,7.4,44.3,35.9,24723.0,49.6
06037536104,Census Tract 5361.04; Los Angeles County; California,9.6,7.0,8.4,34.099999999999994,34.5,24005.0,46.0
06037536201,Census Tract 5362.01; Los Angeles County; California,9.3,16.1,5.2,25.2,31.3,40153.0,42.5
06037536202,Census Tract 5362.02; Los Angeles County; California,13.6,4.0,7.9,35.8,37.099999999999994,27455.0,47.1
06037540000,Census Tract 5400; Los Angeles County; California,19.4,20.5,10.0,41.5,39.1,20659.0,57.7
06037540101,Census Tract 5401.01; Los Angeles County; California,10.0,13.1,12.0,35.0,33.4,23679.0,50.0
06037540102,Census Tract 5401.02; Los Angeles County; California,10.5,13.7,8.3,38.400000000000006,32.8,24860.0,48.3
06037540201,Census Tract 5402.01; Los Angeles County; California,28.5,25.3,12.5,61.400000000000006,39.6,15265.0,68.1
06037540202,Census Tract 5402.02; Los Angeles County; California,23.8,11.6,7.3,52.1,34.5,17807.0,55.7
06037540203,Census Tract 5402.03; Los Angeles County; California,14.6,16.8,7.7,47.400000000000006,34.7,19122.0,53.0
06037540300,Census Tract 5403; Los Angeles County; California,14.9,2.4,9.1,46.099999999999994,36.400000000000006,22307.0,49.8
06037540400,Census Tract 5404; Los Angeles County; California,12.8,29.4,7.1,55.2,34.3,17323.0,56.9
06037540501,Census Tract 5405.01; Los Angeles County; California,20.5,15.6,4.4,44.0,23.1,17619.0,49.0
06037540502,Census Tract 5405.02; Los Angeles County; California,22.3,14.5,12.6,47.900000000000006,37.6,16469.0,59.7
06037540600,Census Tract 5406; Los Angeles County; California,8.9,21.3,27.7,41.2,46.1,15099.0,67.7
06037540700,Census Tract 5407; Los Angeles County; California,12.0,10.1,13.8,30.1,40.7,23209.0,52.6
06037540800,Census Tract 5408; Los Angeles County; California,5.6,9.1,8.7,23.200000000000003,38.6,32024.0,43.9
06037540901,Census Tract 5409.01; Los Angeles County; California,8.0,15.2,5.9,38.1,35.9,23528.0,47.2
06037540902,Census Tract 5409.02; Los Angeles County; California,6.1,15.4,7.4,21.4,34.400000000000006,37891.0,43.0
06037541003,Census Tract 5410.03; Los Angeles County; California,9.8,9.9,12.8,17.0,36.7,29019.0,47.1
06037541100,Census Tract 5411; Los Angeles County; California,7.4,10.8,14.9,30.700000000000003,38.6,30303.0,50.5
06037541200,Census Tract 5412; Los Angeles County; California,4.6,1.9,4.1,17.2,43.1,29438.0,39.1
06037541300,Census Tract 5413; Los Angeles County; California,16.5,5.7,8.6,25.4,33.6,26103.0,46.6
06037541401,Census Tract 5414.01; Los Angeles County; California,14.4,20.8,8.6,32.8,37.8,19780.0,53.2
06037541402,Census Tract 5414.02; Los Angeles County; California,3.7,17.2,1.5,52.900000000000006,34.2,19215.0,45.6
06037541500,Census Tract 5415; Los Angeles County; California,15.6,9.5,14.2,46.599999999999994,31.400000000000002,18207.0,54.4
06037541603,Census Tract 5416.03; Los Angeles County; California,10.6,20.3,6.3,49.9,38.7,18928.0,53.2
06037541604,Census Tract 5416.04; Los Angeles County; California,21.2,22.8,7.1,48.3,40.7,18723.0,58.9
06037541605,Census Tract 5416.05; Los Angeles County; California,12.8,14.8,5.4,42.7,31.2,21523.0,48.2
06037541606,Census Tract 5416.06; Los Angeles County; California,24.5,41.0,11.9,47.900000000000006,43.5,13047.0,69.9
06037541700,Census Tract 5417; Los Angeles County; California,16.9,11.1,9.5,38.8,36.9,23976.0,52.2
06037541801,Census Tract 5418.01; Los Angeles County; California,21.1,11.4,10.0,29.5,42.6,16640.0,55.2
06037541802,Census Tract 5418.02; Los Angeles County; California,16.6,10.1,12.2,47.3,22.799999999999997,23221.0,50.7
06037542000,Census Tract 5420; Los Angeles County; California,24.8,5.9,6.6,30.8,31.299999999999997,23501.0,49.0
06037542103,Census Tract 5421.03; Los Angeles County; California,10.4,12.0,10.3,38.3,34.8,20540.0,50.0
06037542104,Census Tract 5421.04; Los Angeles County; California,19.5,6.8,3.6,52.2,30.3,20507.0,48.7
06037542105,Census Tract 5421.05; Los Angeles County; California,14.0,22.5,11.3,54.7,36.1,19691.0,58.3
06037542106,Census Tract 5421.06; Los Angeles County; California,11.0,24.8,8.4,48.0,39.3,17364.0,56.0
06037542200,Census Tract 5422; Los Angeles County; California,10.8,25.6,7.8,41.0,43.3,18984.0,55.7
06037542401,Census Tract 5424.01; Los Angeles County; California,4.9,5.3,9.2,38.3,35.6,22911.0,45.2
06037542402,Census Tract 5424.02; Los Angeles County; California,13.7,7.0,9.6,37.1,34.2,22428.0,48.9
06037542501,Census Tract 5425.01; Los Angeles County; California,8.8,17.9,0.5,24.0,40.0,28412.0,43.4
06037542502,Census Tract 5425.02; Los Angeles County; California,12.5,24.5,4.1,42.9,46.0,18211.0,54.9
06037542601,Census Tract 5426.01; Los Angeles County; California,26.8,20.5,9.1,43.3,35.7,18507.0,59.5
06037542602,Census Tract 5426.02; Los Angeles County; California,12.4,11.0,11.0,34.6,37.3,22573.0,50.9
06037542700,Census Tract 5427; Los Angeles County; California,28.9,12.6,5.9,39.7,35.7,22093.0,55.0
06037542800,Census Tract 5428; Los Angeles County; California,10.5,5.9,5.5,28.9,46.6,22563.0,47.1
06037542900,Census Tract 5429; Los Angeles County; California,4.5,18.3,7.1,44.2,34.2,23495.0,48.0
06037543000,Census Tract 5430; Los Angeles County; California,10.3,6.4,13.4,22.3,35.2,29307.0,47.1
06037543100,Census Tract 5431; Los Angeles County; California,10.9,16.6,7.8,36.2,42.3,27174.0,51.3
06037543201,Census Tract 5432.01; Los Angeles County; California,10.9,15.0,8.4,31.4,38.400000000000006,26847.0,49.3
06037543203,Census Tract 5432.03; Los Angeles County; California,24.3,29.3,12.5,36.2,40.5,15266.0,63.8
06037543304,Census Tract 5433.04; Los Angeles County; California,0.0,2.2,9.3,9.700000000000001,34.4,42606.0,35.6
06037543305,Census Tract 5433.05; Los Angeles County; California,2.8,11.5,6.8,22.299999999999997,41.5,30677.0,43.1
06037543306,Census Tract 5433.06; Los Angeles County; California,7.3,6.6,5.1,17.5,34.8,34191.0,39.3
06037543321,Census Tract 5433.21; Los Angeles County; California,0.9,14.0,7.8,10.2,39.5,48517.0,39.5
06037543322,Census Tract 5433.22; Los Angeles County; California,1.7,5.6,7.4,6.8999999999999995,35.3,45872.0,35.6
06037543400,Census Tract 5434; Los Angeles County; California,6.6,9.0,4.6,20.1,40.400000000000006,30140.0,41.9
06037543501,Census Tract 5435.01; Los Angeles County; California,7.4,4.8,4.8,17.9,37.4,35695.0,39.3
06037543502,Census Tract 5435.02; Los Angeles County; California,6.5,7.2,7.1,16.299999999999997,27.4,48327.0,36.7
06037543503,Census Tract 5435.03; Los Angeles County; California,4.1,10.1,2.2,20.1,39.2,41850.0,38.2
06037543601,Census Tract 5436.01; Los Angeles County; California,11.3,8.8,3.8,15.100000000000001,40.0,29294.0,42.3
06037543603,Census Tract 5436.03; Los Angeles County; California,0.0,2.1,3.7,7.8,50.5,44162.0,36.4
06037543605,Census Tract 5436.05; Los Angeles County; California,3.1,2.1,6.0,8.6,33.8,47926.0,33.9
06037543606,Census Tract 5436.06; Los Angeles County; California,9.7,7.4,7.8,13.8,50.7,30113.0,46.8
06037543607,Census Tract 5436.07; Los Angeles County; California,3.3,4.6,5.1,16.299999999999997,45.8,38953.0,39.8
06037543701,Census Tract 5437.01; Los Angeles County; California,8.3,0.6,7.3,21.3,36.3,33885.0,40.4
06037543703,Census Tract 5437.03; Los Angeles County; California,4.1,3.8,9.8,22.0,30.9,35916.0,39.6
06037543704,Census Tract 5437.04; Los Angeles County; California,3.6,3.4,6.6,16.3,30.5,39144.0,35.9
06037543705,Census Tract 5437.05; Los Angeles County; California,3.7,6.2,7.3,21.8,34.2,33662.0,39.7
06037543801,Census Tract 5438.01; Los Angeles County; California,7.9,1.8,3.4,21.299999999999997,38.2,34094.0,38.7
06037543803,Census Tract 5438.03; Los Angeles County; California,9.5,10.6,4.6,17.8,38.599999999999994,50819.0,40.6
06037543804,Census Tract 5438.04; Los Angeles County; California,20.5,6.9,5.8,17.6,36.900000000000006,26741.0,46.4
06037543903,Census Tract 5439.03; Los Angeles County; California,4.0,7.4,8.1,17.7,31.2,36624.0,38.9
06037543905,Census Tract 5439.05; Los Angeles County; California,18.0,8.1,8.3,41.900000000000006,37.3,23873.0,51.6
06037544001,Census Tract 5440.01; Los Angeles County; California,3.1,7.9,5.8,25.5,31.4,30617.0,39.1
06037544002,Census Tract 5440.02; Los Angeles County; California,18.8,12.0,8.8,26.4,37.6,25022.0,50.9
06037550101,Census Tract 5501.01; Los Angeles County; California,5.5,9.3,8.1,16.9,38.3,37665.0,41.9
06037550201,Census Tract 5502.01; Los Angeles County; California,9.4,8.5,5.3,22.2,37.8,26506.0,43.2
06037550202,Census Tract 5502.02; Los Angeles County; California,8.9,3.7,4.5,21.8,31.8,34389.0,38.5
06037550301,Census Tract 5503.01; Los Angeles County; California,22.7,1.3,6.1,21.200000000000003,37.6,27566.0,46.5
06037550501,Census Tract 5505.01; Los Angeles County; California,2.0,11.8,2.4,21.6,39.8,28088.0,39.7
06037550502,Census Tract 5505.02; Los Angeles County; California,2.1,0.0,2.5,8.8,31.6,58377.0,29.0
06037550601,Census Tract 5506.01; Los Angeles County; California,11.8,13.6,6.6,15.3,36.5,35525.0,44.1
06037550602,Census Tract 5506.02; Los Angeles County; California,10.6,4.1,1.3,20.799999999999997,38.6,51610.0,37.5
06037550700,Census Tract 5507; Los Angeles County; California,4.8,6.7,8.4,17.9,38.1,38655.0,41.1
06037550801,Census Tract 5508.01; Los Angeles County; California,4.7,7.5,3.6,17.3,35.9,36968.0,37.6
06037550802,Census Tract 5508.02; Los Angeles County; California,15.6,2.1,4.0,25.6,35.8,32546.0,42.3
06037550901,Census Tract 5509.01; Los Angeles County; California,7.2,15.2,11.7,18.3,33.3,35945.0,45.5
06037550902,Census Tract 5509.02; Los Angeles County; California,3.9,6.9,7.7,13.1,33.5,36696.0,38.4
06037551001,Census Tract 5510.01; Los Angeles County; California,4.8,1.5,6.1,6.4,37.6,34646.0,36.5
06037551002,Census Tract 5510.02; Los Angeles County; California,4.6,1.4,6.7,19.4,45.5,64166.0,38.4
06037551101,Census Tract 5511.01; Los Angeles County; California,16.1,7.2,3.1,15.3,38.2,24393.0,43.2
06037551102,Census Tract 5511.02; Los Angeles County; California,10.9,4.0,4.7,26.2,30.9,26572.0,40.6
06037551201,Census Tract 5512.01; Los Angeles County; California,8.3,4.2,8.9,19.1,40.6,30358.0,43.8
06037551203,Census Tract 5512.03; Los Angeles County; California,0.3,18.8,12.2,19.9,38.5,33854.0,46.1
06037551204,Census Tract 5512.04; Los Angeles County; California,3.6,15.0,3.6,18.5,35.1,30107.0,39.9
06037551300,Census Tract 5513; Los Angeles County; California,9.3,11.6,7.0,33.2,32.6,25683.0,45.4
06037551401,Census Tract 5514.01; Los Angeles County; California,13.1,6.9,7.8,12.399999999999999,33.4,33401.0,42.2
06037551402,Census Tract 5514.02; Los Angeles County; California,6.4,6.5,7.3,22.1,32.9,29116.0,41.0
06037551501,Census Tract 5515.01; Los Angeles County; California,8.9,5.3,4.1,18.5,33.1,34768.0,38.5
06037551502,Census Tract 5515.02; Los Angeles County; California,10.2,1.6,0.8,16.1,38.5,34338.0,37.1
06037551700,Census Tract 5517; Los Angeles County; California,10.1,8.9,3.9,31.900000000000002,36.4,28524.0,43.6
06037551801,Census Tract 5518.01; Los Angeles County; California,14.3,0.8,2.8,29.299999999999997,31.7,33022.0,40.0
06037551802,Census Tract 5518.02; Los Angeles County; California,7.9,8.0,6.1,16.3,36.1,36987.0,40.5
06037551900,Census Tract 5519; Los Angeles County; California,5.2,4.1,2.5,20.700000000000003,38.5,33526.0,37.8
06037552001,Census Tract 5520.01; Los Angeles County; California,9.9,2.8,3.9,21.1,38.599999999999994,26689.0,40.9
06037552002,Census Tract 5520.02; Los Angeles County; California,6.9,4.4,4.0,20.3,35.0,28203.0,38.9
06037552100,Census Tract 5521; Los Angeles County; California,9.9,5.2,3.1,25.3,39.9,28291.0,42.0
06037552200,Census Tract 5522; Los Angeles County; California,10.9,14.9,4.0,31.1,42.199999999999996,19153.0,48.2
06037552301,Census Tract 5523.01; Los Angeles County; California,5.8,8.1,3.4,15.0,36.599999999999994,27655.0,38.8
06037552302,Census Tract 5523.02; Los Angeles County; California,16.0,13.3,2.1,20.299999999999997,35.7,31280.0,43.7
06037552400,Census Tract 5524; Los Angeles County; California,6.2,6.3,2.8,30.5,38.1,21594.0,41.6
06037552601,Census Tract 5526.01; Los Angeles County; California,23.5,6.0,8.1,44.5,38.099999999999994,28961.0,53.3
06037552602,Census Tract 5526.02; Los Angeles County; California,14.0,5.6,2.8,21.4,35.099999999999994,31351.0,41.1
06037552700,Census Tract 5527; Los Angeles County; California,11.9,2.8,4.1,24.8,35.4,30740.0,41.0
06037552800,Census Tract 5528; Los Angeles County; California,5.2,2.2,8.8,20.9,33.5,35429.0,39.6
06037552900,Census Tract 5529; Los Angeles County; California,8.3,13.1,2.5,17.7,31.599999999999998,30483.0,39.3
06037553000,Census Tract 5530; Los Angeles County; California,13.3,0.3,12.9,24.7,35.4,31420.0,46.4
06037553100,Census Tract 5531; Los Angeles County; California,7.3,11.2,15.8,16.0,33.9,30338.0,47.3
06037553201,Census Tract 5532.01; Los Angeles County; California,10.6,4.2,8.2,18.0,32.099999999999994,33765.0,41.2
06037553202,Census Tract 5532.02; Los Angeles County; California,9.2,5.0,7.4,22.4,37.900000000000006,33465.0,42.8
06037553300,Census Tract 5533; Los Angeles County; California,7.5,2.4,2.5,22.799999999999997,31.900000000000002,30550.0,36.8
06037553400,Census Tract 5534; Los Angeles County; California,15.5,5.6,1.4,23.700000000000003,31.799999999999997,34381.0,39.9
06037553502,Census Tract 5535.02; Los Angeles County; California,8.4,8.3,2.5,28.5,39.8,42981.0,41.0
06037553503,Census Tract 5535.03; Los Angeles County; California,21.8,10.1,1.8,45.8,30.2,19565.0,48.5
06037553504,Census Tract 5535.04; Los Angeles County; California,11.9,8.6,5.3,39.6,32.9,23798.0,45.8
06037553601,Census Tract 5536.01; Los Angeles County; California,16.6,8.3,2.0,39.9,37.300000000000004,18895.0,47.3
06037553602,Census Tract 5536.02; Los Angeles County; California,10.3,11.1,8.0,25.0,36.300000000000004,24977.0,46.2
06037553701,Census Tract 5537.01; Los Angeles County; California,21.8,13.6,5.5,45.5,35.8,19920.0,53.4
06037553702,Census Tract 5537.02; Los Angeles County; California,12.0,8.9,3.7,36.4,36.7,21267.0,45.7
06037553801,Census Tract 5538.01; Los Angeles County; California,22.9,23.1,8.8,35.6,32.5,19666.0,56.2
06037553802,Census Tract 5538.02; Los Angeles County; California,10.1,9.9,8.8,28.8,37.0,21402.0,47.4
06037553901,Census Tract 5539.01; Los Angeles County; California,20.8,10.9,2.2,32.1,38.400000000000006,22240.0,48.6
06037553902,Census Tract 5539.02; Los Angeles County; California,21.3,15.3,6.2,25.799999999999997,35.1,23313.0,50.5
06037554001,Census Tract 5540.01; Los Angeles County; California,8.9,1.9,6.5,18.7,39.900000000000006,29086.0,41.7
06037554002,Census Tract 5540.02; Los Angeles County; California,9.7,13.4,9.3,25.200000000000003,33.0,28168.0,46.2
06037554101,Census Tract 5541.01; Los Angeles County; California,24.7,20.8,7.2,31.9,33.300000000000004,23669.0,54.5
06037554105,Census Tract 5541.05; Los Angeles County; California,9.9,22.8,10.8,21.9,36.5,22214.0,51.0
06037554106,Census Tract 5541.06; Los Angeles County; California,10.0,12.2,6.5,16.1,31.299999999999997,32804.0,41.7
06037554201,Census Tract 5542.01; Los Angeles County; California,3.8,3.2,2.2,28.5,31.6,35663.0,35.7
06037554203,Census Tract 5542.03; Los Angeles County; California,10.4,15.7,7.9,30.1,40.3,31816.0,48.8
06037554204,Census Tract 5542.04; Los Angeles County; California,4.5,16.7,13.2,26.0,36.6,24093.0,49.2
06037554301,Census Tract 5543.01; Los Angeles County; California,7.2,9.8,4.0,20.6,31.599999999999998,33341.0,39.1
06037554302,Census Tract 5543.02; Los Angeles County; California,22.9,7.5,6.5,27.9,32.1,24246.0,48.4
06037554403,Census Tract 5544.03; Los Angeles County; California,10.6,17.7,11.9,26.700000000000003,40.0,23081.0,52.2
06037554404,Census Tract 5544.04; Los Angeles County; California,11.7,18.2,4.3,22.5,33.9,23972.0,45.4
06037554405,Census Tract 5544.05; Los Angeles County; California,11.4,7.6,9.6,13.0,43.7,26927.0,46.7
06037554406,Census Tract 5544.06; Los Angeles County; California,10.6,1.6,8.7,18.0,42.1,36602.0,43.5
06037554511,Census Tract 5545.11; Los Angeles County; California,7.1,2.0,8.3,5.0,39.0,47319.0,37.9
06037554512,Census Tract 5545.12; Los Angeles County; California,1.2,6.3,4.3,4.5,40.3,58359.0,33.6
06037554513,Census Tract 5545.13; Los Angeles County; California,1.8,3.2,2.4,2.2,45.2,47865.0,33.8
06037554514,Census Tract 5545.14; Los Angeles County; California,0.6,6.1,3.0,7.9,41.1,56091.0,33.4
06037554515,Census Tract 5545.15; Los Angeles County; California,2.0,4.0,2.3,6.4,53.2,43121.0,37.6
06037554516,Census Tract 5545.16; Los Angeles County; California,3.6,0.0,10.9,5.1,46.9,57483.0,39.1
06037554517,Census Tract 5545.17; Los Angeles County; California,4.6,7.1,1.9,4.0,40.8,60864.0,33.4
06037554518,Census Tract 5545.18; Los Angeles County; California,2.2,5.7,4.8,6.1,43.9,43273.0,36.9
06037554519,Census Tract 5545.19; Los Angeles County; California,0.8,5.0,7.9,8.6,46.7,57111.0,38.0
06037554521,Census Tract 5545.21; Los Angeles County; California,2.8,2.2,7.0,7.300000000000001,48.1,47434.0,38.6
06037554522,Census Tract 5545.22; Los Angeles County; California,0.7,4.0,6.8,7.9,42.8,43117.0,37.0
06037554600,Census Tract 5546; Los Angeles County; California,3.1,9.0,6.1,18.5,35.1,29377.0,39.7
06037554700,Census Tract 5547; Los Angeles County; California,19.3,5.8,7.4,30.7,32.8,30088.0,47.2
06037554801,Census Tract 5548.01; Los Angeles County; California,13.2,7.0,7.1,38.1,37.599999999999994,30797.0,47.5
06037554802,Census Tract 5548.02; Los Angeles County; California,11.1,4.1,12.1,16.1,35.0,31889.0,44.6
06037554900,Census Tract 5549; Los Angeles County; California,7.6,4.1,7.3,22.0,35.5,27524.0,41.7
06037555001,Census Tract 5550.01; Los Angeles County; California,9.1,9.9,5.8,24.9,37.2,31775.0,43.5
06037555002,Census Tract 5550.02; Los Angeles County; California,5.0,4.8,3.8,8.0,32.6,32921.0,34.9
06037555105,Census Tract 5551.05; Los Angeles County; California,5.9,2.8,8.5,19.3,28.6,31959.0,38.4
06037555106,Census Tract 5551.06; Los Angeles County; California,4.0,13.1,2.6,26.6,41.0,25721.0,42.4
06037555107,Census Tract 5551.07; Los Angeles County; California,5.2,7.2,6.5,8.3,36.4,37367.0,38.2
06037555202,Census Tract 5552.02; Los Angeles County; California,0.8,5.1,7.2,6.300000000000001,41.8,49927.0,36.4
06037555211,Census Tract 5552.11; Los Angeles County; California,21.9,17.5,5.2,38.3,37.6,25234.0,53.3
06037555212,Census Tract 5552.12; Los Angeles County; California,22.2,8.0,5.8,33.9,37.8,21177.0,50.8
06037555300,Census Tract 5553; Los Angeles County; California,2.5,5.7,3.4,21.9,32.6,24959.0,37.0
06037570001,Census Tract 5700.01; Los Angeles County; California,9.1,5.8,9.0,14.0,30.6,45619.0,39.3
06037570002,Census Tract 5700.02; Los Angeles County; California,0.3,6.1,3.7,6.4,34.7,48252.0,32.3
06037570003,Census Tract 5700.03; Los Angeles County; California,4.8,0.9,6.4,5.9,28.2,45521.0,32.5
06037570100,Census Tract 5701; Los Angeles County; California,12.2,1.7,9.9,16.9,33.0,29259.0,42.7
06037570202,Census Tract 5702.02; Los Angeles County; California,11.8,14.7,5.6,26.8,34.5,25128.0,46.0
06037570203,Census Tract 5702.03; Los Angeles County; California,11.5,20.0,7.8,32.5,31.3,25113.0,48.8
06037570204,Census Tract 5702.04; Los Angeles County; California,8.6,4.1,8.7,29.9,37.599999999999994,23648.0,45.2
06037570303,Census Tract 5703.03; Los Angeles County; California,18.8,14.6,4.5,33.5,34.1,19798.0,49.5
06037570304,Census Tract 5703.04; Los Angeles County; California,20.7,11.0,3.7,27.1,34.199999999999996,22412.0,47.4
06037570305,Census Tract 5703.05; Los Angeles County; California,13.6,19.6,5.4,31.299999999999997,29.0,20146.0,47.5
06037570306,Census Tract 5703.06; Los Angeles County; California,14.2,21.4,0.1,26.0,33.3,26463.0,44.7
06037570402,Census Tract 5704.02; Los Angeles County; California,5.2,11.0,8.8,18.200000000000003,42.8,30731.0,44.9
06037570403,Census Tract 5704.03; Los Angeles County; California,15.9,15.8,7.6,34.1,36.4,22946.0,51.2
06037570404,Census Tract 5704.04; Los Angeles County; California,14.0,19.5,14.1,25.7,33.4,22216.0,53.4
06037570502,Census Tract 5705.02; Los Angeles County; California,5.8,8.9,5.7,26.799999999999997,31.6,35797.0,40.1
06037570503,Census Tract 5705.03; Los Angeles County; California,13.7,9.1,1.9,23.1,42.0,26716.0,44.3
06037570504,Census Tract 5705.04; Los Angeles County; California,9.0,16.0,9.1,23.4,38.7,25578.0,48.2
06037570601,Census Tract 5706.01; Los Angeles County; California,14.3,12.6,9.0,26.0,33.5,23012.0,48.3
06037570602,Census Tract 5706.02; Los Angeles County; California,8.7,10.4,12.3,23.5,35.9,29364.0,47.3
06037570603,Census Tract 5706.03; Los Angeles County; California,4.3,23.3,9.4,11.1,35.9,20521.0,46.3
06037570701,Census Tract 5707.01; Los Angeles County; California,6.2,3.4,4.5,8.7,35.2,42314.0,35.5
06037570703,Census Tract 5707.03; Los Angeles County; California,1.2,7.2,5.3,8.2,36.3,48583.0,34.8
06037570800,Census Tract 5708; Los Angeles County; California,9.1,2.3,5.3,6.7,34.8,46800.0,35.9
06037570901,Census Tract 5709.01; Los Angeles County; California,1.1,3.2,8.6,12.200000000000001,35.9,43371.0,36.7
06037570902,Census Tract 5709.02; Los Angeles County; California,2.9,0.0,2.5,2.7,30.7,46274.0,29.2
06037571000,Census Tract 5710; Los Angeles County; California,1.5,4.4,6.6,4.5,37.9,47922.0,34.9
06037571101,Census Tract 5711.01; Los Angeles County; California,0.9,0.9,2.3,5.9,33.2,49542.0,29.5
06037571102,Census Tract 5711.02; Los Angeles County; California,1.2,4.8,3.3,5.6,33.5,54482.0,31.0
06037571201,Census Tract 5712.01; Los Angeles County; California,0.0,1.8,4.7,7.4,38.8,64504.0,31.5
06037571202,Census Tract 5712.02; Los Angeles County; California,2.2,3.0,6.0,6.800000000000001,39.900000000000006,48311.0,35.3
06037571300,Census Tract 5713; Los Angeles County; California,4.0,4.6,6.2,5.300000000000001,40.5,49287.0,36.4
06037571400,Census Tract 5714; Los Angeles County; California,0.9,4.4,4.5,8.6,39.4,42111.0,34.9
06037571502,Census Tract 5715.02; Los Angeles County; California,3.8,5.0,9.9,12.0,40.3,40620.0,40.7
06037571504,Census Tract 5715.04; Los Angeles County; California,4.8,9.5,4.4,15.9,33.8,38113.0,37.8
06037571505,Census Tract 5715.05; Los Angeles County; California,5.7,3.8,10.5,17.200000000000003,31.4,34632.0,40.2
06037571600,Census Tract 5716; Los Angeles County; California,8.7,34.1,11.7,22.0,44.9,11789.0,57.9
06037571701,Census Tract 5717.01; Los Angeles County; California,13.9,19.1,9.9,27.0,38.2,26768.0,51.8
06037571703,Census Tract 5717.03; Los Angeles County; California,14.0,21.1,8.7,41.3,35.4,19703.0,53.8
06037571704,Census Tract 5717.04; Los Angeles County; California,8.3,14.4,6.3,22.8,31.8,23951.0,43.6
06037571800,Census Tract 5718; Los Angeles County; California,0.5,0.0,6.0,5.5,41.8,81801.0,30.9
06037571900,Census Tract 5719; Los Angeles County; California,1.6,2.3,3.8,4.6,33.3,54447.0,30.5
06037572001,Census Tract 5720.01; Los Angeles County; California,2.7,1.2,2.1,5.5,33.6,48475.0,30.3
06037572201,Census Tract 5722.01; Los Angeles County; California,3.8,12.0,11.7,26.5,31.599999999999998,32152.0,44.4
06037572202,Census Tract 5722.02; Los Angeles County; California,1.6,13.3,7.5,16.6,32.8,49747.0,38.3
06037572301,Census Tract 5723.01; Los Angeles County; California,21.0,14.6,4.7,37.7,30.0,25670.0,49.4
06037572500,Census Tract 5725; Los Angeles County; California,1.8,16.4,8.0,22.3,48.4,24938.0,47.5
06037572600,Census Tract 5726; Los Angeles County; California,13.7,3.7,8.5,15.0,32.3,31535.0,42.2
06037572700,Census Tract 5727; Los Angeles County; California,6.8,5.2,8.1,23.7,36.2,28318.0,42.6
06037573002,Census Tract 5730.02; Los Angeles County; California,20.2,6.3,5.7,35.099999999999994,34.9,20612.0,48.8
06037573003,Census Tract 5730.03; Los Angeles County; California,7.2,12.4,8.5,25.3,30.8,37200.0,42.9
06037573004,Census Tract 5730.04; Los Angeles County; California,13.7,11.4,6.0,28.700000000000003,28.2,26076.0,44.4
06037573101,Census Tract 5731.01; Los Angeles County; California,13.0,10.9,12.9,26.099999999999998,37.4,26039.0,50.7
06037573102,Census Tract 5731.02; Los Angeles County; California,6.7,17.4,3.6,14.3,33.0,44073.0,39.2
06037573201,Census Tract 5732.01; Los Angeles County; California,10.8,23.2,7.2,37.7,34.1,27927.0,50.4
06037573202,Census Tract 5732.02; Los Angeles County; California,16.3,12.4,9.1,40.199999999999996,38.0,33804.0,51.7
06037573300,Census Tract 5733; Los Angeles County; California,9.3,22.9,11.1,42.7,37.4,17235.0,55.1
06037573401,Census Tract 5734.01; Los Angeles County; California,1.7,22.1,7.6,11.4,35.5,32617.0,42.5
06037573402,Census Tract 5734.02; Los Angeles County; California,2.8,5.9,5.2,10.399999999999999,32.4,40871.0,34.9
06037573403,Census Tract 5734.03; Los Angeles County; California,0.0,6.2,2.2,9.5,25.9,65756.0,27.5
06037573601,Census Tract 5736.01; Los Angeles County; California,0.0,5.7,5.1,9.8,40.8,55180.0,34.7
06037573700,Census Tract 5737; Los Angeles County; California,2.1,3.1,4.5,6.8,39.9,51074.0,34.0
06037573800,Census Tract 5738; Los Angeles County; California,0.6,1.4,5.1,5.0,42.1,52993.0,33.5
06037573902,Census Tract 5739.02; Los Angeles County; California,0.5,7.0,1.5,2.8,41.8,79838.0,29.8
06037574000,Census Tract 5740; Los Angeles County; California,0.9,3.1,1.9,4.8,43.4,60345.0,31.8
06037574100,Census Tract 5741; Los Angeles County; California,0.0,2.9,4.8,5.2,40.8,52725.0,33.2
06037574201,Census Tract 5742.01; Los Angeles County; California,0.9,0.0,5.9,3.5,38.0,60865.0,31.5
06037574202,Census Tract 5742.02; Los Angeles County; California,2.9,4.0,1.5,13.5,37.6,43918.0,33.8
06037574300,Census Tract 5743; Los Angeles County; California,0.0,0.0,11.8,1.5,38.7,47663.0,36.1
06037574400,Census Tract 5744; Los Angeles County; California,1.2,3.4,1.8,5.1,38.3,55514.0,30.9
06037574500,Census Tract 5745; Los Angeles County; California,0.3,0.6,5.0,5.3,40.6,55430.0,32.5
06037574602,Census Tract 5746.02; Los Angeles County; California,0.0,0.0,1.6,2.4,42.2,106473.0,25.2
06037574800,Census Tract 5748; Los Angeles County; California,0.5,12.3,3.5,0.9,36.0,67893.0,31.7
06037574901,Census Tract 5749.01; Los Angeles County; California,2.6,3.2,4.2,3.5999999999999996,30.9,57470.0,30.3
06037574902,Census Tract 5749.02; Los Angeles County; California,3.6,14.5,3.6,8.3,23.0,35210.0,34.0
06037575001,Census Tract 5750.01; Los Angeles County; California,0.6,5.4,8.0,8.0,24.9,51545.0,32.0
06037575002,Census Tract 5750.02; Los Angeles County; California,2.2,6.8,4.4,9.3,30.4,48460.0,32.9
06037575101,Census Tract 5751.01; Los Angeles County; California,9.3,27.0,6.7,31.8,35.4,22766.0,50.6
06037575102,Census Tract 5751.02; Los Angeles County; California,13.8,14.9,5.8,40.6,30.599999999999998,22716.0,48.2
06037575103,Census Tract 5751.03; Los Angeles County; California,5.6,6.8,4.6,28.7,25.2,34662.0,37.2
06037575201,Census Tract 5752.01; Los Angeles County; California,16.9,13.4,9.2,39.599999999999994,38.5,17847.0,53.9
06037575202,Census Tract 5752.02; Los Angeles County; California,21.3,21.7,4.1,50.400000000000006,38.5,26931.0,55.6
06037575300,Census Tract 5753; Los Angeles County; California,10.7,29.1,5.6,49.9,39.3,16370.0,55.7
06037575401,Census Tract 5754.01; Los Angeles County; California,19.5,21.9,13.5,34.8,33.1,17837.0,57.7
06037575402,Census Tract 5754.02; Los Angeles County; California,21.6,17.8,9.3,39.4,36.0,18807.0,56.2
06037575801,Census Tract 5758.01; Los Angeles County; California,10.3,24.7,4.4,38.7,30.1,20670.0,48.5
06037575802,Census Tract 5758.02; Los Angeles County; California,14.6,15.5,7.5,42.9,32.1,20052.0,50.9
06037575803,Census Tract 5758.03; Los Angeles County; California,10.6,26.1,10.4,23.7,46.5,21318.0,55.4
06037575901,Census Tract 5759.01; Los Angeles County; California,6.4,28.4,15.6,16.2,31.8,29765.0,51.3
06037575902,Census Tract 5759.02; Los Angeles County; California,2.1,4.4,6.8,11.8,20.8,49618.0,31.1
06037576001,Census Tract 5760.01; Los Angeles County; California,0.8,2.7,6.6,5.3999999999999995,13.600000000000001,84968.0,23.4
06037576200,Census Tract 5762; Los Angeles County; California,2.2,14.9,12.3,16.2,17.1,43794.0,37.8
06037576301,Census Tract 5763.01; Los Angeles County; California,7.9,24.0,5.7,27.9,26.8,29014.0,44.7
06037576302,Census Tract 5763.02; Los Angeles County; California,9.5,14.2,8.6,37.0,35.0,23589.0,48.8
06037576401,Census Tract 5764.01; Los Angeles County; California,9.6,23.3,9.8,38.8,38.0,19732.0,53.8
06037576402,Census Tract 5764.02; Los Angeles County; California,19.0,17.0,11.3,48.099999999999994,34.9,19853.0,57.2
06037576403,Census Tract 5764.03; Los Angeles County; California,17.5,7.9,7.9,35.5,28.2,22296.0,47.5
06037576501,Census Tract 5765.01; Los Angeles County; California,2.9,16.7,10.6,21.7,35.8,29946.0,45.4
06037576502,Census Tract 5765.02; Los Angeles County; California,2.6,13.4,6.4,17.0,23.4,37496.0,36.4
06037576503,Census Tract 5765.03; Los Angeles County; California,4.3,12.4,5.6,20.9,22.2,39535.0,36.3
06037576601,Census Tract 5766.01; Los Angeles County; California,1.3,8.2,6.5,8.4,22.7,59375.0,30.8
06037576602,Census Tract 5766.02; Los Angeles County; California,1.3,8.7,6.3,4.9,19.7,56890.0,29.6
06037576700,Census Tract 5767; Los Angeles County; California,1.2,3.1,6.6,8.7,29.799999999999997,64304.0,31.1
06037576801,Census Tract 5768.01; Los Angeles County; California,0.7,3.0,3.4,13.8,28.2,44569.0,31.0
06037576802,Census Tract 5768.02; Los Angeles County; California,2.7,6.0,5.4,15.0,27.700000000000003,41691.0,34.2
06037576901,Census Tract 5769.01; Los Angeles County; California,9.5,21.6,5.1,41.3,23.1,22562.0,45.9
06037576903,Census Tract 5769.03; Los Angeles County; California,7.8,20.0,6.0,34.3,27.5,27904.0,45.0
06037576904,Census Tract 5769.04; Los Angeles County; California,1.7,27.3,5.7,18.8,29.2,35173.0,41.9
06037577000,Census Tract 5770; Los Angeles County; California,1.3,14.3,2.9,14.2,22.0,41931.0,32.6
06037577100,Census Tract 5771; Los Angeles County; California,0.3,6.2,7.6,3.8,26.200000000000003,51713.0,31.6
06037577200,Census Tract 5772; Los Angeles County; California,1.3,0.8,3.5,7.4,16.4,70416.0,23.6
06037577300,Census Tract 5773; Los Angeles County; California,0.5,0.8,5.2,2.5,24.200000000000003,76451.0,25.4
06037577400,Census Tract 5774; Los Angeles County; California,2.3,5.6,2.5,2.2,31.900000000000002,74150.0,28.2
06037577501,Census Tract 5775.01; Los Angeles County; California,0.0,2.3,2.9,5.6,42.800000000000004,100596.0,28.0
06037577504,Census Tract 5775.04; Los Angeles County; California,0.0,2.3,1.8,2.1,37.5,91451.0,26.0
06037577602,Census Tract 5776.02; Los Angeles County; California,0.0,2.8,4.4,2.8,41.2,71177.0,30.9
06037577604,Census Tract 5776.04; Los Angeles County; California,0.8,1.2,2.5,1.3,37.3,73089.0,28.0
06037577605,Census Tract 5776.05; Los Angeles County; California,3.8,4.2,4.5,1.8,49.0,80997.0,34.1
06037577606,Census Tract 5776.06; Los Angeles County; California,5.9,4.6,0.9,4.7,39.4,85177.0,30.0
06037577700,Census Tract 5777; Los Angeles County; California,8.8,2.0,8.8,12.0,33.0,29999.0,39.9
06037577800,Census Tract 5778; Los Angeles County; California,10.0,2.9,13.9,19.1,41.400000000000006,31898.0,47.4
06037577900,Census Tract 5779; Los Angeles County; California,3.2,7.8,4.6,9.0,40.0,43181.0,37.0
06037578000,Census Tract 5780; Los Angeles County; California,17.5,20.2,10.0,35.400000000000006,35.3,19477.0,54.8
06037578100,Census Tract 5781; Los Angeles County; California,,,7.4,28.8,6.9,4924.0,36.4
06037599000,Census Tract 5990; Los Angeles County; California,10.0,7.1,0.0,19.6,40.099999999999994,40588.0,38.6
06037599100,Census Tract 5991; Los Angeles County; California,0.0,0.0,0.0,5.9,19.1,48612.0,23.3
06037600100,Census Tract 6001; Los Angeles County; California,5.3,9.7,7.5,29.8,36.0,22420.0,44.4
06037600201,Census Tract 6002.01; Los Angeles County; California,13.4,28.2,15.8,38.0,39.9,17100.0,61.2
06037600202,Census Tract 6002.02; Los Angeles County; California,10.5,30.4,9.5,33.0,45.2,16357.0,57.6
06037600302,Census Tract 6003.02; Los Angeles County; California,2.0,8.8,9.4,18.2,38.400000000000006,31463.0,42.0
06037600303,Census Tract 6003.03; Los Angeles County; California,16.7,19.1,16.0,34.3,38.5,18795.0,58.9
06037600304,Census Tract 6003.04; Los Angeles County; California,17.6,17.6,10.4,45.5,34.2,17628.0,55.8
06037600400,Census Tract 6004; Los Angeles County; California,3.0,32.9,10.6,10.2,38.8,30352.0,49.1
06037600501,Census Tract 6005.01; Los Angeles County; California,1.1,3.1,6.3,7.3,48.7,42914.0,38.3
06037600601,Census Tract 6006.01; Los Angeles County; California,3.4,5.6,7.9,12.0,38.2,39732.0,38.9
06037600602,Census Tract 6006.02; Los Angeles County; California,9.5,10.4,8.6,35.9,40.0,25456.0,48.8
06037600702,Census Tract 6007.02; Los Angeles County; California,1.2,11.4,5.4,10.2,32.2,42963.0,35.7
06037600703,Census Tract 6007.03; Los Angeles County; California,0.6,9.6,12.1,2.8,41.7,50631.0,40.1
06037600704,Census Tract 6007.04; Los Angeles County; California,0.2,10.3,8.7,9.399999999999999,39.3,42495.0,39.1
06037600801,Census Tract 6008.01; Los Angeles County; California,0.9,6.5,6.4,5.6,36.0,52209.0,34.3
06037600802,Census Tract 6008.02; Los Angeles County; California,6.6,2.9,12.1,5.1,35.7,36244.0,40.5
06037600902,Census Tract 6009.02; Los Angeles County; California,11.0,10.0,11.7,12.2,36.9,27072.0,46.4
06037600911,Census Tract 6009.11; Los Angeles County; California,7.1,8.9,2.1,24.299999999999997,29.0,37160.0,37.0
06037600912,Census Tract 6009.12; Los Angeles County; California,13.2,10.2,5.1,39.0,32.4,25546.0,46.2
06037601001,Census Tract 6010.01; Los Angeles County; California,2.5,10.4,7.6,20.1,44.6,41110.0,42.8
06037601002,Census Tract 6010.02; Los Angeles County; California,6.1,16.6,8.5,25.200000000000003,28.7,28865.0,43.8
06037601100,Census Tract 6011; Los Angeles County; California,19.7,16.9,12.9,28.1,36.0,22993.0,55.3
06037601202,Census Tract 6012.02; Los Angeles County; California,17.4,6.6,7.0,42.0,32.7,27735.0,48.4
06037601211,Census Tract 6012.11; Los Angeles County; California,8.2,8.9,6.3,23.6,34.7,28399.0,42.6
06037601212,Census Tract 6012.12; Los Angeles County; California,6.2,8.6,3.6,30.4,30.1,26321.0,39.9
06037601301,Census Tract 6013.01; Los Angeles County; California,3.2,6.8,9.2,9.899999999999999,39.2,49281.0,39.0
06037601302,Census Tract 6013.02; Los Angeles County; California,2.9,16.5,7.7,11.600000000000001,30.2,35690.0,39.6
06037601303,Census Tract 6013.03; Los Angeles County; California,5.7,23.2,11.7,19.200000000000003,29.5,24859.0,47.2
06037601401,Census Tract 6014.01; Los Angeles County; California,12.2,14.9,9.9,22.2,35.2,23218.0,48.6
06037601402,Census Tract 6014.02; Los Angeles County; California,6.1,18.1,7.7,27.3,28.5,28464.0,44.0
06037601501,Census Tract 6015.01; Los Angeles County; California,16.0,25.5,6.5,43.8,37.3,17240.0,55.7
06037601502,Census Tract 6015.02; Los Angeles County; California,13.0,13.2,11.9,47.8,37.3,19483.0,54.8
06037601600,Census Tract 6016; Los Angeles County; California,15.3,4.8,1.0,53.5,27.7,27162.0,43.6
06037601700,Census Tract 6017; Los Angeles County; California,20.8,19.5,7.6,43.6,30.700000000000003,17069.0,54.5
06037601801,Census Tract 6018.01; Los Angeles County; California,13.0,14.2,2.7,53.8,33.5,23106.0,48.7
06037601802,Census Tract 6018.02; Los Angeles County; California,15.3,8.6,7.9,36.7,35.8,23890.0,49.2
06037601900,Census Tract 6019; Los Angeles County; California,11.9,15.5,11.1,34.1,31.900000000000002,19996.0,50.7
06037602002,Census Tract 6020.02; Los Angeles County; California,14.0,15.6,6.2,29.4,30.299999999999997,23862.0,46.8
06037602003,Census Tract 6020.03; Los Angeles County; California,8.6,8.2,8.0,38.1,37.3,21224.0,47.4
06037602103,Census Tract 6021.03; Los Angeles County; California,8.7,27.0,14.3,30.6,36.2,19366.0,55.6
06037602104,Census Tract 6021.04; Los Angeles County; California,6.8,17.2,8.9,25.8,35.4,26464.0,46.8
06037602105,Census Tract 6021.05; Los Angeles County; California,9.1,24.2,14.0,22.1,29.5,27880.0,50.5
06037602106,Census Tract 6021.06; Los Angeles County; California,13.1,9.6,2.9,14.399999999999999,29.299999999999997,30118.0,39.3
06037602201,Census Tract 6022.01; Los Angeles County; California,3.7,9.2,1.5,16.0,35.3,56270.0,34.1
06037602202,Census Tract 6022.02; Los Angeles County; California,6.1,0.0,4.3,22.0,23.5,37865.0,33.4
06037602301,Census Tract 6023.01; Los Angeles County; California,10.0,6.3,3.7,15.899999999999999,40.2,48261.0,39.4
06037602302,Census Tract 6023.02; Los Angeles County; California,1.7,1.2,7.7,3.9000000000000004,38.7,81353.0,31.7
06037602402,Census Tract 6024.02; Los Angeles County; California,12.8,4.4,6.0,27.1,32.2,41570.0,41.5
06037602403,Census Tract 6024.03; Los Angeles County; California,10.5,10.1,6.1,25.0,32.900000000000006,27144.0,43.5
06037602404,Census Tract 6024.04; Los Angeles County; California,8.8,15.8,15.9,29.3,33.4,25567.0,51.7
06037602504,Census Tract 6025.04; Los Angeles County; California,12.3,17.9,4.2,30.3,28.0,27586.0,44.6
06037602505,Census Tract 6025.05; Los Angeles County; California,10.4,22.9,5.6,22.6,36.7,26493.0,47.7
06037602506,Census Tract 6025.06; Los Angeles County; California,7.7,16.2,6.7,16.3,32.0,30458.0,42.6
06037602507,Census Tract 6025.07; Los Angeles County; California,7.5,7.8,7.6,16.7,34.1,25848.0,41.8
06037602510,Census Tract 6025.10; Los Angeles County; California,22.1,20.9,9.9,28.3,38.699999999999996,27628.0,55.9
06037602511,Census Tract 6025.11; Los Angeles County; California,11.5,10.0,4.2,22.1,44.5,26146.0,45.8
06037602512,Census Tract 6025.12; Los Angeles County; California,7.7,9.0,4.9,33.3,34.4,30866.0,42.7
06037602513,Census Tract 6025.13; Los Angeles County; California,6.8,30.0,5.7,6.0,33.6,21660.0,45.2
06037602601,Census Tract 6026.01; Los Angeles County; California,4.9,7.0,4.3,10.3,40.5,32289.0,38.7
06037602602,Census Tract 6026.02; Los Angeles County; California,3.0,4.1,4.5,5.699999999999999,47.5,33869.0,38.4
06037602700,Census Tract 6027; Los Angeles County; California,0.0,2.9,7.0,11.5,33.2,46586.0,33.9
06037602801,Census Tract 6028.01; Los Angeles County; California,8.4,30.4,6.6,32.2,46.3,23412.0,54.4
06037602802,Census Tract 6028.02; Los Angeles County; California,5.9,2.5,16.5,11.0,36.599999999999994,37094.0,44.1
06037602900,Census Tract 6029; Los Angeles County; California,4.9,13.5,3.8,34.7,31.8,29030.0,41.9
06037603004,Census Tract 6030.04; Los Angeles County; California,7.4,3.7,3.5,16.5,26.200000000000003,34263.0,34.7
06037603005,Census Tract 6030.05; Los Angeles County; California,11.1,8.2,4.6,14.2,29.8,29528.0,39.3
06037603006,Census Tract 6030.06; Los Angeles County; California,4.8,6.4,1.0,10.6,33.1,43821.0,33.1
06037603007,Census Tract 6030.07; Los Angeles County; California,2.9,8.2,0.7,13.6,36.1,39062.0,34.5
06037603008,Census Tract 6030.08; Los Angeles County; California,14.8,3.5,5.9,45.7,41.6,21025.0,49.7
06037603101,Census Tract 6031.01; Los Angeles County; California,6.1,16.2,4.6,18.0,33.9,32913.0,41.2
06037603102,Census Tract 6031.02; Los Angeles County; California,7.8,9.6,7.8,23.200000000000003,36.0,29700.0,43.8
06037603200,Census Tract 6032; Los Angeles County; California,2.4,5.9,3.1,12.2,42.1,47824.0,35.9
06037603301,Census Tract 6033.01; Los Angeles County; California,2.4,12.1,5.7,19.0,42.9,30738.0,42.3
06037603302,Census Tract 6033.02; Los Angeles County; California,7.1,8.3,6.6,21.2,36.4,32552.0,41.9
06037603400,Census Tract 6034; Los Angeles County; California,5.2,1.0,5.9,25.1,33.099999999999994,40157.0,37.5
06037603500,Census Tract 6035; Los Angeles County; California,7.0,2.9,4.1,23.4,35.3,32196.0,38.7
06037603600,Census Tract 6036; Los Angeles County; California,9.4,7.5,0.7,19.8,36.8,40207.0,38.0
06037603702,Census Tract 6037.02; Los Angeles County; California,4.2,3.0,3.8,19.1,41.7,42498.0,37.7
06037603703,Census Tract 6037.03; Los Angeles County; California,1.2,3.0,1.8,17.799999999999997,36.1,47179.0,32.9
06037603705,Census Tract 6037.05; Los Angeles County; California,14.9,2.7,6.2,7.6,38.7,33188.0,41.5
06037603706,Census Tract 6037.06; Los Angeles County; California,13.0,10.1,4.2,44.1,30.0,21833.0,46.0
06037603801,Census Tract 6038.01; Los Angeles County; California,14.0,12.8,7.9,26.6,29.3,27256.0,46.0
06037603802,Census Tract 6038.02; Los Angeles County; California,11.8,4.6,6.6,23.2,38.0,30947.0,43.6
06037603901,Census Tract 6039.01; Los Angeles County; California,8.5,9.4,2.6,25.400000000000002,33.2,36073.0,39.6
06037603902,Census Tract 6039.02; Los Angeles County; California,14.5,0.9,16.5,36.2,38.7,27302.0,52.6
06037604001,Census Tract 6040.01; Los Angeles County; California,9.7,2.8,12.0,32.3,28.6,25452.0,44.9
06037604002,Census Tract 6040.02; Los Angeles County; California,5.1,8.2,7.4,20.1,33.599999999999994,31758.0,40.6
06037604101,Census Tract 6041.01; Los Angeles County; California,15.0,4.0,9.1,32.6,30.4,25468.0,46.1
06037604102,Census Tract 6041.02; Los Angeles County; California,7.8,11.8,0.8,23.8,38.4,33557.0,40.4
06037604200,Census Tract 6042; Los Angeles County; California,11.9,6.8,8.2,26.8,35.0,29219.0,45.2
06037609900,Census Tract 6099; Los Angeles County; California,1.3,9.2,8.3,15.5,37.5,34046.0,40.2
06037620001,Census Tract 6200.01; Los Angeles County; California,1.7,2.5,3.1,1.7000000000000002,35.2,83723.0,27.5
06037620002,Census Tract 6200.02; Los Angeles County; California,0.0,3.7,7.6,1.1,31.5,71811.0,30.0
06037620101,Census Tract 6201.01; Los Angeles County; California,2.5,3.1,4.9,2.4,37.099999999999994,63870.0,31.7
06037620102,Census Tract 6201.02; Los Angeles County; California,1.9,4.5,6.1,1.2,26.6,83991.0,27.4
06037620201,Census Tract 6202.01; Los Angeles County; California,0.0,6.1,5.1,0.4,23.4,126100.0,21.4
06037620301,Census Tract 6203.01; Los Angeles County; California,0.0,0.9,2.0,0.5,49.0,104960.0,27.6
06037620303,Census Tract 6203.03; Los Angeles County; California,3.0,6.6,5.4,2.5,47.8,115163.0,31.6
06037620305,Census Tract 6203.05; Los Angeles County; California,0.0,0.0,2.3,1.0,40.0,115611.0,23.9
06037620400,Census Tract 6204; Los Angeles County; California,0.0,0.0,4.5,0.8,47.3,85948.0,30.3
06037620501,Census Tract 6205.01; Los Angeles County; California,1.9,6.0,5.4,4.5,39.3,65690.0,33.5
06037620521,Census Tract 6205.21; Los Angeles County; California,0.1,5.7,5.6,6.9,35.0,63848.0,32.1
06037620522,Census Tract 6205.22; Los Angeles County; California,1.6,3.4,1.9,2.7,39.2,70623.0,29.6
06037620601,Census Tract 6206.01; Los Angeles County; California,5.2,1.9,7.4,6.8,37.6,58491.0,35.4
06037620602,Census Tract 6206.02; Los Angeles County; California,2.4,3.0,9.3,5.9,34.3,69635.0,33.6
06037620701,Census Tract 6207.01; Los Angeles County; California,1.6,0.0,3.3,1.0,37.5,71260.0,28.6
06037620703,Census Tract 6207.03; Los Angeles County; California,0.0,0.0,3.0,1.7,37.599999999999994,91905.0,26.0
06037620704,Census Tract 6207.04; Los Angeles County; California,0.0,2.1,4.8,1.1,38.4,76596.0,29.3
06037620801,Census Tract 6208.01; Los Angeles County; California,0.0,3.0,6.8,2.8,46.5,100354.0,31.4
06037620802,Census Tract 6208.02; Los Angeles County; California,1.0,0.9,2.2,1.4000000000000001,32.3,104220.0,23.3
06037620901,Census Tract 6209.01; Los Angeles County; California,0.0,1.0,2.5,0.6,48.8,129699.0,25.6
06037620904,Census Tract 6209.04; Los Angeles County; California,1.1,1.7,5.3,0.4,42.3,118467.0,27.1
06037621001,Census Tract 6210.01; Los Angeles County; California,4.2,8.0,6.8,0.5,38.5,105901.0,31.2
06037621005,Census Tract 6210.05; Los Angeles County; California,0.0,2.9,3.8,0.7,34.2,123520.0,23.2
06037621102,Census Tract 6211.02; Los Angeles County; California,3.1,5.3,4.0,0.9,36.4,107091.0,27.5
06037621104,Census Tract 6211.04; Los Angeles County; California,0.9,2.9,5.1,1.2,28.0,96057.0,25.2
06037621201,Census Tract 6212.01; Los Angeles County; California,0.8,0.0,5.9,4.7,38.0,76579.0,30.2
06037621204,Census Tract 6212.04; Los Angeles County; California,3.4,0.0,2.0,3.8,33.8,96820.0,25.4
06037621301,Census Tract 6213.01; Los Angeles County; California,1.2,2.7,7.4,3.0,41.2,67369.0,33.7
06037621324,Census Tract 6213.24; Los Angeles County; California,0.0,9.4,5.9,4.6,30.799999999999997,88448.0,29.3
06037621326,Census Tract 6213.26; Los Angeles County; California,0.0,1.2,2.2,2.7,29.1,89910.0,23.6
06037621400,Census Tract 6214; Los Angeles County; California,0.6,5.2,1.5,2.0,36.5,69047.0,28.6
06037650001,Census Tract 6500.01; Los Angeles County; California,5.8,12.5,2.8,4.0,41.0,46263.0,37.5
06037650003,Census Tract 6500.03; Los Angeles County; California,1.8,16.5,18.8,11.399999999999999,33.2,44322.0,46.3
06037650004,Census Tract 6500.04; Los Angeles County; California,4.7,4.4,6.5,10.5,32.6,42211.0,36.0
06037650101,Census Tract 6501.01; Los Angeles County; California,2.4,5.0,5.0,6.3,41.599999999999994,52434.0,35.3
06037650102,Census Tract 6501.02; Los Angeles County; California,1.8,2.2,8.3,7.0,34.900000000000006,49300.0,34.8
06037650200,Census Tract 6502; Los Angeles County; California,3.2,2.6,3.6,7.2,38.4,47354.0,33.7
06037650300,Census Tract 6503; Los Angeles County; California,11.3,3.4,6.1,14.4,34.5,40066.0,39.4
06037650401,Census Tract 6504.01; Los Angeles County; California,1.1,3.5,6.6,4.4,36.1,60256.0,32.7
06037650501,Census Tract 6505.01; Los Angeles County; California,0.0,0.0,0.6,2.1,40.4,61782.0,28.2
06037650502,Census Tract 6505.02; Los Angeles County; California,2.2,2.4,2.8,2.1,41.7,59393.0,31.8
06037650603,Census Tract 6506.03; Los Angeles County; California,2.5,7.5,5.4,1.7,39.5,66818.0,33.6
06037650604,Census Tract 6506.04; Los Angeles County; California,5.1,18.3,4.5,6.8,29.0,45617.0,36.9
06037650605,Census Tract 6506.05; Los Angeles County; California,8.9,1.7,0.4,2.6,36.2,51819.0,31.8
06037650606,Census Tract 6506.06; Los Angeles County; California,8.8,7.2,5.7,6.2,33.900000000000006,43678.0,37.4
06037650607,Census Tract 6506.07; Los Angeles County; California,2.5,0.0,10.0,4.4,29.9,48882.0,33.6
06037650701,Census Tract 6507.01; Los Angeles County; California,2.5,0.7,2.9,2.8,46.5,59465.0,33.0
06037650702,Census Tract 6507.02; Los Angeles County; California,1.2,0.6,4.7,4.6,36.2,63865.0,30.4
06037650801,Census Tract 6508.01; Los Angeles County; California,3.6,4.3,5.8,1.7,40.2,60649.0,34.2
06037650802,Census Tract 6508.02; Los Angeles County; California,6.9,4.3,3.9,1.8,45.8,45235.0,37.4
06037650901,Census Tract 6509.01; Los Angeles County; California,0.0,2.1,2.7,3.0999999999999996,37.3,49694.0,30.5
06037650903,Census Tract 6509.03; Los Angeles County; California,13.0,4.8,11.8,3.4,30.400000000000002,42042.0,41.0
06037650904,Census Tract 6509.04; Los Angeles County; California,5.6,5.9,5.1,4.5,36.6,52481.0,35.1
06037651001,Census Tract 6510.01; Los Angeles County; California,4.3,4.2,3.7,8.1,42.099999999999994,68376.0,34.0
06037651002,Census Tract 6510.02; Los Angeles County; California,1.4,3.3,4.2,5.9,37.7,63583.0,31.7
06037651101,Census Tract 6511.01; Los Angeles County; California,7.0,3.5,3.7,4.1,44.7,59196.0,35.8
06037651102,Census Tract 6511.02; Los Angeles County; California,1.4,1.6,5.1,0.6000000000000001,41.1,51185.0,33.1
06037651201,Census Tract 6512.01; Los Angeles County; California,3.4,9.6,4.2,2.7,42.4,72266.0,34.3
06037651221,Census Tract 6512.21; Los Angeles County; California,5.0,5.0,8.2,2.4,38.5,49998.0,37.1
06037651222,Census Tract 6512.22; Los Angeles County; California,7.8,1.0,6.4,3.9,34.9,50197.0,35.0
06037651302,Census Tract 6513.02; Los Angeles County; California,0.5,4.3,6.8,2.5,39.8,72924.0,32.5
06037651304,Census Tract 6513.04; Los Angeles County; California,1.1,0.3,6.7,1.6,40.5,79885.0,30.9
06037651401,Census Tract 6514.01; Los Angeles County; California,1.8,2.7,0.8,11.2,48.5,55569.0,34.3
06037651402,Census Tract 6514.02; Los Angeles County; California,1.8,2.6,0.7,3.2,43.400000000000006,50530.0,31.9
06037670001,Census Tract 6700.01; Los Angeles County; California,4.3,0.7,0.6,10.4,42.8,49506.0,33.3
06037670002,Census Tract 6700.02; Los Angeles County; California,3.3,6.3,5.2,11.8,36.5,45309.0,36.2
06037670003,Census Tract 6700.03; Los Angeles County; California,5.6,2.0,2.1,10.6,35.0,52524.0,32.6
06037670101,Census Tract 6701.01; Los Angeles County; California,0.4,23.4,4.5,13.7,44.7,44258.0,42.5
06037670102,Census Tract 6701.02; Los Angeles County; California,4.5,9.2,5.4,15.0,36.0,37873.0,38.7
06037670201,Census Tract 6702.01; Los Angeles County; California,0.0,0.0,9.9,3.0999999999999996,49.3,97125.0,33.7
06037670202,Census Tract 6702.02; Los Angeles County; California,1.4,0.4,10.3,0.0,45.5,95483.0,33.1
06037670324,Census Tract 6703.24; Los Angeles County; California,0.0,3.1,3.2,3.1,51.3,132955.0,27.5
06037670326,Census Tract 6703.26; Los Angeles County; California,0.0,3.9,0.6,3.3,52.0,161825.0,23.6
06037670328,Census Tract 6703.28; Los Angeles County; California,0.8,4.9,2.3,0.7,50.400000000000006,111483.0,29.1
06037670405,Census Tract 6704.05; Los Angeles County; California,0.0,2.2,5.3,1.4,57.5,77015.0,35.5
06037670406,Census Tract 6704.06; Los Angeles County; California,1.5,4.9,7.7,0.9,50.8,110103.0,33.1
06037670407,Census Tract 6704.07; Los Angeles County; California,7.5,4.8,8.9,2.1,45.8,59917.0,39.7
06037670413,Census Tract 6704.13; Los Angeles County; California,1.0,2.0,7.2,2.7,44.599999999999994,79371.0,33.1
06037670416,Census Tract 6704.16; Los Angeles County; California,4.9,5.9,9.0,3.7,51.2,89233.0,38.1
06037670417,Census Tract 6704.17; Los Angeles County; California,0.0,2.5,0.3,0.8,51.7,75399.0,30.6
06037670418,Census Tract 6704.18; Los Angeles County; California,0.0,1.2,4.0,0.6,46.2,84889.0,30.1
06037670500,Census Tract 6705; Los Angeles County; California,0.0,3.6,5.8,0.6,51.900000000000006,187377.0,23.9
06037670603,Census Tract 6706.03; Los Angeles County; California,0.9,0.0,3.9,1.4,52.0,83272.0,32.0
06037670604,Census Tract 6706.04; Los Angeles County; California,0.0,2.0,4.0,2.1,48.3,96540.0,30.1
06037670701,Census Tract 6707.01; Los Angeles County; California,1.5,1.9,2.6,1.5,43.7,66065.0,31.1
06037670702,Census Tract 6707.02; Los Angeles County; California,0.7,0.6,5.3,1.7,39.6,96548.0,28.1
06037700101,Census Tract 7001.01; Los Angeles County; California,0.0,8.1,6.6,3.4000000000000004,21.1,69356.0,28.1
06037700102,Census Tract 7001.02; Los Angeles County; California,0.0,0.6,11.9,3.7,22.599999999999998,54866.0,31.2
06037700200,Census Tract 7002; Los Angeles County; California,0.0,0.0,7.1,6.5,11.9,70331.0,23.7
06037700300,Census Tract 7003; Los Angeles County; California,0.2,0.0,6.7,5.0,16.7,83768.0,23.4
06037700400,Census Tract 7004; Los Angeles County; California,0.0,8.2,4.9,2.1,24.4,95234.0,25.4
06037700501,Census Tract 7005.01; Los Angeles County; California,2.5,10.5,9.9,1.2,25.700000000000003,109536.0,29.1
06037700502,Census Tract 7005.02; Los Angeles County; California,0.7,4.1,10.7,5.0,14.6,82919.0,26.8
06037700600,Census Tract 7006; Los Angeles County; California,0.0,2.0,5.3,3.7,48.4,142915.0,26.8
06037700700,Census Tract 7007; Los Angeles County; California,0.4,3.8,0.0,3.1,51.9,157006.0,23.7
06037700801,Census Tract 7008.01; Los Angeles County; California,0.0,15.5,9.4,5.0,45.599999999999994,91809.0,37.5
06037700802,Census Tract 7008.02; Los Angeles County; California,0.4,4.6,14.2,9.3,38.2,70360.0,38.1
06037700901,Census Tract 7009.01; Los Angeles County; California,3.6,13.7,5.9,1.5,42.8,90784.0,34.9
06037700902,Census Tract 7009.02; Los Angeles County; California,1.1,8.3,9.5,0.8,36.3,74213.0,34.1
06037701000,Census Tract 7010; Los Angeles County; California,0.0,6.1,11.0,3.3,34.0,112308.0,30.1
06037701201,Census Tract 7012.01; Los Angeles County; California,0.0,7.8,6.8,0.8999999999999999,52.0,157616.0,28.7
06037701202,Census Tract 7012.02; Los Angeles County; California,0.0,1.8,4.1,1.5,37.5,97560.0,26.6
06037701302,Census Tract 7013.02; Los Angeles County; California,0.6,5.8,3.8,3.9,28.9,84076.0,26.9
06037701304,Census Tract 7013.04; Los Angeles County; California,1.0,1.9,2.0,4.1,47.3,135675.0,25.5
06037701402,Census Tract 7014.02; Los Angeles County; California,0.0,5.2,4.4,5.1,27.7,93885.0,25.8
06037701501,Census Tract 7015.01; Los Angeles County; California,2.0,10.2,6.1,4.3,30.7,88720.0,30.4
06037701502,Census Tract 7015.02; Los Angeles County; California,0.3,0.0,7.9,8.5,27.2,76988.0,28.6
06037701601,Census Tract 7016.01; Los Angeles County; California,0.0,5.4,6.5,1.4,44.8,108694.0,30.3
06037701602,Census Tract 7016.02; Los Angeles County; California,3.0,9.3,8.1,8.3,37.8,67668.0,36.5
06037701701,Census Tract 7017.01; Los Angeles County; California,0.0,4.2,2.9,3.5999999999999996,29.0,62577.0,27.6
06037701702,Census Tract 7017.02; Los Angeles County; California,2.8,24.5,7.4,6.4,26.3,70714.0,36.4
06037701801,Census Tract 7018.01; Los Angeles County; California,7.9,8.1,5.3,11.5,35.1,49191.0,37.8
06037701802,Census Tract 7018.02; Los Angeles County; California,2.0,8.2,5.8,13.100000000000001,26.9,50225.0,33.5
06037701902,Census Tract 7019.02; Los Angeles County; California,0.0,23.1,10.9,3.8,23.4,96374.0,33.4
06037702002,Census Tract 7020.02; Los Angeles County; California,2.9,4.0,8.7,3.7,32.9,93568.0,30.7
06037702102,Census Tract 7021.02; Los Angeles County; California,1.4,1.6,9.0,1.5,29.1,78719.0,29.5
06037702201,Census Tract 7022.01; Los Angeles County; California,0.6,7.0,8.0,8.7,28.9,82367.0,30.9
06037702202,Census Tract 7022.02; Los Angeles County; California,1.3,1.7,6.8,2.6,38.099999999999994,86591.0,30.2
06037702300,Census Tract 7023; Los Angeles County; California,0.6,6.3,3.4,6.6,37.2,76627.0,30.4
06037702400,Census Tract 7024; Los Angeles County; California,2.6,4.3,5.2,7.300000000000001,25.7,81658.0,28.0
06037702501,Census Tract 7025.01; Los Angeles County; California,3.5,1.6,4.7,5.6,37.5,82220.0,30.4
06037702502,Census Tract 7025.02; Los Angeles County; California,1.6,1.6,7.0,3.8,39.2,75373.0,32.0
06037702600,Census Tract 7026; Los Angeles County; California,1.2,0.0,0.4,2.3,46.7,95460.0,27.3
06037702700,Census Tract 7027; Los Angeles County; California,0.9,0.0,3.8,6.3,40.8,81620.0,29.5
06037702801,Census Tract 7028.01; Los Angeles County; California,7.1,3.1,4.9,13.600000000000001,39.4,56233.0,36.7
06037702802,Census Tract 7028.02; Los Angeles County; California,2.7,4.9,2.9,7.7,30.5,65064.0,29.8
06037702803,Census Tract 7028.03; Los Angeles County; California,5.1,9.1,9.2,16.6,35.1,58033.0,39.5
06037702900,Census Tract 7029; Los Angeles County; California,1.3,5.1,5.2,0.4,21.299999999999997,94583.0,24.0
06037703002,Census Tract 7030.02; Los Angeles County; California,2.0,5.7,4.0,5.0,41.099999999999994,74412.0,32.3
06037703003,Census Tract 7030.03; Los Angeles County; California,2.6,1.8,8.3,2.0,29.299999999999997,67212.0,30.8
06037703100,Census Tract 7031; Los Angeles County; California,0.0,7.4,8.1,3.2,37.3,58343.0,34.7
06037703200,Census Tract 7032; Los Angeles County; California,0.0,3.1,15.7,5.2,42.5,48501.0,41.2
06037800101,Census Tract 8001.01; Los Angeles County; California,0.0,1.5,9.1,0.7,43.7,122055.0,29.2
06037800103,Census Tract 8001.03; Los Angeles County; California,5.0,0.0,8.9,7.0,32.1,63349.0,33.6
06037800104,Census Tract 8001.04; Los Angeles County; California,3.1,1.5,9.6,0.1,44.9,86650.0,34.3
06037800202,Census Tract 8002.02; Los Angeles County; California,0.0,7.3,4.9,4.1,41.4,114829.0,28.7
06037800204,Census Tract 8002.04; Los Angeles County; California,0.0,2.4,8.8,2.1,48.3,109957.0,32.0
06037800205,Census Tract 8002.05; Los Angeles County; California,4.2,9.2,6.7,0.4,27.8,58418.0,32.7
06037800206,Census Tract 8002.06; Los Angeles County; California,0.0,4.3,4.1,2.8,39.5,120362.0,26.0
06037800324,Census Tract 8003.24; Los Angeles County; California,0.0,5.9,4.1,1.2,42.900000000000006,78169.0,31.2
06037800325,Census Tract 8003.25; Los Angeles County; California,0.0,3.8,4.8,3.1,46.6,95741.0,30.8
06037800328,Census Tract 8003.28; Los Angeles County; California,3.7,0.0,6.6,5.1,36.2,120003.0,27.2
06037800333,Census Tract 8003.33; Los Angeles County; California,1.3,10.7,6.7,2.0,36.3,59715.0,34.7
06037800334,Census Tract 8003.34; Los Angeles County; California,8.0,4.9,8.3,6.0,38.0,71741.0,36.7
06037800335,Census Tract 8003.35; Los Angeles County; California,0.6,3.2,6.2,3.1,49.099999999999994,94470.0,32.6
06037800336,Census Tract 8003.36; Los Angeles County; California,0.0,0.0,5.0,0.2,38.6,98925.0,26.7
06037800337,Census Tract 8003.37; Los Angeles County; California,0.0,17.9,17.3,0.3,30.3,63011.0,40.6
06037800338,Census Tract 8003.38; Los Angeles County; California,0.8,1.5,2.6,2.6,37.7,82913.0,27.5
06037800406,Census Tract 8004.06; Los Angeles County; California,2.2,1.5,3.4,2.5,52.5,110789.0,30.4
06037800410,Census Tract 8004.10; Los Angeles County; California,0.0,0.0,11.7,0.7,17.1,41751.0,30.0
06037800411,Census Tract 8004.11; Los Angeles County; California,0.0,3.5,4.9,1.3,45.400000000000006,148507.0,25.2
06037800412,Census Tract 8004.12; Los Angeles County; California,0.0,13.5,8.6,4.1000000000000005,51.099999999999994,87606.0,38.3
06037800504,Census Tract 8005.04; Los Angeles County; California,1.3,0.0,1.6,1.9,43.1,132056.0,23.5
06037800506,Census Tract 8005.06; Los Angeles County; California,0.0,2.6,4.3,1.3,46.2,117539.0,27.7
06037900102,Census Tract 9001.02; Los Angeles County; California,9.9,10.6,11.9,28.4,38.8,22112.0,49.9
06037900103,Census Tract 9001.03; Los Angeles County; California,4.8,16.4,9.5,29.0,45.0,18549.0,50.4
06037900104,Census Tract 9001.04; Los Angeles County; California,3.0,9.4,6.4,29.3,42.2,21031.0,44.6
06037900301,Census Tract 9003.01; Los Angeles County; California,1.6,9.4,16.8,23.5,36.8,19413.0,48.3
06037900501,Census Tract 9005.01; Los Angeles County; California,4.2,14.7,8.5,23.4,38.400000000000006,21400.0,45.8
06037900504,Census Tract 9005.04; Los Angeles County; California,2.4,11.7,10.3,10.399999999999999,37.800000000000004,27164.0,42.6
06037900505,Census Tract 9005.05; Los Angeles County; California,4.3,18.9,11.3,21.5,36.9,27825.0,47.5
06037900506,Census Tract 9005.06; Los Angeles County; California,8.4,10.0,11.1,18.0,39.4,27056.0,46.7
06037900508,Census Tract 9005.08; Los Angeles County; California,4.3,20.2,5.0,17.2,45.0,28942.0,45.5
06037900509,Census Tract 9005.09; Los Angeles County; California,2.5,21.7,10.0,17.5,38.6,20789.0,47.3
06037900510,Census Tract 9005.10; Los Angeles County; California,3.3,24.3,6.0,14.5,49.7,21469.0,48.6
06037900602,Census Tract 9006.02; Los Angeles County; California,3.8,11.2,8.3,30.700000000000003,43.2,18333.0,47.4
06037900606,Census Tract 9006.06; Los Angeles County; California,6.0,21.6,12.7,20.6,35.7,18565.0,50.2
06037900607,Census Tract 9006.07; Los Angeles County; California,1.3,13.0,4.7,16.2,36.1,21984.0,39.8
06037900608,Census Tract 9006.08; Los Angeles County; California,5.3,12.4,9.9,27.3,40.2,19540.0,47.8
06037900609,Census Tract 9006.09; Los Angeles County; California,6.6,24.6,2.6,22.8,41.5,19968.0,46.8
06037900610,Census Tract 9006.10; Los Angeles County; California,2.5,10.6,2.5,31.6,45.5,12793.0,44.4
06037900611,Census Tract 9006.11; Los Angeles County; California,9.4,10.5,4.5,33.2,37.300000000000004,33034.0,44.2
06037900701,Census Tract 9007.01; Los Angeles County; California,3.3,18.5,13.1,26.299999999999997,37.5,22450.0,49.6
06037900703,Census Tract 9007.03; Los Angeles County; California,2.8,12.5,9.5,19.7,42.7,31023.0,45.1
06037900704,Census Tract 9007.04; Los Angeles County; California,2.6,13.7,5.5,14.4,33.2,30038.0,39.1
06037900705,Census Tract 9007.05; Los Angeles County; California,7.2,22.1,5.4,20.9,39.3,34644.0,45.8
06037900804,Census Tract 9008.04; Los Angeles County; California,8.7,18.0,10.1,23.4,45.7,18476.0,52.0
06037900805,Census Tract 9008.05; Los Angeles County; California,15.6,5.0,7.6,28.1,49.2,25187.0,50.6
06037900806,Census Tract 9008.06; Los Angeles County; California,1.6,23.8,15.6,14.899999999999999,38.5,24964.0,50.3
06037900807,Census Tract 9008.07; Los Angeles County; California,3.7,10.3,10.3,9.7,37.1,27618.0,42.3
06037900808,Census Tract 9008.08; Los Angeles County; California,9.3,22.4,1.3,17.8,43.7,19282.0,46.3
06037900901,Census Tract 9009.01; Los Angeles County; California,6.5,11.3,10.1,11.600000000000001,44.0,26841.0,46.0
06037900902,Census Tract 9009.02; Los Angeles County; California,7.2,4.1,6.7,14.6,43.0,41595.0,40.8
06037901003,Census Tract 9010.03; Los Angeles County; California,,,,42.8,7.8,1755.0,40.1
06037901007,Census Tract 9010.07; Los Angeles County; California,1.7,1.8,4.2,11.5,40.6,37571.0,35.6
06037901008,Census Tract 9010.08; Los Angeles County; California,1.4,17.8,6.6,15.2,35.0,33269.0,40.9
06037901009,Census Tract 9010.09; Los Angeles County; California,0.6,16.2,5.3,11.3,39.5,46597.0,38.8
06037901010,Census Tract 9010.10; Los Angeles County; California,1.1,24.3,8.0,12.9,36.8,30468.0,44.0
06037901011,Census Tract 9010.11; Los Angeles County; California,0.5,22.7,5.5,11.5,40.6,36233.0,42.1
06037901012,Census Tract 9010.12; Los Angeles County; California,0.5,7.1,3.7,27.0,32.2,34550.0,36.6
06037901013,Census Tract 9010.13; Los Angeles County; California,1.7,4.9,2.1,21.1,42.1,42843.0,36.6
06037901014,Census Tract 9010.14; Los Angeles County; California,0.0,6.1,6.2,10.1,31.1,41904.0,33.9
06037901101,Census Tract 9011.01; Los Angeles County; California,5.3,8.1,5.3,8.4,45.6,32459.0,41.0
06037901102,Census Tract 9011.02; Los Angeles County; California,0.0,5.3,3.8,10.4,34.7,44528.0,33.0
06037901209,Census Tract 9012.09; Los Angeles County; California,0.8,2.3,5.5,12.299999999999999,36.0,31167.0,35.5
06037901210,Census Tract 9012.10; Los Angeles County; California,2.4,0.0,9.0,4.6,33.8,44832.0,34.5
06037901214,Census Tract 9012.14; Los Angeles County; California,1.8,3.2,2.6,4.4,37.4,41046.0,32.6
06037901215,Census Tract 9012.15; Los Angeles County; California,3.3,8.6,8.8,6.8,49.099999999999994,33602.0,43.3
06037901216,Census Tract 9012.16; Los Angeles County; California,0.0,1.7,11.1,7.800000000000001,38.7,51844.0,36.8
06037901217,Census Tract 9012.17; Los Angeles County; California,0.0,1.3,6.1,4.0,50.0,48842.0,36.5
06037901218,Census Tract 9012.18; Los Angeles County; California,0.0,0.0,2.7,5.1,37.6,62592.0,29.1
06037901300,Census Tract 9013; Los Angeles County; California,14.1,26.0,20.1,41.8,46.5,20394.0,65.9
06037910002,Census Tract 9100.02; Los Angeles County; California,4.8,18.3,6.9,32.5,41.4,21097.0,48.5
06037910210,Census Tract 9102.10; Los Angeles County; California,2.7,2.9,2.4,16.2,39.8,43624.0,35.1
06037910211,Census Tract 9102.11; Los Angeles County; California,0.0,1.4,3.5,4.8,43.7,66710.0,31.4
06037910212,Census Tract 9102.12; Los Angeles County; California,1.0,9.9,6.4,11.100000000000001,39.0,52790.0,37.1
06037910213,Census Tract 9102.13; Los Angeles County; California,6.9,15.9,6.2,13.7,34.7,44034.0,40.9
06037910214,Census Tract 9102.14; Los Angeles County; California,5.4,2.0,4.8,8.8,35.9,40539.0,35.3
06037910215,Census Tract 9102.15; Los Angeles County; California,0.0,1.8,5.0,20.5,36.9,32125.0,36.3
06037910216,Census Tract 9102.16; Los Angeles County; California,0.8,3.5,3.3,6.1,43.5,38447.0,35.0
06037910217,Census Tract 9102.17; Los Angeles County; California,0.0,12.9,8.7,10.9,42.9,35309.0,41.8
06037910218,Census Tract 9102.18; Los Angeles County; California,2.8,9.9,7.6,21.4,38.8,29052.0,42.4
06037910301,Census Tract 9103.01; Los Angeles County; California,0.0,9.3,7.3,10.9,40.7,50229.0,37.8
06037910302,Census Tract 9103.02; Los Angeles County; California,3.0,8.3,8.7,15.2,38.5,45541.0,40.1
06037910401,Census Tract 9104.01; Los Angeles County; California,8.0,3.6,6.2,18.4,38.0,33292.0,40.6
06037910404,Census Tract 9104.04; Los Angeles County; California,12.6,9.5,11.4,27.4,38.9,22355.0,50.2
06037910405,Census Tract 9104.05; Los Angeles County; California,11.0,32.6,7.7,33.8,38.8,14996.0,55.6
06037910501,Census Tract 9105.01; Los Angeles County; California,6.2,29.6,8.9,30.0,43.599999999999994,14657.0,54.4
06037910502,Census Tract 9105.02; Los Angeles County; California,14.0,29.0,13.2,39.0,39.2,17190.0,60.0
06037910504,Census Tract 9105.04; Los Angeles County; California,7.6,13.9,10.7,23.5,40.4,19485.0,49.1
06037910505,Census Tract 9105.05; Los Angeles County; California,0.6,9.3,10.5,30.6,40.5,22113.0,45.9
06037910601,Census Tract 9106.01; Los Angeles County; California,3.8,9.7,7.2,40.4,35.6,21369.0,45.3
06037910602,Census Tract 9106.02; Los Angeles County; California,6.6,17.6,6.8,25.9,43.3,21410.0,48.4
06037910605,Census Tract 9106.05; Los Angeles County; California,12.4,18.6,8.3,37.9,44.3,17558.0,54.5
06037910606,Census Tract 9106.06; Los Angeles County; California,10.4,18.0,5.2,36.900000000000006,43.2,20673.0,50.8
06037910607,Census Tract 9106.07; Los Angeles County; California,5.5,22.0,3.1,25.5,41.1,27291.0,45.6
06037910608,Census Tract 9106.08; Los Angeles County; California,7.6,9.6,3.4,28.2,42.3,20110.0,44.5
06037910706,Census Tract 9107.06; Los Angeles County; California,9.8,8.5,8.4,26.1,42.699999999999996,24884.0,47.6
06037910707,Census Tract 9107.07; Los Angeles County; California,5.3,20.7,9.7,19.4,41.0,25040.0,48.6
06037910709,Census Tract 9107.09; Los Angeles County; California,3.0,3.6,8.8,16.1,39.6,37331.0,40.0
06037910712,Census Tract 9107.12; Los Angeles County; California,4.5,8.0,6.2,24.6,35.8,22936.0,41.8
06037910713,Census Tract 9107.13; Los Angeles County; California,7.5,18.5,7.8,21.6,42.7,20745.0,48.8
06037910714,Census Tract 9107.14; Los Angeles County; California,5.3,3.3,4.8,21.299999999999997,35.8,24739.0,39.2
06037910715,Census Tract 9107.15; Los Angeles County; California,4.2,8.3,11.4,29.3,34.1,25105.0,45.1
06037910716,Census Tract 9107.16; Los Angeles County; California,2.5,11.1,6.7,26.200000000000003,35.7,32182.0,41.6
06037910717,Census Tract 9107.17; Los Angeles County; California,4.4,0.0,6.4,10.5,31.8,26783.0,35.7
06037910718,Census Tract 9107.18; Los Angeles County; California,4.5,8.6,4.4,26.4,31.200000000000003,30012.0,39.1
06037910719,Census Tract 9107.19; Los Angeles County; California,0.0,7.6,6.2,25.9,38.4,23054.0,40.9
06037910720,Census Tract 9107.20; Los Angeles County; California,8.0,14.4,12.5,24.7,43.5,31881.0,50.6
06037910721,Census Tract 9107.21; Los Angeles County; California,4.9,8.0,13.3,24.299999999999997,42.0,19950.0,48.6
06037910804,Census Tract 9108.04; Los Angeles County; California,3.3,5.3,1.1,6.4,38.7,55392.0,32.1
06037910807,Census Tract 9108.07; Los Angeles County; California,2.3,9.9,3.4,10.7,38.4,45801.0,36.1
06037910808,Census Tract 9108.08; Los Angeles County; California,4.4,1.0,2.2,10.6,39.5,37286.0,34.7
06037910809,Census Tract 9108.09; Los Angeles County; California,0.0,3.5,6.7,0.4,41.9,68667.0,32.7
06037910810,Census Tract 9108.10; Los Angeles County; California,7.7,2.9,3.7,3.9000000000000004,40.7,55110.0,35.1
06037910814,Census Tract 9108.14; Los Angeles County; California,1.2,5.0,3.4,10.6,38.5,50869.0,33.8
06037910815,Census Tract 9108.15; Los Angeles County; California,5.0,9.1,2.3,7.6000000000000005,35.0,43140.0,34.9
06037911001,Census Tract 9110.01; Los Angeles County; California,2.4,14.6,10.0,11.8,45.2,33577.0,45.1
06037911100,Census Tract 9111; Los Angeles County; California,10.4,20.1,8.3,33.8,37.7,21049.0,51.2
06037920013,Census Tract 9200.13; Los Angeles County; California,3.9,9.2,3.6,6.4,46.599999999999994,45755.0,38.4
06037920015,Census Tract 9200.15; Los Angeles County; California,0.6,0.0,5.2,2.3,35.8,63951.0,29.8
06037920016,Census Tract 9200.16; Los Angeles County; California,0.8,0.4,1.8,2.0,43.6,58277.0,30.7
06037920017,Census Tract 9200.17; Los Angeles County; California,2.1,3.4,5.1,11.2,36.1,49730.0,34.2
06037920018,Census Tract 9200.18; Los Angeles County; California,0.0,4.4,1.5,12.6,33.5,55082.0,30.3
06037920020,Census Tract 9200.20; Los Angeles County; California,0.0,2.5,4.2,3.5,40.9,49779.0,32.7
06037920028,Census Tract 9200.28; Los Angeles County; California,0.8,0.5,3.9,6.2,36.9,45703.0,31.9
06037920029,Census Tract 9200.29; Los Angeles County; California,2.0,5.1,4.8,7.1,41.7,37905.0,36.6
06037920030,Census Tract 9200.30; Los Angeles County; California,0.7,9.5,8.4,7.5,35.199999999999996,46388.0,37.0
06037920031,Census Tract 9200.31; Los Angeles County; California,1.4,7.8,5.7,7.9,49.099999999999994,41071.0,39.8
06037920034,Census Tract 9200.34; Los Angeles County; California,6.2,7.2,7.3,7.6,30.8,53029.0,35.8
06037920035,Census Tract 9200.35; Los Angeles County; California,7.7,6.9,3.3,23.5,35.6,32418.0,39.7
06037920038,Census Tract 9200.38; Los Angeles County; California,21.6,6.2,12.3,31.2,34.9,25886.0,52.4
06037920039,Census Tract 9200.39; Los Angeles County; California,0.9,0.0,6.9,7.0,30.8,52648.0,31.4
06037920040,Census Tract 9200.40; Los Angeles County; California,2.6,1.3,3.3,5.6,38.8,42793.0,33.2
06037920041,Census Tract 9200.41; Los Angeles County; California,7.4,6.4,5.8,6.7,37.9,40239.0,38.3
06037920042,Census Tract 9200.42; Los Angeles County; California,2.2,2.3,5.7,5.699999999999999,32.4,45228.0,32.7
06037920043,Census Tract 9200.43; Los Angeles County; California,2.7,6.8,6.7,6.8,36.8,51903.0,35.8
06037920044,Census Tract 9200.44; Los Angeles County; California,3.4,3.8,5.5,4.8,35.8,41068.0,34.8
06037920045,Census Tract 9200.45; Los Angeles County; California,0.0,3.2,6.7,2.6,38.6,60861.0,32.7
06037920046,Census Tract 9200.46; Los Angeles County; California,10.0,2.6,11.2,15.6,30.9,33381.0,41.7
06037920047,Census Tract 9200.47; Los Angeles County; California,27.6,21.9,3.5,31.200000000000003,38.7,19090.0,55.5
06037920048,Census Tract 9200.48; Los Angeles County; California,6.2,10.0,4.5,22.700000000000003,41.7,34372.0,42.3
06037920049,Census Tract 9200.49; Los Angeles County; California,0.0,3.6,4.9,8.4,33.4,54315.0,31.6
06037920050,Census Tract 9200.50; Los Angeles County; California,2.5,14.1,14.5,11.9,34.8,43412.0,43.8
06037920102,Census Tract 9201.02; Los Angeles County; California,2.8,5.7,9.3,10.6,40.4,34958.0,40.4
06037920104,Census Tract 9201.04; Los Angeles County; California,0.4,5.8,11.8,5.9,40.5,46553.0,39.3
06037920106,Census Tract 9201.06; Los Angeles County; California,4.5,2.8,5.1,20.4,38.0,33211.0,38.6
06037920109,Census Tract 9201.09; Los Angeles County; California,1.8,3.1,4.0,5.3,33.599999999999994,61259.0,30.5
06037920110,Census Tract 9201.10; Los Angeles County; California,0.0,1.5,8.0,2.0,28.6,61125.0,29.9
06037920111,Census Tract 9201.11; Los Angeles County; California,0.7,3.2,6.8,5.6,39.0,42617.0,35.3
06037920112,Census Tract 9201.12; Los Angeles County; California,0.3,3.1,8.1,3.5,44.6,52672.0,36.4
06037920114,Census Tract 9201.14; Los Angeles County; California,1.3,2.6,7.4,0.7,27.8,56283.0,30.3
06037920115,Census Tract 9201.15; Los Angeles County; California,3.2,1.8,3.9,6.2,36.7,61979.0,31.6
06037920116,Census Tract 9201.16; Los Angeles County; California,3.8,4.9,4.2,4.0,36.1,49164.0,33.6
06037920118,Census Tract 9201.18; Los Angeles County; California,3.5,1.3,4.9,7.4,39.1,52601.0,34.0
06037920119,Census Tract 9201.19; Los Angeles County; California,1.0,2.8,2.0,6.3,37.400000000000006,53796.0,30.8
06037920120,Census Tract 9201.20; Los Angeles County; California,4.6,4.0,4.4,0.9,40.5,65904.0,33.1
06037920121,Census Tract 9201.21; Los Angeles County; California,1.9,5.5,5.8,1.4,38.6,55703.0,33.8
06037920200,Census Tract 9202; Los Angeles County; California,,,,46.9,1.1,6835.0,36.4
06037920303,Census Tract 9203.03; Los Angeles County; California,4.3,6.5,6.8,5.6,33.1,91251.0,31.3
06037920312,Census Tract 9203.12; Los Angeles County; California,3.9,4.1,6.6,13.2,47.2,42574.0,40.4
06037920313,Census Tract 9203.13; Los Angeles County; California,4.9,1.4,2.3,12.2,39.2,49506.0,34.1
06037920314,Census Tract 9203.14; Los Angeles County; California,2.9,5.9,8.3,4.5,38.0,46922.0,37.1
06037920322,Census Tract 9203.22; Los Angeles County; California,5.5,8.7,11.3,3.2,40.2,55843.0,40.4
06037920326,Census Tract 9203.26; Los Angeles County; California,2.7,1.9,9.4,3.5999999999999996,36.8,62019.0,34.6
06037920328,Census Tract 9203.28; Los Angeles County; California,0.0,13.2,6.0,2.5,35.5,79091.0,32.4
06037920329,Census Tract 9203.29; Los Angeles County; California,0.6,3.1,9.9,1.7,28.9,52396.0,32.7
06037920330,Census Tract 9203.30; Los Angeles County; California,0.0,3.5,0.7,10.9,48.0,59485.0,33.2
06037920331,Census Tract 9203.31; Los Angeles County; California,0.7,3.7,6.8,3.9,38.2,47607.0,34.5
06037920332,Census Tract 9203.32; Los Angeles County; California,7.7,1.4,3.2,7.7,25.9,41508.0,31.8
06037920334,Census Tract 9203.34; Los Angeles County; California,1.1,8.8,11.6,2.2,40.5,52863.0,39.1
06037920338,Census Tract 9203.38; Los Angeles County; California,1.6,3.9,10.5,4.7,39.9,59853.0,36.8
06037920339,Census Tract 9203.39; Los Angeles County; California,1.8,4.8,8.0,1.6,35.0,59157.0,33.6
06037920340,Census Tract 9203.40; Los Angeles County; California,9.3,10.6,7.4,26.6,41.1,28835.0,46.6
06037920341,Census Tract 9203.41; Los Angeles County; California,27.8,17.7,1.9,43.9,36.300000000000004,19198.0,54.6
06037920342,Census Tract 9203.42; Los Angeles County; California,11.2,8.2,6.9,34.8,34.5,28800.0,45.6
06037920343,Census Tract 9203.43; Los Angeles County; California,18.3,6.3,2.3,25.7,32.4,29733.0,42.8
06037930400,Census Tract 9304; Los Angeles County; California,1.4,1.2,7.0,17.1,26.1,46291.0,32.8
06037980001,Census Tract 9800.01; Los Angeles County; California,,,,0.0,0.0,,0.0
06037980002,Census Tract 9800.02; Los Angeles County; California,,,,0.0,0.0,,0.0
06037980003,Census Tract 9800.03; Los Angeles County; California,,,,0.0,0.0,,0.0
06037980004,Census Tract 9800.04; Los Angeles County; California,,,,0.0,0.0,,0.0
06037980005,Census Tract 9800.05; Los Angeles County; California,,,,0.0,0.0,,0.0
06037980006,Census Tract 9800.06; Los Angeles County; California,,,,0.0,0.0,,0.0
06037980007,Census Tract 9800.07; Los Angeles County; California,,,,0.0,0.0,,0.0
06037980008,Census Tract 9800.08; Los Angeles County; California,0.0,100.0,44.4,0.0,59.1,4325.0,95.9
06037980009,Census Tract 9800.09; Los Angeles County; California,,,0.0,0.0,0.0,13840.0,17.9
06037980010,Census Tract 9800.10; Los Angeles County; California,12.0,58.2,1.3,73.2,44.0,19306.0,66.8
06037980011,Census Tract 9800.11; Los Angeles County; California,0.0,34.3,0.0,11.3,31.0,53254.0,37.2
06037980012,Census Tract 9800.12; Los Angeles County; California,,,,0.0,77.8,23374.0,64.3
06037980013,Census Tract 9800.13; Los Angeles County; California,,,,0.0,0.0,,0.0
06037980014,Census Tract 9800.14; Los Angeles County; California,0.0,60.0,0.0,0.0,48.9,18860.0,51.5
06037980015,Census Tract 9800.15; Los Angeles County; California,0.8,31.5,0.2,16.9,20.400000000000002,44519.0,35.4
06037980016,Census Tract 9800.16; Los Angeles County; California,8.8,0.0,8.6,22.5,51.0,20296.0,47.2
06037980017,Census Tract 9800.17; Los Angeles County; California,0.0,64.9,31.3,25.0,39.0,12452.0,74.6
06037980018,Census Tract 9800.18; Los Angeles County; California,,,,0.0,0.0,,0.0
06037980019,Census Tract 9800.19; Los Angeles County; California,0.0,0.0,34.6,0.0,37.9,68028.0,48.3
06037980020,Census Tract 9800.20; Los Angeles County; California,,,,0.0,0.0,,0.0
06037980021,Census Tract 9800.21; Los Angeles County; California,0.0,0.0,0.0,0.0,0.0,46365.0,16.8
06037980022,Census Tract 9800.22; Los Angeles County; California,,,,0.0,0.0,,0.0
06037980023,Census Tract 9800.23; Los Angeles County; California,,,,0.0,0.0,,0.0
06037980024,Census Tract 9800.24; Los Angeles County; California,0.0,0.0,0.0,3.7,39.400000000000006,44993.0,29.4
06037980025,Census Tract 9800.25; Los Angeles County; California,0.0,0.0,13.6,0.0,44.8,42314.0,39.4
06037980026,Census Tract 9800.26; Los Angeles County; California,,,,0.0,72.7,482.0,65.6
06037980028,Census Tract 9800.28; Los Angeles County; California,,,,0.0,0.0,,0.0
06037980030,Census Tract 9800.30; Los Angeles County; California,,,,0.0,0.0,,0.0
06037980031,Census Tract 9800.31; Los Angeles County; California,0.0,0.0,0.0,42.5,11.5,4720.0,31.0
06037980033,Census Tract 9800.33; Los Angeles County; California,,,,100.0,57.1,,100.0
06037980034,Census Tract 9800.34; Los Angeles County; California,,,,0.0,0.0,,0.0
06037980035,Census Tract 9800.35; Los Angeles County; California,7.3,0.0,10.3,19.9,32.4,24820.0,41.2
06037980036,Census Tract 9800.36; Los Angeles County; California,0.0,28.5,6.0,21.0,43.0,28421.0,46.9
06037980037,Census Tract 9800.37; Los Angeles County; California,,,,0.0,0.0,,0.0
06037980038,Census Tract 9800.38; Los Angeles County; California,,,,0.0,0.0,,0.0
06037980039,Census Tract 9800.39; Los Angeles County; California,,,,0.0,0.0,,0.0
06037990100,Census Tract 9901; Los Angeles County; California,,,,0.0,0.0,,0.0
06037990200,Census Tract 9902; Los Angeles County; California,,,,0.0,0.0,,0.0
06037990300,Census Tract 9903; Los Angeles County; California,,,,0.0,0.0,,0.0
