Community Area,Year,Month,ARSON,ASSAULT WITH DEADLY WEAPON ON POLICE OFFICER,"ASSAULT WITH DEADLY WEAPON, AGGRAVATED ASSAULT",ATTEMPTED ROBBERY,BATTERY - SIMPLE ASSAULT,BATTERY ON A FIREFIGHTER,BATTERY POLICE (SIMPLE),BATTERY WITH SEXUAL CONTACT,BIKE - STOLEN,BOAT - STOLEN,BOMB SCARE,BRANDISH WEAPON,"BUNCO, ATTEMPT","BUNCO, GRAND THEFT","BUNCO, PETTY THEFT",BURGLARY,BURGLARY FROM VEHICLE,"BURGLARY FROM VEHICLE, ATTEMPTED","BURGLARY, ATTEMPTED",CHILD ABANDONMENT,CHILD ABUSE (PHYSICAL) - AGGRAVATED ASSAULT,CHILD ABUSE (PHYSICAL) - SIMPLE ASSAULT,CHILD ANNOYING (17YRS & UNDER),CHILD NEGLECT (SEE 300 W.I.C.),CHILD PORNOGRAPHY,CHILD STEALING,CONSPIRACY,CONTEMPT OF COURT,CONTRIBUTING,COUNTERFEIT,"CREDIT CARDS, FRAUD USE ($950 & UNDER","CREDIT CARDS, FRAUD USE ($950.01 & OVER)",CRIMINAL HOMICIDE,CRIMINAL THREATS - NO WEAPON DISPLAYED,CRM AGNST CHLD (13 OR UNDER) (14-15 & SUSP 10 YRS OLDER),CRUELTY TO ANIMALS,"DEFRAUDING INNKEEPER/THEFT OF SERVICES, $950 & UNDER","DEFRAUDING INNKEEPER/THEFT OF SERVICES, OVER $950.01",DISCHARGE FIREARMS/SHOTS FIRED,DISHONEST EMPLOYEE - GRAND THEFT,DISHONEST EMPLOYEE - PETTY THEFT,DISHONEST EMPLOYEE ATTEMPTED THEFT,DISRUPT SCHOOL,DISTURBING THE PEACE,DOCUMENT FORGERY / STOLEN FELONY,DOCUMENT WORTHLESS ($200.01 & OVER),DRIVING WITHOUT OWNER CONSENT (DWOC),"DRUGS, TO A MINOR",DRUNK ROLL,DRUNK ROLL - ATTEMPT,"EMBEZZLEMENT, GRAND THEFT ($950.01 & OVER)","EMBEZZLEMENT, PETTY THEFT ($950 & UNDER)",EXTORTION,FAILURE TO DISPERSE,FAILURE TO YIELD,FALSE IMPRISONMENT,FALSE POLICE REPORT,GRAND THEFT / INSURANCE FRAUD,HUMAN TRAFFICKING - COMMERCIAL SEX ACTS,HUMAN TRAFFICKING - INVOLUNTARY SERVITUDE,ILLEGAL DUMPING,INCEST (SEXUAL ACTS BETWEEN BLOOD RELATIVES),INCITING A RIOT,INDECENT EXPOSURE,INTIMATE PARTNER - AGGRAVATED ASSAULT,INTIMATE PARTNER - SIMPLE ASSAULT,KIDNAPPING,KIDNAPPING - GRAND ATTEMPT,"LETTERS, LEWD  -  TELEPHONE CALLS, LEWD",LEWD CONDUCT,LEWD/LASCIVIOUS ACTS WITH CHILD,LYNCHING,ORAL COPULATION,OTHER ASSAULT,OTHER MISCELLANEOUS CRIME,PANDERING,PEEPING TOM,PICKPOCKET,"PICKPOCKET, ATTEMPT",PIMPING,PROWLER,PURSE SNATCHING,PURSE SNATCHING - ATTEMPT,"RAPE, ATTEMPTED","RAPE, FORCIBLE",RECKLESS DRIVING,"REPLICA FIREARMS(SALE,DISPLAY,MANUFACTURE OR DISTRIBUTE)",RESISTING ARREST,ROBBERY,SEX OFFENDER REGISTRANT OUT OF COMPLIANCE,"SEX,UNLAWFUL(INC MUTUAL CONSENT, PENETRATION W/ FRGN OBJ",SEXUAL PENETRATION W/FOREIGN OBJECT,SHOPLIFTING - ATTEMPT,SHOPLIFTING - PETTY THEFT ($950 & UNDER),SHOPLIFTING-GRAND THEFT ($950.01 & OVER),SHOTS FIRED AT INHABITED DWELLING,"SHOTS FIRED AT MOVING VEHICLE, TRAIN OR AIRCRAFT",SODOMY/SEXUAL CONTACT B/W PENIS OF ONE PERS TO ANUS OTH,STALKING,TELEPHONE PROPERTY - DAMAGE,THEFT FROM MOTOR VEHICLE - ATTEMPT,THEFT FROM MOTOR VEHICLE - GRAND ($950.01 AND OVER),THEFT FROM MOTOR VEHICLE - PETTY ($950 & UNDER),THEFT FROM PERSON - ATTEMPT,THEFT OF IDENTITY,THEFT PLAIN - ATTEMPT,THEFT PLAIN - PETTY ($950 & UNDER),"THEFT, COIN MACHINE - ATTEMPT","THEFT, COIN MACHINE - GRAND ($950.01 & OVER)","THEFT, COIN MACHINE - PETTY ($950 & UNDER)","THEFT, PERSON","THEFT-GRAND ($950.01 & OVER)EXCPT,GUNS,FOWL,LIVESTK,PROD",THREATENING PHONE CALLS/LETTERS,THROWING OBJECT AT MOVING VEHICLE,TILL TAP - GRAND THEFT ($950.01 & OVER),TILL TAP - PETTY ($950 & UNDER),TRAIN WRECKING,TRESPASSING,UNAUTHORIZED COMPUTER ACCESS,"VANDALISM - FELONY ($400 & OVER, ALL CHURCH VANDALISMS)",VANDALISM - MISDEAMEANOR ($399 OR UNDER),VEHICLE - ATTEMPT STOLEN,VEHICLE - STOLEN,"VEHICLE, STOLEN - OTHER (MOTORIZED SCOOTERS, BIKES, ETC)",VIOLATION OF COURT ORDER,VIOLATION OF RESTRAINING ORDER,VIOLATION OF TEMPORARY RESTRAINING ORDER,WEAPONS POSSESSION/BOMBING
77th Street,2024,1,6.0,0.0,102.0,6.0,99.0,0.0,3.0,3.0,0.0,0.0,0.0,23.0,0.0,5.0,0.0,59.0,34.0,0.0,3.0,0.0,2.0,6.0,0.0,0.0,0.0,1.0,0.0,8.0,0.0,0.0,0.0,0.0,3.0,23.0,2.0,0.0,0.0,0.0,5.0,0.0,0.0,0.0,0.0,0.0,0.0,0.0,0.0,0.0,0.0,0.0,1.0,1.0,1.0,0.0,15.0,0.0,0.0,0.0,6.0,2.0,0.0,0.0,0.0,0.0,28.0,75.0,1.0,0.0,7.0,1.0,0.0,0.0,0.0,3.0,5.0,0.0,0.0,2.0,0.0,0.0,0.0,0.0,0.0,0.0,5.0,0.0,0.0,3.0,66.0,1.0,2.0,0.0,0.0,4.0,4.0,5.0,3.0,1.0,2.0,0.0,1.0,31.0,38.0,0.0,44.0,1.0,40.0,0.0,0.0,0.0,10.0,10.0,0.0,0.0,0.0,0.0,0.0,8.0,0.0,56.0,13.0,6.0,161.0,0.0,2.0,15.0,0.0,0.0
77th Street,2024,2,0.0,0.0,84.0,3.0,80.0,0.0,6.0,3.0,0.0,0.0,0.0,28.0,0.0,3.0,1.0,43.0,30.0,0.0,4.0,0.0,0.0,4.0,1.0,2.0,1.0,2.0,0.0,7.0,0.0,0.0,0.0,0.0,4.0,25.0,1.0,0.0,1.0,0.0,13.0,0.0,0.0,0.0,0.0,1.0,2.0,0.0,1.0,0.0,0.0,0.0,0.0,0.0,6.0,0.0,9.0,0.0,1.0,0.0,4.0,2.0,0.0,0.0,0.0,0.0,25.0,68.0,1.0,0.0,8.0,1.0,0.0,0.0,1.0,11.0,4.0,0.0,1.0,2.0,0.0,1.0,0.0,1.0,0.0,0.0,2.0,1.0,0.0,2.0,58.0,0.0,1.0,0.0,0.0,10.0,1.0,3.0,2.0,2.0,0.0,0.0,0.0,31.0,33.0,0.0,42.0,0.0,33.0,0.0,0.0,0.0,12.0,11.0,0.0,1.0,0.0,0.0,0.0,4.0,0.0,41.0,18.0,5.0,113.0,0.0,2.0,9.0,0.0,0.0
77th Street,2024,3,5.0,5.0,116.0,9.0,110.0,0.0,2.0,6.0,1.0,2.0,0.0,28.0,0.0,3.0,1.0,60.0,31.0,1.0,4.0,0.0,1.0,12.0,0.0,1.0,1.0,0.0,0.0,8.0,0.0,0.0,1.0,0.0,5.0,27.0,1.0,1.0,0.0,0.0,9.0,0.0,0.0,0.0,0.0,0.0,2.0,0.0,1.0,0.0,0.0,0.0,1.0,0.0,1.0,0.0,7.0,0.0,0.0,1.0,5.0,0.0,0.0,0.0,0.0,0.0,30.0,54.0,0.0,0.0,6.0,1.0,0.0,0.0,1.0,2.0,7.0,0.0,0.0,1.0,0.0,1.0,0.0,0.0,0.0,0.0,5.0,1.0,0.0,0.0,62.0,0.0,1.0,1.0,0.0,7.0,1.0,5.0,1.0,0.0,1.0,0.0,0.0,20.0,40.0,0.0,67.0,2.0,23.0,0.0,0.0,1.0,10.0,15.0,0.0,1.0,0.0,0.0,0.0,5.0,0.0,52.0,18.0,6.0,149.0,0.0,2.0,16.0,0.0,0.0
77th Street,2024,4,6.0,1.0,109.0,11.0,108.0,0.0,5.0,1.0,1.0,0.0,0.0,20.0,0.0,3.0,1.0,34.0,20.0,0.0,2.0,0.0,0.0,5.0,2.0,1.0,0.0,4.0,0.0,13.0,0.0,0.0,0.0,0.0,3.0,35.0,1.0,0.0,0.0,0.0,8.0,0.0,0.0,0.0,0.0,0.0,0.0,0.0,0.0,0.0,0.0,0.0,1.0,0.0,2.0,0.0,6.0,2.0,0.0,0.0,8.0,0.0,0.0,0.0,0.0,0.0,31.0,83.0,0.0,0.0,2.0,2.0,0.0,0.0,0.0,4.0,11.0,0.0,0.0,2.0,0.0,0.0,0.0,0.0,0.0,0.0,6.0,0.0,0.0,1.0,63.0,0.0,0.0,0.0,0.0,4.0,2.0,3.0,0.0,0.0,1.0,0.0,0.0,25.0,29.0,0.0,30.0,0.0,29.0,1.0,0.0,0.0,12.0,23.0,0.0,2.0,0.0,0.0,0.0,2.0,0.0,51.0,15.0,9.0,141.0,0.0,1.0,11.0,0.0,0.0
77th Street,2024,5,1.0,0.0,35.0,1.0,24.0,0.0,0.0,2.0,1.0,0.0,0.0,3.0,0.0,0.0,0.0,9.0,22.0,0.0,1.0,0.0,0.0,2.0,0.0,0.0,1.0,2.0,0.0,1.0,0.0,0.0,0.0,0.0,0.0,5.0,0.0,1.0,0.0,0.0,1.0,0.0,0.0,0.0,0.0,1.0,0.0,0.0,0.0,0.0,0.0,0.0,0.0,0.0,1.0,0.0,5.0,0.0,1.0,0.0,0.0,1.0,0.0,0.0,0.0,1.0,4.0,16.0,2.0,0.0,8.0,0.0,0.0,0.0,0.0,1.0,0.0,0.0,0.0,0.0,0.0,0.0,0.0,0.0,0.0,0.0,0.0,0.0,0.0,3.0,20.0,0.0,0.0,1.0,0.0,3.0,2.0,1.0,0.0,0.0,0.0,0.0,0.0,22.0,20.0,0.0,27.0,0.0,11.0,0.0,0.0,0.0,0.0,19.0,0.0,0.0,0.0,0.0,0.0,2.0,0.0,48.0,5.0,4.0,165.0,0.0,0.0,9.0,0.0,0.0
77th Street,2024,6,0.0,0.0,7.0,0.0,0.0,0.0,0.0,0.0,4.0,0.0,0.0,0.0,0.0,0.0,0.0,3.0,21.0,0.0,0.0,0.0,0.0,0.0,0.0,0.0,0.0,0.0,0.0,0.0,0.0,0.0,0.0,0.0,1.0,0.0,0.0,0.0,0.0,0.0,0.0,0.0,0.0,0.0,0.0,0.0,0.0,0.0,0.0,0.0,0.0,0.0,0.0,0.0,0.0,0.0,5.0,0.0,0.0,0.0,1.0,0.0,0.0,0.0,0.0,0.0,2.0,0.0,0.0,0.0,3.0,0.0,0.0,0.0,0.0,0.0,0.0,2.0,0.0,0.0,0.0,0.0,0.0,0.0,0.0,0.0,0.0,0.0,0.0,1.0,4.0,0.0,0.0,0.0,0.0,3.0,1.0,0.0,0.0,0.0,0.0,0.0,0.0,17.0,37.0,0.0,27.0,0.0,21.0,0.0,0.0,0.0,0.0,13.0,0.0,0.0,0.0,0.0,0.0,1.0,0.0,25.0,11.0,0.0,135.0,0.0,0.0,0.0,0.0,0.0
77th Street,2024,7,1.0,0.0,7.0,1.0,0.0,0.0,1.0,0.0,2.0,0.0,0.0,3.0,0.0,0.0,0.0,3.0,11.0,0.0,1.0,0.0,0.0,0.0,0.0,0.0,0.0,3.0,0.0,0.0,0.0,0.0,0.0,0.0,1.0,0.0,0.0,0.0,0.0,0.0,0.0,0.0,0.0,0.0,0.0,0.0,0.0,0.0,0.0,0.0,0.0,0.0,0.0,0.0,0.0,0.0,4.0,0.0,0.0,0.0,1.0,0.0,0.0,0.0,0.0,0.0,0.0,0.0,3.0,0.0,7.0,0.0,0.0,0.0,0.0,0.0,0.0,0.0,0.0,0.0,0.0,0.0,0.0,0.0,0.0,0.0,0.0,0.0,0.0,0.0,10.0,0.0,0.0,0.0,0.0,8.0,0.0,0.0,1.0,0.0,0.0,0.0,0.0,19.0,37.0,0.0,14.0,0.0,19.0,0.0,0.0,0.0,0.0,19.0,0.0,0.0,0.0,0.0,0.0,2.0,0.0,27.0,8.0,0.0,150.0,0.0,0.0,2.0,0.0,0.0
77th Street,2024,8,0.0,0.0,2.0,1.0,2.0,0.0,1.0,1.0,0.0,0.0,0.0,0.0,0.0,0.0,0.0,2.0,22.0,0.0,0.0,0.0,0.0,0.0,0.0,0.0,0.0,0.0,0.0,0.0,0.0,0.0,0.0,0.0,0.0,0.0,0.0,0.0,0.0,0.0,0.0,0.0,0.0,0.0,0.0,0.0,0.0,0.0,0.0,0.0,0.0,0.0,2.0,0.0,0.0,0.0,2.0,0.0,0.0,0.0,0.0,0.0,0.0,0.0,0.0,0.0,0.0,1.0,3.0,0.0,10.0,0.0,0.0,0.0,0.0,0.0,2.0,0.0,0.0,0.0,0.0,0.0,0.0,0.0,0.0,0.0,0.0,0.0,0.0,0.0,3.0,0.0,0.0,0.0,0.0,3.0,2.0,0.0,0.0,0.0,0.0,0.0,0.0,15.0,25.0,0.0,25.0,0.0,19.0,0.0,0.0,0.0,0.0,9.0,0.0,0.0,0.0,0.0,0.0,1.0,0.0,21.0,9.0,0.0,135.0,1.0,0.0,0.0,0.0,0.0
77th Street,2024,9,0.0,0.0,12.0,1.0,0.0,0.0,0.0,0.0,0.0,0.0,0.0,1.0,0.0,0.0,0.0,1.0,26.0,0.0,0.0,0.0,0.0,0.0,0.0,0.0,0.0,0.0,0.0,0.0,0.0,0.0,0.0,0.0,1.0,0.0,0.0,0.0,0.0,0.0,0.0,0.0,0.0,0.0,0.0,0.0,0.0,0.0,1.0,0.0,0.0,0.0,2.0,0.0,0.0,0.0,3.0,0.0,0.0,0.0,0.0,0.0,0.0,0.0,0.0,0.0,0.0,0.0,0.0,0.0,0.0,0.0,0.0,0.0,0.0,0.0,1.0,0.0,0.0,0.0,0.0,1.0,0.0,0.0,0.0,0.0,0.0,0.0,0.0,1.0,6.0,0.0,1.0,0.0,0.0,4.0,0.0,0.0,0.0,0.0,0.0,0.0,0.0,14.0,30.0,0.0,40.0,0.0,26.0,0.0,0.0,0.0,0.0,22.0,0.0,0.0,0.0,0.0,0.0,3.0,0.0,33.0,4.0,0.0,130.0,0.0,0.0,0.0,0.0,0.0
77th Street,2024,10,0.0,0.0,1.0,0.0,0.0,0.0,0.0,0.0,1.0,0.0,0.0,0.0,0.0,0.0,0.0,2.0,16.0,0.0,0.0,0.0,0.0,0.0,0.0,0.0,0.0,0.0,0.0,0.0,0.0,0.0,0.0,0.0,0.0,0.0,0.0,0.0,0.0,0.0,0.0,0.0,0.0,0.0,0.0,0.0,0.0,0.0,1.0,0.0,0.0,0.0,0.0,0.0,0.0,0.0,1.0,0.0,0.0,0.0,0.0,0.0,0.0,0.0,0.0,0.0,0.0,0.0,0.0,0.0,2.0,0.0,0.0,0.0,0.0,0.0,1.0,0.0,0.0,1.0,0.0,0.0,0.0,0.0,0.0,0.0,0.0,0.0,0.0,0.0,4.0,1.0,0.0,0.0,0.0,4.0,0.0,0.0,0.0,0.0,0.0,0.0,0.0,14.0,29.0,0.0,19.0,0.0,21.0,0.0,0.0,0.0,0.0,12.0,0.0,0.0,0.0,0.0,0.0,2.0,0.0,30.0,5.0,0.0,126.0,0.0,0.0,0.0,0.0,0.0
77th Street,2024,11,0.0,2.0,8.0,0.0,1.0,0.0,0.0,0.0,1.0,0.0,0.0,0.0,0.0,0.0,0.0,0.0,15.0,1.0,0.0,0.0,0.0,0.0,0.0,1.0,0.0,0.0,0.0,0.0,0.0,0.0,0.0,0.0,0.0,0.0,0.0,0.0,0.0,0.0,0.0,0.0,0.0,0.0,0.0,0.0,0.0,0.0,1.0,0.0,0.0,0.0,0.0,0.0,0.0,0.0,2.0,0.0,0.0,0.0,2.0,0.0,0.0,0.0,0.0,0.0,0.0,0.0,0.0,0.0,3.0,0.0,0.0,0.0,1.0,0.0,1.0,1.0,0.0,0.0,0.0,1.0,0.0,0.0,0.0,0.0,0.0,0.0,0.0,0.0,2.0,0.0,0.0,0.0,0.0,10.0,0.0,0.0,0.0,0.0,0.0,0.0,0.0,16.0,31.0,0.0,23.0,0.0,23.0,0.0,0.0,0.0,0.0,14.0,0.0,0.0,0.0,0.0,0.0,0.0,0.0,35.0,8.0,0.0,104.0,0.0,0.0,0.0,0.0,0.0
77th Street,2024,12,0.0,0.0,1.0,0.0,0.0,0.0,0.0,0.0,2.0,0.0,0.0,0.0,0.0,0.0,0.0,2.0,16.0,0.0,0.0,0.0,0.0,0.0,0.0,0.0,0.0,0.0,0.0,0.0,0.0,0.0,0.0,0.0,0.0,1.0,0.0,0.0,0.0,0.0,0.0,0.0,0.0,0.0,0.0,0.0,0.0,0.0,0.0,0.0,0.0,0.0,0.0,0.0,1.0,0.0,2.0,0.0,0.0,0.0,2.0,0.0,0.0,0.0,0.0,0.0,0.0,0.0,0.0,0.0,1.0,0.0,0.0,0.0,1.0,0.0,0.0,1.0,0.0,1.0,0.0,0.0,0.0,0.0,0.0,0.0,0.0,0.0,0.0,0.0,1.0,0.0,0.0,0.0,0.0,5.0,1.0,0.0,0.0,0.0,0.0,0.0,0.0,14.0,14.0,0.0,15.0,0.0,21.0,0.0,0.0,0.0,0.0,8.0,0.0,0.0,0.0,0.0,0.0,0.0,0.0,16.0,6.0,0.0,36.0,0.0,0.0,0.0,0.0,0.0
Central,2024,1,6.0,0.0,85.0,5.0,138.0,1.0,4.0,4.0,5.0,0.0,1.0,39.0,0.0,3.0,1.0,52.0,143.0,1.0,6.0,0.0,0.0,1.0,0.0,0.0,0.0,0.0,0.0,0.0,0.0,0.0,0.0,0.0,1.0,17.0,1.0,0.0,0.0,0.0,1.0,0.0,0.0,0.0,0.0,1.0,3.0,0.0,0.0,0.0,0.0,0.0,6.0,0.0,2.0,0.0,4.0,0.0,0.0,0.0,0.0,0.0,0.0,0.0,0.0,0.0,14.0,38.0,0.0,0.0,16.0,2.0,0.0,0.0,1.0,5.0,17.0,0.0,0.0,18.0,0.0,0.0,1.0,0.0,0.0,1.0,5.0,0.0,0.0,1.0,49.0,1.0,0.0,2.0,0.0,77.0,5.0,1.0,0.0,3.0,0.0,0.0,0.0,19.0,39.0,0.0,22.0,1.0,89.0,0.0,0.0,0.0,10.0,72.0,0.0,2.0,0.0,0.0,0.0,197.0,0.0,79.0,33.0,8.0,99.0,2.0,1.0,9.0,1.0,0.0
Central,2024,2,5.0,4.0,64.0,5.0,108.0,0.0,6.0,5.0,6.0,0.0,2.0,22.0,2.0,5.0,2.0,33.0,132.0,1.0,4.0,0.0,1.0,4.0,0.0,0.0,0.0,0.0,0.0,0.0,0.0,0.0,0.0,0.0,0.0,24.0,0.0,1.0,2.0,0.0,2.0,0.0,0.0,0.0,0.0,0.0,2.0,0.0,0.0,0.0,0.0,0.0,2.0,0.0,1.0,0.0,2.0,0.0,0.0,0.0,0.0,0.0,0.0,0.0,0.0,3.0,12.0,43.0,0.0,0.0,8.0,1.0,1.0,0.0,0.0,15.0,4.0,0.0,0.0,12.0,0.0,0.0,0.0,0.0,0.0,0.0,3.0,0.0,0.0,2.0,50.0,0.0,2.0,0.0,0.0,81.0,4.0,0.0,0.0,2.0,0.0,0.0,0.0,22.0,36.0,1.0,20.0,3.0,77.0,0.0,0.0,0.0,10.0,72.0,1.0,0.0,0.0,0.0,0.0,107.0,0.0,84.0,28.0,7.0,86.0,10.0,5.0,3.0,0.0,0.0
Central,2024,3,7.0,0.0,16.0,3.0,50.0,0.0,4.0,2.0,2.0,0.0,0.0,4.0,0.0,1.0,0.0,9.0,106.0,1.0,0.0,0.0,0.0,0.0,0.0,0.0,0.0,0.0,0.0,0.0,0.0,0.0,0.0,0.0,0.0,7.0,0.0,0.0,0.0,0.0,0.0,0.0,0.0,0.0,0.0,0.0,1.0,0.0,0.0,0.0,0.0,0.0,5.0,0.0,0.0,3.0,2.0,0.0,0.0,0.0,0.0,0.0,0.0,0.0,0.0,0.0,3.0,11.0,0.0,0.0,5.0,1.0,0.0,0.0,2.0,5.0,3.0,0.0,0.0,22.0,0.0,1.0,0.0,0.0,0.0,0.0,2.0,0.0,0.0,3.0,8.0,0.0,0.0,0.0,0.0,78.0,3.0,0.0,0.0,0.0,0.0,0.0,0.0,12.0,18.0,0.0,22.0,1.0,54.0,0.0,0.0,0.0,1.0,47.0,0.0,0.0,0.0,0.0,0.0,105.0,0.0,60.0,39.0,4.0,105.0,6.0,0.0,2.0,0.0,0.0
Central,2024,4,3.0,0.0,4.0,1.0,32.0,0.0,4.0,2.0,7.0,0.0,0.0,1.0,0.0,0.0,1.0,3.0,88.0,0.0,0.0,0.0,0.0,0.0,0.0,0.0,0.0,0.0,0.0,0.0,0.0,0.0,0.0,0.0,0.0,2.0,0.0,0.0,0.0,0.0,0.0,0.0,0.0,0.0,0.0,1.0,0.0,0.0,0.0,0.0,0.0,0.0,2.0,0.0,0.0,0.0,1.0,0.0,0.0,0.0,0.0,0.0,0.0,0.0,0.0,1.0,2.0,1.0,0.0,0.0,4.0,0.0,0.0,0.0,1.0,2.0,1.0,0.0,0.0,14.0,0.0,0.0,0.0,0.0,0.0,0.0,1.0,0.0,0.0,2.0,4.0,0.0,0.0,0.0,0.0,81.0,5.0,0.0,0.0,0.0,0.0,0.0,0.0,12.0,21.0,0.0,17.0,1.0,43.0,0.0,0.0,0.0,1.0,21.0,0.0,0.0,0.0,0.0,0.0,64.0,1.0,55.0,14.0,1.0,84.0,5.0,0.0,0.0,0.0,0.0
Central,2024,5,0.0,1.0,7.0,0.0,16.0,0.0,2.0,2.0,7.0,0.0,0.0,3.0,0.0,1.0,0.0,1.0,87.0,0.0,0.0,0.0,0.0,0.0,0.0,0.0,0.0,0.0,0.0,0.0,0.0,0.0,0.0,0.0,0.0,0.0,0.0,0.0,4.0,0.0,1.0,0.0,0.0,0.0,0.0,0.0,1.0,0.0,0.0,0.0,1.0,0.0,1.0,2.0,0.0,0.0,2.0,0.0,0.0,0.0,0.0,0.0,0.0,0.0,0.0,1.0,1.0,1.0,0.0,0.0,5.0,0.0,0.0,0.0,0.0,2.0,1.0,0.0,0.0,14.0,0.0,0.0,0.0,0.0,0.0,0.0,1.0,0.0,0.0,0.0,10.0,0.0,0.0,0.0,0.0,57.0,3.0,0.0,0.0,0.0,0.0,0.0,0.0,11.0,22.0,0.0,16.0,0.0,45.0,0.0,0.0,0.0,0.0,31.0,0.0,0.0,0.0,0.0,0.0,125.0,0.0,49.0,18.0,0.0,98.0,11.0,0.0,0.0,0.0,0.0
Central,2024,6,0.0,0.0,0.0,0.0,8.0,1.0,0.0,0.0,7.0,0.0,0.0,1.0,0.0,1.0,0.0,0.0,104.0,0.0,0.0,0.0,1.0,0.0,0.0,0.0,0.0,0.0,0.0,0.0,0.0,0.0,0.0,0.0,0.0,0.0,0.0,0.0,1.0,0.0,1.0,0.0,0.0,0.0,0.0,0.0,0.0,0.0,0.0,0.0,0.0,0.0,3.0,0.0,0.0,0.0,1.0,0.0,0.0,0.0,0.0,0.0,0.0,0.0,0.0,0.0,0.0,1.0,0.0,0.0,7.0,0.0,0.0,0.0,0.0,0.0,2.0,0.0,0.0,23.0,0.0,0.0,0.0,0.0,0.0,0.0,0.0,1.0,0.0,0.0,1.0,1.0,0.0,0.0,0.0,76.0,2.0,0.0,0.0,0.0,0.0,0.0,0.0,11.0,21.0,0.0,14.0,0.0,90.0,0.0,0.0,0.0,0.0,29.0,0.0,0.0,0.0,0.0,0.0,275.0,0.0,56.0,15.0,0.0,104.0,9.0,0.0,0.0,0.0,0.0
Central,2024,7,0.0,0.0,2.0,0.0,5.0,1.0,0.0,0.0,6.0,0.0,0.0,0.0,0.0,0.0,0.0,1.0,103.0,0.0,0.0,0.0,0.0,0.0,0.0,0.0,0.0,0.0,0.0,0.0,0.0,0.0,0.0,0.0,0.0,0.0,0.0,0.0,0.0,0.0,0.0,0.0,0.0,0.0,0.0,0.0,1.0,0.0,0.0,0.0,0.0,0.0,5.0,0.0,0.0,0.0,2.0,0.0,0.0,0.0,0.0,0.0,0.0,0.0,0.0,0.0,1.0,0.0,1.0,0.0,5.0,0.0,0.0,0.0,0.0,1.0,4.0,0.0,0.0,28.0,0.0,0.0,0.0,0.0,0.0,0.0,0.0,0.0,0.0,0.0,6.0,0.0,0.0,0.0,0.0,70.0,3.0,0.0,0.0,0.0,0.0,0.0,0.0,13.0,20.0,0.0,15.0,0.0,82.0,0.0,0.0,0.0,0.0,53.0,0.0,0.0,0.0,0.0,0.0,413.0,0.0,46.0,27.0,0.0,119.0,7.0,0.0,0.0,0.0,0.0
Central,2024,8,0.0,0.0,1.0,0.0,3.0,0.0,0.0,0.0,9.0,0.0,0.0,0.0,0.0,0.0,0.0,1.0,125.0,0.0,0.0,0.0,0.0,0.0,0.0,0.0,0.0,0.0,0.0,0.0,0.0,0.0,0.0,0.0,0.0,0.0,0.0,0.0,1.0,0.0,0.0,0.0,0.0,0.0,0.0,0.0,0.0,0.0,1.0,0.0,0.0,0.0,0.0,0.0,0.0,0.0,1.0,0.0,0.0,0.0,0.0,0.0,0.0,0.0,0.0,0.0,0.0,0.0,0.0,0.0,1.0,0.0,0.0,0.0,0.0,0.0,2.0,0.0,0.0,16.0,0.0,0.0,0.0,0.0,0.0,0.0,0.0,0.0,0.0,0.0,1.0,1.0,0.0,0.0,1.0,51.0,4.0,0.0,0.0,0.0,0.0,0.0,0.0,14.0,25.0,0.0,9.0,0.0,69.0,0.0,0.0,0.0,1.0,53.0,0.0,0.0,0.0,0.0,0.0,392.0,0.0,57.0,23.0,0.0,121.0,5.0,0.0,0.0,0.0,0.0
Central,2024,9,0.0,0.0,1.0,1.0,3.0,0.0,0.0,0.0,3.0,0.0,0.0,0.0,0.0,0.0,0.0,1.0,121.0,2.0,0.0,0.0,0.0,0.0,0.0,0.0,0.0,2.0,0.0,0.0,0.0,0.0,0.0,0.0,0.0,0.0,0.0,1.0,1.0,0.0,0.0,0.0,0.0,0.0,0.0,0.0,0.0,0.0,0.0,0.0,1.0,0.0,3.0,0.0,0.0,0.0,0.0,0.0,0.0,0.0,0.0,0.0,0.0,0.0,0.0,0.0,0.0,0.0,0.0,0.0,6.0,0.0,0.0,0.0,0.0,0.0,2.0,0.0,0.0,38.0,0.0,0.0,0.0,0.0,0.0,0.0,0.0,0.0,0.0,0.0,2.0,1.0,0.0,0.0,0.0,39.0,5.0,0.0,0.0,0.0,0.0,0.0,0.0,13.0,17.0,0.0,26.0,0.0,53.0,0.0,0.0,0.0,0.0,33.0,0.0,0.0,0.0,0.0,0.0,168.0,0.0,54.0,9.0,2.0,95.0,15.0,0.0,0.0,0.0,0.0
Central,2024,10,0.0,0.0,3.0,0.0,4.0,0.0,0.0,0.0,2.0,0.0,0.0,0.0,0.0,1.0,0.0,1.0,145.0,0.0,0.0,0.0,0.0,0.0,0.0,1.0,0.0,0.0,0.0,0.0,0.0,0.0,0.0,0.0,0.0,0.0,0.0,0.0,0.0,0.0,0.0,0.0,0.0,0.0,0.0,0.0,0.0,0.0,0.0,0.0,2.0,0.0,1.0,0.0,0.0,0.0,0.0,0.0,0.0,0.0,0.0,0.0,0.0,0.0,0.0,0.0,0.0,0.0,2.0,0.0,6.0,0.0,0.0,0.0,0.0,1.0,0.0,0.0,0.0,26.0,0.0,0.0,0.0,0.0,0.0,0.0,0.0,0.0,0.0,0.0,8.0,0.0,0.0,0.0,0.0,32.0,2.0,0.0,0.0,0.0,0.0,0.0,0.0,15.0,15.0,0.0,14.0,0.0,57.0,0.0,0.0,0.0,0.0,54.0,0.0,0.0,0.0,0.0,0.0,128.0,0.0,43.0,19.0,0.0,112.0,6.0,0.0,0.0,0.0,0.0
Central,2024,11,1.0,0.0,2.0,0.0,4.0,0.0,1.0,1.0,7.0,0.0,0.0,0.0,0.0,0.0,0.0,0.0,152.0,2.0,0.0,0.0,0.0,0.0,0.0,0.0,0.0,0.0,0.0,0.0,0.0,0.0,0.0,0.0,0.0,0.0,0.0,0.0,0.0,0.0,0.0,0.0,0.0,0.0,0.0,0.0,0.0,0.0,0.0,0.0,1.0,0.0,0.0,0.0,0.0,0.0,1.0,0.0,0.0,0.0,0.0,0.0,0.0,0.0,0.0,0.0,0.0,0.0,0.0,0.0,4.0,0.0,0.0,0.0,0.0,3.0,3.0,0.0,0.0,19.0,0.0,0.0,0.0,0.0,0.0,0.0,0.0,0.0,0.0,0.0,3.0,1.0,0.0,0.0,0.0,35.0,2.0,0.0,0.0,0.0,0.0,0.0,0.0,8.0,25.0,0.0,16.0,0.0,53.0,0.0,0.0,0.0,0.0,33.0,0.0,0.0,0.0,0.0,0.0,38.0,0.0,46.0,19.0,0.0,97.0,7.0,1.0,0.0,0.0,0.0
Central,2024,12,0.0,0.0,1.0,0.0,2.0,0.0,0.0,0.0,5.0,0.0,0.0,1.0,0.0,0.0,0.0,0.0,145.0,0.0,0.0,0.0,0.0,0.0,0.0,0.0,0.0,0.0,0.0,0.0,0.0,0.0,0.0,0.0,0.0,0.0,0.0,0.0,0.0,0.0,0.0,0.0,0.0,0.0,0.0,0.0,0.0,0.0,0.0,0.0,0.0,0.0,0.0,0.0,0.0,0.0,1.0,0.0,0.0,0.0,0.0,0.0,0.0,0.0,0.0,0.0,0.0,0.0,0.0,0.0,2.0,0.0,0.0,0.0,0.0,0.0,2.0,0.0,0.0,9.0,0.0,0.0,0.0,0.0,0.0,0.0,0.0,0.0,0.0,0.0,3.0,0.0,0.0,0.0,0.0,18.0,4.0,0.0,0.0,0.0,0.0,0.0,0.0,16.0,12.0,0.0,14.0,0.0,50.0,0.0,0.0,0.0,0.0,23.0,0.0,0.0,0.0,0.0,0.0,42.0,0.0,38.0,21.0,0.0,51.0,3.0,0.0,0.0,0.0,0.0
Devonshire,2024,1,0.0,0.0,38.0,2.0,52.0,0.0,0.0,0.0,0.0,0.0,1.0,5.0,0.0,9.0,1.0,81.0,74.0,0.0,8.0,0.0,2.0,4.0,4.0,1.0,1.0,0.0,0.0,1.0,0.0,0.0,0.0,0.0,3.0,9.0,2.0,0.0,0.0,0.0,0.0,0.0,0.0,1.0,0.0,7.0,4.0,0.0,0.0,0.0,0.0,0.0,3.0,1.0,1.0,0.0,2.0,2.0,0.0,0.0,0.0,0.0,0.0,0.0,0.0,0.0,9.0,30.0,0.0,1.0,4.0,1.0,0.0,0.0,0.0,4.0,7.0,0.0,0.0,1.0,0.0,0.0,0.0,0.0,0.0,0.0,1.0,1.0,0.0,0.0,12.0,0.0,0.0,0.0,0.0,60.0,10.0,1.0,0.0,0.0,0.0,0.0,1.0,25.0,36.0,0.0,61.0,1.0,32.0,0.0,0.0,0.0,4.0,32.0,1.0,0.0,0.0,0.0,0.0,17.0,0.0,32.0,18.0,6.0,70.0,4.0,6.0,12.0,0.0,0.0
Devonshire,2024,2,1.0,0.0,25.0,2.0,59.0,1.0,0.0,5.0,1.0,0.0,0.0,7.0,0.0,9.0,0.0,81.0,45.0,0.0,8.0,0.0,0.0,5.0,0.0,0.0,0.0,1.0,1.0,3.0,0.0,0.0,0.0,0.0,0.0,9.0,0.0,0.0,0.0,0.0,1.0,0.0,0.0,0.0,0.0,2.0,3.0,0.0,0.0,0.0,0.0,0.0,2.0,0.0,1.0,0.0,0.0,0.0,0.0,0.0,0.0,0.0,0.0,0.0,0.0,0.0,5.0,26.0,0.0,0.0,5.0,1.0,0.0,0.0,0.0,1.0,15.0,0.0,0.0,1.0,0.0,0.0,0.0,0.0,0.0,1.0,2.0,0.0,0.0,0.0,15.0,0.0,1.0,0.0,0.0,55.0,15.0,0.0,0.0,0.0,2.0,0.0,0.0,42.0,40.0,0.0,54.0,0.0,31.0,0.0,0.0,0.0,1.0,30.0,0.0,0.0,0.0,0.0,0.0,20.0,0.0,45.0,10.0,6.0,62.0,1.0,7.0,12.0,0.0,0.0
Devonshire,2024,3,2.0,0.0,15.0,3.0,61.0,0.0,0.0,3.0,1.0,0.0,0.0,10.0,0.0,5.0,2.0,76.0,56.0,1.0,8.0,0.0,0.0,3.0,1.0,1.0,0.0,0.0,0.0,2.0,0.0,0.0,0.0,0.0,0.0,7.0,1.0,0.0,0.0,0.0,0.0,0.0,0.0,0.0,0.0,0.0,2.0,0.0,0.0,0.0,0.0,0.0,1.0,1.0,2.0,0.0,2.0,0.0,0.0,0.0,0.0,0.0,0.0,0.0,0.0,1.0,7.0,35.0,1.0,0.0,12.0,1.0,0.0,0.0,0.0,0.0,4.0,0.0,0.0,1.0,0.0,0.0,0.0,0.0,0.0,0.0,0.0,1.0,0.0,2.0,13.0,0.0,3.0,1.0,0.0,55.0,16.0,0.0,0.0,0.0,0.0,0.0,1.0,73.0,44.0,0.0,54.0,0.0,42.0,0.0,0.0,0.0,2.0,24.0,0.0,2.0,0.0,0.0,0.0,8.0,1.0,43.0,7.0,14.0,63.0,4.0,7.0,6.0,0.0,0.0
Devonshire,2024,4,0.0,1.0,22.0,1.0,57.0,1.0,1.0,3.0,1.0,0.0,0.0,8.0,0.0,6.0,5.0,51.0,52.0,0.0,3.0,0.0,0.0,5.0,0.0,0.0,0.0,0.0,0.0,4.0,0.0,0.0,0.0,0.0,0.0,9.0,0.0,0.0,0.0,0.0,2.0,0.0,0.0,0.0,0.0,0.0,3.0,0.0,0.0,0.0,0.0,0.0,5.0,0.0,1.0,0.0,1.0,0.0,1.0,0.0,0.0,0.0,0.0,0.0,0.0,0.0,1.0,28.0,0.0,0.0,8.0,2.0,0.0,0.0,0.0,6.0,8.0,0.0,1.0,2.0,0.0,0.0,0.0,0.0,0.0,0.0,1.0,0.0,0.0,2.0,15.0,0.0,1.0,1.0,0.0,46.0,12.0,0.0,0.0,0.0,0.0,0.0,0.0,50.0,37.0,1.0,38.0,2.0,19.0,0.0,0.0,0.0,2.0,32.0,0.0,2.0,0.0,0.0,0.0,21.0,0.0,36.0,15.0,5.0,52.0,2.0,10.0,2.0,0.0,0.0
Devonshire,2024,5,0.0,0.0,14.0,1.0,23.0,0.0,0.0,1.0,3.0,2.0,0.0,5.0,0.0,1.0,2.0,23.0,29.0,0.0,1.0,0.0,0.0,1.0,0.0,0.0,0.0,0.0,0.0,0.0,0.0,0.0,0.0,0.0,2.0,4.0,1.0,0.0,0.0,0.0,0.0,0.0,0.0,0.0,0.0,0.0,2.0,0.0,0.0,0.0,0.0,0.0,4.0,0.0,0.0,0.0,1.0,0.0,0.0,0.0,0.0,0.0,0.0,0.0,0.0,1.0,2.0,11.0,0.0,0.0,7.0,0.0,0.0,0.0,2.0,0.0,5.0,0.0,0.0,2.0,0.0,0.0,0.0,0.0,0.0,0.0,1.0,0.0,0.0,0.0,7.0,0.0,0.0,2.0,0.0,58.0,16.0,0.0,1.0,0.0,0.0,0.0,0.0,61.0,46.0,0.0,34.0,1.0,11.0,0.0,1.0,0.0,1.0,39.0,0.0,0.0,0.0,0.0,0.0,11.0,0.0,27.0,7.0,2.0,71.0,0.0,0.0,1.0,0.0,0.0
Devonshire,2024,6,0.0,0.0,2.0,0.0,0.0,0.0,0.0,0.0,2.0,0.0,0.0,0.0,0.0,0.0,0.0,3.0,27.0,0.0,0.0,0.0,0.0,0.0,0.0,0.0,0.0,0.0,0.0,0.0,3.0,0.0,0.0,0.0,0.0,0.0,0.0,0.0,0.0,0.0,0.0,0.0,0.0,0.0,0.0,0.0,1.0,0.0,0.0,0.0,0.0,0.0,3.0,0.0,0.0,0.0,0.0,0.0,0.0,0.0,0.0,0.0,0.0,0.0,0.0,0.0,0.0,0.0,0.0,0.0,7.0,0.0,0.0,0.0,0.0,0.0,4.0,0.0,0.0,1.0,0.0,0.0,0.0,0.0,0.0,0.0,0.0,1.0,0.0,0.0,0.0,0.0,0.0,0.0,0.0,64.0,11.0,0.0,0.0,0.0,0.0,0.0,0.0,21.0,31.0,0.0,32.0,0.0,20.0,0.0,0.0,0.0,0.0,28.0,0.0,0.0,0.0,0.0,0.0,0.0,0.0,18.0,9.0,0.0,77.0,2.0,0.0,0.0,0.0,0.0
Devonshire,2024,7,0.0,0.0,0.0,0.0,1.0,0.0,0.0,0.0,3.0,0.0,0.0,0.0,0.0,0.0,0.0,2.0,22.0,1.0,0.0,0.0,0.0,0.0,0.0,1.0,0.0,0.0,0.0,0.0,0.0,0.0,0.0,0.0,0.0,0.0,0.0,0.0,0.0,0.0,0.0,0.0,0.0,0.0,0.0,0.0,0.0,0.0,1.0,0.0,0.0,0.0,5.0,0.0,0.0,0.0,0.0,0.0,0.0,0.0,0.0,0.0,0.0,0.0,0.0,0.0,0.0,0.0,0.0,0.0,4.0,0.0,0.0,0.0,0.0,0.0,4.0,0.0,0.0,3.0,0.0,0.0,0.0,0.0,0.0,0.0,0.0,0.0,0.0,0.0,3.0,0.0,0.0,0.0,0.0,60.0,9.0,0.0,0.0,0.0,0.0,0.0,0.0,17.0,27.0,0.0,29.0,0.0,16.0,0.0,0.0,0.0,0.0,31.0,0.0,0.0,0.0,0.0,0.0,9.0,0.0,20.0,4.0,1.0,77.0,3.0,0.0,0.0,0.0,0.0
Devonshire,2024,8,0.0,0.0,0.0,0.0,0.0,0.0,0.0,0.0,3.0,0.0,0.0,0.0,0.0,0.0,0.0,1.0,25.0,0.0,0.0,0.0,0.0,0.0,0.0,0.0,0.0,0.0,0.0,0.0,0.0,0.0,0.0,0.0,0.0,2.0,0.0,0.0,0.0,0.0,0.0,0.0,0.0,0.0,0.0,0.0,0.0,0.0,0.0,0.0,0.0,0.0,2.0,0.0,1.0,0.0,0.0,0.0,0.0,0.0,0.0,0.0,0.0,0.0,0.0,0.0,0.0,1.0,0.0,0.0,11.0,0.0,0.0,0.0,0.0,0.0,4.0,0.0,0.0,1.0,0.0,0.0,1.0,0.0,0.0,0.0,0.0,0.0,0.0,0.0,1.0,0.0,0.0,0.0,0.0,46.0,10.0,0.0,0.0,0.0,0.0,0.0,0.0,19.0,38.0,0.0,23.0,0.0,24.0,0.0,0.0,0.0,1.0,36.0,0.0,0.0,0.0,0.0,0.0,13.0,0.0,23.0,9.0,0.0,77.0,0.0,0.0,0.0,0.0,0.0
Devonshire,2024,9,0.0,0.0,1.0,0.0,1.0,0.0,1.0,0.0,3.0,0.0,0.0,0.0,0.0,0.0,0.0,2.0,20.0,0.0,0.0,0.0,0.0,0.0,0.0,0.0,0.0,0.0,0.0,0.0,0.0,0.0,0.0,0.0,1.0,1.0,0.0,0.0,0.0,0.0,0.0,0.0,0.0,0.0,0.0,0.0,0.0,0.0,0.0,0.0,0.0,0.0,1.0,0.0,0.0,0.0,0.0,0.0,0.0,0.0,0.0,0.0,0.0,0.0,0.0,0.0,0.0,0.0,0.0,0.0,8.0,0.0,0.0,0.0,0.0,0.0,5.0,0.0,0.0,1.0,0.0,0.0,0.0,0.0,0.0,0.0,0.0,0.0,0.0,0.0,0.0,0.0,0.0,0.0,1.0,44.0,14.0,0.0,0.0,0.0,0.0,0.0,0.0,19.0,26.0,0.0,20.0,0.0,20.0,0.0,0.0,0.0,0.0,34.0,0.0,0.0,0.0,0.0,0.0,5.0,0.0,27.0,7.0,0.0,66.0,2.0,0.0,0.0,0.0,0.0
Devonshire,2024,10,1.0,0.0,2.0,0.0,1.0,0.0,0.0,0.0,5.0,0.0,0.0,0.0,0.0,0.0,0.0,1.0,33.0,0.0,0.0,0.0,0.0,0.0,0.0,0.0,0.0,0.0,0.0,0.0,0.0,0.0,0.0,0.0,0.0,0.0,0.0,0.0,0.0,0.0,0.0,0.0,0.0,0.0,0.0,0.0,0.0,0.0,1.0,0.0,0.0,0.0,2.0,0.0,0.0,0.0,0.0,0.0,0.0,0.0,0.0,0.0,0.0,0.0,0.0,0.0,0.0,1.0,0.0,0.0,5.0,0.0,0.0,0.0,0.0,0.0,6.0,0.0,0.0,1.0,0.0,0.0,0.0,0.0,0.0,0.0,0.0,0.0,0.0,0.0,2.0,0.0,0.0,0.0,0.0,28.0,8.0,0.0,0.0,0.0,0.0,0.0,0.0,13.0,44.0,0.0,31.0,0.0,19.0,0.0,0.0,0.0,1.0,25.0,0.0,0.0,0.0,0.0,0.0,0.0,0.0,17.0,7.0,0.0,50.0,3.0,0.0,0.0,0.0,0.0
Devonshire,2024,11,0.0,0.0,0.0,0.0,0.0,0.0,0.0,0.0,1.0,0.0,0.0,0.0,0.0,0.0,0.0,1.0,15.0,0.0,0.0,0.0,0.0,0.0,0.0,0.0,0.0,0.0,0.0,0.0,0.0,0.0,0.0,0.0,0.0,0.0,0.0,0.0,0.0,0.0,0.0,0.0,0.0,0.0,0.0,0.0,0.0,0.0,0.0,0.0,0.0,0.0,3.0,0.0,0.0,0.0,0.0,0.0,0.0,0.0,0.0,0.0,0.0,0.0,0.0,0.0,0.0,0.0,0.0,0.0,6.0,0.0,0.0,0.0,0.0,0.0,3.0,0.0,0.0,1.0,0.0,0.0,0.0,0.0,0.0,0.0,0.0,0.0,0.0,0.0,1.0,0.0,0.0,0.0,0.0,44.0,8.0,0.0,0.0,0.0,0.0,0.0,0.0,15.0,31.0,0.0,26.0,0.0,23.0,0.0,0.0,0.0,0.0,24.0,0.0,0.0,0.0,0.0,0.0,0.0,0.0,26.0,2.0,0.0,53.0,1.0,0.0,3.0,0.0,0.0
Devonshire,2024,12,0.0,0.0,0.0,0.0,3.0,0.0,0.0,0.0,4.0,0.0,0.0,0.0,0.0,0.0,0.0,0.0,19.0,1.0,0.0,0.0,0.0,0.0,0.0,0.0,0.0,0.0,0.0,1.0,0.0,0.0,0.0,0.0,0.0,1.0,0.0,0.0,0.0,0.0,0.0,0.0,0.0,0.0,0.0,0.0,0.0,0.0,0.0,0.0,0.0,0.0,0.0,1.0,0.0,0.0,0.0,0.0,0.0,0.0,0.0,0.0,0.0,0.0,0.0,0.0,0.0,0.0,0.0,0.0,3.0,0.0,0.0,0.0,0.0,0.0,1.0,0.0,0.0,4.0,0.0,0.0,0.0,0.0,0.0,0.0,0.0,0.0,0.0,0.0,0.0,0.0,0.0,0.0,0.0,18.0,7.0,0.0,0.0,0.0,0.0,0.0,0.0,24.0,8.0,0.0,13.0,0.0,15.0,0.0,0.0,0.0,0.0,20.0,0.0,0.0,0.0,0.0,0.0,0.0,0.0,22.0,6.0,0.0,28.0,2.0,0.0,0.0,0.0,0.0
Foothill,2024,1,1.0,0.0,29.0,2.0,34.0,0.0,1.0,1.0,0.0,0.0,0.0,6.0,0.0,7.0,2.0,33.0,24.0,0.0,4.0,0.0,0.0,0.0,1.0,3.0,1.0,1.0,0.0,9.0,1.0,0.0,0.0,0.0,1.0,11.0,0.0,0.0,0.0,0.0,1.0,0.0,0.0,0.0,0.0,0.0,3.0,0.0,0.0,0.0,0.0,0.0,2.0,0.0,2.0,0.0,2.0,0.0,0.0,0.0,0.0,0.0,0.0,0.0,0.0,0.0,5.0,30.0,0.0,0.0,6.0,0.0,0.0,0.0,1.0,5.0,4.0,0.0,0.0,0.0,0.0,0.0,0.0,0.0,1.0,0.0,1.0,1.0,0.0,1.0,19.0,0.0,0.0,0.0,1.0,11.0,4.0,0.0,0.0,0.0,0.0,0.0,1.0,13.0,19.0,0.0,32.0,0.0,22.0,0.0,0.0,0.0,2.0,21.0,0.0,0.0,0.0,0.0,0.0,5.0,0.0,39.0,10.0,3.0,76.0,0.0,3.0,14.0,1.0,0.0
Foothill,2024,2,1.0,0.0,28.0,3.0,40.0,0.0,0.0,6.0,2.0,0.0,0.0,3.0,0.0,7.0,1.0,28.0,20.0,1.0,2.0,0.0,0.0,0.0,3.0,2.0,1.0,0.0,0.0,1.0,0.0,0.0,0.0,0.0,2.0,15.0,0.0,1.0,0.0,0.0,2.0,0.0,0.0,0.0,0.0,0.0,0.0,0.0,0.0,0.0,0.0,0.0,1.0,0.0,1.0,0.0,2.0,1.0,0.0,0.0,0.0,0.0,0.0,0.0,0.0,3.0,4.0,30.0,1.0,0.0,10.0,0.0,0.0,0.0,1.0,2.0,8.0,0.0,1.0,0.0,0.0,0.0,0.0,1.0,0.0,0.0,2.0,0.0,0.0,0.0,11.0,0.0,3.0,0.0,0.0,9.0,2.0,1.0,0.0,1.0,0.0,0.0,0.0,15.0,21.0,0.0,19.0,0.0,16.0,0.0,0.0,0.0,0.0,20.0,0.0,0.0,0.0,0.0,0.0,11.0,0.0,37.0,13.0,12.0,103.0,0.0,5.0,6.0,1.0,0.0
Foothill,2024,3,0.0,0.0,28.0,1.0,39.0,0.0,1.0,2.0,0.0,0.0,0.0,2.0,0.0,5.0,2.0,23.0,23.0,0.0,2.0,0.0,0.0,3.0,0.0,1.0,1.0,0.0,0.0,5.0,0.0,0.0,0.0,0.0,1.0,9.0,0.0,0.0,0.0,0.0,2.0,0.0,0.0,0.0,0.0,0.0,2.0,0.0,0.0,0.0,0.0,0.0,2.0,0.0,2.0,0.0,1.0,1.0,0.0,0.0,0.0,0.0,0.0,0.0,0.0,3.0,3.0,35.0,0.0,0.0,7.0,0.0,1.0,0.0,0.0,0.0,7.0,0.0,0.0,0.0,0.0,0.0,0.0,0.0,0.0,0.0,2.0,2.0,0.0,1.0,22.0,0.0,2.0,1.0,0.0,25.0,0.0,0.0,0.0,0.0,0.0,0.0,0.0,20.0,24.0,0.0,18.0,0.0,27.0,0.0,0.0,0.0,1.0,21.0,2.0,0.0,0.0,0.0,0.0,4.0,0.0,35.0,11.0,5.0,89.0,0.0,6.0,6.0,2.0,0.0
Foothill,2024,4,2.0,0.0,34.0,0.0,55.0,0.0,1.0,3.0,0.0,0.0,0.0,6.0,0.0,3.0,4.0,39.0,29.0,1.0,3.0,0.0,0.0,6.0,1.0,0.0,0.0,1.0,0.0,2.0,0.0,0.0,0.0,0.0,0.0,16.0,1.0,0.0,0.0,0.0,0.0,0.0,0.0,0.0,0.0,0.0,1.0,0.0,0.0,0.0,0.0,0.0,2.0,0.0,3.0,0.0,1.0,0.0,0.0,0.0,0.0,0.0,0.0,0.0,0.0,0.0,3.0,41.0,1.0,0.0,4.0,1.0,0.0,0.0,0.0,0.0,3.0,0.0,0.0,0.0,0.0,0.0,0.0,0.0,0.0,1.0,2.0,1.0,0.0,2.0,10.0,0.0,1.0,0.0,0.0,31.0,1.0,2.0,0.0,0.0,0.0,0.0,0.0,12.0,29.0,0.0,29.0,0.0,23.0,0.0,0.0,0.0,1.0,20.0,0.0,0.0,0.0,0.0,0.0,9.0,0.0,33.0,9.0,9.0,62.0,0.0,2.0,4.0,1.0,0.0
Foothill,2024,5,1.0,0.0,17.0,2.0,27.0,0.0,0.0,1.0,0.0,0.0,0.0,5.0,0.0,1.0,0.0,14.0,23.0,0.0,2.0,0.0,0.0,1.0,0.0,0.0,0.0,0.0,0.0,2.0,0.0,0.0,0.0,0.0,0.0,3.0,0.0,0.0,0.0,0.0,0.0,0.0,0.0,0.0,0.0,1.0,0.0,0.0,0.0,0.0,0.0,0.0,3.0,0.0,0.0,0.0,0.0,0.0,0.0,0.0,0.0,0.0,0.0,0.0,0.0,1.0,3.0,19.0,1.0,0.0,3.0,0.0,0.0,0.0,1.0,0.0,0.0,0.0,0.0,1.0,0.0,0.0,0.0,0.0,0.0,0.0,1.0,0.0,0.0,1.0,10.0,0.0,1.0,0.0,0.0,13.0,2.0,0.0,4.0,0.0,0.0,0.0,0.0,7.0,23.0,0.0,16.0,0.0,12.0,0.0,0.0,0.0,0.0,20.0,0.0,0.0,0.0,0.0,0.0,2.0,0.0,23.0,3.0,2.0,87.0,0.0,4.0,1.0,3.0,0.0
Foothill,2024,6,0.0,0.0,3.0,0.0,1.0,0.0,0.0,0.0,0.0,0.0,0.0,0.0,0.0,0.0,0.0,3.0,19.0,0.0,0.0,0.0,0.0,0.0,0.0,0.0,0.0,0.0,0.0,0.0,0.0,0.0,0.0,0.0,0.0,2.0,0.0,0.0,0.0,0.0,0.0,0.0,0.0,0.0,0.0,0.0,0.0,0.0,0.0,0.0,0.0,0.0,1.0,0.0,1.0,0.0,0.0,0.0,0.0,0.0,0.0,0.0,0.0,0.0,0.0,0.0,0.0,1.0,0.0,0.0,3.0,0.0,1.0,0.0,0.0,0.0,0.0,0.0,0.0,0.0,0.0,0.0,0.0,0.0,0.0,0.0,0.0,0.0,0.0,0.0,2.0,0.0,0.0,0.0,0.0,9.0,0.0,0.0,0.0,0.0,0.0,0.0,0.0,20.0,36.0,0.0,24.0,0.0,14.0,0.0,0.0,0.0,0.0,17.0,0.0,0.0,0.0,0.0,0.0,1.0,0.0,16.0,3.0,0.0,70.0,2.0,0.0,0.0,0.0,0.0
Foothill,2024,7,0.0,0.0,3.0,0.0,0.0,0.0,0.0,0.0,1.0,0.0,0.0,0.0,0.0,0.0,0.0,4.0,11.0,0.0,0.0,0.0,0.0,0.0,0.0,0.0,0.0,0.0,0.0,0.0,0.0,0.0,0.0,0.0,0.0,0.0,0.0,0.0,0.0,0.0,0.0,0.0,0.0,0.0,0.0,0.0,0.0,0.0,0.0,0.0,0.0,0.0,3.0,0.0,0.0,0.0,4.0,0.0,0.0,0.0,0.0,0.0,0.0,0.0,0.0,0.0,0.0,0.0,1.0,0.0,5.0,0.0,0.0,0.0,0.0,0.0,1.0,0.0,0.0,0.0,0.0,0.0,0.0,0.0,0.0,0.0,0.0,0.0,0.0,0.0,1.0,0.0,0.0,0.0,0.0,11.0,0.0,0.0,0.0,0.0,0.0,0.0,0.0,10.0,25.0,0.0,22.0,0.0,14.0,0.0,0.0,0.0,0.0,14.0,0.0,0.0,0.0,0.0,0.0,0.0,0.0,16.0,5.0,0.0,67.0,0.0,0.0,0.0,0.0,0.0
Foothill,2024,8,0.0,0.0,0.0,0.0,0.0,0.0,0.0,0.0,0.0,0.0,0.0,0.0,0.0,0.0,0.0,3.0,15.0,0.0,0.0,0.0,0.0,0.0,0.0,0.0,0.0,0.0,0.0,0.0,0.0,0.0,0.0,0.0,0.0,0.0,0.0,0.0,0.0,0.0,0.0,0.0,0.0,0.0,0.0,0.0,0.0,0.0,0.0,0.0,0.0,0.0,0.0,0.0,0.0,0.0,2.0,0.0,0.0,0.0,0.0,0.0,0.0,0.0,0.0,0.0,0.0,1.0,0.0,0.0,2.0,0.0,0.0,0.0,0.0,0.0,1.0,0.0,0.0,0.0,0.0,0.0,0.0,0.0,0.0,0.0,0.0,0.0,0.0,0.0,2.0,0.0,0.0,0.0,0.0,10.0,0.0,0.0,0.0,0.0,0.0,0.0,0.0,21.0,20.0,0.0,26.0,0.0,13.0,0.0,0.0,0.0,0.0,11.0,0.0,0.0,0.0,0.0,0.0,0.0,0.0,12.0,6.0,0.0,82.0,0.0,0.0,0.0,0.0,0.0
Foothill,2024,9,0.0,0.0,1.0,1.0,0.0,0.0,0.0,0.0,0.0,0.0,0.0,0.0,0.0,0.0,0.0,4.0,17.0,0.0,0.0,0.0,0.0,0.0,0.0,0.0,0.0,0.0,0.0,0.0,0.0,0.0,0.0,0.0,0.0,2.0,0.0,0.0,0.0,0.0,0.0,0.0,0.0,0.0,0.0,0.0,0.0,0.0,0.0,0.0,0.0,0.0,0.0,0.0,0.0,0.0,1.0,0.0,0.0,0.0,0.0,0.0,0.0,0.0,0.0,2.0,0.0,1.0,0.0,0.0,2.0,0.0,0.0,0.0,0.0,0.0,0.0,0.0,0.0,0.0,0.0,0.0,0.0,0.0,0.0,0.0,0.0,0.0,0.0,1.0,0.0,0.0,0.0,0.0,0.0,3.0,2.0,0.0,0.0,0.0,0.0,0.0,0.0,11.0,15.0,0.0,24.0,0.0,19.0,0.0,0.0,0.0,0.0,14.0,0.0,0.0,0.0,0.0,0.0,0.0,0.0,16.0,3.0,0.0,63.0,0.0,1.0,0.0,0.0,0.0
Foothill,2024,10,1.0,0.0,3.0,0.0,1.0,0.0,0.0,0.0,2.0,0.0,0.0,0.0,0.0,0.0,0.0,0.0,15.0,0.0,0.0,0.0,0.0,0.0,1.0,0.0,0.0,0.0,0.0,0.0,0.0,0.0,0.0,0.0,0.0,0.0,0.0,0.0,0.0,0.0,0.0,0.0,0.0,0.0,0.0,0.0,0.0,0.0,0.0,0.0,0.0,0.0,0.0,0.0,0.0,0.0,0.0,0.0,0.0,0.0,0.0,0.0,0.0,0.0,0.0,0.0,0.0,1.0,0.0,0.0,1.0,0.0,0.0,0.0,0.0,0.0,0.0,0.0,0.0,0.0,0.0,0.0,0.0,0.0,0.0,0.0,0.0,0.0,0.0,0.0,0.0,0.0,0.0,0.0,0.0,6.0,1.0,0.0,0.0,0.0,0.0,0.0,0.0,11.0,20.0,0.0,18.0,0.0,21.0,0.0,0.0,0.0,0.0,5.0,0.0,0.0,0.0,0.0,0.0,1.0,0.0,18.0,5.0,0.0,75.0,0.0,1.0,0.0,0.0,0.0
Foothill,2024,11,0.0,0.0,1.0,0.0,0.0,0.0,0.0,0.0,1.0,0.0,0.0,1.0,0.0,0.0,0.0,1.0,7.0,0.0,0.0,0.0,0.0,0.0,1.0,0.0,0.0,0.0,0.0,0.0,0.0,0.0,0.0,0.0,0.0,0.0,0.0,0.0,0.0,0.0,1.0,0.0,0.0,0.0,0.0,0.0,0.0,0.0,0.0,0.0,0.0,0.0,0.0,1.0,0.0,0.0,0.0,0.0,0.0,0.0,0.0,0.0,0.0,0.0,0.0,0.0,0.0,0.0,0.0,0.0,1.0,0.0,0.0,0.0,0.0,0.0,0.0,0.0,0.0,0.0,0.0,0.0,0.0,0.0,0.0,0.0,0.0,0.0,0.0,1.0,1.0,0.0,1.0,0.0,0.0,4.0,0.0,2.0,0.0,0.0,0.0,0.0,0.0,22.0,18.0,0.0,11.0,0.0,15.0,0.0,0.0,0.0,0.0,9.0,0.0,0.0,0.0,0.0,0.0,0.0,0.0,18.0,7.0,0.0,62.0,0.0,0.0,0.0,0.0,0.0
Foothill,2024,12,0.0,0.0,1.0,0.0,0.0,0.0,0.0,0.0,1.0,0.0,0.0,0.0,0.0,0.0,0.0,2.0,5.0,0.0,0.0,0.0,0.0,0.0,0.0,0.0,0.0,0.0,0.0,0.0,0.0,0.0,0.0,0.0,0.0,0.0,0.0,0.0,0.0,0.0,0.0,0.0,0.0,0.0,0.0,0.0,0.0,0.0,0.0,0.0,0.0,0.0,0.0,0.0,0.0,0.0,0.0,0.0,0.0,0.0,0.0,0.0,0.0,0.0,0.0,0.0,0.0,0.0,0.0,0.0,2.0,0.0,0.0,0.0,0.0,0.0,0.0,0.0,0.0,0.0,0.0,0.0,0.0,0.0,0.0,0.0,0.0,0.0,0.0,0.0,1.0,0.0,0.0,0.0,0.0,1.0,2.0,0.0,0.0,0.0,0.0,0.0,0.0,11.0,10.0,0.0,11.0,0.0,21.0,0.0,0.0,0.0,0.0,7.0,0.0,0.0,0.0,0.0,0.0,0.0,0.0,7.0,3.0,0.0,28.0,0.0,0.0,0.0,0.0,0.0
Harbor,2024,1,1.0,0.0,41.0,2.0,60.0,0.0,2.0,3.0,1.0,0.0,1.0,10.0,2.0,3.0,1.0,42.0,34.0,0.0,3.0,0.0,3.0,7.0,1.0,2.0,0.0,0.0,0.0,2.0,0.0,0.0,1.0,0.0,2.0,20.0,1.0,0.0,0.0,0.0,8.0,0.0,0.0,0.0,0.0,1.0,2.0,0.0,1.0,0.0,0.0,0.0,0.0,1.0,0.0,0.0,0.0,0.0,0.0,0.0,0.0,0.0,0.0,0.0,0.0,0.0,12.0,36.0,0.0,0.0,2.0,1.0,0.0,0.0,0.0,1.0,5.0,0.0,0.0,1.0,0.0,0.0,0.0,0.0,0.0,0.0,2.0,0.0,0.0,2.0,14.0,1.0,4.0,3.0,0.0,17.0,2.0,2.0,0.0,1.0,0.0,1.0,0.0,32.0,31.0,1.0,26.0,1.0,29.0,0.0,0.0,0.0,3.0,33.0,0.0,1.0,0.0,0.0,1.0,8.0,0.0,59.0,20.0,17.0,119.0,5.0,14.0,21.0,0.0,0.0
Harbor,2024,2,2.0,0.0,39.0,3.0,60.0,1.0,2.0,0.0,1.0,0.0,0.0,9.0,1.0,7.0,2.0,47.0,25.0,2.0,0.0,0.0,0.0,5.0,0.0,2.0,0.0,1.0,0.0,2.0,0.0,0.0,1.0,0.0,0.0,13.0,1.0,0.0,1.0,0.0,4.0,0.0,0.0,0.0,0.0,0.0,3.0,0.0,0.0,0.0,0.0,0.0,1.0,0.0,0.0,0.0,1.0,0.0,0.0,0.0,1.0,0.0,0.0,1.0,0.0,2.0,14.0,41.0,0.0,1.0,6.0,0.0,0.0,0.0,0.0,2.0,11.0,0.0,0.0,0.0,0.0,0.0,0.0,0.0,0.0,0.0,1.0,0.0,0.0,0.0,17.0,1.0,0.0,0.0,0.0,24.0,4.0,2.0,0.0,0.0,0.0,0.0,0.0,12.0,23.0,0.0,19.0,0.0,25.0,0.0,0.0,0.0,1.0,28.0,0.0,1.0,0.0,0.0,0.0,7.0,0.0,42.0,19.0,16.0,101.0,1.0,8.0,17.0,0.0,0.0
Harbor,2024,3,0.0,0.0,46.0,3.0,49.0,0.0,1.0,4.0,5.0,0.0,0.0,7.0,0.0,6.0,1.0,36.0,26.0,0.0,3.0,0.0,2.0,7.0,0.0,4.0,1.0,0.0,0.0,0.0,0.0,0.0,0.0,0.0,2.0,19.0,0.0,0.0,0.0,0.0,6.0,0.0,0.0,0.0,0.0,2.0,3.0,0.0,0.0,0.0,0.0,0.0,1.0,2.0,1.0,0.0,3.0,0.0,0.0,0.0,0.0,0.0,0.0,0.0,0.0,0.0,15.0,40.0,1.0,0.0,6.0,0.0,0.0,0.0,0.0,2.0,6.0,0.0,0.0,1.0,0.0,0.0,0.0,0.0,0.0,0.0,2.0,0.0,0.0,1.0,16.0,0.0,2.0,2.0,0.0,29.0,3.0,5.0,0.0,1.0,1.0,0.0,1.0,25.0,28.0,0.0,44.0,0.0,20.0,0.0,0.0,0.0,2.0,25.0,0.0,4.0,0.0,0.0,0.0,11.0,0.0,40.0,14.0,17.0,129.0,2.0,6.0,25.0,0.0,0.0
Harbor,2024,4,0.0,1.0,38.0,3.0,75.0,0.0,2.0,2.0,1.0,2.0,0.0,11.0,1.0,6.0,2.0,49.0,19.0,0.0,5.0,0.0,1.0,4.0,1.0,2.0,0.0,0.0,0.0,1.0,0.0,0.0,0.0,0.0,0.0,15.0,1.0,0.0,0.0,0.0,1.0,0.0,0.0,0.0,0.0,0.0,2.0,0.0,0.0,0.0,0.0,0.0,0.0,0.0,3.0,0.0,1.0,0.0,1.0,0.0,0.0,0.0,0.0,0.0,0.0,1.0,15.0,32.0,3.0,0.0,9.0,4.0,0.0,0.0,0.0,5.0,3.0,0.0,0.0,0.0,0.0,0.0,0.0,0.0,0.0,0.0,1.0,0.0,0.0,2.0,18.0,0.0,0.0,1.0,0.0,23.0,5.0,1.0,0.0,0.0,0.0,0.0,0.0,14.0,31.0,0.0,27.0,0.0,24.0,0.0,0.0,0.0,0.0,27.0,0.0,1.0,0.0,0.0,0.0,8.0,0.0,54.0,13.0,7.0,102.0,0.0,9.0,18.0,0.0,0.0
Harbor,2024,5,2.0,0.0,10.0,0.0,9.0,0.0,1.0,0.0,1.0,1.0,0.0,5.0,0.0,2.0,1.0,10.0,21.0,0.0,1.0,0.0,0.0,1.0,0.0,0.0,1.0,0.0,0.0,0.0,0.0,0.0,0.0,0.0,0.0,4.0,0.0,0.0,1.0,0.0,0.0,0.0,0.0,0.0,0.0,0.0,0.0,0.0,0.0,0.0,0.0,0.0,0.0,0.0,0.0,0.0,2.0,0.0,0.0,0.0,0.0,0.0,0.0,0.0,0.0,0.0,3.0,5.0,0.0,0.0,5.0,0.0,0.0,0.0,0.0,1.0,7.0,0.0,0.0,1.0,0.0,0.0,0.0,0.0,0.0,0.0,1.0,0.0,0.0,0.0,7.0,0.0,0.0,0.0,0.0,31.0,1.0,0.0,0.0,0.0,0.0,0.0,0.0,10.0,18.0,0.0,18.0,0.0,12.0,0.0,0.0,0.0,1.0,12.0,0.0,0.0,0.0,0.0,0.0,2.0,1.0,24.0,7.0,2.0,108.0,1.0,2.0,4.0,0.0,0.0
Harbor,2024,6,0.0,0.0,6.0,0.0,5.0,0.0,0.0,0.0,0.0,0.0,0.0,2.0,0.0,0.0,0.0,5.0,18.0,0.0,1.0,0.0,0.0,0.0,0.0,0.0,0.0,0.0,0.0,0.0,0.0,0.0,0.0,0.0,1.0,1.0,0.0,0.0,0.0,0.0,0.0,0.0,0.0,0.0,0.0,0.0,0.0,0.0,0.0,0.0,0.0,0.0,0.0,0.0,0.0,0.0,0.0,0.0,0.0,0.0,0.0,0.0,0.0,0.0,0.0,0.0,3.0,1.0,0.0,0.0,2.0,0.0,0.0,0.0,0.0,0.0,1.0,0.0,0.0,0.0,0.0,0.0,0.0,0.0,0.0,0.0,1.0,0.0,0.0,0.0,2.0,0.0,0.0,0.0,0.0,23.0,0.0,0.0,0.0,0.0,0.0,0.0,0.0,15.0,17.0,0.0,14.0,0.0,11.0,0.0,0.0,0.0,0.0,7.0,0.0,0.0,0.0,0.0,0.0,1.0,0.0,24.0,10.0,1.0,95.0,0.0,1.0,0.0,0.0,0.0
Harbor,2024,7,0.0,0.0,2.0,0.0,1.0,0.0,1.0,0.0,1.0,0.0,0.0,0.0,0.0,0.0,0.0,8.0,13.0,0.0,0.0,0.0,0.0,0.0,0.0,1.0,0.0,0.0,0.0,0.0,0.0,0.0,0.0,0.0,0.0,0.0,0.0,0.0,0.0,0.0,0.0,0.0,0.0,0.0,0.0,0.0,0.0,0.0,0.0,0.0,0.0,0.0,0.0,0.0,0.0,0.0,0.0,0.0,0.0,0.0,0.0,0.0,0.0,0.0,0.0,0.0,0.0,1.0,0.0,0.0,1.0,0.0,0.0,0.0,0.0,0.0,2.0,0.0,0.0,1.0,0.0,0.0,0.0,0.0,0.0,0.0,0.0,0.0,0.0,0.0,3.0,0.0,0.0,0.0,0.0,17.0,4.0,0.0,0.0,0.0,0.0,0.0,0.0,14.0,28.0,0.0,17.0,0.0,20.0,0.0,0.0,0.0,0.0,13.0,0.0,0.0,0.0,0.0,0.0,5.0,0.0,37.0,5.0,0.0,94.0,1.0,0.0,0.0,0.0,0.0
Harbor,2024,8,1.0,0.0,3.0,0.0,4.0,0.0,0.0,0.0,1.0,0.0,0.0,1.0,0.0,0.0,0.0,1.0,21.0,0.0,0.0,0.0,0.0,1.0,1.0,0.0,0.0,0.0,0.0,0.0,0.0,0.0,0.0,0.0,1.0,2.0,0.0,0.0,0.0,0.0,0.0,0.0,0.0,0.0,0.0,0.0,1.0,0.0,0.0,0.0,0.0,0.0,1.0,0.0,0.0,0.0,0.0,0.0,0.0,0.0,0.0,0.0,0.0,0.0,0.0,1.0,0.0,2.0,0.0,0.0,3.0,0.0,0.0,0.0,0.0,0.0,2.0,0.0,0.0,2.0,0.0,0.0,0.0,0.0,0.0,1.0,0.0,0.0,0.0,0.0,9.0,0.0,0.0,0.0,0.0,23.0,3.0,0.0,0.0,0.0,0.0,0.0,0.0,6.0,21.0,0.0,19.0,0.0,18.0,0.0,0.0,0.0,0.0,25.0,0.0,0.0,0.0,0.0,0.0,1.0,0.0,20.0,11.0,0.0,83.0,2.0,0.0,0.0,0.0,0.0
Harbor,2024,9,0.0,0.0,2.0,0.0,1.0,0.0,0.0,0.0,1.0,0.0,0.0,0.0,0.0,1.0,0.0,7.0,20.0,0.0,0.0,0.0,0.0,0.0,0.0,0.0,0.0,0.0,0.0,0.0,0.0,0.0,0.0,0.0,1.0,1.0,0.0,0.0,0.0,0.0,0.0,0.0,0.0,0.0,0.0,0.0,0.0,0.0,0.0,0.0,0.0,0.0,1.0,0.0,0.0,0.0,0.0,0.0,0.0,0.0,0.0,0.0,0.0,0.0,0.0,0.0,1.0,0.0,0.0,0.0,1.0,1.0,0.0,0.0,0.0,0.0,1.0,0.0,0.0,2.0,0.0,0.0,0.0,0.0,0.0,0.0,0.0,1.0,0.0,0.0,3.0,0.0,0.0,0.0,0.0,15.0,1.0,0.0,0.0,0.0,0.0,0.0,0.0,15.0,45.0,0.0,15.0,0.0,18.0,0.0,0.0,0.0,0.0,24.0,0.0,0.0,0.0,0.0,0.0,2.0,0.0,21.0,12.0,2.0,97.0,1.0,0.0,0.0,0.0,0.0
Harbor,2024,10,0.0,0.0,3.0,0.0,4.0,0.0,0.0,0.0,0.0,1.0,0.0,3.0,0.0,0.0,0.0,9.0,10.0,0.0,0.0,0.0,0.0,0.0,0.0,1.0,0.0,0.0,0.0,0.0,0.0,0.0,0.0,0.0,0.0,3.0,0.0,0.0,0.0,0.0,0.0,0.0,0.0,0.0,0.0,1.0,0.0,0.0,0.0,0.0,0.0,0.0,0.0,0.0,0.0,0.0,0.0,0.0,0.0,0.0,0.0,0.0,0.0,0.0,0.0,0.0,0.0,0.0,0.0,0.0,1.0,0.0,0.0,0.0,0.0,0.0,4.0,0.0,0.0,7.0,0.0,0.0,0.0,0.0,0.0,0.0,0.0,0.0,0.0,0.0,2.0,0.0,0.0,0.0,0.0,23.0,2.0,0.0,0.0,0.0,0.0,0.0,0.0,21.0,27.0,0.0,13.0,0.0,20.0,0.0,0.0,0.0,0.0,40.0,0.0,0.0,0.0,0.0,0.0,4.0,0.0,27.0,11.0,1.0,74.0,2.0,2.0,0.0,0.0,0.0
Harbor,2024,11,0.0,2.0,0.0,0.0,2.0,0.0,0.0,0.0,1.0,1.0,0.0,0.0,0.0,1.0,0.0,6.0,20.0,0.0,1.0,0.0,0.0,0.0,0.0,0.0,0.0,0.0,0.0,0.0,0.0,0.0,0.0,0.0,0.0,4.0,0.0,0.0,0.0,0.0,0.0,0.0,0.0,0.0,0.0,0.0,0.0,0.0,0.0,0.0,0.0,0.0,1.0,0.0,0.0,0.0,2.0,0.0,0.0,0.0,0.0,0.0,0.0,0.0,0.0,0.0,1.0,0.0,0.0,0.0,1.0,0.0,0.0,0.0,0.0,0.0,2.0,0.0,0.0,0.0,0.0,0.0,0.0,0.0,0.0,0.0,0.0,0.0,0.0,0.0,1.0,0.0,0.0,0.0,0.0,18.0,1.0,0.0,0.0,0.0,0.0,0.0,0.0,20.0,25.0,0.0,6.0,0.0,14.0,0.0,0.0,0.0,0.0,39.0,0.0,0.0,0.0,0.0,0.0,1.0,0.0,23.0,9.0,0.0,77.0,2.0,0.0,0.0,0.0,0.0
Harbor,2024,12,1.0,0.0,0.0,0.0,1.0,0.0,0.0,0.0,1.0,0.0,0.0,0.0,0.0,0.0,0.0,0.0,35.0,0.0,0.0,0.0,0.0,0.0,0.0,0.0,0.0,0.0,0.0,0.0,0.0,0.0,0.0,0.0,0.0,2.0,0.0,0.0,0.0,0.0,0.0,0.0,0.0,0.0,0.0,0.0,0.0,0.0,0.0,0.0,0.0,0.0,0.0,0.0,0.0,0.0,0.0,0.0,0.0,0.0,0.0,0.0,1.0,0.0,0.0,0.0,1.0,1.0,0.0,0.0,0.0,0.0,0.0,0.0,0.0,0.0,1.0,0.0,0.0,1.0,0.0,0.0,0.0,0.0,0.0,0.0,0.0,0.0,0.0,0.0,0.0,0.0,0.0,0.0,0.0,11.0,0.0,0.0,0.0,0.0,0.0,0.0,0.0,28.0,18.0,0.0,7.0,0.0,19.0,0.0,0.0,0.0,0.0,34.0,0.0,0.0,0.0,0.0,0.0,2.0,0.0,30.0,6.0,0.0,47.0,0.0,0.0,0.0,0.0,0.0
Hollenbeck,2024,1,1.0,0.0,39.0,1.0,67.0,0.0,1.0,2.0,0.0,0.0,2.0,6.0,0.0,5.0,1.0,41.0,18.0,0.0,9.0,0.0,1.0,2.0,1.0,0.0,0.0,1.0,0.0,0.0,0.0,0.0,0.0,0.0,3.0,14.0,0.0,0.0,0.0,0.0,2.0,0.0,0.0,0.0,0.0,0.0,2.0,0.0,0.0,0.0,1.0,0.0,0.0,0.0,1.0,0.0,2.0,1.0,0.0,0.0,0.0,0.0,0.0,0.0,0.0,0.0,2.0,33.0,0.0,0.0,4.0,0.0,0.0,0.0,1.0,7.0,3.0,0.0,0.0,0.0,0.0,0.0,0.0,0.0,0.0,0.0,5.0,0.0,0.0,2.0,20.0,0.0,1.0,0.0,0.0,12.0,3.0,1.0,0.0,0.0,0.0,0.0,0.0,24.0,38.0,0.0,21.0,1.0,28.0,0.0,0.0,0.0,0.0,35.0,0.0,0.0,0.0,0.0,0.0,12.0,1.0,59.0,16.0,10.0,96.0,0.0,4.0,15.0,0.0,0.0
Hollenbeck,2024,2,1.0,0.0,42.0,8.0,48.0,0.0,1.0,3.0,0.0,0.0,1.0,12.0,0.0,6.0,0.0,39.0,31.0,1.0,3.0,0.0,0.0,5.0,1.0,0.0,0.0,0.0,0.0,0.0,0.0,0.0,0.0,0.0,0.0,22.0,1.0,0.0,0.0,0.0,3.0,1.0,0.0,0.0,0.0,0.0,1.0,0.0,0.0,0.0,0.0,0.0,1.0,0.0,1.0,0.0,1.0,0.0,0.0,0.0,0.0,0.0,0.0,0.0,0.0,1.0,5.0,24.0,1.0,0.0,6.0,0.0,0.0,0.0,0.0,3.0,5.0,0.0,0.0,0.0,0.0,0.0,0.0,0.0,0.0,0.0,3.0,0.0,0.0,1.0,24.0,0.0,1.0,2.0,0.0,9.0,2.0,3.0,3.0,0.0,0.0,0.0,0.0,22.0,41.0,0.0,11.0,0.0,21.0,0.0,0.0,0.0,2.0,37.0,0.0,0.0,0.0,0.0,0.0,12.0,0.0,60.0,22.0,6.0,106.0,0.0,4.0,13.0,0.0,0.0
Hollenbeck,2024,3,1.0,0.0,8.0,2.0,14.0,0.0,0.0,0.0,1.0,0.0,0.0,2.0,0.0,1.0,0.0,5.0,25.0,0.0,1.0,0.0,0.0,0.0,0.0,0.0,0.0,0.0,0.0,0.0,0.0,0.0,0.0,0.0,0.0,4.0,0.0,0.0,0.0,0.0,3.0,0.0,0.0,0.0,0.0,0.0,0.0,1.0,0.0,0.0,0.0,0.0,0.0,0.0,0.0,0.0,1.0,0.0,0.0,0.0,0.0,0.0,0.0,0.0,0.0,0.0,3.0,4.0,0.0,0.0,0.0,0.0,0.0,0.0,0.0,1.0,2.0,0.0,0.0,2.0,0.0,0.0,0.0,0.0,0.0,0.0,0.0,0.0,0.0,0.0,2.0,0.0,0.0,0.0,0.0,9.0,1.0,0.0,3.0,0.0,0.0,0.0,0.0,27.0,33.0,0.0,14.0,0.0,16.0,0.0,0.0,0.0,0.0,14.0,0.0,0.0,0.0,0.0,0.0,7.0,0.0,27.0,7.0,0.0,78.0,0.0,1.0,5.0,0.0,0.0
Hollenbeck,2024,4,0.0,0.0,2.0,0.0,6.0,0.0,0.0,1.0,0.0,0.0,0.0,0.0,0.0,0.0,0.0,2.0,31.0,1.0,0.0,0.0,0.0,0.0,0.0,0.0,0.0,0.0,0.0,0.0,0.0,0.0,0.0,0.0,0.0,2.0,0.0,0.0,0.0,0.0,0.0,0.0,0.0,0.0,0.0,0.0,0.0,0.0,0.0,0.0,0.0,0.0,0.0,0.0,0.0,0.0,0.0,1.0,0.0,0.0,0.0,0.0,0.0,0.0,0.0,0.0,0.0,1.0,0.0,0.0,2.0,0.0,0.0,0.0,0.0,1.0,0.0,0.0,0.0,3.0,0.0,0.0,0.0,0.0,0.0,0.0,0.0,0.0,0.0,0.0,7.0,0.0,0.0,0.0,0.0,5.0,1.0,0.0,0.0,0.0,0.0,0.0,0.0,19.0,30.0,0.0,19.0,0.0,27.0,0.0,0.0,0.0,1.0,14.0,0.0,0.0,0.0,0.0,0.0,2.0,0.0,12.0,10.0,0.0,94.0,0.0,0.0,0.0,0.0,0.0
Hollenbeck,2024,5,0.0,0.0,1.0,0.0,3.0,0.0,0.0,0.0,1.0,0.0,0.0,0.0,0.0,0.0,0.0,2.0,27.0,0.0,0.0,0.0,0.0,0.0,0.0,0.0,0.0,0.0,0.0,0.0,0.0,0.0,1.0,0.0,0.0,0.0,1.0,0.0,0.0,0.0,0.0,0.0,0.0,0.0,0.0,0.0,0.0,0.0,0.0,0.0,0.0,0.0,0.0,0.0,0.0,0.0,0.0,0.0,0.0,0.0,0.0,0.0,0.0,0.0,0.0,0.0,0.0,0.0,0.0,0.0,6.0,0.0,0.0,0.0,0.0,1.0,0.0,0.0,0.0,0.0,0.0,0.0,0.0,0.0,0.0,0.0,0.0,0.0,0.0,0.0,0.0,0.0,0.0,0.0,0.0,13.0,1.0,0.0,0.0,0.0,0.0,0.0,0.0,29.0,23.0,0.0,7.0,0.0,14.0,0.0,0.0,0.0,0.0,13.0,0.0,0.0,0.0,0.0,0.0,2.0,0.0,26.0,11.0,0.0,88.0,1.0,0.0,0.0,0.0,0.0
Hollenbeck,2024,6,0.0,0.0,1.0,0.0,2.0,0.0,0.0,0.0,0.0,0.0,0.0,0.0,0.0,0.0,0.0,0.0,21.0,0.0,0.0,0.0,0.0,0.0,0.0,1.0,0.0,0.0,0.0,0.0,0.0,0.0,0.0,0.0,0.0,0.0,0.0,0.0,0.0,0.0,0.0,0.0,0.0,0.0,0.0,0.0,0.0,0.0,0.0,0.0,0.0,0.0,0.0,0.0,0.0,0.0,0.0,0.0,0.0,0.0,0.0,0.0,0.0,0.0,0.0,0.0,0.0,0.0,0.0,0.0,6.0,0.0,0.0,0.0,0.0,0.0,0.0,0.0,0.0,0.0,0.0,0.0,0.0,0.0,0.0,0.0,0.0,0.0,0.0,0.0,3.0,0.0,0.0,0.0,0.0,7.0,6.0,0.0,0.0,0.0,0.0,0.0,0.0,26.0,45.0,0.0,18.0,0.0,20.0,0.0,0.0,0.0,0.0,9.0,0.0,0.0,0.0,0.0,0.0,8.0,0.0,15.0,6.0,0.0,93.0,0.0,0.0,0.0,0.0,0.0
Hollenbeck,2024,7,0.0,0.0,3.0,0.0,1.0,0.0,0.0,0.0,0.0,0.0,0.0,0.0,0.0,0.0,0.0,7.0,20.0,0.0,0.0,0.0,0.0,0.0,0.0,0.0,0.0,0.0,0.0,0.0,0.0,0.0,0.0,0.0,0.0,2.0,0.0,0.0,0.0,0.0,0.0,0.0,0.0,0.0,0.0,0.0,0.0,0.0,0.0,0.0,0.0,0.0,0.0,0.0,0.0,0.0,1.0,0.0,0.0,0.0,0.0,0.0,0.0,0.0,0.0,0.0,1.0,1.0,0.0,0.0,1.0,0.0,0.0,0.0,0.0,0.0,1.0,0.0,0.0,2.0,0.0,0.0,0.0,0.0,0.0,0.0,0.0,0.0,0.0,0.0,0.0,0.0,0.0,0.0,0.0,17.0,9.0,0.0,0.0,0.0,0.0,0.0,0.0,14.0,30.0,0.0,13.0,0.0,22.0,0.0,0.0,0.0,0.0,10.0,0.0,0.0,0.0,0.0,0.0,5.0,0.0,20.0,12.0,0.0,115.0,1.0,0.0,0.0,0.0,0.0
Hollenbeck,2024,8,0.0,0.0,0.0,1.0,0.0,0.0,0.0,0.0,0.0,0.0,0.0,0.0,0.0,0.0,0.0,3.0,14.0,0.0,1.0,0.0,0.0,0.0,0.0,0.0,0.0,0.0,0.0,0.0,0.0,0.0,0.0,0.0,0.0,3.0,0.0,0.0,1.0,0.0,1.0,0.0,0.0,0.0,0.0,0.0,0.0,0.0,0.0,0.0,0.0,0.0,1.0,0.0,0.0,0.0,2.0,0.0,0.0,0.0,0.0,0.0,0.0,0.0,0.0,0.0,0.0,0.0,0.0,0.0,5.0,0.0,0.0,0.0,0.0,0.0,1.0,0.0,0.0,1.0,0.0,0.0,0.0,0.0,0.0,0.0,0.0,0.0,0.0,0.0,0.0,0.0,0.0,0.0,0.0,33.0,6.0,0.0,0.0,0.0,0.0,0.0,0.0,7.0,33.0,0.0,16.0,0.0,24.0,0.0,0.0,0.0,0.0,11.0,0.0,0.0,0.0,0.0,0.0,12.0,0.0,24.0,5.0,1.0,108.0,0.0,0.0,0.0,0.0,0.0
Hollenbeck,2024,9,0.0,0.0,1.0,0.0,0.0,0.0,1.0,0.0,1.0,0.0,0.0,0.0,0.0,0.0,0.0,2.0,18.0,0.0,0.0,0.0,0.0,0.0,0.0,0.0,0.0,0.0,0.0,0.0,0.0,0.0,0.0,0.0,0.0,0.0,0.0,0.0,0.0,0.0,0.0,0.0,0.0,0.0,0.0,0.0,0.0,0.0,0.0,0.0,0.0,0.0,0.0,0.0,0.0,0.0,1.0,0.0,0.0,0.0,0.0,0.0,0.0,0.0,0.0,0.0,0.0,0.0,1.0,0.0,1.0,0.0,0.0,0.0,0.0,0.0,0.0,0.0,0.0,0.0,0.0,0.0,0.0,0.0,0.0,0.0,0.0,0.0,0.0,0.0,1.0,0.0,0.0,0.0,0.0,30.0,3.0,0.0,0.0,0.0,0.0,0.0,0.0,8.0,25.0,0.0,12.0,0.0,20.0,0.0,0.0,0.0,0.0,13.0,0.0,0.0,0.0,0.0,0.0,17.0,0.0,25.0,4.0,0.0,94.0,2.0,0.0,0.0,0.0,0.0
Hollenbeck,2024,10,0.0,0.0,4.0,0.0,2.0,0.0,0.0,0.0,1.0,0.0,0.0,0.0,0.0,0.0,0.0,3.0,11.0,0.0,0.0,0.0,0.0,0.0,0.0,0.0,0.0,0.0,0.0,0.0,0.0,0.0,0.0,0.0,0.0,3.0,0.0,0.0,0.0,0.0,0.0,0.0,0.0,0.0,0.0,0.0,0.0,0.0,0.0,0.0,0.0,0.0,0.0,0.0,0.0,0.0,0.0,0.0,0.0,0.0,0.0,0.0,0.0,0.0,0.0,0.0,0.0,0.0,0.0,0.0,1.0,0.0,0.0,0.0,0.0,0.0,2.0,0.0,0.0,4.0,0.0,0.0,0.0,0.0,0.0,0.0,0.0,0.0,0.0,0.0,4.0,0.0,0.0,0.0,0.0,49.0,10.0,0.0,0.0,0.0,0.0,0.0,0.0,18.0,42.0,0.0,7.0,0.0,22.0,0.0,0.0,0.0,1.0,16.0,0.0,0.0,0.0,0.0,0.0,11.0,0.0,19.0,7.0,0.0,106.0,1.0,0.0,0.0,0.0,0.0
Hollenbeck,2024,11,0.0,0.0,0.0,1.0,0.0,0.0,0.0,0.0,1.0,0.0,0.0,0.0,0.0,0.0,0.0,2.0,7.0,0.0,0.0,0.0,0.0,0.0,0.0,0.0,0.0,0.0,0.0,0.0,0.0,0.0,0.0,0.0,0.0,0.0,0.0,0.0,0.0,0.0,1.0,0.0,0.0,0.0,0.0,0.0,0.0,0.0,0.0,0.0,0.0,0.0,0.0,0.0,0.0,0.0,0.0,0.0,0.0,0.0,0.0,0.0,0.0,0.0,0.0,0.0,0.0,0.0,0.0,0.0,2.0,0.0,0.0,0.0,0.0,0.0,0.0,0.0,0.0,1.0,0.0,0.0,0.0,0.0,0.0,0.0,0.0,0.0,0.0,0.0,1.0,0.0,0.0,0.0,0.0,84.0,4.0,0.0,0.0,0.0,0.0,0.0,0.0,13.0,30.0,0.0,16.0,0.0,15.0,0.0,0.0,0.0,0.0,11.0,0.0,0.0,0.0,0.0,0.0,2.0,0.0,12.0,9.0,0.0,75.0,2.0,0.0,0.0,0.0,0.0
Hollenbeck,2024,12,0.0,2.0,0.0,0.0,0.0,0.0,0.0,0.0,1.0,0.0,0.0,1.0,0.0,0.0,0.0,0.0,14.0,0.0,0.0,0.0,0.0,0.0,0.0,0.0,0.0,0.0,0.0,0.0,0.0,0.0,0.0,0.0,0.0,1.0,0.0,0.0,0.0,0.0,0.0,0.0,0.0,0.0,0.0,0.0,0.0,0.0,0.0,0.0,0.0,0.0,0.0,0.0,0.0,0.0,0.0,0.0,0.0,0.0,0.0,0.0,0.0,0.0,0.0,0.0,0.0,0.0,0.0,0.0,0.0,0.0,0.0,0.0,0.0,0.0,0.0,0.0,0.0,2.0,0.0,0.0,0.0,0.0,0.0,0.0,0.0,0.0,0.0,0.0,2.0,0.0,0.0,0.0,0.0,95.0,4.0,0.0,0.0,0.0,0.0,0.0,0.0,12.0,7.0,0.0,7.0,0.0,20.0,0.0,0.0,0.0,0.0,6.0,0.0,0.0,0.0,0.0,0.0,1.0,0.0,12.0,7.0,0.0,46.0,0.0,0.0,0.0,0.0,0.0
Hollywood,2024,1,1.0,0.0,48.0,3.0,92.0,0.0,2.0,1.0,4.0,0.0,9.0,20.0,0.0,8.0,4.0,48.0,82.0,0.0,2.0,0.0,0.0,0.0,0.0,0.0,0.0,0.0,0.0,0.0,0.0,0.0,0.0,0.0,3.0,23.0,0.0,0.0,0.0,0.0,1.0,0.0,0.0,0.0,0.0,0.0,2.0,0.0,0.0,0.0,0.0,0.0,0.0,0.0,0.0,0.0,2.0,0.0,1.0,0.0,0.0,0.0,0.0,0.0,0.0,2.0,9.0,36.0,1.0,1.0,9.0,0.0,0.0,1.0,1.0,7.0,10.0,0.0,0.0,16.0,0.0,0.0,0.0,0.0,0.0,0.0,4.0,0.0,0.0,2.0,34.0,0.0,1.0,0.0,0.0,22.0,3.0,0.0,0.0,0.0,2.0,0.0,0.0,20.0,23.0,0.0,41.0,1.0,55.0,0.0,0.0,0.0,2.0,53.0,0.0,2.0,0.0,0.0,0.0,39.0,0.0,69.0,11.0,2.0,73.0,0.0,2.0,7.0,0.0,0.0
Hollywood,2024,2,6.0,0.0,47.0,2.0,92.0,0.0,6.0,3.0,3.0,0.0,2.0,10.0,0.0,4.0,4.0,55.0,65.0,0.0,2.0,0.0,0.0,0.0,0.0,2.0,0.0,1.0,0.0,0.0,0.0,0.0,0.0,1.0,1.0,9.0,0.0,0.0,0.0,0.0,1.0,0.0,0.0,0.0,0.0,1.0,2.0,0.0,0.0,0.0,0.0,0.0,2.0,0.0,2.0,0.0,2.0,0.0,2.0,0.0,0.0,0.0,0.0,0.0,0.0,0.0,12.0,48.0,0.0,1.0,6.0,0.0,0.0,0.0,1.0,1.0,11.0,0.0,0.0,22.0,0.0,0.0,0.0,1.0,0.0,0.0,6.0,0.0,0.0,1.0,24.0,0.0,0.0,0.0,0.0,29.0,2.0,0.0,0.0,0.0,1.0,0.0,0.0,25.0,29.0,0.0,38.0,1.0,64.0,0.0,0.0,0.0,6.0,45.0,0.0,1.0,0.0,0.0,0.0,40.0,0.0,46.0,13.0,6.0,70.0,8.0,3.0,3.0,1.0,0.0
Hollywood,2024,3,2.0,1.0,43.0,6.0,92.0,0.0,2.0,5.0,5.0,0.0,2.0,17.0,0.0,3.0,3.0,55.0,85.0,1.0,6.0,0.0,0.0,0.0,1.0,0.0,0.0,0.0,0.0,0.0,0.0,0.0,0.0,0.0,0.0,21.0,0.0,0.0,1.0,1.0,0.0,0.0,0.0,0.0,1.0,4.0,1.0,0.0,1.0,0.0,0.0,0.0,0.0,0.0,0.0,0.0,3.0,1.0,3.0,0.0,0.0,0.0,0.0,0.0,0.0,2.0,11.0,29.0,1.0,0.0,6.0,0.0,0.0,0.0,0.0,4.0,1.0,0.0,2.0,16.0,0.0,0.0,1.0,0.0,0.0,0.0,3.0,0.0,0.0,1.0,28.0,1.0,0.0,1.0,0.0,48.0,8.0,0.0,0.0,0.0,1.0,0.0,0.0,16.0,33.0,0.0,43.0,0.0,52.0,0.0,0.0,0.0,13.0,51.0,1.0,1.0,0.0,0.0,0.0,40.0,0.0,67.0,15.0,2.0,58.0,4.0,4.0,5.0,0.0,0.0
Hollywood,2024,4,1.0,0.0,2.0,1.0,12.0,0.0,0.0,2.0,3.0,0.0,0.0,2.0,0.0,1.0,0.0,5.0,53.0,0.0,1.0,0.0,0.0,0.0,0.0,0.0,0.0,0.0,0.0,0.0,0.0,0.0,0.0,0.0,1.0,0.0,0.0,0.0,0.0,0.0,0.0,0.0,0.0,0.0,0.0,0.0,1.0,0.0,2.0,0.0,0.0,0.0,1.0,1.0,0.0,0.0,0.0,0.0,0.0,0.0,0.0,0.0,0.0,0.0,0.0,1.0,0.0,1.0,0.0,0.0,6.0,0.0,0.0,0.0,0.0,0.0,4.0,0.0,0.0,36.0,0.0,0.0,0.0,0.0,0.0,0.0,1.0,0.0,0.0,0.0,4.0,0.0,0.0,0.0,0.0,34.0,7.0,0.0,0.0,0.0,0.0,0.0,0.0,25.0,22.0,0.0,37.0,0.0,52.0,0.0,0.0,0.0,0.0,27.0,0.0,0.0,0.0,0.0,0.0,18.0,0.0,33.0,8.0,0.0,63.0,3.0,0.0,1.0,0.0,0.0
Hollywood,2024,5,0.0,0.0,5.0,0.0,0.0,0.0,0.0,0.0,6.0,0.0,0.0,0.0,0.0,0.0,0.0,1.0,40.0,0.0,0.0,0.0,0.0,0.0,0.0,0.0,0.0,0.0,0.0,1.0,0.0,0.0,0.0,0.0,0.0,0.0,0.0,0.0,0.0,0.0,0.0,0.0,0.0,0.0,0.0,0.0,0.0,0.0,3.0,0.0,0.0,0.0,1.0,0.0,0.0,0.0,3.0,0.0,0.0,0.0,0.0,0.0,0.0,0.0,0.0,1.0,0.0,0.0,0.0,0.0,4.0,0.0,0.0,0.0,0.0,0.0,0.0,0.0,0.0,24.0,0.0,0.0,0.0,0.0,0.0,0.0,0.0,0.0,0.0,0.0,3.0,0.0,0.0,0.0,0.0,30.0,9.0,0.0,0.0,0.0,0.0,0.0,0.0,20.0,29.0,0.0,37.0,0.0,53.0,0.0,0.0,0.0,0.0,20.0,0.0,0.0,0.0,0.0,0.0,15.0,0.0,21.0,9.0,0.0,51.0,10.0,1.0,0.0,0.0,0.0
Hollywood,2024,6,0.0,0.0,1.0,1.0,0.0,0.0,0.0,0.0,3.0,0.0,0.0,0.0,0.0,0.0,0.0,0.0,47.0,1.0,0.0,0.0,0.0,0.0,0.0,1.0,0.0,0.0,0.0,0.0,0.0,0.0,0.0,0.0,0.0,1.0,0.0,0.0,0.0,0.0,0.0,0.0,0.0,0.0,0.0,0.0,0.0,0.0,0.0,0.0,0.0,0.0,1.0,0.0,0.0,0.0,0.0,0.0,0.0,0.0,0.0,0.0,0.0,0.0,0.0,0.0,0.0,1.0,0.0,0.0,4.0,0.0,0.0,0.0,0.0,0.0,1.0,0.0,0.0,34.0,0.0,1.0,0.0,0.0,0.0,0.0,0.0,2.0,0.0,1.0,1.0,0.0,0.0,0.0,0.0,34.0,5.0,0.0,0.0,0.0,0.0,0.0,0.0,13.0,22.0,0.0,39.0,0.0,45.0,0.0,0.0,0.0,0.0,35.0,0.0,0.0,0.0,0.0,0.0,5.0,0.0,25.0,9.0,0.0,41.0,5.0,0.0,0.0,0.0,0.0
Hollywood,2024,7,0.0,0.0,1.0,0.0,1.0,0.0,0.0,0.0,6.0,0.0,0.0,0.0,0.0,0.0,0.0,0.0,40.0,0.0,0.0,0.0,0.0,0.0,0.0,0.0,0.0,1.0,0.0,0.0,0.0,0.0,0.0,0.0,0.0,0.0,0.0,0.0,0.0,0.0,0.0,0.0,0.0,0.0,0.0,0.0,0.0,0.0,0.0,0.0,0.0,0.0,3.0,0.0,0.0,0.0,0.0,0.0,0.0,0.0,0.0,0.0,0.0,0.0,0.0,0.0,0.0,1.0,0.0,0.0,4.0,0.0,0.0,0.0,0.0,0.0,0.0,0.0,0.0,23.0,0.0,0.0,0.0,0.0,0.0,0.0,0.0,0.0,0.0,0.0,1.0,0.0,0.0,0.0,0.0,36.0,3.0,0.0,0.0,0.0,0.0,0.0,0.0,23.0,22.0,0.0,26.0,0.0,58.0,0.0,0.0,0.0,1.0,20.0,0.0,0.0,0.0,0.0,0.0,11.0,0.0,27.0,7.0,0.0,70.0,5.0,0.0,0.0,0.0,0.0
Hollywood,2024,8,0.0,0.0,1.0,0.0,1.0,0.0,1.0,0.0,4.0,0.0,0.0,0.0,0.0,0.0,0.0,0.0,59.0,0.0,0.0,0.0,0.0,0.0,0.0,0.0,0.0,0.0,0.0,0.0,0.0,0.0,0.0,0.0,0.0,0.0,0.0,0.0,0.0,0.0,0.0,0.0,0.0,0.0,0.0,0.0,0.0,0.0,0.0,0.0,0.0,0.0,0.0,0.0,0.0,0.0,2.0,0.0,0.0,0.0,0.0,0.0,0.0,0.0,0.0,0.0,0.0,1.0,0.0,0.0,8.0,0.0,0.0,0.0,1.0,0.0,0.0,0.0,0.0,32.0,0.0,1.0,0.0,0.0,0.0,0.0,0.0,0.0,0.0,0.0,2.0,0.0,0.0,0.0,0.0,28.0,6.0,0.0,0.0,1.0,0.0,0.0,0.0,11.0,24.0,0.0,21.0,0.0,53.0,0.0,0.0,0.0,0.0,38.0,0.0,0.0,0.0,0.0,0.0,10.0,0.0,26.0,8.0,0.0,68.0,4.0,0.0,0.0,0.0,0.0
Hollywood,2024,9,0.0,0.0,3.0,0.0,0.0,0.0,0.0,0.0,1.0,0.0,0.0,0.0,0.0,0.0,0.0,1.0,46.0,1.0,0.0,0.0,0.0,0.0,0.0,0.0,0.0,0.0,0.0,0.0,0.0,0.0,0.0,0.0,0.0,0.0,0.0,0.0,0.0,0.0,0.0,0.0,0.0,0.0,0.0,0.0,0.0,0.0,1.0,0.0,0.0,0.0,0.0,0.0,0.0,0.0,0.0,0.0,0.0,0.0,0.0,0.0,0.0,0.0,0.0,0.0,0.0,0.0,0.0,0.0,7.0,0.0,0.0,0.0,0.0,0.0,0.0,0.0,0.0,27.0,0.0,0.0,0.0,0.0,0.0,0.0,0.0,0.0,0.0,2.0,6.0,0.0,0.0,0.0,0.0,20.0,2.0,0.0,0.0,0.0,0.0,0.0,0.0,10.0,23.0,0.0,30.0,0.0,55.0,0.0,0.0,0.0,0.0,25.0,0.0,0.0,0.0,0.0,0.0,37.0,0.0,25.0,11.0,0.0,60.0,3.0,0.0,0.0,0.0,0.0
Hollywood,2024,10,0.0,0.0,0.0,0.0,1.0,0.0,0.0,0.0,4.0,0.0,0.0,0.0,0.0,0.0,0.0,0.0,45.0,1.0,0.0,0.0,0.0,0.0,0.0,0.0,0.0,0.0,0.0,0.0,0.0,0.0,0.0,0.0,0.0,0.0,1.0,0.0,0.0,0.0,0.0,0.0,0.0,0.0,0.0,0.0,0.0,0.0,0.0,0.0,0.0,0.0,1.0,0.0,0.0,0.0,2.0,0.0,0.0,0.0,0.0,0.0,0.0,0.0,0.0,0.0,0.0,0.0,0.0,0.0,3.0,0.0,0.0,0.0,0.0,0.0,1.0,0.0,0.0,28.0,0.0,0.0,0.0,0.0,0.0,0.0,1.0,0.0,0.0,1.0,1.0,0.0,0.0,0.0,0.0,29.0,6.0,0.0,0.0,0.0,0.0,0.0,0.0,33.0,25.0,0.0,29.0,0.0,56.0,0.0,0.0,0.0,0.0,35.0,0.0,0.0,0.0,0.0,0.0,20.0,0.0,28.0,8.0,0.0,63.0,7.0,0.0,0.0,0.0,0.0
Hollywood,2024,11,1.0,0.0,0.0,0.0,2.0,0.0,0.0,0.0,4.0,0.0,0.0,0.0,0.0,0.0,0.0,0.0,42.0,0.0,0.0,0.0,0.0,0.0,0.0,0.0,0.0,0.0,0.0,0.0,0.0,0.0,0.0,0.0,0.0,0.0,0.0,0.0,1.0,0.0,0.0,0.0,0.0,0.0,0.0,0.0,0.0,0.0,0.0,0.0,0.0,0.0,0.0,0.0,0.0,0.0,1.0,1.0,0.0,0.0,0.0,0.0,0.0,0.0,0.0,0.0,0.0,0.0,0.0,0.0,3.0,0.0,0.0,0.0,0.0,0.0,1.0,0.0,0.0,26.0,0.0,0.0,0.0,0.0,0.0,0.0,0.0,0.0,0.0,1.0,0.0,0.0,0.0,0.0,0.0,17.0,4.0,0.0,0.0,0.0,0.0,0.0,0.0,15.0,20.0,0.0,16.0,0.0,54.0,0.0,0.0,0.0,0.0,21.0,0.0,0.0,0.0,0.0,0.0,1.0,0.0,27.0,5.0,0.0,49.0,5.0,0.0,0.0,0.0,0.0
Hollywood,2024,12,0.0,0.0,0.0,0.0,0.0,0.0,0.0,0.0,0.0,0.0,0.0,0.0,0.0,0.0,0.0,1.0,33.0,0.0,0.0,0.0,0.0,0.0,0.0,0.0,0.0,0.0,0.0,0.0,0.0,0.0,0.0,0.0,0.0,0.0,0.0,0.0,0.0,0.0,0.0,0.0,0.0,0.0,0.0,0.0,0.0,0.0,0.0,0.0,0.0,0.0,0.0,0.0,0.0,0.0,0.0,0.0,0.0,0.0,0.0,0.0,0.0,0.0,0.0,0.0,0.0,0.0,0.0,0.0,2.0,0.0,0.0,0.0,0.0,0.0,0.0,0.0,0.0,13.0,0.0,0.0,0.0,0.0,0.0,0.0,0.0,0.0,0.0,0.0,1.0,0.0,0.0,0.0,0.0,15.0,3.0,0.0,0.0,0.0,0.0,0.0,0.0,17.0,13.0,0.0,10.0,0.0,42.0,0.0,0.0,0.0,0.0,20.0,0.0,0.0,0.0,0.0,0.0,2.0,0.0,13.0,7.0,0.0,21.0,4.0,0.0,0.0,0.0,0.0
Mission,2024,1,1.0,0.0,31.0,3.0,68.0,0.0,5.0,8.0,1.0,0.0,3.0,13.0,1.0,3.0,2.0,23.0,29.0,0.0,3.0,0.0,4.0,7.0,1.0,0.0,0.0,1.0,0.0,2.0,0.0,0.0,0.0,0.0,0.0,14.0,1.0,0.0,0.0,0.0,3.0,0.0,0.0,0.0,0.0,2.0,1.0,0.0,1.0,0.0,0.0,0.0,1.0,0.0,3.0,0.0,1.0,0.0,0.0,0.0,1.0,0.0,0.0,0.0,0.0,2.0,6.0,44.0,0.0,0.0,11.0,0.0,1.0,0.0,0.0,2.0,6.0,0.0,0.0,0.0,0.0,0.0,0.0,0.0,0.0,0.0,0.0,0.0,0.0,1.0,25.0,0.0,0.0,0.0,0.0,39.0,2.0,1.0,1.0,0.0,0.0,0.0,1.0,27.0,24.0,0.0,43.0,0.0,27.0,0.0,0.0,0.0,3.0,15.0,0.0,0.0,0.0,0.0,0.0,11.0,0.0,49.0,8.0,12.0,119.0,0.0,4.0,14.0,3.0,0.0
Mission,2024,2,1.0,0.0,32.0,5.0,53.0,0.0,0.0,4.0,2.0,0.0,0.0,10.0,0.0,11.0,1.0,20.0,25.0,0.0,1.0,0.0,0.0,3.0,0.0,0.0,1.0,0.0,0.0,0.0,0.0,1.0,0.0,0.0,2.0,10.0,0.0,0.0,0.0,0.0,2.0,0.0,0.0,0.0,0.0,0.0,1.0,0.0,0.0,0.0,0.0,0.0,1.0,0.0,1.0,0.0,1.0,0.0,0.0,0.0,2.0,0.0,0.0,0.0,0.0,1.0,10.0,41.0,2.0,0.0,6.0,0.0,0.0,0.0,3.0,0.0,5.0,0.0,0.0,0.0,0.0,0.0,0.0,0.0,0.0,0.0,0.0,0.0,0.0,1.0,22.0,0.0,4.0,1.0,0.0,28.0,1.0,0.0,2.0,0.0,0.0,0.0,0.0,17.0,36.0,0.0,37.0,0.0,26.0,0.0,0.0,0.0,1.0,33.0,0.0,0.0,0.0,0.0,0.0,10.0,0.0,27.0,14.0,4.0,94.0,0.0,4.0,10.0,3.0,0.0
Mission,2024,3,2.0,2.0,28.0,2.0,48.0,0.0,1.0,2.0,1.0,0.0,0.0,10.0,0.0,4.0,4.0,29.0,24.0,0.0,3.0,0.0,1.0,6.0,0.0,1.0,0.0,0.0,0.0,1.0,0.0,0.0,0.0,0.0,0.0,8.0,6.0,0.0,1.0,0.0,1.0,0.0,0.0,0.0,0.0,3.0,3.0,0.0,0.0,0.0,0.0,0.0,0.0,0.0,1.0,0.0,1.0,0.0,0.0,0.0,0.0,0.0,0.0,0.0,0.0,0.0,7.0,53.0,0.0,0.0,6.0,2.0,0.0,0.0,0.0,2.0,4.0,0.0,1.0,0.0,0.0,0.0,0.0,0.0,0.0,0.0,1.0,1.0,0.0,3.0,14.0,0.0,0.0,1.0,0.0,35.0,6.0,0.0,0.0,1.0,1.0,0.0,0.0,40.0,32.0,0.0,32.0,0.0,17.0,0.0,0.0,0.0,2.0,18.0,0.0,1.0,0.0,0.0,0.0,3.0,0.0,34.0,7.0,5.0,117.0,0.0,5.0,21.0,0.0,0.0
Mission,2024,4,3.0,1.0,37.0,3.0,59.0,0.0,0.0,7.0,0.0,0.0,0.0,16.0,0.0,8.0,3.0,22.0,30.0,0.0,1.0,0.0,0.0,7.0,1.0,3.0,1.0,0.0,0.0,0.0,0.0,0.0,0.0,0.0,0.0,7.0,1.0,0.0,0.0,0.0,4.0,0.0,0.0,0.0,0.0,0.0,2.0,0.0,0.0,0.0,0.0,0.0,2.0,0.0,4.0,0.0,2.0,0.0,0.0,0.0,0.0,0.0,0.0,0.0,0.0,0.0,10.0,61.0,1.0,0.0,6.0,0.0,0.0,0.0,0.0,1.0,8.0,1.0,1.0,1.0,0.0,0.0,0.0,0.0,0.0,0.0,5.0,0.0,0.0,0.0,16.0,0.0,0.0,1.0,0.0,30.0,7.0,1.0,0.0,0.0,0.0,0.0,1.0,32.0,29.0,0.0,31.0,0.0,20.0,0.0,0.0,0.0,3.0,18.0,1.0,1.0,0.0,0.0,0.0,9.0,0.0,30.0,10.0,5.0,89.0,0.0,9.0,21.0,1.0,0.0
Mission,2024,5,0.0,0.0,14.0,0.0,26.0,0.0,0.0,0.0,2.0,0.0,0.0,3.0,1.0,2.0,0.0,15.0,21.0,0.0,1.0,0.0,0.0,4.0,0.0,0.0,0.0,0.0,0.0,1.0,0.0,0.0,0.0,0.0,0.0,5.0,1.0,0.0,0.0,0.0,3.0,0.0,0.0,0.0,0.0,0.0,2.0,0.0,0.0,0.0,0.0,0.0,0.0,0.0,4.0,0.0,1.0,0.0,0.0,0.0,0.0,0.0,0.0,0.0,0.0,1.0,1.0,25.0,1.0,0.0,5.0,0.0,0.0,0.0,0.0,0.0,1.0,0.0,0.0,0.0,0.0,0.0,0.0,0.0,0.0,0.0,2.0,0.0,0.0,0.0,6.0,0.0,0.0,0.0,0.0,13.0,6.0,1.0,0.0,0.0,0.0,0.0,0.0,14.0,22.0,0.0,29.0,0.0,21.0,0.0,0.0,0.0,1.0,13.0,0.0,0.0,0.0,0.0,0.0,3.0,0.0,29.0,11.0,2.0,107.0,8.0,1.0,11.0,1.0,0.0
Mission,2024,6,1.0,0.0,2.0,0.0,1.0,0.0,0.0,0.0,0.0,0.0,0.0,0.0,0.0,0.0,0.0,1.0,21.0,0.0,0.0,0.0,0.0,0.0,0.0,0.0,0.0,0.0,0.0,0.0,0.0,0.0,0.0,0.0,0.0,0.0,0.0,0.0,1.0,0.0,0.0,0.0,0.0,0.0,0.0,0.0,0.0,0.0,0.0,0.0,0.0,0.0,0.0,0.0,0.0,0.0,0.0,0.0,0.0,0.0,0.0,0.0,0.0,0.0,0.0,0.0,0.0,0.0,0.0,0.0,0.0,0.0,0.0,0.0,0.0,0.0,0.0,0.0,0.0,0.0,0.0,0.0,0.0,0.0,0.0,0.0,0.0,0.0,0.0,1.0,1.0,0.0,0.0,0.0,0.0,20.0,4.0,0.0,0.0,0.0,0.0,0.0,0.0,36.0,32.0,0.0,22.0,0.0,15.0,0.0,0.0,0.0,0.0,7.0,0.0,0.0,0.0,0.0,0.0,2.0,0.0,20.0,4.0,0.0,114.0,0.0,0.0,0.0,0.0,0.0
Mission,2024,7,0.0,0.0,1.0,0.0,2.0,0.0,0.0,0.0,1.0,0.0,0.0,0.0,0.0,0.0,0.0,2.0,13.0,0.0,0.0,0.0,0.0,0.0,0.0,1.0,0.0,0.0,0.0,0.0,0.0,0.0,0.0,0.0,0.0,0.0,0.0,0.0,0.0,0.0,0.0,0.0,0.0,0.0,0.0,0.0,0.0,0.0,0.0,1.0,0.0,0.0,2.0,0.0,0.0,0.0,0.0,0.0,0.0,0.0,0.0,0.0,0.0,0.0,0.0,0.0,0.0,0.0,0.0,0.0,1.0,0.0,0.0,0.0,0.0,0.0,0.0,0.0,0.0,1.0,0.0,0.0,0.0,0.0,0.0,0.0,0.0,0.0,0.0,0.0,4.0,0.0,0.0,0.0,0.0,43.0,4.0,0.0,0.0,0.0,0.0,0.0,0.0,21.0,42.0,0.0,19.0,0.0,11.0,0.0,0.0,0.0,1.0,9.0,0.0,0.0,0.0,0.0,0.0,2.0,0.0,16.0,4.0,0.0,149.0,1.0,0.0,0.0,0.0,0.0
Mission,2024,8,0.0,0.0,2.0,0.0,1.0,0.0,0.0,0.0,1.0,0.0,0.0,4.0,0.0,0.0,0.0,3.0,26.0,0.0,0.0,0.0,0.0,0.0,0.0,0.0,0.0,0.0,0.0,2.0,0.0,0.0,0.0,0.0,0.0,0.0,0.0,0.0,0.0,1.0,0.0,0.0,0.0,0.0,0.0,0.0,0.0,0.0,0.0,0.0,0.0,0.0,1.0,0.0,0.0,0.0,1.0,0.0,0.0,0.0,0.0,0.0,0.0,0.0,0.0,0.0,0.0,0.0,1.0,0.0,5.0,0.0,0.0,0.0,0.0,0.0,2.0,0.0,0.0,0.0,0.0,0.0,0.0,0.0,0.0,0.0,0.0,0.0,0.0,0.0,2.0,0.0,0.0,0.0,0.0,42.0,5.0,3.0,0.0,0.0,0.0,0.0,0.0,26.0,30.0,0.0,24.0,0.0,13.0,0.0,0.0,0.0,0.0,15.0,0.0,1.0,0.0,0.0,0.0,2.0,0.0,16.0,6.0,0.0,128.0,0.0,0.0,0.0,0.0,0.0
Mission,2024,9,0.0,0.0,0.0,0.0,1.0,0.0,0.0,0.0,0.0,0.0,0.0,0.0,0.0,0.0,0.0,0.0,22.0,0.0,1.0,0.0,0.0,0.0,0.0,1.0,0.0,0.0,0.0,0.0,0.0,0.0,0.0,0.0,0.0,1.0,0.0,1.0,2.0,0.0,0.0,0.0,0.0,0.0,0.0,0.0,0.0,0.0,0.0,0.0,0.0,0.0,1.0,0.0,1.0,0.0,0.0,0.0,0.0,0.0,0.0,0.0,0.0,0.0,0.0,0.0,0.0,0.0,0.0,0.0,4.0,0.0,0.0,0.0,0.0,0.0,2.0,0.0,0.0,0.0,0.0,0.0,0.0,0.0,0.0,0.0,0.0,0.0,0.0,0.0,1.0,0.0,0.0,0.0,0.0,29.0,11.0,0.0,0.0,0.0,0.0,0.0,0.0,50.0,54.0,0.0,14.0,0.0,20.0,0.0,0.0,0.0,0.0,16.0,0.0,0.0,0.0,0.0,0.0,5.0,0.0,27.0,5.0,1.0,101.0,2.0,0.0,1.0,0.0,0.0
Mission,2024,10,0.0,0.0,3.0,0.0,0.0,0.0,0.0,0.0,0.0,0.0,0.0,0.0,0.0,0.0,0.0,1.0,26.0,0.0,0.0,0.0,0.0,0.0,0.0,0.0,0.0,0.0,0.0,0.0,0.0,0.0,0.0,0.0,0.0,0.0,0.0,0.0,0.0,0.0,0.0,0.0,0.0,0.0,0.0,0.0,0.0,0.0,0.0,0.0,0.0,0.0,0.0,0.0,0.0,0.0,0.0,0.0,0.0,0.0,0.0,0.0,0.0,0.0,0.0,0.0,0.0,1.0,0.0,0.0,0.0,0.0,0.0,0.0,0.0,0.0,0.0,0.0,0.0,0.0,0.0,0.0,0.0,0.0,0.0,0.0,0.0,0.0,0.0,1.0,3.0,0.0,0.0,0.0,0.0,46.0,3.0,0.0,0.0,0.0,0.0,0.0,0.0,21.0,41.0,0.0,16.0,0.0,18.0,0.0,0.0,0.0,0.0,13.0,0.0,0.0,0.0,0.0,0.0,3.0,0.0,21.0,11.0,0.0,111.0,1.0,0.0,0.0,0.0,0.0
Mission,2024,11,0.0,0.0,3.0,0.0,0.0,1.0,0.0,0.0,1.0,1.0,0.0,0.0,0.0,0.0,0.0,0.0,17.0,0.0,0.0,0.0,0.0,0.0,1.0,0.0,0.0,0.0,0.0,0.0,0.0,0.0,0.0,0.0,0.0,0.0,0.0,0.0,0.0,0.0,1.0,0.0,0.0,0.0,0.0,0.0,0.0,0.0,0.0,0.0,0.0,0.0,0.0,0.0,0.0,0.0,1.0,0.0,0.0,0.0,0.0,0.0,0.0,0.0,0.0,0.0,0.0,0.0,0.0,0.0,0.0,1.0,0.0,0.0,0.0,0.0,0.0,0.0,0.0,0.0,0.0,0.0,0.0,0.0,0.0,0.0,0.0,0.0,0.0,0.0,3.0,0.0,0.0,0.0,0.0,41.0,7.0,0.0,0.0,0.0,0.0,0.0,0.0,18.0,25.0,0.0,19.0,0.0,16.0,0.0,0.0,0.0,1.0,11.0,0.0,0.0,0.0,0.0,0.0,2.0,0.0,20.0,3.0,0.0,101.0,1.0,0.0,0.0,0.0,0.0
Mission,2024,12,0.0,0.0,1.0,0.0,2.0,0.0,0.0,0.0,0.0,0.0,0.0,0.0,0.0,0.0,0.0,0.0,15.0,2.0,0.0,0.0,0.0,0.0,0.0,0.0,0.0,0.0,0.0,0.0,0.0,0.0,0.0,0.0,0.0,0.0,0.0,0.0,0.0,0.0,0.0,0.0,0.0,0.0,0.0,0.0,0.0,0.0,0.0,0.0,0.0,0.0,0.0,0.0,0.0,0.0,1.0,0.0,0.0,0.0,0.0,0.0,0.0,0.0,0.0,0.0,0.0,0.0,0.0,0.0,1.0,0.0,0.0,0.0,0.0,0.0,1.0,0.0,0.0,1.0,0.0,0.0,0.0,0.0,0.0,0.0,0.0,1.0,0.0,0.0,0.0,0.0,0.0,0.0,0.0,13.0,2.0,0.0,0.0,0.0,0.0,0.0,0.0,15.0,17.0,0.0,14.0,0.0,15.0,0.0,0.0,0.0,0.0,4.0,0.0,0.0,0.0,0.0,0.0,2.0,0.0,15.0,5.0,0.0,44.0,0.0,0.0,0.0,0.0,0.0
N Hollywood,2024,1,2.0,0.0,44.0,4.0,54.0,0.0,4.0,6.0,6.0,0.0,2.0,10.0,0.0,2.0,2.0,85.0,74.0,0.0,4.0,0.0,0.0,1.0,1.0,0.0,1.0,0.0,0.0,11.0,0.0,0.0,0.0,0.0,0.0,11.0,1.0,0.0,0.0,0.0,2.0,0.0,0.0,0.0,0.0,0.0,6.0,0.0,0.0,0.0,0.0,0.0,4.0,0.0,0.0,0.0,0.0,0.0,0.0,0.0,1.0,0.0,0.0,0.0,0.0,2.0,13.0,41.0,0.0,0.0,14.0,1.0,0.0,0.0,0.0,2.0,7.0,0.0,1.0,1.0,0.0,0.0,0.0,0.0,0.0,0.0,2.0,0.0,0.0,1.0,30.0,0.0,0.0,0.0,0.0,51.0,7.0,1.0,2.0,0.0,1.0,0.0,0.0,35.0,66.0,0.0,42.0,0.0,43.0,0.0,0.0,0.0,1.0,36.0,0.0,1.0,0.0,0.0,0.0,82.0,0.0,65.0,16.0,9.0,105.0,2.0,0.0,0.0,0.0,0.0
N Hollywood,2024,2,1.0,0.0,30.0,4.0,58.0,1.0,3.0,2.0,3.0,0.0,0.0,12.0,0.0,11.0,3.0,62.0,51.0,0.0,2.0,0.0,1.0,2.0,2.0,0.0,0.0,0.0,0.0,14.0,0.0,0.0,0.0,0.0,2.0,13.0,0.0,0.0,0.0,0.0,0.0,0.0,0.0,0.0,0.0,2.0,7.0,0.0,0.0,0.0,0.0,0.0,8.0,0.0,2.0,0.0,0.0,0.0,0.0,0.0,0.0,0.0,0.0,0.0,0.0,2.0,7.0,36.0,1.0,1.0,12.0,0.0,0.0,0.0,3.0,2.0,8.0,0.0,0.0,0.0,0.0,0.0,0.0,0.0,0.0,0.0,5.0,0.0,0.0,0.0,18.0,0.0,0.0,0.0,0.0,58.0,6.0,0.0,1.0,1.0,0.0,0.0,0.0,37.0,69.0,0.0,45.0,1.0,36.0,0.0,0.0,0.0,1.0,42.0,0.0,2.0,0.0,0.0,0.0,70.0,0.0,66.0,13.0,11.0,87.0,0.0,5.0,2.0,2.0,0.0
N Hollywood,2024,3,3.0,0.0,46.0,2.0,74.0,0.0,1.0,2.0,4.0,0.0,0.0,20.0,0.0,11.0,0.0,77.0,41.0,1.0,0.0,0.0,0.0,3.0,2.0,0.0,2.0,1.0,0.0,9.0,0.0,0.0,0.0,0.0,0.0,12.0,0.0,0.0,1.0,0.0,0.0,0.0,0.0,0.0,0.0,1.0,7.0,0.0,0.0,0.0,0.0,0.0,4.0,3.0,3.0,0.0,0.0,0.0,0.0,1.0,0.0,0.0,0.0,0.0,0.0,2.0,10.0,44.0,0.0,0.0,9.0,0.0,0.0,0.0,0.0,0.0,5.0,0.0,1.0,2.0,0.0,0.0,0.0,0.0,0.0,0.0,2.0,0.0,1.0,1.0,19.0,0.0,0.0,1.0,0.0,71.0,6.0,2.0,0.0,0.0,0.0,0.0,0.0,47.0,49.0,0.0,56.0,1.0,34.0,0.0,0.0,0.0,5.0,29.0,0.0,2.0,0.0,0.0,0.0,84.0,2.0,66.0,12.0,13.0,97.0,1.0,3.0,2.0,1.0,0.0
N Hollywood,2024,4,3.0,0.0,42.0,4.0,82.0,0.0,0.0,4.0,2.0,0.0,0.0,9.0,1.0,3.0,1.0,75.0,43.0,0.0,4.0,0.0,0.0,2.0,0.0,0.0,0.0,0.0,0.0,8.0,0.0,0.0,0.0,0.0,1.0,11.0,0.0,0.0,1.0,0.0,4.0,0.0,0.0,0.0,0.0,2.0,6.0,0.0,0.0,0.0,0.0,0.0,3.0,0.0,3.0,0.0,3.0,0.0,0.0,0.0,0.0,0.0,0.0,0.0,0.0,1.0,3.0,42.0,0.0,1.0,6.0,0.0,0.0,0.0,1.0,8.0,8.0,0.0,0.0,1.0,0.0,0.0,0.0,0.0,0.0,0.0,2.0,0.0,1.0,1.0,24.0,0.0,0.0,0.0,1.0,58.0,7.0,1.0,1.0,0.0,0.0,0.0,0.0,23.0,46.0,0.0,47.0,0.0,41.0,0.0,0.0,0.0,2.0,34.0,0.0,2.0,0.0,0.0,0.0,54.0,0.0,51.0,17.0,13.0,98.0,1.0,5.0,0.0,3.0,0.0
N Hollywood,2024,5,0.0,0.0,11.0,3.0,34.0,0.0,3.0,0.0,5.0,1.0,0.0,3.0,0.0,0.0,0.0,24.0,38.0,1.0,2.0,0.0,0.0,1.0,1.0,1.0,0.0,0.0,0.0,7.0,0.0,1.0,0.0,0.0,0.0,7.0,0.0,0.0,0.0,0.0,0.0,0.0,0.0,0.0,0.0,2.0,2.0,0.0,0.0,0.0,1.0,0.0,3.0,0.0,1.0,0.0,1.0,0.0,0.0,0.0,0.0,0.0,0.0,0.0,0.0,0.0,4.0,16.0,0.0,0.0,3.0,1.0,0.0,0.0,0.0,3.0,3.0,0.0,0.0,6.0,0.0,0.0,0.0,0.0,0.0,0.0,0.0,0.0,0.0,0.0,8.0,0.0,0.0,1.0,0.0,64.0,4.0,0.0,0.0,0.0,2.0,0.0,0.0,38.0,48.0,0.0,27.0,0.0,37.0,0.0,0.0,0.0,1.0,31.0,0.0,1.0,0.0,0.0,0.0,45.0,0.0,38.0,6.0,6.0,108.0,1.0,2.0,0.0,0.0,0.0
N Hollywood,2024,6,0.0,0.0,2.0,0.0,0.0,0.0,0.0,0.0,6.0,2.0,0.0,1.0,0.0,0.0,0.0,1.0,33.0,0.0,0.0,0.0,0.0,0.0,0.0,0.0,0.0,0.0,0.0,0.0,0.0,0.0,0.0,0.0,0.0,0.0,0.0,0.0,0.0,0.0,0.0,0.0,0.0,0.0,0.0,0.0,2.0,0.0,0.0,0.0,0.0,0.0,1.0,0.0,0.0,0.0,0.0,0.0,0.0,0.0,0.0,0.0,0.0,0.0,0.0,0.0,0.0,0.0,0.0,0.0,2.0,0.0,0.0,0.0,0.0,0.0,1.0,0.0,0.0,1.0,0.0,0.0,0.0,0.0,0.0,0.0,0.0,0.0,0.0,0.0,0.0,0.0,0.0,0.0,0.0,73.0,3.0,0.0,0.0,0.0,0.0,0.0,0.0,30.0,49.0,0.0,26.0,0.0,40.0,0.0,0.0,0.0,0.0,25.0,0.0,0.0,0.0,0.0,0.0,30.0,0.0,23.0,9.0,0.0,80.0,3.0,0.0,0.0,0.0,0.0
N Hollywood,2024,7,0.0,0.0,3.0,0.0,2.0,0.0,0.0,0.0,3.0,0.0,0.0,0.0,0.0,0.0,0.0,2.0,38.0,0.0,0.0,0.0,0.0,0.0,0.0,2.0,0.0,0.0,0.0,0.0,0.0,0.0,0.0,0.0,0.0,0.0,0.0,0.0,0.0,0.0,0.0,0.0,0.0,0.0,0.0,0.0,0.0,0.0,1.0,0.0,1.0,0.0,1.0,0.0,0.0,0.0,0.0,0.0,0.0,0.0,3.0,0.0,0.0,0.0,0.0,0.0,0.0,1.0,0.0,0.0,9.0,0.0,0.0,0.0,0.0,0.0,0.0,0.0,0.0,0.0,0.0,0.0,0.0,0.0,0.0,0.0,0.0,1.0,0.0,0.0,0.0,0.0,0.0,0.0,0.0,56.0,5.0,0.0,0.0,0.0,0.0,0.0,0.0,24.0,40.0,0.0,26.0,0.0,28.0,0.0,0.0,0.0,0.0,15.0,0.0,0.0,0.0,0.0,0.0,10.0,0.0,29.0,7.0,0.0,80.0,2.0,0.0,0.0,0.0,0.0
N Hollywood,2024,8,0.0,0.0,0.0,0.0,1.0,0.0,0.0,0.0,6.0,0.0,0.0,1.0,0.0,0.0,0.0,4.0,28.0,0.0,1.0,0.0,0.0,0.0,0.0,1.0,0.0,0.0,0.0,0.0,0.0,0.0,0.0,0.0,0.0,0.0,0.0,0.0,0.0,0.0,0.0,0.0,0.0,0.0,0.0,0.0,1.0,0.0,0.0,0.0,0.0,0.0,2.0,1.0,0.0,0.0,0.0,0.0,0.0,0.0,0.0,0.0,0.0,0.0,0.0,1.0,1.0,0.0,1.0,0.0,10.0,0.0,0.0,0.0,0.0,0.0,0.0,0.0,0.0,2.0,0.0,0.0,0.0,0.0,0.0,0.0,0.0,0.0,0.0,0.0,0.0,0.0,0.0,0.0,0.0,44.0,5.0,0.0,0.0,0.0,0.0,0.0,0.0,19.0,44.0,0.0,30.0,0.0,35.0,0.0,0.0,0.0,0.0,13.0,0.0,0.0,0.0,0.0,0.0,68.0,0.0,23.0,3.0,0.0,92.0,1.0,0.0,0.0,0.0,0.0
N Hollywood,2024,9,0.0,0.0,0.0,0.0,6.0,0.0,0.0,0.0,6.0,0.0,0.0,1.0,0.0,0.0,0.0,1.0,31.0,0.0,0.0,0.0,0.0,0.0,0.0,0.0,0.0,0.0,0.0,0.0,0.0,0.0,0.0,0.0,0.0,0.0,0.0,0.0,0.0,0.0,0.0,0.0,0.0,0.0,0.0,0.0,1.0,0.0,0.0,0.0,0.0,0.0,4.0,0.0,0.0,0.0,0.0,0.0,0.0,0.0,0.0,0.0,0.0,0.0,0.0,0.0,0.0,0.0,0.0,0.0,10.0,0.0,0.0,0.0,0.0,0.0,1.0,0.0,0.0,1.0,0.0,0.0,0.0,0.0,0.0,0.0,0.0,0.0,0.0,0.0,0.0,0.0,0.0,0.0,0.0,49.0,4.0,0.0,0.0,0.0,0.0,0.0,0.0,16.0,31.0,0.0,36.0,0.0,37.0,0.0,0.0,0.0,0.0,13.0,0.0,0.0,0.0,0.0,0.0,64.0,0.0,26.0,4.0,1.0,73.0,3.0,0.0,0.0,0.0,0.0
N Hollywood,2024,10,0.0,0.0,1.0,0.0,2.0,0.0,0.0,0.0,8.0,0.0,0.0,0.0,0.0,0.0,0.0,4.0,35.0,1.0,0.0,0.0,0.0,0.0,0.0,0.0,0.0,1.0,0.0,1.0,0.0,1.0,0.0,0.0,0.0,0.0,0.0,0.0,1.0,0.0,0.0,0.0,0.0,0.0,0.0,0.0,1.0,0.0,0.0,0.0,0.0,0.0,3.0,0.0,0.0,0.0,0.0,0.0,0.0,0.0,0.0,0.0,0.0,0.0,0.0,1.0,0.0,1.0,0.0,0.0,2.0,1.0,0.0,0.0,0.0,0.0,1.0,0.0,0.0,1.0,0.0,0.0,0.0,0.0,0.0,0.0,0.0,0.0,0.0,0.0,3.0,0.0,0.0,0.0,0.0,41.0,1.0,0.0,0.0,0.0,0.0,0.0,0.0,19.0,37.0,0.0,28.0,0.0,32.0,0.0,0.0,0.0,0.0,16.0,0.0,0.0,0.0,0.0,0.0,31.0,0.0,15.0,6.0,0.0,87.0,3.0,0.0,0.0,0.0,0.0
N Hollywood,2024,11,2.0,0.0,1.0,0.0,2.0,0.0,0.0,0.0,1.0,0.0,0.0,0.0,0.0,0.0,0.0,4.0,37.0,0.0,0.0,0.0,0.0,0.0,0.0,0.0,0.0,0.0,0.0,0.0,0.0,0.0,0.0,0.0,0.0,1.0,0.0,0.0,0.0,0.0,0.0,0.0,0.0,0.0,0.0,0.0,0.0,0.0,0.0,0.0,0.0,0.0,1.0,0.0,0.0,0.0,1.0,0.0,0.0,0.0,0.0,0.0,0.0,0.0,0.0,0.0,0.0,0.0,0.0,0.0,3.0,0.0,0.0,0.0,0.0,0.0,0.0,0.0,0.0,2.0,0.0,0.0,0.0,0.0,0.0,0.0,0.0,0.0,0.0,0.0,5.0,0.0,0.0,0.0,0.0,37.0,1.0,0.0,0.0,0.0,0.0,0.0,0.0,18.0,36.0,0.0,19.0,0.0,37.0,0.0,0.0,0.0,0.0,19.0,0.0,0.0,0.0,0.0,0.0,3.0,0.0,23.0,11.0,0.0,98.0,7.0,0.0,0.0,0.0,0.0
N Hollywood,2024,12,0.0,0.0,0.0,0.0,0.0,0.0,0.0,1.0,6.0,0.0,0.0,0.0,0.0,0.0,0.0,1.0,35.0,1.0,0.0,0.0,0.0,0.0,0.0,0.0,0.0,0.0,0.0,0.0,0.0,0.0,0.0,0.0,0.0,0.0,0.0,0.0,0.0,0.0,0.0,0.0,0.0,0.0,0.0,0.0,0.0,0.0,0.0,0.0,0.0,0.0,0.0,0.0,0.0,0.0,1.0,0.0,0.0,0.0,0.0,0.0,0.0,0.0,0.0,1.0,0.0,0.0,0.0,0.0,1.0,0.0,0.0,0.0,0.0,0.0,0.0,0.0,0.0,2.0,0.0,0.0,0.0,0.0,0.0,0.0,0.0,0.0,0.0,0.0,0.0,0.0,0.0,0.0,0.0,34.0,4.0,0.0,0.0,0.0,0.0,0.0,0.0,22.0,15.0,0.0,13.0,0.0,33.0,0.0,0.0,0.0,0.0,10.0,0.0,0.0,0.0,0.0,0.0,9.0,0.0,15.0,2.0,0.0,45.0,1.0,0.0,0.0,0.0,0.0
Newton,2024,1,1.0,2.0,79.0,4.0,62.0,0.0,5.0,4.0,2.0,1.0,1.0,12.0,1.0,2.0,0.0,60.0,64.0,1.0,0.0,0.0,0.0,1.0,0.0,2.0,0.0,1.0,0.0,1.0,0.0,0.0,0.0,0.0,3.0,18.0,2.0,0.0,0.0,0.0,1.0,0.0,0.0,0.0,0.0,0.0,0.0,0.0,0.0,0.0,0.0,0.0,1.0,0.0,3.0,0.0,3.0,1.0,0.0,0.0,0.0,0.0,0.0,0.0,0.0,1.0,13.0,43.0,0.0,0.0,2.0,0.0,0.0,0.0,0.0,0.0,8.0,0.0,0.0,3.0,0.0,0.0,0.0,0.0,0.0,0.0,2.0,1.0,0.0,4.0,52.0,0.0,0.0,2.0,0.0,13.0,0.0,0.0,0.0,0.0,0.0,0.0,0.0,13.0,43.0,0.0,19.0,0.0,32.0,0.0,0.0,0.0,6.0,40.0,0.0,1.0,0.0,0.0,0.0,8.0,0.0,46.0,9.0,15.0,154.0,0.0,2.0,26.0,1.0,0.0
Newton,2024,2,0.0,0.0,60.0,11.0,76.0,0.0,7.0,1.0,0.0,0.0,0.0,15.0,2.0,2.0,1.0,61.0,54.0,0.0,2.0,0.0,0.0,5.0,0.0,0.0,0.0,0.0,0.0,1.0,0.0,0.0,0.0,0.0,2.0,16.0,0.0,0.0,0.0,0.0,7.0,0.0,0.0,0.0,0.0,0.0,0.0,0.0,1.0,0.0,0.0,0.0,2.0,0.0,0.0,0.0,11.0,0.0,0.0,0.0,0.0,0.0,0.0,0.0,0.0,0.0,8.0,42.0,1.0,0.0,5.0,0.0,0.0,0.0,0.0,1.0,5.0,0.0,0.0,1.0,0.0,0.0,0.0,0.0,0.0,0.0,1.0,1.0,0.0,8.0,66.0,0.0,0.0,0.0,0.0,8.0,0.0,3.0,0.0,0.0,0.0,0.0,0.0,14.0,21.0,0.0,31.0,0.0,23.0,0.0,0.0,0.0,6.0,42.0,0.0,1.0,0.0,0.0,0.0,9.0,0.0,41.0,12.0,7.0,140.0,1.0,2.0,9.0,0.0,0.0
Newton,2024,3,1.0,2.0,23.0,2.0,22.0,0.0,4.0,3.0,0.0,0.0,1.0,9.0,0.0,2.0,0.0,10.0,62.0,0.0,1.0,0.0,0.0,0.0,0.0,1.0,0.0,0.0,0.0,4.0,0.0,0.0,0.0,0.0,0.0,2.0,0.0,0.0,0.0,0.0,0.0,0.0,0.0,0.0,0.0,0.0,0.0,0.0,0.0,0.0,0.0,0.0,1.0,0.0,2.0,0.0,4.0,0.0,0.0,0.0,0.0,0.0,0.0,0.0,0.0,0.0,4.0,20.0,0.0,0.0,3.0,0.0,0.0,0.0,0.0,1.0,3.0,0.0,0.0,5.0,0.0,0.0,0.0,0.0,0.0,0.0,3.0,0.0,0.0,1.0,17.0,0.0,0.0,0.0,0.0,8.0,1.0,0.0,0.0,0.0,0.0,0.0,0.0,12.0,32.0,0.0,27.0,1.0,21.0,0.0,0.0,0.0,2.0,16.0,0.0,0.0,0.0,0.0,0.0,3.0,0.0,34.0,5.0,1.0,123.0,1.0,4.0,4.0,0.0,0.0
Newton,2024,4,0.0,3.0,9.0,0.0,1.0,0.0,5.0,1.0,2.0,1.0,0.0,1.0,0.0,0.0,0.0,4.0,37.0,1.0,0.0,0.0,0.0,0.0,0.0,0.0,0.0,0.0,0.0,0.0,0.0,0.0,0.0,0.0,0.0,1.0,1.0,0.0,0.0,0.0,0.0,0.0,0.0,0.0,0.0,0.0,0.0,0.0,0.0,0.0,0.0,0.0,1.0,0.0,2.0,0.0,3.0,0.0,0.0,0.0,0.0,0.0,0.0,0.0,0.0,1.0,1.0,2.0,0.0,0.0,4.0,1.0,0.0,0.0,0.0,1.0,4.0,0.0,0.0,7.0,0.0,0.0,0.0,0.0,0.0,0.0,1.0,0.0,0.0,0.0,7.0,0.0,0.0,0.0,0.0,8.0,2.0,0.0,0.0,0.0,0.0,0.0,0.0,14.0,35.0,0.0,31.0,0.0,16.0,0.0,0.0,0.0,5.0,38.0,0.0,0.0,0.0,0.0,0.0,0.0,0.0,19.0,3.0,0.0,162.0,0.0,0.0,0.0,0.0,0.0
Newton,2024,5,0.0,0.0,2.0,0.0,3.0,0.0,0.0,0.0,1.0,0.0,0.0,0.0,0.0,0.0,0.0,1.0,44.0,0.0,0.0,0.0,0.0,1.0,0.0,1.0,0.0,1.0,0.0,0.0,0.0,0.0,0.0,0.0,0.0,4.0,0.0,0.0,2.0,0.0,0.0,0.0,0.0,0.0,0.0,0.0,0.0,0.0,0.0,0.0,0.0,0.0,0.0,0.0,0.0,0.0,8.0,0.0,0.0,0.0,0.0,0.0,0.0,0.0,0.0,0.0,1.0,1.0,1.0,0.0,3.0,0.0,0.0,0.0,0.0,0.0,1.0,0.0,0.0,3.0,0.0,0.0,0.0,0.0,0.0,0.0,0.0,0.0,0.0,6.0,7.0,0.0,1.0,1.0,0.0,11.0,1.0,0.0,0.0,0.0,0.0,0.0,0.0,17.0,25.0,0.0,12.0,0.0,12.0,0.0,0.0,0.0,0.0,28.0,0.0,0.0,0.0,0.0,0.0,11.0,0.0,22.0,4.0,1.0,141.0,2.0,1.0,0.0,0.0,0.0
Newton,2024,6,0.0,0.0,12.0,0.0,0.0,0.0,2.0,0.0,1.0,0.0,0.0,0.0,0.0,0.0,0.0,1.0,34.0,0.0,0.0,0.0,0.0,0.0,0.0,0.0,1.0,0.0,0.0,0.0,0.0,0.0,0.0,0.0,0.0,0.0,1.0,0.0,0.0,0.0,1.0,0.0,0.0,0.0,0.0,0.0,0.0,0.0,0.0,0.0,0.0,0.0,3.0,0.0,0.0,0.0,0.0,0.0,0.0,0.0,0.0,0.0,0.0,0.0,0.0,0.0,0.0,0.0,0.0,0.0,1.0,0.0,0.0,0.0,0.0,0.0,0.0,0.0,0.0,3.0,0.0,0.0,0.0,0.0,0.0,0.0,1.0,0.0,0.0,0.0,7.0,0.0,0.0,0.0,0.0,9.0,3.0,0.0,0.0,0.0,0.0,0.0,0.0,8.0,28.0,0.0,14.0,0.0,16.0,0.0,0.0,0.0,1.0,35.0,0.0,0.0,0.0,0.0,0.0,104.0,0.0,35.0,8.0,0.0,152.0,1.0,0.0,1.0,0.0,0.0
Newton,2024,7,0.0,0.0,2.0,0.0,2.0,0.0,0.0,0.0,1.0,0.0,0.0,1.0,0.0,0.0,0.0,1.0,22.0,0.0,0.0,0.0,0.0,0.0,0.0,0.0,0.0,0.0,0.0,0.0,0.0,0.0,0.0,0.0,0.0,0.0,0.0,0.0,0.0,0.0,0.0,0.0,0.0,0.0,0.0,0.0,0.0,0.0,0.0,0.0,0.0,0.0,0.0,0.0,0.0,0.0,3.0,0.0,0.0,0.0,0.0,0.0,0.0,0.0,0.0,0.0,0.0,0.0,0.0,0.0,5.0,0.0,0.0,0.0,0.0,0.0,2.0,0.0,0.0,3.0,0.0,0.0,0.0,0.0,0.0,0.0,0.0,0.0,0.0,0.0,1.0,0.0,0.0,0.0,0.0,22.0,5.0,0.0,0.0,0.0,0.0,0.0,0.0,6.0,22.0,0.0,11.0,0.0,21.0,0.0,0.0,0.0,0.0,30.0,0.0,0.0,0.0,0.0,0.0,3.0,0.0,33.0,3.0,0.0,112.0,1.0,0.0,0.0,0.0,0.0
Newton,2024,8,0.0,0.0,4.0,1.0,0.0,0.0,0.0,0.0,1.0,0.0,0.0,0.0,0.0,0.0,0.0,2.0,38.0,0.0,0.0,0.0,0.0,0.0,0.0,1.0,0.0,0.0,0.0,0.0,0.0,0.0,0.0,0.0,0.0,0.0,0.0,0.0,0.0,0.0,0.0,0.0,0.0,0.0,0.0,0.0,0.0,0.0,0.0,0.0,0.0,0.0,0.0,0.0,0.0,0.0,4.0,0.0,0.0,0.0,0.0,0.0,0.0,0.0,0.0,0.0,0.0,0.0,0.0,0.0,5.0,0.0,0.0,0.0,0.0,0.0,2.0,0.0,0.0,3.0,0.0,0.0,0.0,0.0,0.0,0.0,0.0,0.0,0.0,0.0,8.0,0.0,0.0,0.0,0.0,26.0,4.0,0.0,0.0,0.0,0.0,0.0,0.0,8.0,27.0,0.0,17.0,1.0,21.0,0.0,0.0,0.0,0.0,40.0,0.0,0.0,0.0,0.0,0.0,49.0,0.0,24.0,2.0,0.0,97.0,1.0,0.0,0.0,0.0,0.0
Newton,2024,9,1.0,0.0,3.0,0.0,5.0,0.0,1.0,1.0,2.0,0.0,0.0,1.0,0.0,0.0,0.0,1.0,25.0,0.0,0.0,0.0,0.0,0.0,0.0,0.0,0.0,0.0,0.0,0.0,0.0,0.0,0.0,0.0,0.0,0.0,0.0,0.0,0.0,0.0,0.0,0.0,0.0,0.0,0.0,1.0,0.0,0.0,0.0,0.0,0.0,0.0,1.0,0.0,0.0,0.0,3.0,0.0,0.0,0.0,0.0,0.0,0.0,0.0,0.0,1.0,0.0,0.0,0.0,0.0,2.0,0.0,0.0,0.0,0.0,0.0,0.0,0.0,0.0,5.0,0.0,0.0,0.0,0.0,0.0,0.0,0.0,0.0,0.0,0.0,5.0,0.0,0.0,0.0,0.0,13.0,1.0,0.0,0.0,0.0,0.0,0.0,0.0,11.0,24.0,0.0,15.0,0.0,13.0,0.0,0.0,0.0,0.0,16.0,0.0,0.0,0.0,0.0,0.0,39.0,0.0,21.0,5.0,0.0,88.0,3.0,0.0,0.0,0.0,0.0
Newton,2024,10,0.0,0.0,8.0,0.0,1.0,0.0,0.0,0.0,0.0,0.0,0.0,2.0,0.0,0.0,0.0,3.0,23.0,0.0,0.0,0.0,0.0,0.0,0.0,0.0,0.0,0.0,0.0,0.0,0.0,0.0,0.0,0.0,0.0,0.0,0.0,0.0,0.0,0.0,0.0,0.0,0.0,0.0,0.0,0.0,0.0,0.0,0.0,0.0,0.0,0.0,0.0,0.0,0.0,0.0,0.0,0.0,2.0,0.0,0.0,0.0,0.0,0.0,0.0,1.0,0.0,0.0,0.0,0.0,1.0,0.0,0.0,0.0,0.0,0.0,1.0,0.0,0.0,6.0,0.0,0.0,0.0,0.0,0.0,0.0,0.0,0.0,0.0,1.0,5.0,0.0,0.0,0.0,0.0,22.0,2.0,0.0,0.0,0.0,0.0,0.0,0.0,6.0,34.0,0.0,9.0,0.0,26.0,0.0,0.0,0.0,0.0,14.0,0.0,0.0,0.0,0.0,0.0,7.0,0.0,32.0,2.0,0.0,104.0,2.0,0.0,0.0,0.0,0.0
Newton,2024,11,0.0,0.0,5.0,0.0,0.0,0.0,0.0,0.0,1.0,0.0,0.0,0.0,0.0,0.0,0.0,5.0,29.0,0.0,0.0,0.0,0.0,0.0,0.0,0.0,0.0,0.0,0.0,0.0,0.0,1.0,0.0,0.0,0.0,2.0,0.0,0.0,0.0,1.0,0.0,0.0,0.0,0.0,0.0,0.0,0.0,0.0,0.0,0.0,0.0,0.0,0.0,0.0,1.0,0.0,6.0,0.0,1.0,0.0,0.0,0.0,0.0,0.0,0.0,0.0,0.0,0.0,0.0,0.0,3.0,0.0,0.0,0.0,0.0,0.0,0.0,0.0,0.0,6.0,0.0,0.0,0.0,0.0,0.0,0.0,0.0,1.0,0.0,0.0,7.0,0.0,0.0,0.0,0.0,17.0,3.0,0.0,0.0,0.0,0.0,0.0,0.0,12.0,26.0,0.0,16.0,0.0,22.0,0.0,0.0,0.0,0.0,25.0,0.0,0.0,0.0,0.0,0.0,0.0,0.0,29.0,3.0,0.0,105.0,0.0,1.0,2.0,0.0,0.0
Newton,2024,12,0.0,0.0,4.0,0.0,1.0,0.0,0.0,0.0,0.0,0.0,0.0,0.0,0.0,0.0,0.0,1.0,26.0,0.0,0.0,0.0,0.0,0.0,0.0,0.0,0.0,0.0,0.0,2.0,0.0,0.0,0.0,0.0,0.0,0.0,0.0,0.0,0.0,0.0,0.0,0.0,0.0,0.0,0.0,0.0,0.0,0.0,0.0,0.0,0.0,0.0,0.0,0.0,0.0,0.0,3.0,0.0,0.0,0.0,0.0,0.0,0.0,0.0,0.0,0.0,0.0,1.0,0.0,0.0,3.0,0.0,0.0,0.0,0.0,0.0,0.0,0.0,0.0,3.0,0.0,0.0,0.0,0.0,0.0,0.0,0.0,0.0,0.0,0.0,3.0,0.0,0.0,0.0,0.0,19.0,3.0,0.0,0.0,0.0,0.0,0.0,0.0,5.0,13.0,0.0,10.0,0.0,16.0,0.0,0.0,0.0,0.0,11.0,0.0,0.0,0.0,0.0,0.0,0.0,0.0,10.0,3.0,0.0,50.0,0.0,0.0,0.0,0.0,0.0
Northeast,2024,1,3.0,0.0,30.0,2.0,61.0,0.0,1.0,2.0,4.0,0.0,3.0,8.0,1.0,6.0,3.0,54.0,51.0,0.0,1.0,1.0,0.0,2.0,0.0,0.0,1.0,0.0,0.0,0.0,0.0,0.0,0.0,1.0,2.0,15.0,0.0,0.0,0.0,0.0,2.0,0.0,0.0,0.0,0.0,2.0,2.0,1.0,0.0,0.0,0.0,0.0,2.0,0.0,4.0,0.0,0.0,0.0,4.0,0.0,0.0,0.0,0.0,0.0,0.0,0.0,7.0,21.0,0.0,0.0,5.0,0.0,0.0,0.0,0.0,1.0,3.0,0.0,1.0,15.0,0.0,0.0,0.0,0.0,0.0,0.0,3.0,0.0,0.0,0.0,24.0,0.0,1.0,4.0,1.0,38.0,9.0,0.0,0.0,1.0,0.0,0.0,0.0,64.0,44.0,0.0,37.0,1.0,49.0,0.0,0.0,0.0,0.0,31.0,0.0,0.0,0.0,0.0,0.0,22.0,0.0,47.0,10.0,3.0,92.0,4.0,3.0,10.0,0.0,0.0
Northeast,2024,2,3.0,1.0,18.0,3.0,41.0,0.0,1.0,1.0,1.0,0.0,0.0,8.0,1.0,10.0,1.0,66.0,48.0,1.0,5.0,0.0,1.0,0.0,0.0,0.0,0.0,0.0,0.0,0.0,0.0,0.0,0.0,0.0,1.0,20.0,0.0,0.0,0.0,0.0,1.0,0.0,0.0,0.0,0.0,5.0,1.0,0.0,0.0,0.0,0.0,0.0,2.0,0.0,1.0,0.0,0.0,0.0,2.0,0.0,0.0,0.0,0.0,0.0,0.0,2.0,8.0,19.0,0.0,1.0,8.0,6.0,0.0,0.0,0.0,0.0,12.0,0.0,0.0,13.0,0.0,0.0,0.0,0.0,0.0,1.0,1.0,1.0,0.0,2.0,22.0,0.0,2.0,0.0,0.0,63.0,15.0,1.0,0.0,0.0,0.0,0.0,0.0,22.0,31.0,0.0,23.0,1.0,50.0,0.0,0.0,0.0,1.0,34.0,0.0,1.0,0.0,0.0,0.0,13.0,0.0,43.0,15.0,8.0,77.0,4.0,0.0,18.0,1.0,0.0
Northeast,2024,3,1.0,0.0,9.0,1.0,13.0,0.0,0.0,1.0,4.0,0.0,0.0,3.0,0.0,1.0,0.0,11.0,47.0,0.0,0.0,0.0,0.0,1.0,0.0,0.0,0.0,1.0,0.0,1.0,0.0,0.0,0.0,0.0,1.0,3.0,1.0,0.0,0.0,0.0,0.0,0.0,0.0,0.0,0.0,0.0,0.0,0.0,0.0,0.0,0.0,0.0,3.0,0.0,1.0,0.0,1.0,0.0,1.0,0.0,0.0,0.0,0.0,0.0,0.0,0.0,1.0,2.0,1.0,0.0,5.0,0.0,0.0,0.0,0.0,0.0,1.0,0.0,0.0,11.0,0.0,0.0,0.0,0.0,0.0,0.0,0.0,0.0,0.0,0.0,7.0,0.0,1.0,1.0,0.0,50.0,8.0,0.0,0.0,0.0,0.0,0.0,0.0,27.0,41.0,0.0,27.0,0.0,40.0,0.0,0.0,0.0,0.0,21.0,0.0,0.0,0.0,0.0,0.0,14.0,0.0,32.0,8.0,1.0,85.0,3.0,4.0,2.0,1.0,0.0
Northeast,2024,4,0.0,0.0,3.0,1.0,4.0,0.0,0.0,2.0,2.0,0.0,0.0,0.0,0.0,1.0,0.0,1.0,36.0,1.0,1.0,0.0,0.0,0.0,0.0,0.0,0.0,0.0,0.0,0.0,0.0,0.0,0.0,0.0,0.0,0.0,0.0,0.0,0.0,0.0,1.0,0.0,0.0,0.0,0.0,2.0,1.0,0.0,0.0,0.0,0.0,0.0,3.0,0.0,0.0,0.0,0.0,0.0,0.0,0.0,0.0,0.0,0.0,0.0,0.0,0.0,0.0,2.0,0.0,0.0,4.0,1.0,0.0,0.0,0.0,0.0,1.0,0.0,0.0,4.0,0.0,0.0,0.0,0.0,0.0,0.0,0.0,0.0,0.0,0.0,1.0,0.0,0.0,0.0,0.0,36.0,5.0,0.0,0.0,0.0,0.0,0.0,0.0,24.0,41.0,0.0,29.0,0.0,31.0,0.0,0.0,0.0,0.0,14.0,0.0,0.0,0.0,0.0,0.0,14.0,0.0,28.0,3.0,1.0,82.0,3.0,0.0,0.0,0.0,0.0
Northeast,2024,5,0.0,0.0,2.0,0.0,1.0,0.0,0.0,0.0,4.0,0.0,0.0,0.0,0.0,0.0,0.0,2.0,46.0,0.0,0.0,0.0,0.0,0.0,0.0,0.0,0.0,0.0,0.0,0.0,0.0,0.0,0.0,0.0,0.0,0.0,0.0,0.0,0.0,0.0,0.0,0.0,0.0,0.0,0.0,0.0,0.0,0.0,0.0,0.0,0.0,0.0,0.0,0.0,0.0,0.0,1.0,0.0,0.0,0.0,0.0,0.0,0.0,0.0,0.0,1.0,0.0,0.0,0.0,0.0,6.0,0.0,0.0,0.0,0.0,0.0,0.0,0.0,0.0,4.0,0.0,0.0,0.0,0.0,0.0,0.0,0.0,0.0,0.0,0.0,3.0,0.0,0.0,0.0,0.0,28.0,5.0,0.0,0.0,0.0,0.0,0.0,0.0,26.0,35.0,0.0,25.0,0.0,28.0,0.0,0.0,0.0,0.0,17.0,0.0,0.0,0.0,0.0,0.0,14.0,0.0,18.0,10.0,0.0,89.0,1.0,1.0,0.0,0.0,0.0
Northeast,2024,6,0.0,0.0,5.0,0.0,1.0,0.0,0.0,0.0,7.0,0.0,0.0,1.0,0.0,0.0,0.0,5.0,27.0,0.0,0.0,0.0,0.0,0.0,1.0,1.0,0.0,0.0,0.0,0.0,0.0,0.0,0.0,0.0,0.0,0.0,0.0,0.0,0.0,0.0,0.0,0.0,0.0,0.0,0.0,0.0,0.0,0.0,0.0,0.0,0.0,0.0,2.0,0.0,0.0,0.0,0.0,0.0,0.0,0.0,0.0,0.0,0.0,0.0,0.0,0.0,0.0,0.0,0.0,0.0,4.0,0.0,0.0,0.0,0.0,0.0,1.0,0.0,0.0,11.0,0.0,0.0,0.0,0.0,0.0,0.0,0.0,0.0,0.0,0.0,0.0,0.0,0.0,0.0,0.0,26.0,4.0,0.0,0.0,0.0,0.0,0.0,0.0,19.0,31.0,0.0,12.0,0.0,33.0,0.0,0.0,0.0,0.0,12.0,0.0,0.0,0.0,0.0,0.0,12.0,0.0,23.0,10.0,0.0,75.0,5.0,0.0,0.0,0.0,0.0
Northeast,2024,7,1.0,0.0,0.0,0.0,2.0,0.0,0.0,0.0,7.0,0.0,0.0,1.0,0.0,0.0,0.0,1.0,45.0,0.0,0.0,0.0,0.0,0.0,0.0,0.0,0.0,1.0,0.0,0.0,0.0,0.0,0.0,0.0,0.0,0.0,0.0,0.0,0.0,0.0,0.0,0.0,0.0,0.0,0.0,0.0,0.0,0.0,0.0,0.0,0.0,0.0,3.0,0.0,0.0,0.0,1.0,0.0,0.0,0.0,0.0,0.0,0.0,0.0,0.0,0.0,0.0,0.0,0.0,0.0,6.0,0.0,0.0,0.0,0.0,0.0,0.0,0.0,0.0,12.0,0.0,0.0,0.0,0.0,0.0,0.0,0.0,0.0,0.0,0.0,3.0,0.0,0.0,0.0,0.0,23.0,4.0,0.0,0.0,0.0,0.0,0.0,1.0,23.0,34.0,0.0,14.0,0.0,33.0,0.0,0.0,0.0,0.0,26.0,0.0,0.0,0.0,0.0,0.0,11.0,1.0,31.0,6.0,0.0,75.0,0.0,0.0,0.0,0.0,0.0
Northeast,2024,8,0.0,0.0,1.0,0.0,4.0,0.0,0.0,0.0,4.0,0.0,1.0,0.0,0.0,0.0,0.0,1.0,38.0,2.0,0.0,0.0,0.0,0.0,0.0,0.0,0.0,0.0,0.0,0.0,0.0,0.0,0.0,0.0,0.0,0.0,0.0,0.0,0.0,0.0,0.0,0.0,0.0,0.0,0.0,0.0,0.0,0.0,0.0,0.0,0.0,0.0,2.0,0.0,0.0,0.0,0.0,0.0,0.0,0.0,0.0,0.0,0.0,0.0,0.0,0.0,0.0,0.0,0.0,0.0,6.0,0.0,0.0,0.0,0.0,0.0,2.0,0.0,0.0,10.0,0.0,0.0,0.0,0.0,0.0,0.0,0.0,0.0,0.0,0.0,1.0,0.0,0.0,0.0,0.0,25.0,4.0,0.0,0.0,0.0,0.0,0.0,0.0,20.0,36.0,0.0,30.0,0.0,39.0,0.0,0.0,0.0,0.0,18.0,0.0,0.0,0.0,0.0,0.0,16.0,0.0,23.0,12.0,0.0,85.0,2.0,0.0,0.0,0.0,0.0
Northeast,2024,9,0.0,0.0,1.0,0.0,0.0,0.0,0.0,0.0,4.0,0.0,0.0,0.0,0.0,0.0,0.0,1.0,34.0,0.0,0.0,0.0,1.0,0.0,0.0,0.0,0.0,0.0,0.0,0.0,0.0,0.0,0.0,0.0,0.0,0.0,1.0,0.0,0.0,0.0,0.0,0.0,0.0,0.0,0.0,0.0,0.0,0.0,0.0,0.0,0.0,0.0,4.0,0.0,0.0,0.0,1.0,0.0,0.0,0.0,0.0,0.0,0.0,0.0,0.0,1.0,0.0,2.0,0.0,0.0,9.0,0.0,0.0,0.0,0.0,0.0,0.0,0.0,0.0,8.0,0.0,0.0,0.0,0.0,0.0,0.0,0.0,0.0,0.0,0.0,1.0,0.0,0.0,0.0,0.0,47.0,5.0,0.0,0.0,0.0,0.0,0.0,0.0,20.0,30.0,0.0,14.0,0.0,34.0,0.0,0.0,0.0,0.0,24.0,0.0,0.0,0.0,0.0,0.0,26.0,0.0,29.0,2.0,0.0,82.0,6.0,0.0,0.0,0.0,0.0
Northeast,2024,10,0.0,0.0,0.0,0.0,0.0,0.0,0.0,0.0,5.0,0.0,0.0,0.0,0.0,1.0,0.0,0.0,42.0,0.0,1.0,0.0,0.0,0.0,1.0,0.0,0.0,0.0,0.0,0.0,0.0,0.0,0.0,0.0,0.0,0.0,0.0,0.0,0.0,0.0,0.0,0.0,0.0,0.0,0.0,0.0,0.0,0.0,0.0,0.0,0.0,0.0,0.0,0.0,0.0,0.0,3.0,0.0,0.0,0.0,0.0,0.0,0.0,0.0,0.0,0.0,0.0,0.0,0.0,0.0,2.0,0.0,0.0,0.0,0.0,0.0,0.0,0.0,0.0,7.0,0.0,0.0,0.0,0.0,0.0,0.0,0.0,0.0,0.0,1.0,0.0,0.0,0.0,0.0,0.0,53.0,2.0,0.0,0.0,0.0,0.0,0.0,0.0,38.0,27.0,0.0,14.0,0.0,43.0,0.0,0.0,0.0,1.0,10.0,0.0,0.0,0.0,0.0,0.0,10.0,0.0,18.0,8.0,0.0,84.0,3.0,0.0,0.0,0.0,0.0
Northeast,2024,11,0.0,0.0,3.0,0.0,0.0,0.0,0.0,0.0,4.0,0.0,0.0,0.0,0.0,0.0,0.0,1.0,52.0,0.0,0.0,0.0,0.0,0.0,0.0,0.0,0.0,0.0,0.0,0.0,0.0,0.0,0.0,0.0,0.0,0.0,0.0,0.0,0.0,0.0,0.0,0.0,0.0,0.0,0.0,0.0,0.0,0.0,0.0,0.0,0.0,0.0,3.0,0.0,0.0,0.0,2.0,0.0,0.0,0.0,0.0,0.0,0.0,0.0,0.0,0.0,0.0,0.0,0.0,0.0,6.0,0.0,0.0,0.0,0.0,0.0,2.0,0.0,0.0,18.0,0.0,0.0,0.0,0.0,0.0,0.0,0.0,0.0,0.0,1.0,1.0,0.0,0.0,0.0,0.0,35.0,3.0,0.0,0.0,0.0,0.0,0.0,0.0,23.0,34.0,0.0,10.0,0.0,39.0,0.0,0.0,0.0,0.0,24.0,0.0,0.0,0.0,0.0,0.0,5.0,0.0,34.0,10.0,0.0,65.0,1.0,0.0,0.0,0.0,0.0
Northeast,2024,12,0.0,0.0,0.0,0.0,0.0,0.0,0.0,0.0,2.0,0.0,0.0,0.0,0.0,0.0,0.0,0.0,26.0,0.0,0.0,0.0,0.0,0.0,0.0,0.0,0.0,0.0,0.0,0.0,0.0,0.0,0.0,0.0,0.0,0.0,0.0,0.0,0.0,0.0,0.0,0.0,0.0,0.0,0.0,1.0,0.0,0.0,0.0,0.0,0.0,0.0,0.0,0.0,0.0,0.0,0.0,0.0,0.0,0.0,0.0,0.0,0.0,0.0,0.0,0.0,0.0,0.0,0.0,0.0,2.0,0.0,0.0,0.0,0.0,0.0,0.0,0.0,0.0,5.0,0.0,0.0,0.0,0.0,0.0,0.0,0.0,0.0,0.0,0.0,2.0,0.0,0.0,0.0,0.0,23.0,1.0,0.0,0.0,0.0,0.0,0.0,0.0,17.0,17.0,0.0,11.0,0.0,29.0,0.0,0.0,0.0,0.0,10.0,0.0,0.0,0.0,0.0,0.0,1.0,0.0,24.0,7.0,1.0,25.0,1.0,0.0,0.0,0.0,0.0
Olympic,2024,1,1.0,0.0,38.0,3.0,75.0,0.0,6.0,1.0,1.0,0.0,1.0,20.0,0.0,8.0,3.0,99.0,59.0,0.0,8.0,0.0,0.0,3.0,2.0,1.0,0.0,0.0,0.0,0.0,0.0,0.0,0.0,0.0,0.0,13.0,3.0,0.0,2.0,0.0,1.0,0.0,0.0,0.0,0.0,0.0,2.0,0.0,0.0,0.0,0.0,0.0,1.0,0.0,3.0,0.0,0.0,0.0,0.0,0.0,2.0,1.0,0.0,0.0,0.0,1.0,17.0,54.0,0.0,0.0,10.0,0.0,0.0,0.0,1.0,3.0,8.0,0.0,0.0,8.0,0.0,0.0,0.0,0.0,0.0,1.0,3.0,0.0,0.0,1.0,40.0,0.0,3.0,2.0,0.0,14.0,4.0,0.0,0.0,0.0,0.0,0.0,0.0,43.0,40.0,0.0,30.0,1.0,73.0,0.0,0.0,0.0,3.0,31.0,3.0,1.0,0.0,0.0,0.0,16.0,1.0,62.0,18.0,5.0,88.0,2.0,5.0,19.0,2.0,0.0
Olympic,2024,2,1.0,0.0,47.0,8.0,79.0,0.0,1.0,3.0,1.0,0.0,0.0,20.0,0.0,8.0,1.0,70.0,67.0,0.0,8.0,0.0,0.0,3.0,2.0,1.0,0.0,0.0,0.0,0.0,0.0,0.0,0.0,0.0,3.0,22.0,1.0,2.0,1.0,0.0,2.0,0.0,0.0,0.0,0.0,0.0,2.0,0.0,0.0,0.0,0.0,0.0,2.0,0.0,0.0,0.0,0.0,0.0,0.0,0.0,1.0,0.0,0.0,0.0,0.0,3.0,12.0,39.0,1.0,1.0,10.0,2.0,0.0,0.0,0.0,3.0,5.0,0.0,1.0,6.0,0.0,1.0,0.0,0.0,0.0,1.0,6.0,0.0,0.0,0.0,29.0,0.0,1.0,0.0,0.0,9.0,4.0,0.0,1.0,0.0,1.0,0.0,0.0,32.0,32.0,0.0,24.0,1.0,49.0,0.0,0.0,0.0,5.0,38.0,2.0,1.0,0.0,0.0,0.0,15.0,0.0,55.0,16.0,10.0,102.0,4.0,4.0,6.0,0.0,0.0
Olympic,2024,3,2.0,0.0,53.0,3.0,80.0,0.0,1.0,3.0,1.0,0.0,1.0,18.0,0.0,6.0,3.0,61.0,88.0,0.0,7.0,0.0,0.0,4.0,0.0,1.0,0.0,0.0,0.0,0.0,0.0,1.0,0.0,0.0,1.0,9.0,3.0,0.0,1.0,0.0,2.0,0.0,0.0,0.0,0.0,2.0,3.0,0.0,0.0,0.0,0.0,0.0,0.0,0.0,2.0,0.0,1.0,1.0,0.0,0.0,0.0,0.0,0.0,0.0,1.0,3.0,12.0,63.0,0.0,0.0,6.0,0.0,0.0,0.0,0.0,1.0,1.0,0.0,1.0,17.0,0.0,1.0,0.0,0.0,0.0,1.0,3.0,0.0,0.0,3.0,35.0,0.0,1.0,1.0,0.0,10.0,1.0,0.0,0.0,1.0,0.0,0.0,0.0,29.0,38.0,0.0,35.0,0.0,48.0,0.0,0.0,0.0,2.0,23.0,3.0,1.0,0.0,0.0,0.0,26.0,1.0,60.0,28.0,2.0,75.0,2.0,5.0,15.0,1.0,0.0
Olympic,2024,4,0.0,0.0,5.0,0.0,7.0,0.0,0.0,0.0,3.0,0.0,0.0,1.0,0.0,0.0,0.0,1.0,51.0,0.0,0.0,0.0,0.0,1.0,0.0,0.0,0.0,0.0,0.0,0.0,0.0,0.0,0.0,0.0,0.0,2.0,0.0,0.0,0.0,0.0,0.0,0.0,0.0,0.0,0.0,0.0,0.0,0.0,0.0,0.0,0.0,0.0,2.0,0.0,0.0,0.0,1.0,0.0,0.0,0.0,0.0,0.0,0.0,0.0,0.0,0.0,0.0,5.0,1.0,0.0,2.0,0.0,0.0,0.0,0.0,1.0,0.0,0.0,0.0,4.0,0.0,0.0,0.0,0.0,0.0,0.0,0.0,0.0,0.0,0.0,2.0,0.0,0.0,0.0,0.0,14.0,2.0,0.0,0.0,0.0,0.0,0.0,0.0,39.0,28.0,0.0,18.0,0.0,34.0,0.0,0.0,0.0,1.0,14.0,0.0,0.0,0.0,0.0,0.0,14.0,0.0,22.0,9.0,0.0,72.0,2.0,0.0,0.0,0.0,0.0
Olympic,2024,5,0.0,0.0,1.0,0.0,1.0,0.0,0.0,0.0,2.0,0.0,0.0,0.0,0.0,0.0,0.0,0.0,39.0,0.0,0.0,0.0,0.0,0.0,0.0,0.0,1.0,0.0,0.0,0.0,0.0,0.0,0.0,0.0,0.0,0.0,0.0,0.0,0.0,0.0,0.0,0.0,0.0,0.0,0.0,0.0,0.0,0.0,0.0,0.0,0.0,0.0,1.0,0.0,0.0,0.0,0.0,0.0,0.0,0.0,0.0,0.0,0.0,0.0,0.0,0.0,0.0,0.0,0.0,0.0,4.0,1.0,0.0,0.0,0.0,0.0,3.0,0.0,0.0,5.0,0.0,0.0,0.0,0.0,0.0,0.0,0.0,0.0,0.0,0.0,1.0,0.0,0.0,0.0,0.0,3.0,1.0,0.0,0.0,0.0,0.0,0.0,0.0,27.0,29.0,0.0,15.0,0.0,28.0,0.0,0.0,0.0,0.0,10.0,0.0,0.0,0.0,0.0,0.0,19.0,0.0,27.0,5.0,0.0,85.0,2.0,0.0,0.0,0.0,0.0
Olympic,2024,6,0.0,0.0,0.0,0.0,0.0,0.0,0.0,0.0,1.0,0.0,0.0,0.0,0.0,0.0,0.0,2.0,41.0,0.0,0.0,0.0,0.0,0.0,0.0,0.0,0.0,0.0,0.0,0.0,0.0,0.0,0.0,0.0,0.0,0.0,1.0,0.0,0.0,0.0,0.0,0.0,0.0,0.0,0.0,0.0,0.0,0.0,0.0,0.0,0.0,0.0,0.0,0.0,0.0,0.0,2.0,0.0,0.0,0.0,0.0,0.0,0.0,0.0,0.0,0.0,0.0,0.0,0.0,0.0,2.0,0.0,0.0,0.0,0.0,0.0,1.0,0.0,0.0,1.0,0.0,1.0,0.0,0.0,0.0,0.0,1.0,0.0,0.0,0.0,1.0,0.0,0.0,0.0,0.0,10.0,0.0,0.0,0.0,0.0,0.0,0.0,0.0,27.0,40.0,0.0,15.0,0.0,44.0,0.0,0.0,0.0,0.0,10.0,0.0,0.0,0.0,0.0,0.0,16.0,0.0,31.0,7.0,0.0,82.0,7.0,0.0,0.0,0.0,0.0
Olympic,2024,7,0.0,0.0,0.0,0.0,0.0,0.0,0.0,0.0,3.0,0.0,0.0,0.0,0.0,0.0,0.0,1.0,42.0,0.0,0.0,0.0,0.0,0.0,0.0,0.0,0.0,0.0,0.0,0.0,0.0,0.0,0.0,0.0,0.0,0.0,0.0,0.0,0.0,0.0,0.0,0.0,0.0,0.0,0.0,0.0,1.0,0.0,0.0,0.0,0.0,0.0,2.0,0.0,0.0,0.0,0.0,0.0,0.0,0.0,0.0,0.0,0.0,0.0,0.0,0.0,0.0,0.0,0.0,0.0,4.0,0.0,0.0,0.0,0.0,0.0,3.0,0.0,0.0,7.0,0.0,0.0,0.0,0.0,0.0,0.0,0.0,0.0,0.0,0.0,2.0,0.0,0.0,0.0,0.0,5.0,2.0,0.0,0.0,0.0,0.0,0.0,1.0,17.0,26.0,0.0,13.0,0.0,35.0,0.0,0.0,0.0,0.0,13.0,0.0,0.0,0.0,0.0,0.0,22.0,0.0,29.0,4.0,0.0,71.0,4.0,0.0,0.0,0.0,0.0
Olympic,2024,8,0.0,0.0,1.0,0.0,0.0,0.0,3.0,0.0,6.0,0.0,0.0,0.0,0.0,0.0,0.0,0.0,29.0,1.0,0.0,0.0,0.0,0.0,0.0,0.0,0.0,0.0,0.0,0.0,0.0,0.0,0.0,0.0,0.0,0.0,0.0,0.0,0.0,0.0,0.0,0.0,0.0,0.0,0.0,0.0,0.0,0.0,0.0,0.0,0.0,0.0,0.0,0.0,0.0,0.0,0.0,0.0,0.0,0.0,0.0,0.0,0.0,0.0,0.0,0.0,0.0,1.0,0.0,0.0,2.0,0.0,0.0,0.0,0.0,0.0,1.0,0.0,0.0,6.0,0.0,1.0,0.0,0.0,0.0,0.0,0.0,0.0,0.0,1.0,1.0,0.0,0.0,0.0,0.0,3.0,2.0,0.0,0.0,0.0,0.0,0.0,1.0,27.0,28.0,0.0,15.0,0.0,41.0,0.0,1.0,0.0,0.0,25.0,0.0,0.0,0.0,0.0,0.0,99.0,0.0,19.0,2.0,0.0,87.0,2.0,0.0,0.0,0.0,0.0
Olympic,2024,9,0.0,0.0,0.0,0.0,2.0,0.0,3.0,0.0,3.0,0.0,0.0,1.0,0.0,0.0,0.0,0.0,38.0,1.0,0.0,0.0,0.0,0.0,0.0,1.0,0.0,0.0,0.0,0.0,0.0,0.0,0.0,0.0,0.0,0.0,0.0,0.0,0.0,0.0,0.0,0.0,0.0,0.0,0.0,0.0,0.0,0.0,0.0,0.0,0.0,0.0,1.0,0.0,0.0,0.0,0.0,0.0,0.0,0.0,0.0,0.0,0.0,0.0,0.0,0.0,0.0,0.0,0.0,0.0,6.0,0.0,0.0,0.0,0.0,0.0,2.0,0.0,0.0,3.0,0.0,0.0,0.0,0.0,0.0,0.0,0.0,0.0,0.0,1.0,2.0,0.0,0.0,0.0,0.0,6.0,1.0,0.0,0.0,0.0,0.0,0.0,0.0,23.0,36.0,0.0,12.0,0.0,44.0,0.0,0.0,0.0,0.0,18.0,1.0,0.0,0.0,0.0,0.0,86.0,0.0,25.0,6.0,0.0,92.0,3.0,0.0,0.0,0.0,0.0
Olympic,2024,10,0.0,0.0,2.0,0.0,0.0,0.0,0.0,0.0,4.0,0.0,0.0,0.0,0.0,0.0,0.0,2.0,40.0,0.0,0.0,0.0,0.0,0.0,0.0,0.0,0.0,0.0,0.0,0.0,0.0,0.0,0.0,0.0,0.0,0.0,0.0,0.0,1.0,0.0,0.0,0.0,0.0,0.0,0.0,0.0,0.0,0.0,0.0,0.0,0.0,0.0,0.0,0.0,0.0,0.0,0.0,0.0,0.0,0.0,0.0,0.0,0.0,0.0,0.0,0.0,0.0,1.0,0.0,0.0,2.0,0.0,0.0,0.0,0.0,0.0,3.0,0.0,0.0,3.0,0.0,0.0,0.0,0.0,0.0,0.0,0.0,0.0,0.0,0.0,2.0,0.0,0.0,0.0,0.0,8.0,2.0,0.0,0.0,0.0,0.0,0.0,1.0,36.0,25.0,0.0,10.0,0.0,43.0,0.0,0.0,0.0,0.0,18.0,0.0,0.0,0.0,0.0,0.0,10.0,0.0,23.0,10.0,0.0,90.0,3.0,0.0,0.0,0.0,0.0
Olympic,2024,11,0.0,0.0,0.0,0.0,1.0,0.0,0.0,0.0,6.0,0.0,0.0,0.0,0.0,0.0,0.0,1.0,34.0,0.0,0.0,0.0,0.0,0.0,0.0,0.0,0.0,0.0,0.0,0.0,0.0,0.0,0.0,0.0,0.0,0.0,0.0,0.0,0.0,0.0,1.0,0.0,0.0,0.0,0.0,0.0,0.0,0.0,0.0,0.0,0.0,0.0,1.0,0.0,0.0,0.0,0.0,0.0,0.0,0.0,0.0,0.0,0.0,0.0,0.0,0.0,0.0,0.0,1.0,0.0,1.0,0.0,0.0,0.0,0.0,0.0,0.0,0.0,0.0,5.0,0.0,0.0,0.0,0.0,0.0,0.0,0.0,0.0,0.0,1.0,2.0,0.0,0.0,0.0,0.0,7.0,1.0,0.0,0.0,0.0,0.0,0.0,0.0,28.0,33.0,0.0,15.0,0.0,24.0,0.0,0.0,0.0,0.0,25.0,0.0,0.0,0.0,0.0,0.0,5.0,0.0,25.0,8.0,0.0,76.0,4.0,0.0,0.0,0.0,0.0
Olympic,2024,12,0.0,0.0,1.0,0.0,2.0,0.0,0.0,0.0,0.0,0.0,0.0,0.0,0.0,0.0,0.0,0.0,36.0,0.0,0.0,0.0,0.0,0.0,0.0,0.0,0.0,0.0,0.0,0.0,0.0,0.0,0.0,0.0,0.0,0.0,0.0,0.0,0.0,0.0,0.0,0.0,0.0,0.0,0.0,0.0,0.0,0.0,0.0,0.0,0.0,0.0,0.0,0.0,0.0,0.0,0.0,0.0,0.0,0.0,1.0,0.0,0.0,0.0,0.0,0.0,0.0,0.0,0.0,0.0,0.0,0.0,0.0,0.0,0.0,0.0,0.0,0.0,0.0,0.0,0.0,0.0,0.0,0.0,0.0,0.0,0.0,0.0,0.0,0.0,1.0,0.0,0.0,0.0,0.0,2.0,0.0,0.0,0.0,0.0,0.0,0.0,0.0,30.0,9.0,0.0,12.0,0.0,37.0,0.0,0.0,0.0,0.0,13.0,0.0,0.0,0.0,0.0,0.0,2.0,0.0,16.0,8.0,0.0,43.0,1.0,0.0,0.0,0.0,0.0
Pacific,2024,1,3.0,1.0,29.0,5.0,56.0,0.0,1.0,4.0,8.0,0.0,1.0,5.0,0.0,6.0,1.0,92.0,74.0,2.0,9.0,0.0,0.0,1.0,0.0,1.0,0.0,1.0,0.0,1.0,0.0,0.0,0.0,1.0,0.0,13.0,0.0,0.0,0.0,0.0,2.0,0.0,0.0,0.0,0.0,2.0,5.0,0.0,0.0,0.0,0.0,0.0,18.0,0.0,0.0,0.0,1.0,0.0,0.0,0.0,0.0,0.0,0.0,0.0,0.0,0.0,8.0,21.0,1.0,0.0,9.0,1.0,0.0,0.0,0.0,3.0,15.0,1.0,0.0,1.0,0.0,0.0,0.0,0.0,0.0,0.0,4.0,0.0,0.0,7.0,22.0,0.0,0.0,0.0,0.0,39.0,8.0,0.0,0.0,1.0,1.0,0.0,0.0,35.0,30.0,0.0,50.0,0.0,90.0,0.0,0.0,0.0,0.0,77.0,0.0,0.0,0.0,0.0,0.0,9.0,2.0,71.0,27.0,14.0,116.0,15.0,5.0,8.0,1.0,0.0
Pacific,2024,2,2.0,1.0,35.0,1.0,52.0,1.0,2.0,5.0,10.0,0.0,1.0,13.0,0.0,7.0,1.0,105.0,71.0,0.0,1.0,0.0,0.0,4.0,0.0,0.0,0.0,0.0,0.0,0.0,0.0,0.0,0.0,0.0,1.0,14.0,0.0,0.0,0.0,0.0,1.0,0.0,0.0,0.0,0.0,2.0,0.0,0.0,1.0,0.0,0.0,0.0,20.0,0.0,0.0,0.0,0.0,0.0,0.0,1.0,0.0,0.0,0.0,0.0,0.0,2.0,6.0,18.0,0.0,0.0,7.0,0.0,0.0,0.0,0.0,2.0,13.0,0.0,1.0,4.0,0.0,0.0,0.0,0.0,0.0,1.0,1.0,0.0,0.0,0.0,20.0,0.0,0.0,0.0,0.0,26.0,4.0,0.0,0.0,0.0,0.0,0.0,0.0,45.0,41.0,0.0,38.0,3.0,81.0,0.0,0.0,0.0,1.0,79.0,0.0,0.0,1.0,0.0,0.0,15.0,0.0,56.0,20.0,18.0,102.0,23.0,4.0,7.0,0.0,0.0
Pacific,2024,3,0.0,0.0,34.0,6.0,65.0,1.0,4.0,3.0,11.0,0.0,3.0,12.0,0.0,8.0,0.0,89.0,57.0,1.0,4.0,0.0,1.0,0.0,0.0,0.0,0.0,0.0,0.0,0.0,0.0,0.0,0.0,0.0,0.0,17.0,0.0,0.0,0.0,1.0,1.0,0.0,0.0,0.0,0.0,3.0,0.0,0.0,1.0,0.0,0.0,0.0,25.0,0.0,0.0,0.0,0.0,0.0,0.0,0.0,0.0,0.0,0.0,0.0,0.0,1.0,8.0,26.0,0.0,0.0,9.0,1.0,0.0,0.0,0.0,4.0,10.0,0.0,2.0,4.0,0.0,0.0,1.0,0.0,0.0,0.0,1.0,1.0,0.0,2.0,20.0,0.0,0.0,0.0,0.0,43.0,6.0,0.0,0.0,0.0,0.0,0.0,0.0,38.0,44.0,0.0,46.0,0.0,78.0,0.0,0.0,0.0,3.0,83.0,0.0,0.0,0.0,0.0,0.0,17.0,0.0,59.0,28.0,4.0,96.0,16.0,2.0,8.0,0.0,0.0
Pacific,2024,4,0.0,0.0,1.0,0.0,13.0,0.0,0.0,0.0,13.0,0.0,1.0,1.0,0.0,2.0,1.0,11.0,72.0,0.0,0.0,0.0,0.0,0.0,0.0,2.0,0.0,0.0,0.0,0.0,0.0,0.0,0.0,0.0,0.0,3.0,0.0,0.0,0.0,1.0,0.0,0.0,0.0,0.0,0.0,0.0,1.0,0.0,0.0,0.0,0.0,0.0,23.0,0.0,0.0,0.0,0.0,0.0,0.0,0.0,0.0,0.0,0.0,0.0,0.0,0.0,2.0,6.0,0.0,0.0,6.0,1.0,0.0,0.0,0.0,1.0,4.0,0.0,0.0,4.0,0.0,0.0,0.0,0.0,0.0,0.0,1.0,0.0,0.0,0.0,4.0,0.0,0.0,0.0,0.0,38.0,5.0,0.0,0.0,0.0,0.0,0.0,0.0,24.0,36.0,0.0,35.0,0.0,96.0,0.0,0.0,0.0,2.0,53.0,0.0,0.0,0.0,0.0,0.0,11.0,0.0,37.0,9.0,3.0,107.0,15.0,1.0,2.0,0.0,0.0
Pacific,2024,5,0.0,1.0,3.0,0.0,5.0,0.0,1.0,0.0,12.0,0.0,0.0,0.0,0.0,1.0,0.0,1.0,31.0,0.0,0.0,0.0,0.0,0.0,0.0,1.0,0.0,0.0,0.0,0.0,0.0,0.0,0.0,0.0,0.0,0.0,0.0,0.0,0.0,0.0,0.0,0.0,0.0,0.0,0.0,0.0,0.0,0.0,0.0,0.0,0.0,0.0,28.0,0.0,0.0,0.0,0.0,0.0,0.0,0.0,0.0,0.0,0.0,0.0,0.0,1.0,0.0,3.0,0.0,0.0,6.0,2.0,0.0,0.0,0.0,0.0,12.0,0.0,0.0,7.0,0.0,0.0,0.0,0.0,0.0,0.0,0.0,0.0,0.0,1.0,0.0,0.0,0.0,0.0,0.0,26.0,12.0,0.0,0.0,0.0,0.0,0.0,0.0,45.0,33.0,0.0,19.0,0.0,89.0,0.0,0.0,0.0,0.0,61.0,0.0,0.0,0.0,0.0,0.0,7.0,0.0,36.0,9.0,1.0,105.0,16.0,0.0,0.0,0.0,0.0
Pacific,2024,6,0.0,0.0,1.0,0.0,14.0,0.0,0.0,2.0,13.0,0.0,1.0,0.0,0.0,0.0,0.0,5.0,53.0,0.0,0.0,0.0,0.0,0.0,0.0,0.0,0.0,0.0,0.0,0.0,0.0,0.0,0.0,0.0,0.0,2.0,0.0,0.0,0.0,0.0,0.0,0.0,0.0,0.0,0.0,0.0,0.0,0.0,0.0,0.0,0.0,0.0,27.0,0.0,0.0,0.0,0.0,0.0,0.0,0.0,0.0,0.0,0.0,0.0,0.0,0.0,0.0,0.0,0.0,0.0,2.0,0.0,0.0,0.0,0.0,0.0,7.0,0.0,0.0,6.0,0.0,0.0,0.0,0.0,0.0,0.0,0.0,0.0,0.0,0.0,1.0,0.0,0.0,0.0,0.0,35.0,6.0,0.0,0.0,0.0,0.0,0.0,0.0,38.0,23.0,0.0,24.0,0.0,85.0,0.0,0.0,0.0,0.0,60.0,0.0,0.0,0.0,0.0,0.0,12.0,0.0,47.0,7.0,2.0,108.0,17.0,1.0,0.0,0.0,0.0
Pacific,2024,7,0.0,0.0,0.0,0.0,11.0,0.0,0.0,1.0,11.0,0.0,0.0,0.0,0.0,1.0,0.0,4.0,48.0,0.0,0.0,0.0,0.0,0.0,0.0,0.0,0.0,0.0,0.0,0.0,0.0,0.0,0.0,0.0,0.0,2.0,0.0,0.0,0.0,0.0,0.0,0.0,0.0,0.0,0.0,0.0,0.0,0.0,0.0,0.0,1.0,0.0,16.0,0.0,0.0,0.0,1.0,0.0,0.0,0.0,0.0,0.0,0.0,0.0,0.0,0.0,0.0,2.0,0.0,0.0,5.0,0.0,0.0,0.0,0.0,0.0,5.0,0.0,0.0,15.0,0.0,0.0,0.0,0.0,0.0,0.0,0.0,0.0,0.0,2.0,1.0,0.0,0.0,0.0,0.0,36.0,7.0,0.0,0.0,0.0,0.0,0.0,0.0,42.0,42.0,0.0,30.0,0.0,85.0,0.0,0.0,0.0,0.0,58.0,0.0,0.0,0.0,0.0,0.0,5.0,0.0,40.0,10.0,0.0,113.0,18.0,1.0,1.0,0.0,0.0
Pacific,2024,8,0.0,0.0,0.0,0.0,6.0,0.0,1.0,1.0,22.0,0.0,0.0,1.0,0.0,0.0,0.0,6.0,49.0,0.0,0.0,0.0,0.0,0.0,2.0,0.0,0.0,0.0,0.0,0.0,0.0,0.0,0.0,0.0,0.0,2.0,0.0,0.0,0.0,0.0,0.0,0.0,0.0,0.0,0.0,0.0,0.0,0.0,0.0,0.0,1.0,0.0,16.0,0.0,0.0,0.0,0.0,0.0,0.0,0.0,0.0,0.0,0.0,0.0,0.0,1.0,0.0,2.0,0.0,0.0,8.0,1.0,0.0,0.0,0.0,1.0,1.0,0.0,0.0,11.0,0.0,0.0,0.0,0.0,0.0,0.0,0.0,0.0,0.0,0.0,3.0,0.0,0.0,0.0,0.0,51.0,5.0,0.0,0.0,0.0,0.0,0.0,0.0,32.0,43.0,0.0,17.0,0.0,84.0,0.0,0.0,0.0,0.0,70.0,0.0,0.0,0.0,0.0,0.0,1.0,0.0,24.0,9.0,1.0,113.0,13.0,1.0,0.0,0.0,0.0
Pacific,2024,9,0.0,0.0,3.0,1.0,12.0,0.0,0.0,0.0,19.0,0.0,1.0,0.0,0.0,0.0,0.0,6.0,53.0,0.0,0.0,0.0,0.0,0.0,0.0,0.0,0.0,0.0,0.0,0.0,0.0,0.0,0.0,0.0,0.0,1.0,0.0,0.0,0.0,0.0,0.0,0.0,0.0,0.0,0.0,0.0,0.0,0.0,0.0,0.0,0.0,0.0,17.0,0.0,0.0,0.0,0.0,0.0,0.0,0.0,0.0,0.0,0.0,0.0,0.0,0.0,0.0,0.0,0.0,0.0,10.0,0.0,0.0,0.0,0.0,1.0,4.0,0.0,0.0,8.0,0.0,0.0,0.0,0.0,0.0,0.0,0.0,0.0,0.0,6.0,0.0,0.0,0.0,0.0,0.0,77.0,11.0,0.0,0.0,0.0,1.0,0.0,0.0,21.0,45.0,0.0,23.0,0.0,83.0,0.0,0.0,0.0,0.0,64.0,0.0,0.0,0.0,0.0,0.0,4.0,0.0,35.0,7.0,2.0,89.0,22.0,0.0,0.0,0.0,0.0
Pacific,2024,10,1.0,0.0,5.0,0.0,15.0,0.0,0.0,0.0,18.0,0.0,0.0,0.0,0.0,0.0,0.0,9.0,38.0,0.0,0.0,0.0,0.0,0.0,0.0,1.0,0.0,0.0,0.0,0.0,0.0,0.0,0.0,0.0,0.0,4.0,0.0,0.0,0.0,0.0,0.0,0.0,0.0,0.0,0.0,0.0,0.0,0.0,1.0,0.0,0.0,0.0,16.0,0.0,0.0,0.0,1.0,0.0,0.0,0.0,0.0,0.0,0.0,0.0,0.0,0.0,0.0,3.0,0.0,0.0,5.0,0.0,0.0,0.0,0.0,0.0,4.0,0.0,0.0,8.0,0.0,0.0,0.0,0.0,0.0,0.0,0.0,0.0,0.0,0.0,1.0,0.0,0.0,0.0,0.0,57.0,5.0,0.0,0.0,0.0,0.0,0.0,0.0,47.0,37.0,0.0,17.0,0.0,81.0,0.0,0.0,0.0,0.0,61.0,0.0,0.0,0.0,0.0,0.0,1.0,0.0,39.0,10.0,3.0,84.0,23.0,0.0,0.0,0.0,0.0
Pacific,2024,11,0.0,0.0,0.0,0.0,12.0,0.0,3.0,0.0,13.0,1.0,1.0,0.0,0.0,0.0,0.0,6.0,54.0,0.0,0.0,0.0,0.0,0.0,0.0,0.0,0.0,0.0,0.0,0.0,0.0,0.0,0.0,0.0,0.0,3.0,0.0,0.0,0.0,0.0,0.0,0.0,0.0,0.0,0.0,0.0,0.0,0.0,0.0,0.0,0.0,0.0,11.0,0.0,0.0,0.0,0.0,0.0,0.0,0.0,0.0,0.0,0.0,0.0,0.0,1.0,0.0,0.0,0.0,0.0,5.0,1.0,0.0,0.0,0.0,0.0,4.0,0.0,0.0,14.0,0.0,0.0,0.0,0.0,0.0,0.0,1.0,0.0,0.0,1.0,3.0,0.0,0.0,0.0,0.0,25.0,6.0,0.0,0.0,0.0,0.0,0.0,0.0,35.0,39.0,0.0,22.0,0.0,53.0,0.0,0.0,0.0,0.0,62.0,0.0,0.0,0.0,0.0,0.0,5.0,0.0,26.0,8.0,2.0,71.0,24.0,0.0,0.0,0.0,0.0
Pacific,2024,12,0.0,0.0,1.0,1.0,10.0,0.0,1.0,1.0,4.0,0.0,0.0,1.0,0.0,0.0,0.0,0.0,31.0,0.0,0.0,0.0,0.0,0.0,0.0,0.0,0.0,0.0,0.0,0.0,0.0,0.0,0.0,0.0,0.0,5.0,0.0,0.0,0.0,0.0,0.0,0.0,0.0,0.0,0.0,0.0,1.0,0.0,0.0,0.0,0.0,0.0,1.0,0.0,0.0,0.0,1.0,0.0,0.0,0.0,0.0,0.0,0.0,0.0,0.0,0.0,0.0,0.0,0.0,0.0,2.0,0.0,0.0,0.0,0.0,0.0,3.0,0.0,0.0,6.0,0.0,0.0,0.0,0.0,0.0,0.0,0.0,0.0,0.0,0.0,1.0,0.0,0.0,0.0,0.0,30.0,6.0,0.0,0.0,0.0,0.0,0.0,2.0,26.0,16.0,0.0,4.0,0.0,76.0,0.0,0.0,0.0,0.0,56.0,0.0,0.0,0.0,0.0,0.0,2.0,0.0,21.0,4.0,1.0,38.0,7.0,0.0,1.0,0.0,0.0
Rampart,2024,1,1.0,1.0,59.0,7.0,96.0,0.0,0.0,4.0,3.0,0.0,2.0,16.0,2.0,4.0,0.0,58.0,47.0,0.0,4.0,0.0,0.0,3.0,0.0,0.0,0.0,0.0,1.0,0.0,0.0,0.0,0.0,0.0,4.0,5.0,0.0,2.0,0.0,0.0,5.0,0.0,0.0,0.0,0.0,0.0,2.0,0.0,0.0,0.0,0.0,0.0,0.0,0.0,0.0,0.0,2.0,0.0,0.0,0.0,0.0,0.0,0.0,0.0,0.0,0.0,13.0,53.0,1.0,0.0,3.0,0.0,0.0,0.0,0.0,3.0,4.0,0.0,1.0,2.0,0.0,0.0,0.0,0.0,0.0,1.0,3.0,0.0,0.0,1.0,66.0,0.0,0.0,1.0,0.0,73.0,10.0,0.0,2.0,2.0,0.0,0.0,0.0,21.0,47.0,0.0,33.0,0.0,42.0,0.0,0.0,0.0,5.0,19.0,0.0,1.0,0.0,0.0,0.0,69.0,0.0,57.0,13.0,4.0,99.0,5.0,2.0,13.0,1.0,0.0
Rampart,2024,2,2.0,0.0,57.0,4.0,85.0,1.0,0.0,4.0,5.0,0.0,1.0,13.0,2.0,5.0,0.0,49.0,49.0,0.0,5.0,0.0,3.0,5.0,0.0,0.0,0.0,0.0,0.0,0.0,0.0,0.0,0.0,0.0,1.0,14.0,2.0,0.0,0.0,0.0,1.0,0.0,0.0,0.0,0.0,0.0,2.0,0.0,0.0,0.0,0.0,0.0,1.0,0.0,0.0,0.0,0.0,0.0,0.0,0.0,0.0,0.0,0.0,0.0,0.0,3.0,19.0,37.0,1.0,0.0,1.0,1.0,0.0,0.0,0.0,0.0,4.0,0.0,1.0,5.0,0.0,0.0,1.0,0.0,0.0,0.0,4.0,0.0,0.0,0.0,29.0,0.0,1.0,0.0,0.0,41.0,3.0,2.0,0.0,1.0,0.0,0.0,0.0,25.0,37.0,0.0,25.0,1.0,35.0,0.0,0.0,0.0,4.0,21.0,0.0,4.0,0.0,0.0,0.0,30.0,0.0,38.0,11.0,3.0,82.0,4.0,2.0,19.0,0.0,0.0
Rampart,2024,3,2.0,1.0,21.0,3.0,35.0,0.0,0.0,0.0,4.0,0.0,0.0,2.0,0.0,1.0,1.0,12.0,47.0,0.0,0.0,0.0,0.0,0.0,0.0,0.0,0.0,0.0,0.0,1.0,0.0,0.0,0.0,0.0,1.0,2.0,0.0,0.0,0.0,0.0,0.0,0.0,0.0,0.0,0.0,0.0,0.0,0.0,0.0,0.0,0.0,0.0,1.0,0.0,1.0,0.0,0.0,0.0,1.0,0.0,0.0,0.0,0.0,0.0,0.0,1.0,2.0,6.0,0.0,0.0,5.0,0.0,0.0,0.0,0.0,0.0,7.0,0.0,0.0,8.0,0.0,0.0,0.0,0.0,0.0,0.0,0.0,0.0,0.0,0.0,17.0,0.0,0.0,1.0,0.0,36.0,4.0,0.0,0.0,0.0,0.0,0.0,0.0,16.0,29.0,0.0,31.0,0.0,29.0,0.0,0.0,0.0,1.0,17.0,1.0,1.0,0.0,0.0,0.0,36.0,0.0,33.0,8.0,1.0,81.0,7.0,0.0,1.0,0.0,0.0
Rampart,2024,4,0.0,0.0,3.0,1.0,3.0,0.0,0.0,0.0,4.0,0.0,2.0,1.0,0.0,0.0,0.0,1.0,43.0,0.0,0.0,0.0,0.0,0.0,0.0,0.0,0.0,0.0,0.0,0.0,0.0,0.0,0.0,0.0,0.0,1.0,0.0,0.0,0.0,0.0,0.0,0.0,0.0,0.0,0.0,0.0,1.0,0.0,0.0,0.0,0.0,0.0,0.0,0.0,0.0,0.0,0.0,0.0,0.0,0.0,0.0,0.0,0.0,0.0,0.0,0.0,0.0,3.0,0.0,0.0,3.0,0.0,0.0,0.0,0.0,0.0,0.0,0.0,0.0,12.0,0.0,0.0,0.0,0.0,0.0,0.0,0.0,0.0,0.0,0.0,6.0,0.0,0.0,0.0,0.0,19.0,2.0,0.0,1.0,0.0,0.0,0.0,0.0,16.0,33.0,0.0,24.0,0.0,24.0,0.0,0.0,0.0,0.0,15.0,0.0,0.0,0.0,0.0,0.0,29.0,0.0,23.0,4.0,0.0,80.0,7.0,1.0,1.0,0.0,0.0
Rampart,2024,5,0.0,0.0,2.0,0.0,7.0,0.0,0.0,0.0,1.0,0.0,0.0,0.0,0.0,0.0,0.0,2.0,18.0,0.0,0.0,0.0,0.0,0.0,0.0,0.0,0.0,0.0,0.0,0.0,0.0,0.0,0.0,0.0,0.0,0.0,0.0,0.0,1.0,0.0,0.0,0.0,0.0,0.0,0.0,0.0,0.0,0.0,1.0,0.0,0.0,0.0,1.0,0.0,0.0,0.0,2.0,0.0,0.0,0.0,0.0,0.0,0.0,0.0,0.0,0.0,0.0,0.0,0.0,0.0,4.0,0.0,0.0,0.0,0.0,0.0,0.0,0.0,0.0,3.0,0.0,0.0,0.0,0.0,0.0,0.0,0.0,0.0,0.0,0.0,3.0,0.0,0.0,0.0,0.0,15.0,3.0,0.0,0.0,0.0,0.0,0.0,0.0,28.0,23.0,0.0,22.0,0.0,31.0,0.0,0.0,0.0,0.0,15.0,0.0,0.0,0.0,0.0,0.0,34.0,0.0,26.0,4.0,0.0,88.0,6.0,0.0,0.0,0.0,0.0
Rampart,2024,6,0.0,0.0,1.0,0.0,0.0,0.0,0.0,0.0,1.0,0.0,0.0,1.0,0.0,0.0,0.0,1.0,26.0,0.0,0.0,0.0,0.0,0.0,0.0,0.0,0.0,0.0,0.0,0.0,0.0,0.0,0.0,0.0,0.0,0.0,0.0,0.0,0.0,0.0,0.0,0.0,0.0,0.0,0.0,0.0,0.0,0.0,0.0,0.0,0.0,0.0,1.0,0.0,0.0,0.0,1.0,0.0,0.0,1.0,0.0,0.0,0.0,0.0,0.0,0.0,0.0,0.0,0.0,0.0,4.0,0.0,0.0,0.0,0.0,0.0,0.0,0.0,0.0,5.0,0.0,0.0,0.0,0.0,0.0,0.0,0.0,0.0,0.0,0.0,5.0,0.0,0.0,0.0,0.0,40.0,2.0,0.0,0.0,0.0,0.0,0.0,0.0,12.0,27.0,0.0,16.0,0.0,36.0,0.0,0.0,0.0,0.0,11.0,0.0,0.0,0.0,0.0,0.0,71.0,0.0,22.0,7.0,0.0,84.0,7.0,0.0,0.0,0.0,0.0
Rampart,2024,7,0.0,0.0,1.0,0.0,0.0,0.0,0.0,0.0,5.0,0.0,0.0,0.0,0.0,0.0,0.0,1.0,30.0,0.0,0.0,0.0,0.0,0.0,0.0,0.0,0.0,1.0,0.0,0.0,0.0,0.0,0.0,0.0,0.0,0.0,0.0,0.0,0.0,0.0,0.0,0.0,0.0,0.0,0.0,0.0,0.0,0.0,0.0,0.0,1.0,0.0,2.0,0.0,0.0,0.0,1.0,1.0,0.0,0.0,0.0,0.0,0.0,0.0,0.0,0.0,1.0,0.0,0.0,0.0,2.0,0.0,0.0,0.0,0.0,0.0,1.0,0.0,0.0,5.0,0.0,0.0,0.0,0.0,0.0,0.0,0.0,0.0,0.0,0.0,4.0,0.0,0.0,0.0,0.0,31.0,0.0,0.0,0.0,0.0,0.0,0.0,0.0,24.0,33.0,0.0,15.0,0.0,32.0,0.0,0.0,0.0,0.0,21.0,0.0,0.0,0.0,0.0,0.0,20.0,0.0,26.0,6.0,0.0,92.0,1.0,0.0,0.0,0.0,0.0
Rampart,2024,8,0.0,0.0,3.0,0.0,1.0,0.0,0.0,0.0,2.0,0.0,0.0,1.0,0.0,0.0,0.0,1.0,34.0,0.0,0.0,0.0,0.0,0.0,0.0,0.0,0.0,0.0,0.0,0.0,0.0,0.0,0.0,0.0,0.0,0.0,0.0,0.0,0.0,0.0,0.0,0.0,0.0,0.0,0.0,0.0,0.0,0.0,0.0,0.0,0.0,0.0,1.0,0.0,0.0,0.0,3.0,0.0,0.0,0.0,0.0,0.0,0.0,0.0,0.0,1.0,0.0,0.0,0.0,0.0,3.0,0.0,0.0,0.0,0.0,0.0,1.0,0.0,0.0,9.0,0.0,0.0,0.0,0.0,0.0,0.0,1.0,0.0,0.0,0.0,6.0,0.0,0.0,0.0,0.0,33.0,1.0,0.0,0.0,0.0,0.0,0.0,0.0,6.0,25.0,0.0,14.0,1.0,36.0,0.0,0.0,0.0,0.0,15.0,0.0,0.0,0.0,0.0,0.0,51.0,0.0,27.0,10.0,0.0,80.0,3.0,0.0,0.0,0.0,0.0
Rampart,2024,9,0.0,0.0,1.0,0.0,2.0,0.0,0.0,0.0,9.0,0.0,0.0,0.0,0.0,0.0,0.0,2.0,37.0,1.0,0.0,0.0,0.0,0.0,0.0,0.0,0.0,0.0,0.0,0.0,0.0,0.0,0.0,0.0,0.0,0.0,0.0,0.0,0.0,0.0,0.0,0.0,0.0,0.0,0.0,0.0,0.0,0.0,0.0,0.0,0.0,0.0,1.0,0.0,0.0,0.0,1.0,0.0,0.0,0.0,0.0,0.0,0.0,0.0,0.0,0.0,0.0,0.0,0.0,0.0,6.0,0.0,0.0,0.0,0.0,0.0,1.0,1.0,0.0,4.0,0.0,0.0,0.0,0.0,0.0,0.0,0.0,0.0,0.0,0.0,3.0,0.0,0.0,0.0,0.0,48.0,4.0,0.0,0.0,0.0,0.0,0.0,0.0,10.0,24.0,0.0,11.0,0.0,40.0,0.0,0.0,1.0,0.0,18.0,0.0,0.0,0.0,0.0,0.0,206.0,0.0,22.0,7.0,0.0,90.0,16.0,0.0,0.0,0.0,0.0
Rampart,2024,10,1.0,0.0,1.0,0.0,4.0,0.0,0.0,0.0,4.0,0.0,0.0,1.0,0.0,0.0,0.0,0.0,36.0,0.0,0.0,0.0,0.0,0.0,0.0,0.0,0.0,0.0,0.0,0.0,0.0,0.0,0.0,0.0,0.0,2.0,0.0,0.0,0.0,0.0,0.0,0.0,0.0,0.0,0.0,0.0,0.0,0.0,0.0,0.0,0.0,0.0,1.0,0.0,0.0,0.0,0.0,0.0,1.0,0.0,0.0,0.0,0.0,0.0,0.0,0.0,0.0,0.0,0.0,0.0,4.0,0.0,0.0,0.0,0.0,0.0,1.0,0.0,0.0,3.0,0.0,0.0,0.0,0.0,0.0,0.0,0.0,0.0,0.0,1.0,3.0,0.0,0.0,0.0,0.0,26.0,1.0,0.0,1.0,0.0,0.0,0.0,0.0,16.0,34.0,0.0,18.0,0.0,42.0,0.0,0.0,0.0,0.0,14.0,0.0,0.0,0.0,0.0,0.0,47.0,0.0,19.0,5.0,0.0,92.0,3.0,0.0,0.0,0.0,0.0
Rampart,2024,11,0.0,0.0,6.0,0.0,3.0,0.0,0.0,0.0,1.0,0.0,0.0,0.0,0.0,0.0,0.0,1.0,65.0,0.0,0.0,0.0,0.0,0.0,0.0,0.0,0.0,0.0,0.0,0.0,0.0,0.0,0.0,0.0,0.0,0.0,0.0,0.0,0.0,0.0,0.0,0.0,0.0,0.0,0.0,0.0,0.0,0.0,0.0,0.0,0.0,0.0,0.0,0.0,0.0,0.0,0.0,0.0,0.0,0.0,0.0,0.0,0.0,0.0,0.0,0.0,0.0,1.0,0.0,0.0,3.0,0.0,0.0,0.0,0.0,0.0,0.0,0.0,0.0,5.0,0.0,0.0,0.0,0.0,0.0,0.0,0.0,0.0,0.0,0.0,5.0,0.0,0.0,0.0,0.0,11.0,1.0,0.0,0.0,0.0,0.0,0.0,0.0,15.0,39.0,0.0,8.0,0.0,35.0,0.0,0.0,0.0,0.0,11.0,0.0,0.0,0.0,0.0,0.0,13.0,0.0,20.0,5.0,0.0,85.0,1.0,0.0,0.0,0.0,0.0
Rampart,2024,12,0.0,0.0,0.0,0.0,3.0,0.0,0.0,0.0,0.0,0.0,0.0,0.0,0.0,0.0,0.0,1.0,43.0,0.0,0.0,0.0,0.0,0.0,0.0,0.0,0.0,0.0,0.0,0.0,0.0,0.0,0.0,0.0,0.0,0.0,0.0,0.0,0.0,0.0,0.0,0.0,0.0,0.0,0.0,0.0,0.0,0.0,0.0,0.0,0.0,0.0,0.0,0.0,0.0,0.0,0.0,0.0,0.0,0.0,0.0,0.0,0.0,0.0,0.0,0.0,0.0,0.0,0.0,0.0,4.0,0.0,0.0,0.0,0.0,0.0,0.0,0.0,0.0,4.0,0.0,0.0,0.0,0.0,0.0,0.0,0.0,0.0,0.0,0.0,0.0,0.0,0.0,0.0,0.0,9.0,0.0,0.0,0.0,0.0,0.0,0.0,0.0,9.0,12.0,0.0,7.0,0.0,26.0,0.0,0.0,0.0,0.0,11.0,0.0,0.0,0.0,0.0,0.0,5.0,0.0,22.0,5.0,0.0,28.0,1.0,0.0,0.0,0.0,0.0
Southeast,2024,1,1.0,0.0,86.0,4.0,84.0,0.0,4.0,2.0,0.0,0.0,2.0,19.0,0.0,2.0,1.0,28.0,16.0,1.0,3.0,1.0,2.0,4.0,1.0,2.0,3.0,0.0,0.0,1.0,0.0,0.0,0.0,0.0,2.0,35.0,1.0,3.0,0.0,0.0,3.0,0.0,0.0,0.0,0.0,0.0,0.0,0.0,1.0,0.0,0.0,0.0,1.0,0.0,1.0,0.0,5.0,0.0,0.0,0.0,3.0,0.0,0.0,0.0,0.0,1.0,25.0,60.0,0.0,0.0,7.0,1.0,0.0,1.0,1.0,7.0,3.0,0.0,1.0,0.0,0.0,0.0,0.0,0.0,0.0,0.0,5.0,0.0,0.0,0.0,46.0,0.0,0.0,2.0,0.0,14.0,1.0,5.0,3.0,0.0,0.0,0.0,0.0,8.0,20.0,0.0,36.0,1.0,26.0,0.0,0.0,0.0,5.0,20.0,0.0,0.0,0.0,0.0,0.0,13.0,0.0,46.0,19.0,6.0,119.0,0.0,6.0,17.0,0.0,0.0
Southeast,2024,2,0.0,2.0,106.0,11.0,70.0,1.0,0.0,4.0,0.0,0.0,0.0,18.0,0.0,1.0,2.0,27.0,15.0,0.0,4.0,0.0,2.0,2.0,2.0,2.0,0.0,0.0,0.0,0.0,0.0,0.0,0.0,0.0,4.0,33.0,1.0,0.0,1.0,0.0,4.0,0.0,0.0,0.0,0.0,0.0,0.0,0.0,0.0,0.0,0.0,0.0,1.0,0.0,1.0,0.0,3.0,0.0,0.0,0.0,2.0,1.0,1.0,0.0,0.0,1.0,7.0,40.0,4.0,0.0,3.0,0.0,1.0,0.0,0.0,1.0,4.0,1.0,0.0,0.0,0.0,0.0,0.0,0.0,0.0,0.0,2.0,0.0,0.0,1.0,56.0,3.0,2.0,2.0,0.0,11.0,0.0,9.0,0.0,0.0,0.0,0.0,0.0,15.0,30.0,0.0,35.0,0.0,24.0,0.0,0.0,0.0,3.0,15.0,0.0,1.0,0.0,0.0,0.0,8.0,0.0,37.0,21.0,5.0,119.0,0.0,3.0,13.0,2.0,0.0
Southeast,2024,3,0.0,0.0,80.0,8.0,100.0,0.0,2.0,5.0,0.0,0.0,0.0,22.0,0.0,4.0,0.0,37.0,16.0,0.0,3.0,0.0,0.0,14.0,1.0,1.0,0.0,0.0,0.0,1.0,0.0,0.0,0.0,0.0,4.0,21.0,3.0,0.0,0.0,0.0,7.0,0.0,0.0,0.0,0.0,0.0,0.0,0.0,0.0,0.0,0.0,0.0,0.0,0.0,4.0,0.0,4.0,0.0,0.0,0.0,4.0,0.0,0.0,0.0,0.0,1.0,16.0,60.0,0.0,0.0,6.0,0.0,0.0,0.0,0.0,2.0,1.0,0.0,0.0,0.0,0.0,0.0,0.0,1.0,0.0,0.0,1.0,0.0,0.0,1.0,39.0,1.0,0.0,0.0,0.0,10.0,5.0,0.0,0.0,0.0,3.0,0.0,0.0,10.0,52.0,0.0,35.0,0.0,27.0,0.0,0.0,0.0,9.0,23.0,0.0,1.0,0.0,0.0,0.0,3.0,0.0,47.0,26.0,11.0,105.0,0.0,1.0,18.0,2.0,0.0
Southeast,2024,4,3.0,0.0,56.0,5.0,73.0,0.0,3.0,5.0,0.0,0.0,0.0,23.0,0.0,1.0,0.0,17.0,19.0,0.0,2.0,0.0,0.0,5.0,1.0,0.0,1.0,1.0,0.0,2.0,0.0,0.0,0.0,0.0,3.0,28.0,1.0,0.0,0.0,0.0,7.0,0.0,0.0,0.0,0.0,0.0,0.0,0.0,0.0,0.0,0.0,0.0,1.0,0.0,3.0,0.0,8.0,0.0,0.0,0.0,4.0,1.0,0.0,0.0,0.0,0.0,17.0,62.0,3.0,0.0,3.0,0.0,1.0,0.0,0.0,0.0,3.0,0.0,0.0,1.0,0.0,0.0,0.0,0.0,0.0,0.0,5.0,0.0,0.0,3.0,42.0,0.0,0.0,1.0,0.0,13.0,6.0,2.0,0.0,0.0,0.0,0.0,0.0,11.0,28.0,0.0,33.0,0.0,22.0,0.0,0.0,0.0,2.0,14.0,0.0,1.0,0.0,0.0,0.0,11.0,0.0,41.0,24.0,11.0,96.0,0.0,4.0,23.0,0.0,0.0
Southeast,2024,5,2.0,0.0,35.0,1.0,27.0,0.0,1.0,0.0,0.0,0.0,0.0,7.0,0.0,0.0,1.0,4.0,8.0,0.0,0.0,0.0,0.0,1.0,0.0,0.0,0.0,0.0,0.0,0.0,0.0,0.0,0.0,0.0,1.0,5.0,0.0,1.0,0.0,0.0,1.0,0.0,0.0,0.0,0.0,0.0,0.0,0.0,0.0,0.0,0.0,0.0,2.0,0.0,1.0,0.0,1.0,0.0,0.0,0.0,0.0,1.0,0.0,0.0,0.0,0.0,3.0,13.0,0.0,0.0,1.0,0.0,0.0,1.0,0.0,0.0,1.0,2.0,0.0,0.0,0.0,2.0,0.0,0.0,0.0,1.0,0.0,0.0,0.0,2.0,25.0,0.0,0.0,0.0,0.0,20.0,5.0,0.0,0.0,0.0,0.0,0.0,0.0,10.0,36.0,0.0,29.0,1.0,12.0,0.0,0.0,0.0,0.0,13.0,0.0,1.0,0.0,0.0,0.0,4.0,0.0,26.0,13.0,1.0,119.0,0.0,0.0,2.0,0.0,0.0
Southeast,2024,6,0.0,0.0,7.0,0.0,0.0,0.0,0.0,0.0,2.0,2.0,0.0,0.0,0.0,0.0,0.0,3.0,12.0,0.0,0.0,0.0,0.0,0.0,0.0,0.0,0.0,0.0,0.0,0.0,0.0,0.0,0.0,0.0,0.0,0.0,0.0,0.0,0.0,0.0,0.0,0.0,0.0,0.0,0.0,0.0,0.0,0.0,0.0,0.0,0.0,0.0,0.0,0.0,0.0,0.0,1.0,0.0,0.0,0.0,0.0,0.0,0.0,0.0,0.0,0.0,1.0,0.0,1.0,0.0,1.0,0.0,0.0,0.0,0.0,0.0,0.0,1.0,0.0,0.0,0.0,0.0,0.0,0.0,0.0,0.0,0.0,1.0,0.0,0.0,5.0,0.0,0.0,0.0,0.0,11.0,7.0,1.0,0.0,0.0,0.0,0.0,0.0,10.0,32.0,0.0,20.0,0.0,16.0,0.0,0.0,0.0,0.0,11.0,0.0,0.0,0.0,0.0,0.0,0.0,0.0,11.0,7.0,1.0,103.0,0.0,0.0,0.0,0.0,0.0
Southeast,2024,7,1.0,0.0,2.0,0.0,0.0,0.0,0.0,0.0,0.0,0.0,0.0,0.0,0.0,0.0,0.0,4.0,14.0,0.0,0.0,0.0,0.0,0.0,0.0,0.0,0.0,0.0,0.0,0.0,0.0,0.0,0.0,0.0,1.0,0.0,0.0,0.0,0.0,0.0,0.0,0.0,0.0,0.0,0.0,0.0,0.0,0.0,1.0,0.0,0.0,1.0,1.0,0.0,0.0,0.0,2.0,0.0,0.0,0.0,0.0,0.0,0.0,0.0,0.0,0.0,0.0,0.0,0.0,0.0,4.0,0.0,0.0,0.0,0.0,0.0,0.0,0.0,0.0,0.0,0.0,0.0,0.0,0.0,0.0,0.0,0.0,0.0,0.0,0.0,8.0,0.0,0.0,0.0,0.0,6.0,5.0,0.0,0.0,0.0,0.0,0.0,1.0,13.0,27.0,0.0,17.0,0.0,13.0,0.0,0.0,0.0,0.0,11.0,0.0,0.0,0.0,0.0,0.0,16.0,0.0,17.0,6.0,0.0,130.0,0.0,0.0,0.0,0.0,0.0
Southeast,2024,8,1.0,0.0,5.0,0.0,0.0,0.0,0.0,0.0,1.0,0.0,0.0,0.0,0.0,0.0,0.0,1.0,7.0,0.0,0.0,0.0,0.0,0.0,0.0,0.0,0.0,0.0,0.0,0.0,0.0,0.0,0.0,0.0,1.0,1.0,0.0,0.0,0.0,0.0,0.0,0.0,0.0,0.0,0.0,0.0,0.0,0.0,0.0,0.0,0.0,0.0,0.0,0.0,0.0,0.0,0.0,0.0,0.0,0.0,0.0,0.0,0.0,0.0,0.0,0.0,0.0,1.0,1.0,0.0,4.0,0.0,0.0,0.0,0.0,0.0,1.0,1.0,0.0,2.0,0.0,0.0,0.0,0.0,0.0,0.0,0.0,0.0,0.0,0.0,5.0,0.0,0.0,0.0,0.0,9.0,5.0,0.0,0.0,0.0,0.0,0.0,0.0,11.0,13.0,0.0,17.0,0.0,15.0,0.0,0.0,0.0,1.0,8.0,0.0,0.0,0.0,0.0,0.0,33.0,0.0,11.0,1.0,0.0,131.0,0.0,0.0,0.0,0.0,0.0
Southeast,2024,9,1.0,2.0,10.0,0.0,1.0,0.0,0.0,0.0,0.0,0.0,0.0,0.0,0.0,0.0,0.0,1.0,5.0,0.0,0.0,0.0,0.0,0.0,0.0,0.0,0.0,1.0,0.0,0.0,0.0,0.0,0.0,0.0,0.0,0.0,0.0,0.0,0.0,0.0,0.0,0.0,0.0,0.0,0.0,0.0,0.0,0.0,2.0,0.0,0.0,0.0,1.0,0.0,0.0,0.0,3.0,0.0,0.0,0.0,2.0,0.0,0.0,0.0,0.0,0.0,0.0,1.0,0.0,0.0,3.0,0.0,0.0,0.0,0.0,0.0,0.0,1.0,0.0,0.0,0.0,0.0,0.0,0.0,0.0,0.0,0.0,0.0,0.0,0.0,5.0,0.0,0.0,0.0,0.0,15.0,5.0,0.0,0.0,0.0,0.0,0.0,0.0,9.0,28.0,0.0,21.0,0.0,12.0,0.0,0.0,0.0,0.0,16.0,0.0,0.0,0.0,0.0,0.0,24.0,0.0,14.0,7.0,0.0,113.0,1.0,1.0,1.0,0.0,0.0
Southeast,2024,10,0.0,0.0,1.0,0.0,3.0,0.0,0.0,0.0,0.0,0.0,0.0,0.0,0.0,0.0,0.0,3.0,10.0,0.0,0.0,0.0,0.0,0.0,0.0,0.0,0.0,0.0,0.0,0.0,0.0,0.0,0.0,0.0,0.0,0.0,0.0,0.0,0.0,0.0,0.0,0.0,0.0,0.0,0.0,0.0,0.0,0.0,0.0,0.0,0.0,0.0,0.0,0.0,0.0,0.0,0.0,0.0,0.0,0.0,3.0,0.0,0.0,0.0,0.0,0.0,0.0,0.0,1.0,0.0,3.0,0.0,0.0,0.0,0.0,0.0,2.0,0.0,0.0,0.0,0.0,0.0,0.0,0.0,0.0,0.0,0.0,0.0,0.0,0.0,5.0,0.0,0.0,0.0,0.0,14.0,10.0,0.0,0.0,0.0,0.0,0.0,0.0,8.0,41.0,0.0,27.0,0.0,17.0,0.0,0.0,0.0,0.0,13.0,0.0,0.0,0.0,0.0,0.0,9.0,0.0,11.0,3.0,0.0,123.0,1.0,0.0,0.0,0.0,0.0
Southeast,2024,11,1.0,0.0,2.0,0.0,1.0,0.0,2.0,0.0,0.0,0.0,0.0,0.0,0.0,0.0,0.0,1.0,9.0,0.0,1.0,0.0,0.0,0.0,0.0,1.0,0.0,0.0,0.0,0.0,0.0,0.0,0.0,0.0,0.0,0.0,0.0,0.0,0.0,0.0,0.0,0.0,0.0,0.0,0.0,0.0,0.0,0.0,0.0,0.0,0.0,0.0,0.0,0.0,0.0,0.0,1.0,0.0,0.0,0.0,1.0,0.0,0.0,0.0,0.0,0.0,0.0,0.0,0.0,0.0,3.0,0.0,0.0,0.0,0.0,0.0,0.0,0.0,0.0,1.0,0.0,0.0,0.0,0.0,0.0,0.0,0.0,0.0,0.0,0.0,8.0,0.0,0.0,0.0,0.0,10.0,4.0,0.0,0.0,0.0,0.0,0.0,0.0,8.0,25.0,0.0,29.0,0.0,18.0,0.0,0.0,0.0,0.0,9.0,0.0,0.0,0.0,0.0,0.0,0.0,0.0,14.0,4.0,0.0,113.0,0.0,0.0,0.0,0.0,0.0
Southeast,2024,12,0.0,0.0,2.0,0.0,1.0,0.0,0.0,0.0,1.0,0.0,0.0,0.0,0.0,0.0,0.0,0.0,11.0,0.0,0.0,0.0,0.0,0.0,0.0,1.0,0.0,0.0,0.0,0.0,0.0,0.0,0.0,0.0,0.0,0.0,0.0,0.0,0.0,0.0,0.0,0.0,0.0,0.0,0.0,0.0,0.0,0.0,0.0,0.0,0.0,0.0,0.0,0.0,1.0,0.0,1.0,0.0,0.0,0.0,0.0,0.0,0.0,0.0,0.0,0.0,0.0,0.0,0.0,0.0,2.0,0.0,0.0,0.0,0.0,0.0,0.0,0.0,0.0,0.0,0.0,0.0,0.0,0.0,0.0,0.0,0.0,0.0,0.0,0.0,1.0,0.0,0.0,0.0,0.0,5.0,9.0,0.0,0.0,0.0,0.0,0.0,0.0,5.0,25.0,0.0,22.0,1.0,13.0,0.0,0.0,0.0,0.0,10.0,0.0,0.0,0.0,0.0,0.0,0.0,0.0,9.0,3.0,0.0,42.0,0.0,0.0,0.0,0.0,0.0
Southwest,2024,1,1.0,5.0,93.0,11.0,83.0,1.0,2.0,8.0,21.0,1.0,0.0,20.0,1.0,7.0,1.0,38.0,48.0,0.0,3.0,0.0,3.0,4.0,0.0,0.0,0.0,2.0,0.0,0.0,0.0,0.0,0.0,0.0,0.0,36.0,0.0,1.0,0.0,0.0,7.0,0.0,0.0,0.0,0.0,0.0,1.0,0.0,0.0,0.0,0.0,0.0,11.0,0.0,4.0,0.0,5.0,1.0,0.0,0.0,1.0,0.0,0.0,0.0,0.0,0.0,18.0,58.0,1.0,1.0,11.0,1.0,0.0,0.0,1.0,2.0,9.0,0.0,1.0,5.0,0.0,1.0,0.0,0.0,0.0,0.0,2.0,0.0,0.0,0.0,59.0,2.0,1.0,1.0,1.0,17.0,1.0,1.0,1.0,1.0,1.0,0.0,0.0,34.0,36.0,0.0,46.0,1.0,59.0,0.0,0.0,0.0,6.0,44.0,1.0,0.0,1.0,0.0,0.0,17.0,1.0,67.0,27.0,18.0,167.0,26.0,5.0,23.0,0.0,0.0
Southwest,2024,2,2.0,4.0,49.0,7.0,98.0,0.0,4.0,4.0,31.0,0.0,0.0,20.0,0.0,5.0,0.0,36.0,35.0,0.0,4.0,0.0,1.0,0.0,2.0,2.0,0.0,2.0,0.0,0.0,0.0,0.0,0.0,0.0,0.0,21.0,3.0,2.0,0.0,0.0,3.0,0.0,0.0,0.0,0.0,1.0,2.0,0.0,0.0,0.0,0.0,0.0,11.0,0.0,7.0,0.0,3.0,0.0,2.0,0.0,2.0,0.0,0.0,0.0,0.0,0.0,14.0,49.0,0.0,2.0,7.0,1.0,0.0,0.0,2.0,4.0,7.0,0.0,3.0,2.0,0.0,0.0,0.0,0.0,0.0,0.0,3.0,0.0,0.0,2.0,43.0,2.0,0.0,1.0,0.0,19.0,5.0,6.0,0.0,1.0,0.0,0.0,0.0,36.0,34.0,0.0,39.0,0.0,69.0,0.0,0.0,0.0,7.0,28.0,1.0,0.0,0.0,0.0,0.0,11.0,0.0,48.0,25.0,13.0,106.0,26.0,2.0,14.0,0.0,0.0
Southwest,2024,3,1.0,0.0,90.0,10.0,82.0,1.0,1.0,2.0,19.0,0.0,0.0,21.0,0.0,4.0,0.0,37.0,40.0,1.0,0.0,0.0,1.0,3.0,2.0,2.0,1.0,1.0,0.0,0.0,0.0,0.0,0.0,0.0,1.0,19.0,3.0,0.0,0.0,0.0,4.0,0.0,0.0,0.0,0.0,2.0,3.0,0.0,0.0,0.0,0.0,0.0,8.0,0.0,3.0,0.0,12.0,0.0,0.0,0.0,2.0,0.0,0.0,0.0,0.0,0.0,23.0,43.0,2.0,0.0,8.0,0.0,0.0,0.0,2.0,4.0,4.0,0.0,1.0,0.0,0.0,0.0,1.0,0.0,0.0,3.0,2.0,1.0,0.0,1.0,37.0,1.0,0.0,1.0,0.0,28.0,6.0,8.0,2.0,0.0,1.0,0.0,0.0,24.0,32.0,0.0,44.0,1.0,58.0,0.0,0.0,0.0,3.0,30.0,1.0,4.0,0.0,0.0,0.0,18.0,0.0,57.0,21.0,11.0,129.0,24.0,16.0,12.0,1.0,0.0
Southwest,2024,4,1.0,2.0,76.0,9.0,80.0,1.0,10.0,3.0,16.0,0.0,0.0,10.0,0.0,7.0,2.0,43.0,31.0,1.0,6.0,0.0,0.0,3.0,2.0,1.0,0.0,2.0,0.0,1.0,0.0,0.0,0.0,0.0,1.0,26.0,2.0,0.0,0.0,0.0,4.0,0.0,0.0,0.0,0.0,1.0,0.0,0.0,1.0,0.0,0.0,0.0,4.0,0.0,3.0,0.0,1.0,0.0,0.0,0.0,0.0,0.0,0.0,0.0,0.0,1.0,13.0,44.0,0.0,0.0,5.0,0.0,0.0,0.0,0.0,3.0,3.0,0.0,0.0,8.0,0.0,0.0,0.0,1.0,0.0,0.0,0.0,0.0,0.0,0.0,44.0,2.0,0.0,0.0,0.0,22.0,2.0,0.0,0.0,0.0,3.0,0.0,0.0,50.0,45.0,0.0,31.0,0.0,66.0,0.0,0.0,0.0,10.0,36.0,0.0,0.0,0.0,0.0,0.0,14.0,0.0,50.0,23.0,6.0,119.0,19.0,14.0,8.0,1.0,0.0
Southwest,2024,5,0.0,0.0,27.0,1.0,18.0,0.0,1.0,1.0,17.0,0.0,0.0,4.0,0.0,1.0,1.0,10.0,32.0,1.0,1.0,0.0,0.0,0.0,0.0,0.0,0.0,0.0,0.0,0.0,0.0,0.0,0.0,0.0,0.0,9.0,0.0,1.0,0.0,0.0,0.0,0.0,0.0,0.0,0.0,0.0,0.0,0.0,0.0,0.0,0.0,0.0,0.0,0.0,0.0,0.0,5.0,0.0,0.0,0.0,0.0,0.0,0.0,0.0,0.0,1.0,3.0,11.0,0.0,0.0,6.0,1.0,0.0,0.0,0.0,1.0,2.0,0.0,0.0,4.0,0.0,0.0,0.0,0.0,0.0,0.0,0.0,0.0,0.0,1.0,11.0,0.0,0.0,0.0,0.0,4.0,0.0,0.0,0.0,0.0,2.0,0.0,1.0,35.0,40.0,0.0,24.0,0.0,34.0,0.0,0.0,0.0,6.0,21.0,0.0,0.0,0.0,0.0,0.0,34.0,0.0,43.0,8.0,1.0,114.0,20.0,2.0,4.0,0.0,0.0
Southwest,2024,6,0.0,0.0,8.0,0.0,3.0,0.0,0.0,1.0,6.0,0.0,0.0,0.0,0.0,1.0,0.0,10.0,20.0,0.0,0.0,0.0,0.0,0.0,0.0,0.0,0.0,0.0,0.0,0.0,0.0,0.0,0.0,0.0,0.0,4.0,0.0,0.0,0.0,0.0,0.0,0.0,0.0,0.0,0.0,0.0,0.0,0.0,0.0,0.0,0.0,0.0,2.0,0.0,0.0,0.0,2.0,0.0,0.0,0.0,1.0,0.0,0.0,0.0,0.0,0.0,0.0,0.0,0.0,0.0,6.0,3.0,0.0,0.0,0.0,0.0,0.0,0.0,0.0,8.0,0.0,0.0,0.0,0.0,0.0,0.0,0.0,0.0,0.0,1.0,7.0,0.0,0.0,0.0,0.0,21.0,1.0,0.0,0.0,0.0,0.0,0.0,0.0,36.0,32.0,0.0,15.0,0.0,39.0,0.0,0.0,0.0,0.0,22.0,0.0,0.0,0.0,0.0,0.0,91.0,0.0,31.0,9.0,1.0,133.0,9.0,0.0,0.0,0.0,0.0
Southwest,2024,7,0.0,0.0,3.0,0.0,1.0,0.0,0.0,0.0,10.0,0.0,0.0,0.0,0.0,0.0,0.0,17.0,22.0,0.0,2.0,0.0,0.0,0.0,0.0,1.0,0.0,0.0,0.0,0.0,0.0,0.0,0.0,0.0,0.0,1.0,0.0,0.0,0.0,0.0,0.0,0.0,0.0,0.0,0.0,0.0,0.0,0.0,2.0,0.0,0.0,0.0,5.0,1.0,0.0,0.0,4.0,0.0,0.0,0.0,0.0,0.0,0.0,0.0,0.0,0.0,1.0,2.0,0.0,0.0,9.0,2.0,0.0,0.0,0.0,0.0,1.0,0.0,0.0,2.0,0.0,0.0,0.0,0.0,0.0,0.0,0.0,1.0,0.0,0.0,1.0,0.0,0.0,0.0,0.0,7.0,1.0,0.0,0.0,0.0,0.0,0.0,0.0,22.0,30.0,0.0,18.0,0.0,53.0,0.0,0.0,0.0,0.0,15.0,0.0,0.0,0.0,0.0,0.0,68.0,0.0,29.0,4.0,2.0,122.0,15.0,0.0,0.0,0.0,0.0
Southwest,2024,8,0.0,0.0,8.0,5.0,3.0,0.0,0.0,1.0,24.0,0.0,0.0,0.0,1.0,1.0,1.0,11.0,27.0,1.0,1.0,0.0,0.0,0.0,0.0,0.0,0.0,0.0,0.0,0.0,0.0,0.0,0.0,0.0,2.0,1.0,0.0,0.0,0.0,0.0,0.0,0.0,0.0,0.0,0.0,0.0,0.0,0.0,0.0,0.0,0.0,0.0,3.0,1.0,1.0,0.0,4.0,0.0,0.0,0.0,0.0,0.0,0.0,0.0,0.0,0.0,1.0,1.0,0.0,0.0,9.0,0.0,0.0,0.0,0.0,0.0,0.0,0.0,2.0,2.0,0.0,0.0,0.0,0.0,0.0,0.0,0.0,0.0,0.0,3.0,4.0,0.0,0.0,0.0,0.0,7.0,2.0,0.0,0.0,0.0,0.0,0.0,1.0,18.0,39.0,0.0,32.0,0.0,45.0,0.0,0.0,0.0,1.0,24.0,0.0,0.0,0.0,0.0,0.0,123.0,0.0,18.0,8.0,0.0,97.0,15.0,0.0,0.0,0.0,0.0
Southwest,2024,9,0.0,0.0,4.0,0.0,4.0,0.0,3.0,3.0,38.0,0.0,0.0,0.0,1.0,0.0,3.0,7.0,23.0,1.0,2.0,0.0,0.0,0.0,0.0,0.0,0.0,0.0,0.0,0.0,0.0,0.0,0.0,0.0,0.0,0.0,0.0,0.0,0.0,0.0,0.0,0.0,0.0,0.0,0.0,0.0,0.0,0.0,1.0,0.0,0.0,0.0,2.0,0.0,2.0,0.0,2.0,0.0,0.0,0.0,0.0,0.0,0.0,0.0,0.0,1.0,0.0,0.0,0.0,0.0,10.0,0.0,0.0,0.0,0.0,0.0,0.0,0.0,0.0,15.0,0.0,0.0,0.0,0.0,0.0,0.0,0.0,1.0,0.0,0.0,7.0,0.0,0.0,0.0,0.0,10.0,2.0,0.0,0.0,0.0,0.0,0.0,0.0,18.0,32.0,0.0,29.0,1.0,70.0,0.0,0.0,0.0,1.0,22.0,0.0,0.0,0.0,0.0,0.0,136.0,0.0,31.0,8.0,1.0,102.0,45.0,0.0,0.0,0.0,0.0
Southwest,2024,10,0.0,0.0,2.0,0.0,13.0,0.0,0.0,3.0,22.0,2.0,0.0,3.0,0.0,0.0,0.0,5.0,22.0,1.0,0.0,0.0,0.0,0.0,0.0,1.0,0.0,0.0,0.0,0.0,0.0,0.0,0.0,0.0,1.0,2.0,0.0,0.0,0.0,0.0,0.0,0.0,0.0,0.0,0.0,0.0,0.0,0.0,0.0,0.0,0.0,0.0,2.0,1.0,1.0,0.0,6.0,0.0,0.0,0.0,0.0,0.0,0.0,0.0,0.0,0.0,0.0,0.0,0.0,0.0,3.0,1.0,0.0,0.0,0.0,0.0,1.0,0.0,0.0,10.0,0.0,0.0,0.0,0.0,0.0,0.0,0.0,0.0,0.0,2.0,6.0,0.0,0.0,0.0,0.0,25.0,2.0,0.0,0.0,0.0,1.0,0.0,1.0,43.0,35.0,0.0,19.0,0.0,51.0,0.0,0.0,0.0,2.0,37.0,0.0,0.0,0.0,0.0,0.0,27.0,0.0,22.0,8.0,2.0,100.0,49.0,0.0,0.0,0.0,0.0
Southwest,2024,11,0.0,0.0,7.0,1.0,6.0,0.0,1.0,3.0,10.0,0.0,0.0,0.0,0.0,0.0,0.0,7.0,21.0,1.0,1.0,0.0,0.0,0.0,0.0,0.0,0.0,0.0,0.0,0.0,0.0,0.0,0.0,0.0,0.0,1.0,0.0,0.0,0.0,0.0,0.0,0.0,0.0,0.0,0.0,0.0,0.0,0.0,0.0,0.0,0.0,0.0,3.0,0.0,0.0,0.0,6.0,0.0,0.0,0.0,0.0,0.0,0.0,0.0,0.0,1.0,0.0,0.0,0.0,0.0,8.0,0.0,0.0,0.0,0.0,0.0,0.0,0.0,0.0,26.0,0.0,0.0,0.0,0.0,0.0,0.0,0.0,0.0,0.0,0.0,6.0,0.0,0.0,0.0,0.0,66.0,7.0,0.0,0.0,0.0,0.0,0.0,0.0,14.0,50.0,0.0,25.0,0.0,55.0,0.0,0.0,0.0,0.0,20.0,0.0,0.0,0.0,0.0,0.0,2.0,0.0,22.0,6.0,0.0,89.0,47.0,0.0,0.0,0.0,0.0
Southwest,2024,12,1.0,0.0,4.0,0.0,0.0,0.0,1.0,0.0,6.0,0.0,0.0,3.0,0.0,1.0,0.0,1.0,24.0,1.0,0.0,0.0,0.0,0.0,0.0,0.0,0.0,0.0,0.0,0.0,0.0,0.0,0.0,0.0,0.0,1.0,0.0,0.0,0.0,0.0,0.0,0.0,0.0,0.0,0.0,0.0,0.0,0.0,1.0,0.0,0.0,0.0,1.0,0.0,0.0,0.0,1.0,0.0,0.0,0.0,0.0,0.0,0.0,0.0,0.0,0.0,0.0,0.0,0.0,0.0,6.0,0.0,0.0,0.0,0.0,0.0,2.0,0.0,0.0,4.0,0.0,0.0,0.0,0.0,0.0,0.0,0.0,0.0,0.0,0.0,0.0,0.0,0.0,0.0,1.0,53.0,4.0,0.0,0.0,0.0,0.0,0.0,0.0,23.0,15.0,0.0,17.0,0.0,35.0,0.0,0.0,0.0,0.0,15.0,0.0,0.0,0.0,0.0,0.0,3.0,0.0,15.0,6.0,0.0,34.0,10.0,0.0,0.0,0.0,0.0
Topanga,2024,1,2.0,0.0,22.0,1.0,51.0,0.0,0.0,4.0,1.0,0.0,1.0,10.0,2.0,10.0,3.0,73.0,50.0,1.0,7.0,0.0,0.0,0.0,0.0,0.0,0.0,0.0,0.0,0.0,0.0,0.0,0.0,0.0,0.0,11.0,0.0,0.0,0.0,1.0,0.0,0.0,0.0,0.0,0.0,2.0,6.0,0.0,0.0,0.0,0.0,0.0,4.0,0.0,1.0,0.0,1.0,0.0,0.0,0.0,0.0,0.0,0.0,0.0,0.0,2.0,8.0,36.0,2.0,1.0,14.0,0.0,0.0,0.0,0.0,1.0,4.0,0.0,1.0,1.0,0.0,0.0,0.0,0.0,0.0,0.0,0.0,1.0,0.0,0.0,14.0,0.0,0.0,0.0,0.0,105.0,27.0,0.0,0.0,0.0,0.0,0.0,0.0,37.0,26.0,0.0,43.0,0.0,33.0,0.0,0.0,0.0,2.0,30.0,2.0,1.0,0.0,0.0,0.0,9.0,0.0,63.0,12.0,5.0,65.0,4.0,3.0,7.0,1.0,0.0
Topanga,2024,2,0.0,0.0,19.0,2.0,45.0,1.0,3.0,2.0,4.0,0.0,0.0,6.0,0.0,8.0,2.0,52.0,43.0,1.0,3.0,0.0,0.0,3.0,1.0,4.0,0.0,0.0,0.0,1.0,0.0,0.0,0.0,0.0,0.0,20.0,0.0,0.0,0.0,0.0,1.0,0.0,0.0,0.0,0.0,3.0,5.0,0.0,0.0,0.0,0.0,0.0,2.0,0.0,1.0,0.0,0.0,0.0,0.0,0.0,0.0,1.0,0.0,0.0,0.0,0.0,10.0,33.0,2.0,0.0,5.0,1.0,0.0,0.0,0.0,3.0,4.0,0.0,0.0,0.0,0.0,0.0,0.0,0.0,0.0,0.0,2.0,0.0,0.0,0.0,10.0,0.0,0.0,0.0,0.0,96.0,16.0,0.0,0.0,0.0,0.0,0.0,1.0,26.0,22.0,0.0,39.0,0.0,31.0,0.0,0.0,0.0,6.0,22.0,1.0,1.0,0.0,0.0,0.0,14.0,1.0,34.0,11.0,6.0,57.0,3.0,6.0,12.0,0.0,0.0
Topanga,2024,3,5.0,0.0,16.0,4.0,54.0,0.0,1.0,1.0,2.0,0.0,0.0,15.0,0.0,11.0,0.0,56.0,61.0,0.0,7.0,0.0,1.0,1.0,0.0,2.0,0.0,0.0,0.0,0.0,0.0,1.0,0.0,0.0,0.0,17.0,2.0,0.0,1.0,0.0,2.0,0.0,1.0,0.0,0.0,2.0,1.0,0.0,0.0,0.0,0.0,0.0,2.0,0.0,2.0,0.0,1.0,0.0,0.0,0.0,0.0,0.0,0.0,0.0,0.0,1.0,14.0,30.0,0.0,0.0,13.0,0.0,0.0,0.0,0.0,2.0,6.0,0.0,2.0,0.0,0.0,0.0,0.0,0.0,0.0,0.0,3.0,1.0,0.0,0.0,14.0,0.0,2.0,1.0,0.0,77.0,15.0,0.0,0.0,1.0,0.0,0.0,0.0,36.0,28.0,0.0,36.0,0.0,26.0,0.0,0.0,0.0,1.0,30.0,1.0,1.0,0.0,0.0,0.0,9.0,1.0,42.0,12.0,8.0,50.0,3.0,7.0,10.0,2.0,0.0
Topanga,2024,4,0.0,0.0,26.0,4.0,47.0,0.0,0.0,5.0,1.0,0.0,1.0,7.0,1.0,7.0,3.0,47.0,59.0,0.0,1.0,0.0,1.0,2.0,0.0,2.0,0.0,0.0,0.0,0.0,0.0,0.0,0.0,0.0,1.0,8.0,1.0,0.0,0.0,0.0,0.0,0.0,1.0,0.0,0.0,3.0,2.0,0.0,0.0,0.0,0.0,0.0,0.0,0.0,1.0,0.0,0.0,1.0,0.0,0.0,0.0,0.0,0.0,0.0,0.0,0.0,10.0,45.0,1.0,0.0,11.0,2.0,0.0,0.0,0.0,4.0,5.0,0.0,0.0,2.0,0.0,0.0,2.0,0.0,0.0,0.0,2.0,1.0,0.0,0.0,20.0,0.0,0.0,0.0,0.0,90.0,15.0,2.0,0.0,0.0,0.0,0.0,1.0,29.0,25.0,0.0,40.0,1.0,39.0,0.0,0.0,0.0,2.0,31.0,1.0,0.0,0.0,0.0,0.0,6.0,0.0,34.0,15.0,2.0,68.0,4.0,3.0,11.0,0.0,0.0
Topanga,2024,5,0.0,0.0,5.0,2.0,32.0,0.0,0.0,0.0,3.0,0.0,0.0,5.0,0.0,3.0,2.0,26.0,26.0,0.0,0.0,0.0,0.0,0.0,0.0,0.0,0.0,0.0,0.0,0.0,0.0,0.0,0.0,0.0,0.0,9.0,1.0,0.0,0.0,0.0,0.0,0.0,0.0,0.0,0.0,3.0,0.0,0.0,0.0,0.0,0.0,0.0,0.0,0.0,1.0,0.0,0.0,0.0,1.0,0.0,0.0,0.0,0.0,0.0,0.0,0.0,4.0,7.0,0.0,0.0,6.0,0.0,0.0,0.0,0.0,0.0,2.0,0.0,0.0,1.0,0.0,0.0,0.0,0.0,0.0,0.0,2.0,0.0,0.0,0.0,6.0,0.0,0.0,0.0,0.0,80.0,18.0,1.0,0.0,0.0,0.0,0.0,0.0,21.0,28.0,0.0,26.0,0.0,32.0,0.0,0.0,0.0,1.0,15.0,0.0,0.0,0.0,0.0,0.0,5.0,2.0,21.0,5.0,0.0,56.0,3.0,1.0,0.0,2.0,0.0
Topanga,2024,6,0.0,0.0,0.0,0.0,0.0,0.0,0.0,0.0,3.0,0.0,0.0,0.0,0.0,0.0,0.0,0.0,37.0,0.0,0.0,0.0,0.0,0.0,0.0,0.0,0.0,0.0,0.0,0.0,0.0,0.0,0.0,0.0,0.0,0.0,0.0,0.0,0.0,0.0,0.0,0.0,0.0,0.0,0.0,0.0,0.0,0.0,0.0,0.0,0.0,0.0,4.0,0.0,0.0,0.0,0.0,0.0,0.0,0.0,0.0,0.0,0.0,0.0,0.0,0.0,0.0,0.0,0.0,0.0,5.0,0.0,0.0,0.0,0.0,0.0,0.0,0.0,0.0,0.0,0.0,0.0,0.0,0.0,0.0,0.0,0.0,0.0,0.0,0.0,1.0,0.0,0.0,0.0,0.0,54.0,11.0,0.0,0.0,0.0,0.0,0.0,0.0,18.0,32.0,0.0,23.0,0.0,21.0,0.0,0.0,0.0,0.0,8.0,0.0,0.0,0.0,0.0,0.0,1.0,0.0,16.0,5.0,1.0,61.0,1.0,0.0,0.0,0.0,0.0
Topanga,2024,7,0.0,0.0,0.0,0.0,1.0,0.0,0.0,0.0,2.0,0.0,0.0,0.0,0.0,0.0,0.0,0.0,21.0,0.0,0.0,0.0,0.0,0.0,0.0,0.0,0.0,0.0,0.0,0.0,0.0,0.0,0.0,0.0,0.0,0.0,0.0,0.0,0.0,0.0,0.0,0.0,0.0,0.0,0.0,0.0,1.0,0.0,0.0,0.0,0.0,0.0,1.0,0.0,0.0,0.0,0.0,0.0,0.0,0.0,0.0,0.0,0.0,0.0,0.0,0.0,0.0,0.0,0.0,0.0,3.0,0.0,0.0,0.0,0.0,0.0,1.0,0.0,0.0,0.0,0.0,0.0,0.0,0.0,0.0,0.0,0.0,0.0,0.0,0.0,0.0,0.0,0.0,0.0,0.0,69.0,16.0,0.0,0.0,0.0,0.0,0.0,0.0,7.0,30.0,0.0,20.0,0.0,35.0,0.0,0.0,0.0,0.0,17.0,0.0,0.0,0.0,0.0,0.0,0.0,0.0,21.0,4.0,1.0,82.0,4.0,0.0,0.0,0.0,0.0
Topanga,2024,8,0.0,0.0,0.0,0.0,0.0,0.0,0.0,0.0,1.0,0.0,0.0,0.0,0.0,0.0,0.0,3.0,28.0,0.0,0.0,0.0,0.0,0.0,0.0,0.0,0.0,0.0,0.0,0.0,0.0,0.0,0.0,0.0,0.0,5.0,0.0,0.0,0.0,0.0,0.0,0.0,0.0,0.0,0.0,0.0,0.0,0.0,0.0,0.0,0.0,0.0,1.0,0.0,0.0,0.0,0.0,0.0,0.0,0.0,0.0,0.0,0.0,0.0,0.0,0.0,0.0,1.0,0.0,0.0,8.0,0.0,0.0,0.0,0.0,0.0,0.0,0.0,0.0,3.0,0.0,0.0,0.0,0.0,0.0,0.0,0.0,1.0,0.0,0.0,0.0,0.0,0.0,0.0,0.0,67.0,13.0,0.0,0.0,0.0,0.0,0.0,0.0,6.0,25.0,0.0,17.0,0.0,25.0,0.0,0.0,0.0,0.0,10.0,0.0,0.0,0.0,0.0,0.0,1.0,0.0,17.0,4.0,1.0,63.0,2.0,1.0,0.0,0.0,0.0
Topanga,2024,9,0.0,0.0,0.0,0.0,1.0,0.0,0.0,0.0,1.0,0.0,0.0,0.0,0.0,0.0,0.0,2.0,24.0,0.0,0.0,0.0,0.0,0.0,0.0,0.0,0.0,0.0,0.0,0.0,0.0,0.0,0.0,0.0,0.0,1.0,0.0,0.0,0.0,0.0,0.0,0.0,0.0,0.0,0.0,0.0,0.0,0.0,0.0,0.0,0.0,0.0,2.0,0.0,0.0,0.0,0.0,0.0,0.0,0.0,0.0,0.0,0.0,0.0,0.0,0.0,0.0,1.0,0.0,0.0,6.0,0.0,0.0,0.0,0.0,0.0,0.0,0.0,0.0,2.0,0.0,0.0,0.0,0.0,0.0,0.0,0.0,0.0,0.0,0.0,0.0,0.0,0.0,0.0,0.0,61.0,9.0,0.0,0.0,0.0,0.0,0.0,0.0,9.0,19.0,0.0,30.0,0.0,25.0,0.0,0.0,0.0,0.0,12.0,0.0,0.0,0.0,0.0,0.0,3.0,0.0,23.0,4.0,0.0,70.0,1.0,0.0,0.0,0.0,0.0
Topanga,2024,10,0.0,0.0,0.0,0.0,0.0,0.0,0.0,0.0,3.0,0.0,0.0,0.0,0.0,0.0,0.0,1.0,16.0,0.0,0.0,0.0,0.0,0.0,1.0,0.0,0.0,0.0,0.0,0.0,0.0,0.0,0.0,0.0,0.0,0.0,0.0,0.0,0.0,0.0,0.0,0.0,0.0,0.0,0.0,1.0,1.0,0.0,0.0,0.0,0.0,0.0,1.0,0.0,0.0,0.0,0.0,0.0,0.0,0.0,0.0,0.0,0.0,0.0,0.0,0.0,0.0,0.0,0.0,0.0,9.0,0.0,0.0,0.0,0.0,0.0,0.0,0.0,0.0,5.0,0.0,0.0,0.0,0.0,0.0,0.0,0.0,0.0,0.0,0.0,2.0,0.0,0.0,0.0,0.0,59.0,11.0,0.0,0.0,0.0,0.0,0.0,0.0,16.0,20.0,0.0,26.0,0.0,22.0,0.0,0.0,0.0,0.0,15.0,0.0,0.0,0.0,0.0,0.0,0.0,0.0,14.0,7.0,1.0,52.0,1.0,0.0,0.0,0.0,0.0
Topanga,2024,11,0.0,0.0,3.0,0.0,2.0,0.0,0.0,1.0,1.0,0.0,0.0,1.0,0.0,0.0,0.0,0.0,22.0,0.0,0.0,0.0,0.0,0.0,0.0,0.0,0.0,0.0,0.0,0.0,0.0,0.0,0.0,0.0,0.0,0.0,0.0,0.0,0.0,0.0,0.0,0.0,0.0,0.0,0.0,0.0,0.0,0.0,0.0,0.0,0.0,0.0,0.0,0.0,0.0,0.0,0.0,0.0,0.0,0.0,0.0,0.0,0.0,0.0,0.0,0.0,0.0,0.0,0.0,0.0,6.0,0.0,0.0,0.0,0.0,0.0,0.0,0.0,0.0,6.0,0.0,0.0,0.0,0.0,0.0,0.0,0.0,0.0,0.0,0.0,0.0,0.0,0.0,0.0,0.0,80.0,7.0,0.0,0.0,0.0,0.0,0.0,0.0,20.0,25.0,0.0,24.0,0.0,27.0,0.0,0.0,0.0,0.0,13.0,0.0,0.0,0.0,0.0,0.0,1.0,0.0,18.0,4.0,0.0,47.0,3.0,0.0,0.0,0.0,0.0
Topanga,2024,12,0.0,0.0,0.0,0.0,0.0,0.0,0.0,0.0,2.0,0.0,0.0,0.0,0.0,0.0,0.0,0.0,19.0,0.0,0.0,0.0,0.0,0.0,0.0,0.0,0.0,0.0,0.0,0.0,0.0,0.0,0.0,0.0,0.0,0.0,0.0,0.0,0.0,0.0,0.0,0.0,0.0,0.0,0.0,0.0,0.0,0.0,0.0,0.0,0.0,0.0,0.0,0.0,0.0,0.0,0.0,0.0,0.0,0.0,0.0,0.0,0.0,0.0,0.0,0.0,0.0,0.0,0.0,0.0,3.0,0.0,0.0,0.0,0.0,0.0,0.0,0.0,0.0,5.0,0.0,0.0,0.0,0.0,0.0,0.0,0.0,0.0,0.0,0.0,0.0,0.0,0.0,0.0,0.0,38.0,8.0,0.0,0.0,0.0,0.0,0.0,0.0,11.0,19.0,0.0,12.0,0.0,31.0,0.0,0.0,0.0,0.0,15.0,0.0,0.0,0.0,0.0,0.0,0.0,0.0,12.0,2.0,0.0,14.0,0.0,0.0,0.0,0.0,0.0
Van Nuys,2024,1,1.0,0.0,29.0,2.0,39.0,0.0,1.0,1.0,6.0,0.0,1.0,8.0,0.0,1.0,1.0,74.0,49.0,0.0,1.0,0.0,2.0,5.0,1.0,0.0,0.0,1.0,0.0,0.0,0.0,0.0,0.0,0.0,0.0,8.0,1.0,0.0,1.0,0.0,0.0,0.0,0.0,0.0,0.0,2.0,7.0,0.0,0.0,0.0,0.0,0.0,1.0,1.0,3.0,0.0,2.0,0.0,1.0,0.0,0.0,0.0,0.0,0.0,0.0,1.0,7.0,29.0,2.0,1.0,10.0,2.0,0.0,0.0,0.0,2.0,5.0,1.0,0.0,2.0,0.0,0.0,0.0,0.0,0.0,0.0,0.0,0.0,0.0,0.0,12.0,0.0,3.0,0.0,0.0,66.0,15.0,0.0,0.0,1.0,0.0,0.0,0.0,30.0,31.0,0.0,41.0,0.0,38.0,0.0,0.0,0.0,3.0,11.0,0.0,0.0,0.0,0.0,0.0,9.0,0.0,53.0,16.0,8.0,102.0,1.0,8.0,3.0,0.0,0.0
Van Nuys,2024,2,0.0,3.0,30.0,1.0,52.0,0.0,1.0,4.0,4.0,0.0,0.0,5.0,0.0,6.0,4.0,77.0,38.0,2.0,5.0,0.0,0.0,2.0,0.0,2.0,0.0,0.0,0.0,2.0,0.0,0.0,0.0,0.0,1.0,11.0,0.0,0.0,2.0,0.0,1.0,0.0,0.0,0.0,0.0,1.0,8.0,0.0,0.0,0.0,0.0,0.0,4.0,0.0,2.0,0.0,1.0,0.0,0.0,0.0,0.0,0.0,0.0,0.0,0.0,0.0,8.0,27.0,0.0,0.0,5.0,0.0,0.0,0.0,0.0,5.0,5.0,2.0,0.0,1.0,0.0,0.0,0.0,0.0,0.0,0.0,2.0,0.0,0.0,0.0,22.0,0.0,0.0,1.0,0.0,61.0,8.0,1.0,0.0,0.0,0.0,0.0,0.0,33.0,43.0,0.0,58.0,0.0,34.0,0.0,0.0,0.0,2.0,30.0,1.0,0.0,0.0,0.0,0.0,5.0,0.0,48.0,9.0,3.0,69.0,2.0,7.0,3.0,1.0,0.0
Van Nuys,2024,3,0.0,0.0,23.0,1.0,52.0,0.0,0.0,5.0,4.0,0.0,1.0,3.0,1.0,12.0,5.0,63.0,61.0,0.0,2.0,0.0,1.0,3.0,1.0,1.0,2.0,0.0,0.0,0.0,0.0,1.0,0.0,0.0,0.0,16.0,1.0,0.0,1.0,0.0,0.0,0.0,0.0,0.0,0.0,0.0,16.0,0.0,0.0,0.0,0.0,0.0,2.0,0.0,0.0,0.0,2.0,0.0,1.0,0.0,0.0,0.0,0.0,0.0,0.0,0.0,6.0,31.0,1.0,0.0,3.0,1.0,0.0,0.0,1.0,3.0,0.0,0.0,0.0,0.0,0.0,0.0,0.0,0.0,0.0,0.0,3.0,0.0,0.0,1.0,28.0,0.0,4.0,0.0,0.0,74.0,9.0,0.0,1.0,1.0,0.0,0.0,0.0,26.0,35.0,0.0,53.0,0.0,33.0,0.0,0.0,0.0,3.0,21.0,0.0,0.0,0.0,0.0,0.0,6.0,0.0,66.0,13.0,6.0,79.0,2.0,5.0,8.0,0.0,0.0
Van Nuys,2024,4,2.0,0.0,29.0,2.0,48.0,0.0,4.0,2.0,7.0,0.0,0.0,6.0,0.0,10.0,0.0,51.0,45.0,0.0,9.0,0.0,0.0,3.0,1.0,1.0,0.0,0.0,0.0,2.0,0.0,0.0,0.0,0.0,0.0,12.0,1.0,0.0,0.0,0.0,1.0,0.0,0.0,0.0,0.0,0.0,18.0,0.0,0.0,0.0,0.0,0.0,2.0,1.0,1.0,0.0,5.0,0.0,0.0,0.0,0.0,0.0,0.0,0.0,0.0,0.0,13.0,38.0,3.0,0.0,6.0,0.0,0.0,0.0,0.0,2.0,3.0,0.0,0.0,1.0,0.0,0.0,0.0,0.0,0.0,0.0,2.0,0.0,0.0,2.0,22.0,0.0,0.0,0.0,0.0,55.0,9.0,0.0,0.0,0.0,0.0,0.0,0.0,29.0,38.0,0.0,45.0,0.0,26.0,0.0,0.0,0.0,3.0,18.0,0.0,0.0,0.0,0.0,0.0,9.0,1.0,53.0,5.0,3.0,80.0,0.0,8.0,9.0,0.0,0.0
Van Nuys,2024,5,2.0,0.0,9.0,2.0,33.0,0.0,0.0,3.0,2.0,0.0,0.0,3.0,0.0,0.0,1.0,27.0,30.0,1.0,3.0,0.0,0.0,1.0,1.0,0.0,0.0,0.0,0.0,0.0,0.0,0.0,0.0,0.0,0.0,6.0,0.0,0.0,0.0,0.0,3.0,0.0,0.0,0.0,0.0,0.0,1.0,0.0,0.0,0.0,0.0,0.0,1.0,0.0,1.0,0.0,0.0,0.0,0.0,0.0,0.0,1.0,0.0,0.0,0.0,1.0,5.0,17.0,0.0,0.0,3.0,1.0,0.0,0.0,0.0,2.0,3.0,0.0,0.0,1.0,0.0,0.0,0.0,0.0,0.0,0.0,0.0,0.0,0.0,0.0,8.0,0.0,0.0,1.0,0.0,56.0,6.0,0.0,0.0,0.0,0.0,0.0,0.0,27.0,36.0,0.0,29.0,0.0,29.0,0.0,0.0,0.0,2.0,17.0,0.0,0.0,0.0,0.0,0.0,4.0,0.0,26.0,8.0,1.0,81.0,1.0,0.0,6.0,0.0,0.0
Van Nuys,2024,6,0.0,0.0,4.0,0.0,0.0,0.0,0.0,0.0,5.0,0.0,0.0,0.0,0.0,0.0,0.0,2.0,16.0,0.0,0.0,0.0,0.0,0.0,0.0,0.0,0.0,0.0,0.0,0.0,0.0,0.0,0.0,0.0,0.0,0.0,0.0,0.0,0.0,0.0,0.0,0.0,0.0,0.0,0.0,0.0,1.0,0.0,0.0,0.0,0.0,0.0,4.0,0.0,0.0,0.0,0.0,0.0,0.0,0.0,0.0,0.0,0.0,0.0,0.0,0.0,1.0,0.0,0.0,0.0,2.0,0.0,0.0,0.0,0.0,0.0,0.0,0.0,0.0,3.0,0.0,0.0,0.0,0.0,0.0,0.0,0.0,0.0,0.0,0.0,1.0,0.0,0.0,0.0,0.0,49.0,7.0,0.0,0.0,0.0,0.0,0.0,0.0,27.0,42.0,0.0,27.0,0.0,23.0,0.0,0.0,0.0,0.0,7.0,0.0,0.0,0.0,0.0,0.0,0.0,0.0,24.0,2.0,0.0,103.0,3.0,0.0,0.0,0.0,0.0
Van Nuys,2024,7,0.0,0.0,2.0,0.0,0.0,0.0,0.0,0.0,1.0,0.0,0.0,0.0,0.0,0.0,0.0,3.0,16.0,0.0,0.0,0.0,0.0,0.0,0.0,0.0,0.0,0.0,0.0,0.0,0.0,0.0,0.0,0.0,0.0,0.0,0.0,0.0,0.0,0.0,0.0,0.0,0.0,0.0,0.0,0.0,0.0,0.0,0.0,0.0,0.0,0.0,4.0,0.0,0.0,0.0,0.0,0.0,0.0,0.0,0.0,0.0,0.0,0.0,0.0,0.0,0.0,0.0,1.0,0.0,4.0,0.0,0.0,0.0,0.0,0.0,1.0,0.0,0.0,1.0,0.0,0.0,0.0,0.0,0.0,0.0,0.0,0.0,0.0,0.0,1.0,0.0,0.0,0.0,0.0,37.0,4.0,0.0,0.0,0.0,0.0,0.0,1.0,21.0,28.0,0.0,22.0,0.0,31.0,0.0,0.0,0.0,0.0,11.0,0.0,0.0,0.0,0.0,0.0,0.0,0.0,22.0,4.0,0.0,86.0,2.0,0.0,0.0,0.0,0.0
Van Nuys,2024,8,2.0,0.0,0.0,0.0,0.0,0.0,0.0,0.0,0.0,0.0,0.0,0.0,0.0,0.0,0.0,0.0,13.0,0.0,0.0,0.0,0.0,0.0,0.0,1.0,0.0,0.0,0.0,0.0,0.0,0.0,0.0,0.0,0.0,3.0,0.0,0.0,0.0,0.0,0.0,0.0,0.0,0.0,0.0,0.0,0.0,0.0,0.0,0.0,0.0,0.0,2.0,0.0,0.0,0.0,1.0,0.0,0.0,0.0,0.0,0.0,0.0,0.0,0.0,1.0,0.0,0.0,0.0,0.0,4.0,0.0,0.0,0.0,0.0,0.0,2.0,0.0,0.0,3.0,0.0,0.0,0.0,0.0,0.0,0.0,0.0,0.0,0.0,0.0,1.0,0.0,0.0,0.0,0.0,37.0,6.0,0.0,0.0,0.0,0.0,0.0,0.0,23.0,32.0,0.0,25.0,0.0,21.0,0.0,0.0,0.0,0.0,18.0,0.0,0.0,0.0,0.0,0.0,1.0,0.0,27.0,5.0,0.0,81.0,4.0,1.0,0.0,0.0,0.0
Van Nuys,2024,9,0.0,0.0,2.0,0.0,1.0,0.0,0.0,0.0,0.0,0.0,0.0,0.0,0.0,0.0,0.0,5.0,21.0,0.0,0.0,0.0,0.0,0.0,0.0,7.0,0.0,0.0,0.0,0.0,0.0,0.0,0.0,0.0,0.0,0.0,0.0,0.0,0.0,0.0,0.0,0.0,0.0,0.0,0.0,0.0,0.0,0.0,0.0,0.0,0.0,0.0,1.0,0.0,0.0,0.0,0.0,0.0,0.0,0.0,0.0,0.0,0.0,0.0,0.0,0.0,0.0,0.0,0.0,0.0,5.0,0.0,0.0,0.0,0.0,0.0,1.0,0.0,0.0,1.0,0.0,0.0,0.0,0.0,0.0,0.0,0.0,0.0,0.0,0.0,1.0,0.0,0.0,0.0,0.0,43.0,7.0,0.0,0.0,0.0,0.0,0.0,0.0,11.0,32.0,0.0,23.0,0.0,28.0,0.0,0.0,0.0,0.0,15.0,0.0,0.0,0.0,0.0,0.0,1.0,0.0,26.0,6.0,0.0,95.0,2.0,0.0,0.0,0.0,0.0
Van Nuys,2024,10,0.0,0.0,4.0,1.0,1.0,0.0,0.0,0.0,2.0,0.0,0.0,0.0,0.0,0.0,0.0,2.0,28.0,2.0,0.0,0.0,0.0,0.0,1.0,0.0,0.0,0.0,0.0,0.0,0.0,0.0,0.0,0.0,0.0,0.0,0.0,0.0,0.0,0.0,0.0,0.0,0.0,0.0,0.0,0.0,1.0,0.0,0.0,0.0,0.0,0.0,4.0,0.0,0.0,0.0,0.0,0.0,0.0,0.0,0.0,0.0,0.0,0.0,0.0,1.0,0.0,0.0,0.0,0.0,5.0,0.0,0.0,0.0,0.0,0.0,1.0,0.0,0.0,2.0,0.0,0.0,0.0,0.0,0.0,0.0,0.0,0.0,0.0,0.0,0.0,0.0,0.0,0.0,0.0,36.0,4.0,0.0,0.0,0.0,0.0,0.0,0.0,23.0,48.0,0.0,21.0,0.0,28.0,0.0,0.0,0.0,0.0,19.0,0.0,0.0,0.0,0.0,0.0,0.0,0.0,22.0,3.0,1.0,100.0,2.0,0.0,0.0,0.0,0.0
Van Nuys,2024,11,0.0,0.0,6.0,0.0,3.0,0.0,0.0,0.0,2.0,0.0,0.0,0.0,0.0,0.0,0.0,2.0,21.0,1.0,0.0,0.0,0.0,0.0,0.0,0.0,0.0,0.0,0.0,0.0,0.0,0.0,0.0,0.0,0.0,0.0,0.0,0.0,0.0,0.0,0.0,0.0,0.0,0.0,0.0,0.0,0.0,0.0,0.0,0.0,0.0,0.0,1.0,0.0,0.0,0.0,1.0,0.0,0.0,0.0,0.0,0.0,0.0,0.0,0.0,0.0,0.0,1.0,1.0,0.0,5.0,0.0,0.0,0.0,0.0,0.0,0.0,0.0,0.0,3.0,0.0,0.0,0.0,0.0,0.0,0.0,0.0,0.0,0.0,1.0,1.0,0.0,0.0,0.0,0.0,34.0,5.0,1.0,0.0,0.0,0.0,0.0,0.0,10.0,41.0,0.0,10.0,0.0,36.0,0.0,0.0,0.0,0.0,16.0,0.0,0.0,0.0,0.0,0.0,0.0,0.0,30.0,6.0,0.0,75.0,3.0,0.0,0.0,0.0,0.0
Van Nuys,2024,12,0.0,0.0,0.0,0.0,0.0,0.0,0.0,0.0,1.0,0.0,0.0,0.0,0.0,0.0,0.0,4.0,21.0,0.0,0.0,0.0,0.0,0.0,0.0,0.0,0.0,0.0,0.0,0.0,0.0,0.0,0.0,0.0,0.0,0.0,0.0,0.0,0.0,0.0,0.0,0.0,0.0,0.0,0.0,0.0,0.0,0.0,0.0,0.0,0.0,0.0,0.0,0.0,0.0,0.0,0.0,0.0,0.0,0.0,0.0,0.0,0.0,0.0,0.0,0.0,0.0,0.0,0.0,0.0,4.0,0.0,0.0,0.0,0.0,0.0,0.0,0.0,0.0,2.0,0.0,0.0,0.0,0.0,0.0,0.0,0.0,0.0,0.0,0.0,2.0,0.0,0.0,0.0,0.0,32.0,5.0,0.0,0.0,0.0,0.0,0.0,0.0,29.0,17.0,0.0,11.0,0.0,16.0,0.0,0.0,0.0,0.0,10.0,0.0,0.0,0.0,0.0,0.0,0.0,0.0,14.0,2.0,0.0,26.0,1.0,0.0,0.0,0.0,0.0
West LA,2024,1,1.0,0.0,14.0,2.0,54.0,0.0,0.0,5.0,8.0,0.0,3.0,2.0,0.0,7.0,0.0,67.0,67.0,1.0,4.0,0.0,0.0,1.0,0.0,0.0,0.0,0.0,0.0,0.0,0.0,0.0,0.0,1.0,0.0,7.0,0.0,0.0,0.0,0.0,0.0,0.0,0.0,0.0,0.0,3.0,11.0,0.0,0.0,0.0,0.0,0.0,0.0,0.0,2.0,0.0,0.0,1.0,0.0,0.0,0.0,0.0,0.0,0.0,0.0,0.0,2.0,19.0,0.0,0.0,10.0,0.0,0.0,0.0,1.0,0.0,10.0,0.0,2.0,2.0,0.0,0.0,0.0,0.0,0.0,0.0,1.0,0.0,0.0,0.0,13.0,0.0,1.0,0.0,0.0,104.0,13.0,0.0,0.0,0.0,0.0,0.0,0.0,25.0,21.0,0.0,55.0,0.0,52.0,0.0,0.0,0.0,3.0,46.0,2.0,2.0,0.0,1.0,0.0,19.0,0.0,41.0,16.0,0.0,51.0,3.0,3.0,7.0,0.0,0.0
West LA,2024,2,1.0,0.0,12.0,1.0,38.0,0.0,1.0,2.0,9.0,0.0,0.0,8.0,0.0,9.0,1.0,78.0,58.0,0.0,3.0,0.0,0.0,1.0,0.0,0.0,0.0,0.0,0.0,0.0,0.0,0.0,0.0,0.0,0.0,12.0,0.0,0.0,0.0,0.0,0.0,0.0,0.0,0.0,0.0,2.0,5.0,0.0,0.0,0.0,0.0,0.0,1.0,0.0,1.0,0.0,0.0,0.0,0.0,0.0,0.0,0.0,0.0,0.0,0.0,1.0,1.0,18.0,1.0,0.0,11.0,2.0,0.0,0.0,1.0,6.0,6.0,0.0,4.0,0.0,0.0,0.0,0.0,0.0,0.0,0.0,2.0,0.0,0.0,0.0,14.0,0.0,0.0,5.0,0.0,121.0,9.0,0.0,0.0,1.0,0.0,0.0,0.0,35.0,30.0,0.0,62.0,1.0,56.0,0.0,0.0,0.0,4.0,39.0,0.0,0.0,0.0,0.0,0.0,12.0,0.0,57.0,14.0,0.0,54.0,3.0,8.0,6.0,0.0,0.0
West LA,2024,3,1.0,0.0,10.0,0.0,34.0,0.0,1.0,5.0,7.0,0.0,0.0,3.0,0.0,10.0,0.0,72.0,49.0,0.0,4.0,0.0,0.0,0.0,1.0,0.0,1.0,0.0,0.0,0.0,0.0,0.0,0.0,0.0,0.0,13.0,0.0,1.0,0.0,0.0,0.0,0.0,0.0,0.0,0.0,1.0,6.0,0.0,0.0,0.0,0.0,0.0,0.0,0.0,2.0,0.0,0.0,0.0,0.0,0.0,0.0,0.0,0.0,0.0,0.0,2.0,0.0,23.0,0.0,0.0,7.0,1.0,0.0,0.0,0.0,6.0,4.0,0.0,2.0,3.0,0.0,0.0,0.0,0.0,0.0,0.0,2.0,0.0,0.0,0.0,12.0,0.0,3.0,1.0,1.0,101.0,19.0,0.0,0.0,1.0,0.0,0.0,0.0,32.0,29.0,0.0,43.0,2.0,58.0,0.0,0.0,0.0,2.0,28.0,0.0,2.0,0.0,0.0,0.0,12.0,0.0,59.0,17.0,0.0,49.0,3.0,2.0,2.0,1.0,0.0
West LA,2024,4,0.0,0.0,0.0,0.0,4.0,0.0,0.0,0.0,5.0,0.0,0.0,0.0,0.0,0.0,0.0,6.0,26.0,0.0,0.0,0.0,0.0,0.0,0.0,1.0,0.0,0.0,0.0,0.0,0.0,0.0,0.0,0.0,0.0,0.0,0.0,0.0,0.0,0.0,0.0,0.0,0.0,0.0,0.0,0.0,0.0,0.0,0.0,0.0,0.0,0.0,0.0,0.0,0.0,0.0,0.0,0.0,0.0,0.0,0.0,0.0,0.0,0.0,0.0,0.0,0.0,1.0,0.0,0.0,4.0,0.0,0.0,0.0,0.0,0.0,0.0,0.0,0.0,4.0,0.0,0.0,0.0,0.0,0.0,0.0,0.0,1.0,0.0,1.0,2.0,0.0,0.0,0.0,0.0,73.0,12.0,0.0,0.0,0.0,0.0,0.0,0.0,23.0,22.0,0.0,42.0,0.0,48.0,0.0,0.0,0.0,1.0,18.0,0.0,0.0,0.0,0.0,0.0,1.0,0.0,20.0,7.0,0.0,45.0,6.0,0.0,1.0,0.0,0.0
West LA,2024,5,0.0,0.0,0.0,0.0,3.0,0.0,0.0,0.0,3.0,0.0,0.0,0.0,0.0,0.0,0.0,1.0,25.0,0.0,0.0,0.0,0.0,0.0,0.0,0.0,0.0,0.0,0.0,0.0,0.0,0.0,0.0,0.0,0.0,1.0,0.0,0.0,0.0,0.0,0.0,0.0,0.0,0.0,0.0,0.0,0.0,0.0,0.0,0.0,0.0,0.0,2.0,0.0,0.0,0.0,0.0,0.0,0.0,0.0,0.0,0.0,0.0,0.0,0.0,0.0,0.0,0.0,0.0,0.0,3.0,0.0,0.0,0.0,0.0,0.0,0.0,0.0,0.0,4.0,0.0,0.0,0.0,0.0,0.0,0.0,1.0,0.0,0.0,0.0,0.0,0.0,0.0,0.0,0.0,66.0,12.0,0.0,0.0,0.0,0.0,0.0,0.0,29.0,29.0,0.0,33.0,0.0,44.0,0.0,0.0,0.0,0.0,15.0,0.0,0.0,0.0,0.0,0.0,0.0,0.0,23.0,4.0,0.0,49.0,7.0,0.0,0.0,0.0,0.0
West LA,2024,6,0.0,0.0,1.0,0.0,2.0,0.0,0.0,0.0,8.0,0.0,0.0,0.0,0.0,0.0,0.0,4.0,25.0,1.0,0.0,0.0,0.0,0.0,0.0,0.0,0.0,0.0,0.0,0.0,0.0,0.0,0.0,0.0,0.0,0.0,0.0,0.0,0.0,0.0,0.0,0.0,0.0,0.0,0.0,0.0,0.0,0.0,0.0,0.0,0.0,0.0,0.0,0.0,0.0,0.0,0.0,0.0,0.0,0.0,0.0,0.0,0.0,0.0,0.0,0.0,0.0,0.0,0.0,0.0,7.0,0.0,0.0,0.0,0.0,0.0,0.0,0.0,0.0,1.0,0.0,0.0,0.0,0.0,0.0,0.0,0.0,0.0,0.0,0.0,2.0,0.0,0.0,0.0,0.0,60.0,4.0,0.0,0.0,0.0,0.0,0.0,0.0,23.0,20.0,0.0,25.0,0.0,34.0,0.0,0.0,0.0,0.0,20.0,0.0,0.0,0.0,0.0,0.0,1.0,0.0,34.0,5.0,0.0,50.0,5.0,0.0,0.0,0.0,0.0
West LA,2024,7,0.0,0.0,0.0,0.0,3.0,0.0,3.0,1.0,7.0,0.0,0.0,1.0,0.0,0.0,0.0,1.0,43.0,0.0,0.0,0.0,0.0,0.0,0.0,0.0,0.0,0.0,0.0,0.0,0.0,0.0,0.0,0.0,0.0,1.0,0.0,0.0,0.0,0.0,0.0,0.0,0.0,0.0,0.0,0.0,0.0,0.0,0.0,0.0,0.0,0.0,0.0,0.0,0.0,0.0,0.0,0.0,0.0,0.0,0.0,0.0,0.0,0.0,0.0,0.0,0.0,0.0,0.0,0.0,8.0,0.0,0.0,0.0,1.0,0.0,1.0,0.0,0.0,4.0,0.0,0.0,0.0,0.0,0.0,1.0,0.0,0.0,0.0,0.0,2.0,0.0,0.0,0.0,0.0,70.0,9.0,0.0,0.0,0.0,0.0,0.0,0.0,16.0,25.0,0.0,27.0,0.0,42.0,0.0,0.0,0.0,0.0,21.0,0.0,0.0,0.0,0.0,0.0,6.0,0.0,23.0,7.0,0.0,55.0,10.0,0.0,0.0,0.0,0.0
West LA,2024,8,0.0,0.0,0.0,0.0,0.0,0.0,0.0,0.0,7.0,0.0,0.0,0.0,0.0,0.0,0.0,1.0,22.0,1.0,0.0,0.0,0.0,0.0,0.0,0.0,0.0,0.0,0.0,0.0,0.0,0.0,0.0,0.0,0.0,1.0,0.0,0.0,0.0,0.0,0.0,0.0,0.0,0.0,0.0,0.0,0.0,0.0,0.0,0.0,0.0,0.0,1.0,0.0,0.0,0.0,0.0,0.0,0.0,0.0,0.0,0.0,0.0,0.0,0.0,1.0,0.0,1.0,0.0,0.0,4.0,0.0,0.0,0.0,0.0,0.0,0.0,0.0,0.0,2.0,0.0,0.0,0.0,0.0,0.0,0.0,0.0,0.0,0.0,0.0,0.0,0.0,0.0,1.0,0.0,78.0,8.0,0.0,0.0,0.0,0.0,0.0,0.0,10.0,23.0,0.0,24.0,0.0,38.0,0.0,0.0,0.0,0.0,8.0,0.0,0.0,0.0,0.0,0.0,14.0,0.0,17.0,5.0,0.0,53.0,6.0,0.0,0.0,0.0,0.0
West LA,2024,9,0.0,1.0,1.0,0.0,1.0,0.0,0.0,0.0,11.0,0.0,0.0,0.0,0.0,0.0,0.0,2.0,37.0,0.0,0.0,0.0,0.0,0.0,0.0,0.0,0.0,0.0,0.0,0.0,0.0,0.0,0.0,0.0,0.0,0.0,0.0,0.0,0.0,0.0,0.0,0.0,0.0,0.0,0.0,0.0,0.0,0.0,0.0,0.0,1.0,0.0,0.0,0.0,0.0,0.0,0.0,1.0,0.0,0.0,0.0,0.0,0.0,0.0,0.0,0.0,0.0,0.0,0.0,0.0,3.0,0.0,0.0,0.0,0.0,0.0,3.0,0.0,0.0,3.0,0.0,0.0,0.0,0.0,0.0,0.0,0.0,0.0,0.0,0.0,1.0,0.0,0.0,0.0,0.0,54.0,12.0,0.0,0.0,0.0,0.0,0.0,0.0,14.0,19.0,0.0,22.0,0.0,48.0,0.0,0.0,0.0,1.0,23.0,0.0,0.0,0.0,0.0,0.0,2.0,0.0,18.0,8.0,0.0,69.0,7.0,0.0,0.0,0.0,0.0
West LA,2024,10,0.0,0.0,0.0,0.0,0.0,0.0,0.0,1.0,10.0,0.0,0.0,0.0,0.0,0.0,0.0,3.0,29.0,0.0,0.0,0.0,0.0,0.0,0.0,1.0,0.0,0.0,0.0,0.0,0.0,0.0,0.0,0.0,0.0,0.0,0.0,0.0,0.0,0.0,0.0,0.0,0.0,0.0,0.0,0.0,0.0,0.0,0.0,0.0,0.0,0.0,0.0,0.0,0.0,0.0,1.0,0.0,0.0,0.0,0.0,0.0,0.0,0.0,0.0,0.0,0.0,1.0,0.0,0.0,8.0,0.0,0.0,0.0,0.0,0.0,2.0,0.0,0.0,3.0,0.0,0.0,0.0,0.0,0.0,0.0,0.0,0.0,0.0,0.0,1.0,0.0,0.0,0.0,0.0,78.0,17.0,0.0,0.0,0.0,0.0,0.0,0.0,14.0,25.0,0.0,26.0,0.0,43.0,0.0,0.0,0.0,0.0,17.0,0.0,0.0,0.0,0.0,0.0,1.0,0.0,20.0,7.0,0.0,47.0,11.0,0.0,0.0,0.0,0.0
West LA,2024,11,0.0,0.0,0.0,0.0,2.0,0.0,0.0,0.0,10.0,0.0,0.0,0.0,0.0,0.0,0.0,1.0,28.0,0.0,0.0,0.0,0.0,0.0,0.0,0.0,0.0,0.0,0.0,0.0,0.0,0.0,0.0,0.0,0.0,0.0,0.0,0.0,0.0,0.0,0.0,0.0,0.0,0.0,0.0,0.0,0.0,0.0,0.0,0.0,0.0,0.0,0.0,0.0,0.0,0.0,1.0,0.0,0.0,0.0,0.0,0.0,0.0,0.0,0.0,0.0,0.0,0.0,0.0,0.0,2.0,0.0,0.0,0.0,0.0,0.0,0.0,0.0,0.0,3.0,0.0,0.0,0.0,0.0,0.0,0.0,0.0,0.0,0.0,0.0,0.0,0.0,0.0,0.0,0.0,62.0,2.0,0.0,0.0,0.0,0.0,0.0,0.0,21.0,26.0,0.0,18.0,0.0,45.0,0.0,0.0,0.0,0.0,14.0,0.0,0.0,0.0,0.0,0.0,0.0,0.0,21.0,2.0,0.0,59.0,5.0,0.0,0.0,0.0,0.0
West LA,2024,12,0.0,0.0,0.0,0.0,0.0,0.0,1.0,0.0,3.0,0.0,0.0,0.0,0.0,0.0,0.0,0.0,11.0,0.0,0.0,0.0,0.0,0.0,0.0,0.0,0.0,0.0,0.0,0.0,0.0,0.0,0.0,0.0,0.0,0.0,0.0,0.0,0.0,0.0,0.0,0.0,0.0,0.0,0.0,0.0,0.0,0.0,0.0,0.0,0.0,0.0,0.0,0.0,0.0,0.0,0.0,0.0,0.0,0.0,0.0,0.0,0.0,0.0,0.0,0.0,0.0,0.0,0.0,0.0,3.0,0.0,0.0,0.0,0.0,0.0,0.0,0.0,0.0,3.0,0.0,0.0,0.0,0.0,0.0,0.0,1.0,0.0,0.0,0.0,0.0,0.0,0.0,0.0,0.0,41.0,10.0,0.0,0.0,0.0,0.0,0.0,0.0,25.0,18.0,0.0,9.0,0.0,43.0,0.0,0.0,0.0,0.0,17.0,0.0,0.0,0.0,0.0,0.0,0.0,0.0,16.0,4.0,0.0,18.0,1.0,0.0,1.0,0.0,0.0
West Valley,2024,1,2.0,0.0,33.0,9.0,49.0,0.0,2.0,2.0,2.0,0.0,3.0,14.0,0.0,7.0,1.0,71.0,65.0,0.0,6.0,0.0,1.0,9.0,0.0,3.0,0.0,0.0,0.0,2.0,0.0,0.0,0.0,0.0,0.0,18.0,1.0,1.0,0.0,0.0,7.0,0.0,0.0,0.0,0.0,3.0,3.0,0.0,0.0,0.0,0.0,0.0,0.0,0.0,6.0,0.0,1.0,1.0,0.0,0.0,1.0,0.0,0.0,0.0,0.0,0.0,10.0,28.0,1.0,0.0,5.0,0.0,0.0,0.0,0.0,2.0,6.0,0.0,0.0,3.0,0.0,0.0,1.0,0.0,0.0,0.0,2.0,3.0,0.0,0.0,26.0,0.0,0.0,0.0,0.0,34.0,1.0,0.0,0.0,1.0,1.0,0.0,1.0,37.0,25.0,0.0,57.0,0.0,30.0,0.0,0.0,0.0,0.0,24.0,0.0,0.0,0.0,0.0,0.0,9.0,1.0,47.0,18.0,10.0,77.0,4.0,9.0,0.0,0.0,0.0
West Valley,2024,2,0.0,0.0,40.0,1.0,49.0,0.0,0.0,5.0,2.0,0.0,0.0,6.0,1.0,1.0,1.0,80.0,72.0,1.0,3.0,0.0,0.0,4.0,1.0,1.0,0.0,0.0,0.0,1.0,0.0,0.0,0.0,0.0,0.0,19.0,1.0,0.0,0.0,0.0,1.0,0.0,0.0,0.0,0.0,3.0,9.0,0.0,0.0,0.0,0.0,0.0,0.0,0.0,2.0,0.0,1.0,1.0,0.0,0.0,0.0,0.0,0.0,0.0,0.0,1.0,6.0,35.0,1.0,0.0,9.0,0.0,0.0,0.0,0.0,6.0,5.0,0.0,0.0,0.0,0.0,0.0,0.0,0.0,0.0,0.0,3.0,0.0,0.0,0.0,7.0,0.0,3.0,0.0,0.0,14.0,5.0,0.0,0.0,0.0,0.0,0.0,0.0,55.0,47.0,0.0,36.0,0.0,20.0,0.0,0.0,0.0,2.0,21.0,0.0,0.0,0.0,0.0,0.0,10.0,2.0,45.0,12.0,3.0,77.0,0.0,11.0,4.0,0.0,0.0
West Valley,2024,3,0.0,1.0,31.0,4.0,56.0,0.0,2.0,4.0,0.0,0.0,0.0,11.0,0.0,6.0,2.0,58.0,61.0,0.0,1.0,0.0,0.0,10.0,1.0,3.0,0.0,0.0,0.0,2.0,1.0,0.0,0.0,0.0,2.0,20.0,0.0,0.0,0.0,0.0,2.0,0.0,0.0,0.0,0.0,2.0,4.0,0.0,0.0,0.0,0.0,0.0,2.0,0.0,5.0,0.0,1.0,0.0,0.0,0.0,0.0,0.0,0.0,0.0,0.0,2.0,6.0,47.0,0.0,0.0,7.0,0.0,0.0,0.0,1.0,4.0,3.0,0.0,0.0,1.0,0.0,0.0,3.0,0.0,0.0,0.0,2.0,2.0,0.0,0.0,11.0,0.0,0.0,1.0,0.0,17.0,3.0,0.0,0.0,0.0,0.0,0.0,0.0,32.0,30.0,0.0,57.0,0.0,32.0,0.0,0.0,0.0,3.0,14.0,0.0,0.0,0.0,0.0,0.0,16.0,0.0,31.0,17.0,2.0,87.0,2.0,8.0,4.0,1.0,1.0
West Valley,2024,4,3.0,0.0,24.0,2.0,60.0,0.0,0.0,3.0,1.0,0.0,0.0,7.0,0.0,7.0,0.0,57.0,51.0,0.0,3.0,0.0,0.0,5.0,0.0,1.0,0.0,0.0,0.0,0.0,0.0,0.0,0.0,0.0,0.0,36.0,1.0,0.0,0.0,0.0,1.0,0.0,0.0,0.0,0.0,0.0,6.0,0.0,0.0,0.0,0.0,0.0,0.0,0.0,1.0,0.0,0.0,0.0,0.0,0.0,0.0,0.0,0.0,0.0,0.0,0.0,3.0,56.0,1.0,0.0,5.0,1.0,0.0,0.0,0.0,1.0,2.0,0.0,0.0,0.0,0.0,0.0,4.0,0.0,0.0,0.0,0.0,2.0,0.0,0.0,18.0,0.0,0.0,0.0,0.0,33.0,3.0,0.0,0.0,0.0,0.0,0.0,1.0,34.0,34.0,0.0,46.0,0.0,37.0,0.0,0.0,0.0,2.0,28.0,0.0,0.0,0.0,0.0,0.0,12.0,1.0,27.0,18.0,9.0,51.0,1.0,6.0,1.0,0.0,0.0
West Valley,2024,5,1.0,0.0,14.0,1.0,31.0,0.0,1.0,0.0,0.0,0.0,0.0,4.0,0.0,1.0,1.0,34.0,30.0,0.0,3.0,0.0,0.0,6.0,1.0,1.0,0.0,0.0,0.0,3.0,0.0,0.0,0.0,0.0,0.0,3.0,0.0,1.0,0.0,0.0,1.0,0.0,0.0,0.0,0.0,2.0,0.0,0.0,0.0,0.0,0.0,0.0,1.0,0.0,0.0,0.0,0.0,0.0,0.0,0.0,0.0,0.0,0.0,0.0,0.0,0.0,1.0,22.0,3.0,0.0,7.0,0.0,0.0,0.0,0.0,0.0,3.0,0.0,0.0,0.0,0.0,0.0,0.0,0.0,0.0,0.0,1.0,2.0,0.0,0.0,6.0,0.0,0.0,0.0,0.0,24.0,1.0,0.0,0.0,0.0,0.0,0.0,1.0,35.0,27.0,0.0,26.0,0.0,26.0,0.0,0.0,0.0,2.0,18.0,0.0,0.0,0.0,0.0,0.0,5.0,0.0,27.0,10.0,5.0,74.0,0.0,4.0,0.0,0.0,0.0
West Valley,2024,6,0.0,0.0,1.0,0.0,0.0,0.0,0.0,1.0,5.0,0.0,0.0,0.0,0.0,0.0,0.0,1.0,23.0,0.0,0.0,0.0,0.0,0.0,0.0,3.0,0.0,0.0,0.0,0.0,0.0,0.0,0.0,0.0,0.0,1.0,0.0,0.0,0.0,0.0,0.0,0.0,0.0,0.0,0.0,0.0,0.0,0.0,1.0,0.0,0.0,0.0,1.0,0.0,1.0,0.0,0.0,0.0,0.0,0.0,0.0,0.0,0.0,0.0,0.0,0.0,0.0,0.0,0.0,0.0,5.0,0.0,0.0,0.0,0.0,0.0,2.0,0.0,0.0,0.0,0.0,0.0,0.0,0.0,0.0,0.0,0.0,3.0,0.0,0.0,1.0,0.0,0.0,0.0,0.0,30.0,1.0,0.0,0.0,0.0,0.0,0.0,0.0,21.0,40.0,0.0,25.0,0.0,23.0,0.0,0.0,0.0,0.0,18.0,0.0,0.0,0.0,0.0,0.0,0.0,0.0,26.0,4.0,0.0,70.0,3.0,0.0,0.0,0.0,0.0
West Valley,2024,7,0.0,0.0,0.0,1.0,5.0,0.0,0.0,1.0,1.0,0.0,0.0,1.0,0.0,0.0,0.0,1.0,23.0,1.0,0.0,0.0,0.0,0.0,0.0,0.0,0.0,0.0,0.0,0.0,0.0,0.0,0.0,0.0,0.0,0.0,0.0,0.0,0.0,0.0,0.0,0.0,0.0,0.0,0.0,0.0,0.0,0.0,0.0,0.0,0.0,0.0,0.0,0.0,0.0,0.0,0.0,0.0,0.0,0.0,0.0,0.0,0.0,0.0,0.0,0.0,0.0,0.0,0.0,0.0,6.0,0.0,0.0,0.0,0.0,0.0,0.0,0.0,0.0,1.0,0.0,0.0,0.0,0.0,0.0,0.0,0.0,0.0,0.0,0.0,1.0,0.0,0.0,0.0,0.0,15.0,2.0,0.0,0.0,0.0,0.0,0.0,0.0,14.0,36.0,0.0,18.0,0.0,18.0,0.0,0.0,0.0,0.0,20.0,0.0,0.0,0.0,0.0,0.0,1.0,0.0,14.0,2.0,0.0,96.0,0.0,0.0,0.0,0.0,0.0
West Valley,2024,8,0.0,0.0,3.0,0.0,0.0,0.0,0.0,0.0,3.0,0.0,0.0,0.0,0.0,0.0,0.0,0.0,22.0,1.0,0.0,0.0,0.0,0.0,0.0,2.0,0.0,0.0,0.0,0.0,0.0,0.0,0.0,0.0,0.0,0.0,0.0,0.0,0.0,0.0,0.0,0.0,0.0,0.0,0.0,0.0,0.0,0.0,0.0,0.0,0.0,0.0,0.0,0.0,0.0,0.0,1.0,0.0,0.0,0.0,0.0,0.0,0.0,0.0,0.0,0.0,0.0,0.0,0.0,0.0,5.0,0.0,0.0,0.0,0.0,0.0,0.0,0.0,0.0,0.0,0.0,0.0,0.0,0.0,0.0,0.0,0.0,1.0,0.0,0.0,0.0,0.0,0.0,0.0,0.0,22.0,3.0,0.0,0.0,0.0,0.0,0.0,0.0,12.0,28.0,0.0,27.0,0.0,22.0,0.0,0.0,0.0,0.0,16.0,0.0,0.0,0.0,0.0,0.0,3.0,0.0,17.0,5.0,0.0,63.0,1.0,0.0,0.0,0.0,0.0
West Valley,2024,9,0.0,0.0,0.0,0.0,1.0,0.0,0.0,0.0,1.0,0.0,0.0,0.0,0.0,0.0,0.0,4.0,23.0,0.0,0.0,0.0,0.0,0.0,0.0,1.0,0.0,0.0,0.0,0.0,0.0,0.0,0.0,0.0,0.0,0.0,0.0,0.0,0.0,0.0,0.0,0.0,0.0,0.0,0.0,0.0,0.0,0.0,0.0,0.0,0.0,0.0,0.0,0.0,0.0,0.0,0.0,0.0,0.0,0.0,0.0,0.0,0.0,0.0,0.0,0.0,0.0,0.0,0.0,0.0,4.0,0.0,0.0,0.0,0.0,0.0,0.0,0.0,0.0,0.0,0.0,0.0,0.0,0.0,0.0,0.0,0.0,0.0,0.0,0.0,2.0,0.0,0.0,0.0,0.0,22.0,1.0,0.0,0.0,0.0,0.0,0.0,0.0,20.0,36.0,0.0,20.0,0.0,18.0,0.0,0.0,0.0,0.0,17.0,0.0,0.0,0.0,0.0,0.0,4.0,0.0,21.0,10.0,1.0,54.0,0.0,0.0,0.0,0.0,0.0
West Valley,2024,10,0.0,0.0,0.0,0.0,4.0,0.0,0.0,0.0,0.0,0.0,0.0,0.0,0.0,0.0,0.0,2.0,31.0,0.0,0.0,0.0,0.0,0.0,0.0,0.0,0.0,0.0,0.0,0.0,0.0,0.0,0.0,0.0,0.0,1.0,0.0,0.0,0.0,0.0,0.0,0.0,0.0,0.0,0.0,0.0,0.0,0.0,0.0,0.0,0.0,0.0,0.0,0.0,0.0,0.0,1.0,0.0,0.0,0.0,0.0,0.0,0.0,0.0,0.0,0.0,0.0,0.0,0.0,0.0,4.0,0.0,0.0,0.0,1.0,0.0,0.0,0.0,0.0,1.0,0.0,0.0,0.0,0.0,0.0,0.0,0.0,0.0,0.0,0.0,0.0,0.0,0.0,0.0,0.0,19.0,2.0,0.0,0.0,0.0,0.0,0.0,0.0,15.0,40.0,0.0,15.0,0.0,16.0,0.0,0.0,0.0,0.0,19.0,0.0,0.0,0.0,0.0,0.0,1.0,0.0,15.0,8.0,0.0,74.0,1.0,0.0,0.0,0.0,0.0
West Valley,2024,11,0.0,0.0,3.0,0.0,2.0,0.0,0.0,0.0,1.0,1.0,0.0,0.0,0.0,0.0,0.0,0.0,38.0,0.0,0.0,0.0,0.0,0.0,0.0,0.0,0.0,0.0,0.0,0.0,0.0,0.0,0.0,0.0,0.0,0.0,0.0,0.0,1.0,0.0,0.0,0.0,0.0,0.0,0.0,0.0,0.0,0.0,0.0,0.0,0.0,0.0,0.0,0.0,0.0,0.0,1.0,0.0,0.0,0.0,0.0,0.0,0.0,0.0,0.0,0.0,0.0,1.0,0.0,0.0,5.0,0.0,0.0,0.0,0.0,0.0,3.0,0.0,0.0,0.0,0.0,0.0,0.0,0.0,0.0,0.0,0.0,0.0,0.0,0.0,2.0,0.0,0.0,0.0,0.0,13.0,5.0,0.0,0.0,0.0,0.0,0.0,0.0,21.0,41.0,0.0,24.0,0.0,21.0,0.0,0.0,0.0,0.0,19.0,0.0,0.0,0.0,0.0,0.0,3.0,0.0,10.0,3.0,0.0,67.0,2.0,0.0,0.0,0.0,0.0
West Valley,2024,12,1.0,0.0,6.0,0.0,0.0,0.0,0.0,0.0,0.0,0.0,0.0,0.0,0.0,0.0,0.0,0.0,23.0,0.0,0.0,0.0,0.0,0.0,0.0,0.0,0.0,0.0,0.0,0.0,0.0,0.0,0.0,0.0,0.0,0.0,0.0,0.0,0.0,0.0,0.0,0.0,0.0,0.0,0.0,0.0,0.0,0.0,0.0,0.0,0.0,0.0,0.0,0.0,0.0,0.0,1.0,0.0,0.0,0.0,0.0,0.0,0.0,0.0,0.0,0.0,0.0,0.0,0.0,0.0,3.0,0.0,0.0,0.0,0.0,0.0,2.0,0.0,0.0,0.0,0.0,0.0,0.0,0.0,0.0,0.0,0.0,0.0,0.0,0.0,0.0,0.0,0.0,0.0,0.0,10.0,1.0,0.0,0.0,0.0,0.0,0.0,0.0,15.0,12.0,0.0,13.0,0.0,25.0,0.0,0.0,0.0,0.0,12.0,0.0,0.0,0.0,0.0,0.0,1.0,0.0,12.0,0.0,0.0,26.0,0.0,0.0,0.0,0.0,0.0
Wilshire,2024,1,2.0,0.0,33.0,5.0,73.0,0.0,2.0,4.0,2.0,0.0,3.0,10.0,0.0,6.0,2.0,80.0,72.0,2.0,2.0,0.0,0.0,1.0,1.0,0.0,0.0,0.0,0.0,0.0,0.0,0.0,0.0,0.0,1.0,19.0,0.0,0.0,0.0,2.0,0.0,0.0,0.0,0.0,0.0,4.0,3.0,0.0,0.0,0.0,0.0,0.0,3.0,0.0,2.0,0.0,0.0,0.0,1.0,0.0,1.0,0.0,0.0,0.0,0.0,0.0,4.0,24.0,0.0,0.0,12.0,1.0,0.0,0.0,0.0,5.0,10.0,0.0,0.0,7.0,1.0,0.0,0.0,0.0,0.0,0.0,3.0,0.0,0.0,0.0,34.0,8.0,3.0,2.0,0.0,98.0,22.0,2.0,1.0,0.0,0.0,0.0,0.0,30.0,30.0,0.0,39.0,0.0,59.0,0.0,0.0,0.0,3.0,34.0,0.0,0.0,0.0,0.0,0.0,17.0,1.0,53.0,16.0,2.0,93.0,0.0,3.0,7.0,1.0,0.0
Wilshire,2024,2,2.0,0.0,32.0,3.0,60.0,0.0,0.0,2.0,3.0,0.0,0.0,9.0,1.0,5.0,0.0,77.0,65.0,0.0,1.0,0.0,0.0,4.0,0.0,0.0,0.0,0.0,0.0,0.0,0.0,0.0,0.0,0.0,0.0,15.0,0.0,0.0,1.0,0.0,4.0,0.0,0.0,0.0,0.0,0.0,1.0,0.0,0.0,0.0,0.0,0.0,3.0,0.0,1.0,0.0,5.0,0.0,0.0,0.0,0.0,0.0,0.0,0.0,0.0,1.0,6.0,24.0,0.0,0.0,13.0,0.0,0.0,0.0,0.0,5.0,8.0,0.0,0.0,2.0,0.0,0.0,0.0,0.0,0.0,1.0,1.0,0.0,0.0,0.0,29.0,4.0,0.0,2.0,0.0,100.0,16.0,0.0,0.0,0.0,2.0,0.0,0.0,35.0,35.0,0.0,41.0,0.0,54.0,0.0,0.0,0.0,3.0,38.0,0.0,2.0,0.0,0.0,0.0,21.0,0.0,63.0,16.0,0.0,79.0,1.0,6.0,4.0,0.0,0.0
Wilshire,2024,3,2.0,1.0,26.0,1.0,58.0,0.0,1.0,0.0,5.0,0.0,1.0,3.0,0.0,7.0,1.0,89.0,75.0,0.0,5.0,0.0,1.0,3.0,0.0,3.0,0.0,1.0,0.0,0.0,0.0,0.0,0.0,0.0,0.0,14.0,0.0,1.0,1.0,0.0,0.0,0.0,0.0,0.0,0.0,4.0,1.0,0.0,0.0,0.0,0.0,0.0,3.0,0.0,1.0,0.0,3.0,0.0,0.0,0.0,0.0,0.0,0.0,0.0,0.0,4.0,10.0,24.0,1.0,0.0,9.0,1.0,0.0,0.0,1.0,9.0,8.0,0.0,0.0,9.0,0.0,0.0,0.0,0.0,0.0,1.0,5.0,0.0,0.0,0.0,26.0,5.0,0.0,0.0,0.0,129.0,12.0,0.0,0.0,1.0,0.0,0.0,1.0,25.0,26.0,0.0,37.0,0.0,45.0,0.0,0.0,0.0,2.0,24.0,1.0,0.0,0.0,0.0,0.0,19.0,0.0,49.0,12.0,1.0,91.0,0.0,11.0,6.0,0.0,1.0
Wilshire,2024,4,1.0,0.0,1.0,0.0,3.0,0.0,0.0,0.0,3.0,0.0,0.0,1.0,0.0,0.0,0.0,5.0,40.0,1.0,1.0,0.0,0.0,0.0,0.0,0.0,0.0,0.0,0.0,0.0,0.0,0.0,0.0,0.0,0.0,1.0,0.0,0.0,0.0,0.0,1.0,0.0,0.0,0.0,0.0,0.0,0.0,0.0,0.0,0.0,0.0,0.0,2.0,0.0,0.0,0.0,0.0,0.0,0.0,0.0,0.0,0.0,0.0,0.0,0.0,0.0,0.0,1.0,0.0,0.0,7.0,0.0,0.0,0.0,0.0,0.0,1.0,0.0,0.0,10.0,0.0,0.0,0.0,0.0,0.0,0.0,0.0,0.0,0.0,0.0,3.0,0.0,0.0,0.0,0.0,101.0,12.0,0.0,0.0,0.0,0.0,0.0,0.0,47.0,35.0,0.0,27.0,0.0,37.0,0.0,0.0,0.0,0.0,23.0,0.0,0.0,0.0,0.0,0.0,1.0,0.0,21.0,10.0,0.0,66.0,1.0,2.0,0.0,0.0,0.0
Wilshire,2024,5,0.0,0.0,0.0,0.0,0.0,0.0,0.0,1.0,5.0,0.0,0.0,0.0,0.0,0.0,0.0,2.0,37.0,0.0,0.0,0.0,0.0,0.0,0.0,0.0,0.0,0.0,0.0,0.0,0.0,0.0,0.0,0.0,0.0,0.0,0.0,0.0,0.0,0.0,0.0,0.0,0.0,0.0,0.0,0.0,0.0,0.0,0.0,0.0,0.0,0.0,1.0,0.0,0.0,0.0,0.0,0.0,0.0,0.0,1.0,0.0,0.0,0.0,0.0,0.0,0.0,0.0,0.0,0.0,3.0,0.0,0.0,0.0,0.0,0.0,1.0,0.0,0.0,6.0,0.0,0.0,0.0,0.0,0.0,0.0,0.0,0.0,0.0,0.0,0.0,0.0,1.0,0.0,0.0,103.0,15.0,0.0,0.0,0.0,0.0,0.0,0.0,22.0,31.0,0.0,25.0,0.0,35.0,0.0,0.0,0.0,0.0,21.0,0.0,0.0,0.0,0.0,0.0,0.0,0.0,22.0,3.0,0.0,65.0,2.0,0.0,0.0,0.0,0.0
Wilshire,2024,6,0.0,0.0,0.0,0.0,0.0,0.0,0.0,0.0,5.0,0.0,1.0,0.0,0.0,0.0,0.0,0.0,33.0,0.0,0.0,0.0,0.0,0.0,0.0,0.0,0.0,0.0,0.0,0.0,0.0,0.0,0.0,0.0,0.0,0.0,0.0,0.0,0.0,0.0,0.0,0.0,0.0,0.0,0.0,0.0,0.0,0.0,0.0,0.0,0.0,0.0,2.0,0.0,0.0,0.0,0.0,0.0,0.0,0.0,0.0,0.0,0.0,0.0,0.0,0.0,0.0,0.0,0.0,0.0,1.0,0.0,0.0,0.0,0.0,0.0,0.0,0.0,0.0,5.0,0.0,0.0,0.0,0.0,0.0,0.0,0.0,0.0,0.0,0.0,2.0,0.0,0.0,0.0,0.0,77.0,17.0,0.0,0.0,0.0,0.0,0.0,0.0,34.0,31.0,0.0,22.0,1.0,45.0,0.0,0.0,0.0,0.0,18.0,0.0,0.0,0.0,0.0,0.0,3.0,0.0,28.0,4.0,0.0,65.0,0.0,0.0,0.0,0.0,0.0
Wilshire,2024,7,0.0,0.0,0.0,0.0,0.0,0.0,0.0,0.0,3.0,0.0,0.0,0.0,0.0,0.0,0.0,2.0,49.0,0.0,0.0,0.0,0.0,0.0,0.0,0.0,0.0,0.0,0.0,0.0,0.0,0.0,0.0,0.0,0.0,2.0,0.0,0.0,0.0,0.0,0.0,0.0,0.0,0.0,0.0,0.0,0.0,0.0,0.0,0.0,0.0,0.0,4.0,0.0,0.0,0.0,0.0,0.0,0.0,0.0,0.0,0.0,0.0,0.0,0.0,0.0,0.0,1.0,0.0,0.0,10.0,0.0,0.0,0.0,0.0,0.0,2.0,0.0,0.0,13.0,0.0,0.0,0.0,0.0,0.0,0.0,0.0,0.0,0.0,0.0,1.0,0.0,0.0,0.0,0.0,92.0,13.0,0.0,0.0,0.0,0.0,0.0,0.0,39.0,23.0,0.0,17.0,0.0,37.0,0.0,0.0,0.0,0.0,23.0,0.0,0.0,0.0,0.0,0.0,2.0,0.0,32.0,11.0,0.0,51.0,4.0,0.0,0.0,0.0,0.0
Wilshire,2024,8,0.0,0.0,1.0,0.0,0.0,0.0,0.0,0.0,5.0,0.0,1.0,0.0,0.0,0.0,0.0,1.0,39.0,0.0,0.0,0.0,0.0,0.0,0.0,0.0,0.0,0.0,0.0,0.0,0.0,0.0,0.0,0.0,0.0,0.0,0.0,0.0,0.0,0.0,0.0,0.0,0.0,0.0,0.0,0.0,0.0,0.0,0.0,0.0,0.0,0.0,5.0,0.0,0.0,0.0,1.0,0.0,0.0,0.0,0.0,0.0,0.0,0.0,0.0,0.0,0.0,1.0,0.0,0.0,6.0,0.0,0.0,0.0,0.0,0.0,2.0,0.0,0.0,8.0,0.0,0.0,0.0,0.0,0.0,0.0,0.0,0.0,0.0,0.0,0.0,0.0,0.0,0.0,0.0,95.0,16.0,0.0,0.0,0.0,0.0,0.0,0.0,25.0,39.0,0.0,26.0,0.0,45.0,0.0,0.0,0.0,0.0,18.0,0.0,0.0,0.0,0.0,0.0,0.0,0.0,19.0,7.0,0.0,62.0,3.0,0.0,0.0,0.0,0.0
Wilshire,2024,9,0.0,0.0,4.0,0.0,1.0,0.0,0.0,0.0,5.0,0.0,0.0,0.0,0.0,0.0,0.0,3.0,29.0,1.0,0.0,0.0,0.0,0.0,0.0,1.0,0.0,0.0,0.0,0.0,0.0,0.0,0.0,0.0,0.0,0.0,0.0,0.0,0.0,0.0,0.0,0.0,0.0,0.0,0.0,0.0,0.0,0.0,0.0,0.0,0.0,0.0,0.0,0.0,0.0,0.0,0.0,0.0,0.0,0.0,0.0,0.0,0.0,0.0,0.0,0.0,0.0,0.0,0.0,0.0,4.0,0.0,0.0,0.0,0.0,0.0,1.0,0.0,0.0,7.0,0.0,0.0,0.0,0.0,0.0,0.0,0.0,0.0,0.0,0.0,1.0,0.0,0.0,0.0,0.0,57.0,15.0,0.0,0.0,0.0,0.0,0.0,0.0,31.0,35.0,0.0,25.0,0.0,53.0,0.0,0.0,0.0,0.0,12.0,0.0,0.0,0.0,0.0,0.0,3.0,0.0,26.0,5.0,0.0,79.0,4.0,1.0,0.0,0.0,0.0
Wilshire,2024,10,0.0,0.0,1.0,0.0,1.0,0.0,0.0,0.0,1.0,0.0,0.0,0.0,0.0,0.0,0.0,1.0,33.0,0.0,0.0,0.0,0.0,0.0,0.0,0.0,0.0,0.0,0.0,0.0,0.0,0.0,0.0,0.0,0.0,0.0,0.0,0.0,0.0,0.0,0.0,0.0,0.0,0.0,0.0,0.0,0.0,0.0,0.0,0.0,0.0,0.0,1.0,0.0,0.0,0.0,1.0,0.0,0.0,0.0,0.0,0.0,0.0,0.0,0.0,0.0,0.0,0.0,0.0,0.0,3.0,0.0,0.0,0.0,0.0,0.0,2.0,0.0,0.0,14.0,0.0,0.0,0.0,0.0,0.0,0.0,0.0,1.0,0.0,0.0,0.0,0.0,0.0,0.0,0.0,59.0,20.0,0.0,0.0,0.0,0.0,0.0,0.0,30.0,24.0,0.0,18.0,0.0,42.0,0.0,0.0,0.0,0.0,21.0,0.0,0.0,0.0,0.0,0.0,0.0,0.0,23.0,2.0,0.0,64.0,5.0,1.0,1.0,0.0,0.0
Wilshire,2024,11,0.0,0.0,1.0,0.0,1.0,0.0,0.0,0.0,4.0,0.0,0.0,0.0,0.0,0.0,0.0,1.0,38.0,0.0,0.0,0.0,0.0,0.0,0.0,0.0,0.0,0.0,0.0,0.0,0.0,0.0,0.0,0.0,0.0,0.0,0.0,0.0,0.0,0.0,0.0,0.0,0.0,0.0,0.0,0.0,0.0,0.0,0.0,0.0,0.0,0.0,4.0,0.0,0.0,0.0,0.0,0.0,0.0,0.0,0.0,0.0,0.0,0.0,0.0,0.0,0.0,0.0,0.0,0.0,6.0,0.0,0.0,0.0,0.0,0.0,1.0,0.0,0.0,14.0,0.0,0.0,0.0,0.0,0.0,0.0,0.0,0.0,0.0,0.0,1.0,0.0,0.0,0.0,0.0,65.0,12.0,0.0,0.0,0.0,0.0,0.0,0.0,17.0,30.0,0.0,14.0,0.0,54.0,0.0,0.0,0.0,0.0,16.0,0.0,0.0,0.0,0.0,0.0,1.0,0.0,25.0,7.0,0.0,76.0,2.0,1.0,1.0,0.0,0.0
Wilshire,2024,12,0.0,0.0,0.0,0.0,0.0,0.0,0.0,0.0,2.0,0.0,0.0,0.0,0.0,0.0,0.0,0.0,32.0,0.0,0.0,0.0,0.0,0.0,0.0,0.0,0.0,0.0,0.0,0.0,0.0,0.0,0.0,0.0,0.0,0.0,0.0,0.0,0.0,0.0,0.0,0.0,0.0,0.0,0.0,0.0,1.0,0.0,1.0,0.0,0.0,0.0,0.0,0.0,0.0,0.0,0.0,0.0,0.0,0.0,0.0,0.0,0.0,0.0,0.0,0.0,0.0,0.0,0.0,0.0,0.0,0.0,0.0,0.0,0.0,0.0,0.0,0.0,0.0,17.0,0.0,1.0,0.0,0.0,0.0,0.0,0.0,0.0,0.0,0.0,0.0,0.0,1.0,0.0,0.0,22.0,10.0,0.0,0.0,0.0,0.0,0.0,0.0,20.0,11.0,0.0,6.0,0.0,51.0,0.0,0.0,0.0,0.0,20.0,0.0,0.0,0.0,0.0,0.0,1.0,0.0,13.0,3.0,0.0,25.0,1.0,1.0,0.0,0.0,0.0
