{
"type": "FeatureCollection",
"name": "lapd_divisions",
"crs": { "type": "name", "properties": { "name": "urn:ogc:def:crs:OGC:1.3:CRS84" } },
"features": [
{ "type": "Feature", "properties": { "OBJECTID": 1, "APREC": "MISSION", "PREC": 19, "AREA": 699582609.22599995, "PERIMETER": 190817.49573900001 }, "geometry": { "type": "Polygon", "coordinates": [ [ [ -118.507347029558957, 34.334635517832389 ], [ -118.503800323134143, 34.337304290118738 ], [ -118.495843046349563, 34.332505964372061 ], [ -118.492721472677758, 34.33060890962409 ], [ -118.484920787915939, 34.330305480558934 ], [ -118.480995270012343, 34.330235599675675 ], [ -118.46930523463854, 34.330105908227182 ], [ -118.469123140349382, 34.330103879039676 ], [ -118.458132697861259, 34.330011595732337 ], [ -118.458051192533546, 34.330010907688916 ], [ -118.451255726209325, 34.32996530561708 ], [ -118.448128809942531, 34.329948401793722 ], [ -118.440992267883843, 34.329917568065085 ], [ -118.440945425243328, 34.329917395964124 ], [ -118.429309523984358, 34.329873998372591 ], [ -118.429265203537568, 34.329874010255942 ], [ -118.419983732844443, 34.329876112963561 ], [ -118.419990086824669, 34.329164730765747 ], [ -118.419468401607361, 34.329164477085023 ], [ -118.41946041642754, 34.329881704139659 ], [ -118.419011587440735, 34.329879478801352 ], [ -118.4188446917167, 34.329624501793162 ], [ -118.418761362170173, 34.329520713740102 ], [ -118.418611827361474, 34.329424711065926 ], [ -118.41842966533622, 34.329427401208797 ], [ -118.418219642873197, 34.329488923256179 ], [ -118.418563552835622, 34.329045669022818 ], [ -118.419264561049289, 34.328149494339357 ], [ -118.419438979200805, 34.327924593744612 ], [ -118.419705174575924, 34.327837457064639 ], [ -118.420638681317442, 34.327730143629054 ], [ -118.420734673222611, 34.327717788335761 ], [ -118.42074378931342, 34.325585737689849 ], [ -118.419031744993106, 34.325651437556381 ], [ -118.417103977638959, 34.324941686221528 ], [ -118.416692383698106, 34.324790143313088 ], [ -118.415874468024128, 34.324493089937135 ], [ -118.414340815902094, 34.324462278668328 ], [ -118.414328729932905, 34.324696233579566 ], [ -118.413591740836182, 34.324686729725379 ], [ -118.413585573049488, 34.325112673598888 ], [ -118.412186885709218, 34.325920854323648 ], [ -118.41244201116497, 34.326273776942031 ], [ -118.4135754032324, 34.327403073472254 ], [ -118.413587716401423, 34.329885749114787 ], [ -118.405189034634105, 34.329817951053364 ], [ -118.404891437160515, 34.322077801857283 ], [ -118.402711668263208, 34.321293332594628 ], [ -118.401521068056539, 34.320271978074132 ], [ -118.400664718068484, 34.319537349408556 ], [ -118.396264819500033, 34.319875727661277 ], [ -118.396277854744071, 34.318088528577476 ], [ -118.396509623100059, 34.318075747333168 ], [ -118.396528099045014, 34.31743405548437 ], [ -118.397537868965443, 34.317017188924609 ], [ -118.398283268991023, 34.317068667762101 ], [ -118.399684499397324, 34.316448869737684 ], [ -118.400742687594629, 34.316464952517293 ], [ -118.400754259225906, 34.316116275718088 ], [ -118.400777306471724, 34.315399001172686 ], [ -118.400832363411936, 34.313762107677526 ], [ -118.400907230548682, 34.309702198002114 ], [ -118.401818818576515, 34.309894277258536 ], [ -118.401925907222193, 34.309782976189148 ], [ -118.402426828555164, 34.309622966286859 ], [ -118.402465684117843, 34.309440102042835 ], [ -118.40301023010899, 34.309399821183597 ], [ -118.403068036572193, 34.309712544985189 ], [ -118.403311338180956, 34.3100356428316 ], [ -118.403879309002349, 34.310045085472929 ], [ -118.404104642033772, 34.309050628739023 ], [ -118.403574485036771, 34.308984385196958 ], [ -118.403631879640557, 34.308869469820003 ], [ -118.403675764150691, 34.308699985250726 ], [ -118.403657596397252, 34.308367207481972 ], [ -118.403746594661456, 34.307940301021986 ], [ -118.405465209090295, 34.30793627784702 ], [ -118.405464597339247, 34.307469825693452 ], [ -118.405464131574576, 34.307374010125272 ], [ -118.405462855869871, 34.307111575247525 ], [ -118.405448566285827, 34.304512462801213 ], [ -118.405504360698046, 34.302707255936397 ], [ -118.40557414915088, 34.300716176399085 ], [ -118.40103606417766, 34.300683199344512 ], [ -118.401207520954685, 34.297090796223884 ], [ -118.40344746740341, 34.297101560139851 ], [ -118.403531191396368, 34.293533145758396 ], [ -118.4090726818349, 34.293688702219995 ], [ -118.408970777047358, 34.291811893526543 ], [ -118.410199268762511, 34.291849987495283 ], [ -118.410358920633954, 34.291999207306233 ], [ -118.410302855569398, 34.29103385712871 ], [ -118.409382495776612, 34.289016240843388 ], [ -118.408236525944162, 34.287904809424418 ], [ -118.407531295218035, 34.287235328493516 ], [ -118.407887782507373, 34.286997119556148 ], [ -118.408141837279487, 34.286821084966697 ], [ -118.408301485338924, 34.286972024904365 ], [ -118.408401282431939, 34.287069925302625 ], [ -118.408414591867285, 34.287083619845589 ], [ -118.408615821909464, 34.287275293027008 ], [ -118.40878046337437, 34.287431711260233 ], [ -118.409003344521992, 34.287649759116512 ], [ -118.409108117527907, 34.287749359559228 ], [ -118.409500608745674, 34.288123463797369 ], [ -118.409723492541673, 34.288341511229888 ], [ -118.41030226691241, 34.288894625530304 ], [ -118.411283469449643, 34.289818023524617 ], [ -118.413224175337888, 34.291643551209908 ], [ -118.414431773122828, 34.292779478370669 ], [ -118.415660105819342, 34.293934874050812 ], [ -118.41579283580333, 34.293838247831566 ], [ -118.416671097199838, 34.294677114852199 ], [ -118.417266519360965, 34.295230825787037 ], [ -118.417946802148776, 34.295869081986659 ], [ -118.418241312529958, 34.296149639805392 ], [ -118.418400917574928, 34.296301680967183 ], [ -118.418565548669051, 34.296448811906309 ], [ -118.42139919833356, 34.294373600912685 ], [ -118.423478467879235, 34.296335556398894 ], [ -118.426391249117316, 34.299078725871574 ], [ -118.429344145295872, 34.301858779151026 ], [ -118.431589387007307, 34.30382722109141 ], [ -118.432570667732648, 34.304686215556018 ], [ -118.43285576019025, 34.304431645876804 ], [ -118.433631982454401, 34.303738519540175 ], [ -118.436601571449145, 34.301089187036183 ], [ -118.438750383193138, 34.299175071015682 ], [ -118.438800021928373, 34.299130806871887 ], [ -118.441279713824002, 34.296919478448963 ], [ -118.441785346882938, 34.296466826263831 ], [ -118.442446269299538, 34.295875144669736 ], [ -118.443473797247606, 34.295153498697211 ], [ -118.443565065867006, 34.294883183439474 ], [ -118.444696972880266, 34.293871242315142 ], [ -118.445046292917468, 34.294185623874704 ], [ -118.445400535992945, 34.294491399173893 ], [ -118.447059710144089, 34.293023404989405 ], [ -118.448816582405911, 34.291459156145116 ], [ -118.448929656414407, 34.291358476915306 ], [ -118.450002182717057, 34.290406815911901 ], [ -118.449442162218176, 34.289698564086187 ], [ -118.449832937370104, 34.28941201866995 ], [ -118.450475993055719, 34.288943173039307 ], [ -118.45115365602102, 34.288447059620388 ], [ -118.451636768022354, 34.28809593235647 ], [ -118.456007599941586, 34.28490538849114 ], [ -118.455167386714194, 34.284116125434622 ], [ -118.454483520476586, 34.283462633113373 ], [ -118.453332229775768, 34.282382560178739 ], [ -118.452510334409993, 34.281604544404708 ], [ -118.452348237881893, 34.281447204890519 ], [ -118.452230789986402, 34.281333203095521 ], [ -118.451969622576115, 34.281092707233761 ], [ -118.451583624367885, 34.280724211593373 ], [ -118.450993048994377, 34.28017168116061 ], [ -118.450159529094336, 34.279378235964117 ], [ -118.449735340440469, 34.278984114970648 ], [ -118.449226248182882, 34.27849790968277 ], [ -118.448678928564036, 34.277980930152943 ], [ -118.448211472808694, 34.277540593518495 ], [ -118.447471214236216, 34.2768446783287 ], [ -118.446991535941734, 34.276391121452598 ], [ -118.446513026432129, 34.275938661865105 ], [ -118.445032547995794, 34.274541311371514 ], [ -118.44380824062695, 34.27337829325603 ], [ -118.443414213511218, 34.273665517509983 ], [ -118.442810812209601, 34.274107045647526 ], [ -118.442149675328153, 34.274585878116 ], [ -118.441526485727223, 34.275043615910313 ], [ -118.44086698909625, 34.275522435331219 ], [ -118.440606498128332, 34.275714019286831 ], [ -118.440179460296065, 34.276022650087114 ], [ -118.439595829449814, 34.276453441209796 ], [ -118.439373233806364, 34.276613284168945 ], [ -118.43896105351476, 34.276916360038676 ], [ -118.438491137555829, 34.277256741000365 ], [ -118.438128411443387, 34.277522882785391 ], [ -118.437625527432999, 34.277890171567392 ], [ -118.436990699769069, 34.27834758438226 ], [ -118.436444938348941, 34.278746623679709 ], [ -118.435587544131508, 34.279374513253316 ], [ -118.434183623912091, 34.278034804385953 ], [ -118.433791484045599, 34.277685996422626 ], [ -118.433920373608146, 34.27758766719743 ], [ -118.433752009180239, 34.277427618074405 ], [ -118.433928216318861, 34.27729142149812 ], [ -118.434173465910291, 34.277088428252334 ], [ -118.434516040677295, 34.276789960356901 ], [ -118.434914922011998, 34.276354610601153 ], [ -118.435271279661436, 34.275924458295329 ], [ -118.435518734044877, 34.27559056178599 ], [ -118.435759844726689, 34.275206232985099 ], [ -118.436048916438821, 34.274695591307186 ], [ -118.436620839124146, 34.27364910050418 ], [ -118.437030052677386, 34.272870609632676 ], [ -118.437541704108426, 34.271925242919032 ], [ -118.438342307477626, 34.270454091186373 ], [ -118.438785295826847, 34.269590385607877 ], [ -118.439379763199312, 34.268479291907994 ], [ -118.439792602176325, 34.267776549921408 ], [ -118.440258574447455, 34.267060999861897 ], [ -118.44052254224286, 34.266696405774127 ], [ -118.440629846013707, 34.266548196269447 ], [ -118.440986926859125, 34.266071932995452 ], [ -118.441371634142698, 34.265575414935078 ], [ -118.441830135201869, 34.265035091030505 ], [ -118.442061688507437, 34.264751446508505 ], [ -118.441478477310838, 34.263814563169952 ], [ -118.441160388581437, 34.263305779787821 ], [ -118.440867493872318, 34.262852032043448 ], [ -118.440716752702812, 34.262597609436249 ], [ -118.440566012452393, 34.262343186640344 ], [ -118.440331766945235, 34.261992591022739 ], [ -118.440105968657562, 34.261669529704328 ], [ -118.439788550104709, 34.261284780365479 ], [ -118.439279158204897, 34.260693992339377 ], [ -118.438945401362119, 34.260357537837564 ], [ -118.438478386339995, 34.259931981034569 ], [ -118.438261515652982, 34.259726032648267 ], [ -118.435000203934322, 34.256685723997677 ], [ -118.429292561244182, 34.251261039277793 ], [ -118.42870972763663, 34.250711114391279 ], [ -118.425556634689002, 34.247735885971487 ], [ -118.422071152964207, 34.244428969666103 ], [ -118.420344561457824, 34.242813280019206 ], [ -118.418774948656107, 34.241336026599868 ], [ -118.417272663048266, 34.239923388382124 ], [ -118.416105646042766, 34.238795054275585 ], [ -118.414649283361157, 34.23743499021041 ], [ -118.413281991985428, 34.236216443645247 ], [ -118.412071628532416, 34.235136350303527 ], [ -118.411488887498436, 34.234619389658398 ], [ -118.410939260716034, 34.234028179410728 ], [ -118.410382394353533, 34.233427077025631 ], [ -118.410229728250698, 34.232986634290398 ], [ -118.410052452026321, 34.232475182163867 ], [ -118.409884753592223, 34.232028705454866 ], [ -118.409812069916995, 34.231698237676014 ], [ -118.409772439914562, 34.231423634440574 ], [ -118.409729760150924, 34.230994440353122 ], [ -118.409728072667136, 34.230650594019956 ], [ -118.409775828439962, 34.230339329550887 ], [ -118.409813406979723, 34.22996260278132 ], [ -118.409919859504086, 34.229561082117222 ], [ -118.410172468299791, 34.228815214905289 ], [ -118.410520558158012, 34.227909473566513 ], [ -118.410658926481858, 34.227520030044943 ], [ -118.410814370465843, 34.227061033322741 ], [ -118.410882034826841, 34.226790635143757 ], [ -118.410939640134146, 34.226479335842008 ], [ -118.410987026309897, 34.226094389403904 ], [ -118.410995392297409, 34.225791444160215 ], [ -118.410993820608624, 34.225472158930991 ], [ -118.410972536062204, 34.225152940651384 ], [ -118.410951736305663, 34.224931964042746 ], [ -118.410921322569664, 34.22476014128771 ], [ -118.410900986379858, 34.224633312532568 ], [ -118.410880549539343, 34.224486018297597 ], [ -118.410860314190003, 34.224379655913388 ], [ -118.41010787268057, 34.221684613213988 ], [ -118.410047252198851, 34.221381901828543 ], [ -118.409806259182872, 34.220473968676153 ], [ -118.409636108947282, 34.219856144629702 ], [ -118.410231286756883, 34.219867907387886 ], [ -118.410687508843623, 34.219866248019983 ], [ -118.412984869564184, 34.219865298591778 ], [ -118.41438247123736, 34.21986464229839 ], [ -118.4154079313507, 34.219864217558531 ], [ -118.416676002028638, 34.219863645822912 ], [ -118.416787340736803, 34.219863595942265 ], [ -118.420199434333881, 34.219853855949808 ], [ -118.420677425533398, 34.219852538594111 ], [ -118.422725011420553, 34.219846433082765 ], [ -118.423108806817879, 34.219852844907315 ], [ -118.423287439984833, 34.219209359072579 ], [ -118.423833829132846, 34.217369104497742 ], [ -118.424074278609282, 34.216516414324815 ], [ -118.424398769550322, 34.215278724306543 ], [ -118.424674878813619, 34.214285764517648 ], [ -118.424951178370293, 34.213331274768642 ], [ -118.425165857648437, 34.212618816145884 ], [ -118.425439020516322, 34.211700058836747 ], [ -118.425585255684595, 34.211188436073243 ], [ -118.425864715961424, 34.21020920113282 ], [ -118.425984808501127, 34.209760871359052 ], [ -118.426228451427662, 34.208894426051181 ], [ -118.426351974898793, 34.208470815726265 ], [ -118.426690162752422, 34.20733748999001 ], [ -118.427016227188517, 34.207392327843714 ], [ -118.429810644581892, 34.207961551480075 ], [ -118.429928177730545, 34.207984490946352 ], [ -118.430951219617199, 34.20818453948398 ], [ -118.43112665443995, 34.208211393364373 ], [ -118.43136829024337, 34.208247972076641 ], [ -118.431705262178355, 34.20831259421643 ], [ -118.431792068692729, 34.208329240584654 ], [ -118.432078487519988, 34.208391419521227 ], [ -118.432398047915896, 34.208466189236454 ], [ -118.432596715848604, 34.208508414839343 ], [ -118.434076602902024, 34.208784773152303 ], [ -118.435265197929851, 34.209015104973304 ], [ -118.435579743264299, 34.20907854839259 ], [ -118.436147601532696, 34.209197066375566 ], [ -118.43691581963121, 34.209363977775183 ], [ -118.437581347341265, 34.209500341075767 ], [ -118.437879324702777, 34.209557312208126 ], [ -118.438577872532591, 34.209682558960509 ], [ -118.438806324581407, 34.20972672733685 ], [ -118.439574515982798, 34.209886408772775 ], [ -118.439839389413279, 34.20993765608646 ], [ -118.439987718499495, 34.209963725693292 ], [ -118.4403525356975, 34.210027843885563 ], [ -118.440794532176639, 34.210110732049351 ], [ -118.440978288281286, 34.210146128515937 ], [ -118.441307747721581, 34.210213625454436 ], [ -118.443551037840336, 34.210668442955317 ], [ -118.446658510555011, 34.2112866227206 ], [ -118.448406797425605, 34.211634978503803 ], [ -118.448771055248486, 34.211712973374198 ], [ -118.449128690167896, 34.211789617789066 ], [ -118.449800799347344, 34.211912150121755 ], [ -118.450496111963275, 34.21204780980915 ], [ -118.452540761990704, 34.212446704550707 ], [ -118.453949677990977, 34.212724459659256 ], [ -118.458092091019083, 34.213549017235657 ], [ -118.458311021980151, 34.213593381444383 ], [ -118.458343601228421, 34.213599982620067 ], [ -118.458424885333827, 34.213616454137778 ], [ -118.460034023741301, 34.213906089681991 ], [ -118.460337020911027, 34.213968138836385 ], [ -118.461669843385266, 34.214233385614428 ], [ -118.462346998572144, 34.214364416313785 ], [ -118.463947954990417, 34.214664679269426 ], [ -118.464454590678912, 34.21476372067626 ], [ -118.465236114708233, 34.214924561406271 ], [ -118.465779228031806, 34.215039600896752 ], [ -118.466093824985251, 34.215103996321972 ], [ -118.466386894517711, 34.215163664194286 ], [ -118.467706514880305, 34.215427177173751 ], [ -118.468241302070226, 34.215530903655967 ], [ -118.46919494744175, 34.215709944440377 ], [ -118.470739715316526, 34.216008961649401 ], [ -118.472696844382668, 34.216401151327013 ], [ -118.473122367995842, 34.216483985996327 ], [ -118.473234409973287, 34.216505758195147 ], [ -118.47317642594308, 34.221387094687039 ], [ -118.473142041354805, 34.223192040496606 ], [ -118.473127369962739, 34.224519371240987 ], [ -118.473112332498971, 34.225782181945277 ], [ -118.473100499950931, 34.228315736783372 ], [ -118.473071335772261, 34.231004275565994 ], [ -118.473076194447387, 34.231861720859555 ], [ -118.473075849922509, 34.231953780320531 ], [ -118.473072685510942, 34.232799815519961 ], [ -118.473067848690761, 34.233503394905412 ], [ -118.473035392916998, 34.235562108558774 ], [ -118.473042872183058, 34.236882049223027 ], [ -118.473049101341715, 34.237981339101246 ], [ -118.473008592960909, 34.238619099363106 ], [ -118.473010939182359, 34.240590524972838 ], [ -118.472979481419429, 34.242825918484726 ], [ -118.472929167297238, 34.24484885194628 ], [ -118.472906346836083, 34.245493871626557 ], [ -118.472908339777462, 34.245845644038191 ], [ -118.472883192795692, 34.24608026271757 ], [ -118.472840478959597, 34.246329607261281 ], [ -118.472788733506604, 34.246542343051964 ], [ -118.4727458116257, 34.246755045259043 ], [ -118.472702848019395, 34.246960418088513 ], [ -118.472607638753374, 34.247290583290066 ], [ -118.472495442472251, 34.247738075385719 ], [ -118.472443736751174, 34.247958140387567 ], [ -118.472384075572691, 34.248332139283612 ], [ -118.47232416504454, 34.248662167386307 ], [ -118.472299139973401, 34.24891877131811 ], [ -118.472282858074905, 34.24916068388594 ], [ -118.472284724077866, 34.249490470912399 ], [ -118.472292300023952, 34.250066303003173 ], [ -118.472289606470355, 34.251137911495803 ], [ -118.472235165609916, 34.253541578292776 ], [ -118.472237495982995, 34.257341142586945 ], [ -118.472153786963929, 34.264592278101723 ], [ -118.472159354454121, 34.264592324004269 ], [ -118.472147835169693, 34.265999478477241 ], [ -118.472137131928989, 34.267306989707535 ], [ -118.472125424636332, 34.26958239112367 ], [ -118.472119947061856, 34.270786413030855 ], [ -118.47212144794878, 34.271051694376716 ], [ -118.47211031195792, 34.271255805914421 ], [ -118.472087001880212, 34.27148037127882 ], [ -118.472079820821108, 34.271832484951446 ], [ -118.472051342665409, 34.272164406919259 ], [ -118.472004747515868, 34.272428058257702 ], [ -118.471948445710368, 34.272675780234756 ], [ -118.471882705909991, 34.272955475122203 ], [ -118.471807101270215, 34.273191296197112 ], [ -118.471665101813429, 34.273591046873037 ], [ -118.471047293734557, 34.275318144899174 ], [ -118.470851000554418, 34.275893593245044 ], [ -118.470742045323817, 34.276185431569886 ], [ -118.47058734500537, 34.276606851027019 ], [ -118.470533657968829, 34.276753101927909 ], [ -118.47039638657948, 34.277140856610906 ], [ -118.470202443564801, 34.277712462274074 ], [ -118.469974813149619, 34.278280206346444 ], [ -118.46980477437873, 34.278827767346343 ], [ -118.46972788984182, 34.279087281781372 ], [ -118.469264278118231, 34.280700635920347 ], [ -118.468930955817086, 34.282035673296726 ], [ -118.468518515246956, 34.283734765464132 ], [ -118.468202004488859, 34.285177512876238 ], [ -118.468050611891357, 34.285843953693352 ], [ -118.467901051710143, 34.286502318441705 ], [ -118.467782873090187, 34.287135967768684 ], [ -118.467584518694068, 34.287945065054494 ], [ -118.467529560730981, 34.288275345317565 ], [ -118.46751514221495, 34.28859873365311 ], [ -118.46750083573545, 34.288942329561529 ], [ -118.467510687830838, 34.28925215158727 ], [ -118.467528881237712, 34.289602358329269 ], [ -118.46758776742503, 34.28997261686758 ], [ -118.467646313223909, 34.290282250858894 ], [ -118.467737285432179, 34.290585023283143 ], [ -118.467804552169255, 34.290811146360092 ], [ -118.467927957704021, 34.291124784023381 ], [ -118.468051112408347, 34.291393547498259 ], [ -118.468356687075428, 34.291865633832764 ], [ -118.470441634695263, 34.293950133525172 ], [ -118.47217449105068, 34.295670855367419 ], [ -118.479098385044651, 34.302701445852641 ], [ -118.479668135879038, 34.303313705628412 ], [ -118.480862029746945, 34.304596641940627 ], [ -118.482184660124886, 34.305996295822709 ], [ -118.483551047092135, 34.307444843246351 ], [ -118.484714380959687, 34.308639694202519 ], [ -118.48565471896309, 34.309724703912543 ], [ -118.486371726964592, 34.31064451981662 ], [ -118.487739397652305, 34.312539766111499 ], [ -118.488591401878793, 34.313717378758724 ], [ -118.489039761071169, 34.314324546221719 ], [ -118.489637872980936, 34.315142634248041 ], [ -118.489820276586386, 34.315173362399307 ], [ -118.490198189136009, 34.315237096231456 ], [ -118.490232995790336, 34.315242794654651 ], [ -118.490395470664865, 34.315276829198964 ], [ -118.490531437368432, 34.315308222973684 ], [ -118.490796846660658, 34.315388210834392 ], [ -118.490914657122786, 34.315429638852706 ], [ -118.490984359664282, 34.315456148332252 ], [ -118.491186914098961, 34.315547382552168 ], [ -118.491303174361533, 34.315606677789056 ], [ -118.491343019566699, 34.315624377494792 ], [ -118.491492532346797, 34.315706551285928 ], [ -118.49168200931706, 34.315826346235326 ], [ -118.491824966280575, 34.315919881288536 ], [ -118.491906452856469, 34.315978974537572 ], [ -118.491956373206705, 34.316020333715265 ], [ -118.492102866514131, 34.316151637621253 ], [ -118.492187792898548, 34.316232355471321 ], [ -118.492294298166101, 34.316321916227579 ], [ -118.492375890912157, 34.316398870041454 ], [ -118.492442603464198, 34.31647966174188 ], [ -118.492507767795715, 34.316578664496866 ], [ -118.494260082014193, 34.318877702268075 ], [ -118.494315122663451, 34.318944114122907 ], [ -118.494406785552727, 34.319043007739964 ], [ -118.494428485346148, 34.319072115551833 ], [ -118.494535104599279, 34.319179879587509 ], [ -118.494628326131448, 34.319262279312497 ], [ -118.494724839285539, 34.319341230657052 ], [ -118.494818008199672, 34.319414699796901 ], [ -118.4949294280201, 34.319493933579849 ], [ -118.49507235617736, 34.319580939601451 ], [ -118.495103948992593, 34.319602793643227 ], [ -118.495258495423201, 34.319694216390403 ], [ -118.495286719386456, 34.319706466528153 ], [ -118.495334902047375, 34.319733404985683 ], [ -118.495550794467235, 34.319837285530433 ], [ -118.49563878257247, 34.319874709126914 ], [ -118.495748330355369, 34.319917540225156 ], [ -118.495778189965378, 34.319926348688185 ], [ -118.495901005662432, 34.319972560218694 ], [ -118.496071889210469, 34.320026132417944 ], [ -118.496582807386815, 34.320174142960987 ], [ -118.497206528962181, 34.320355006665956 ], [ -118.497435487283738, 34.320427917333923 ], [ -118.497702576506157, 34.320507883247707 ], [ -118.497838631316426, 34.320552320997336 ], [ -118.497986333166494, 34.32060598486251 ], [ -118.498134153234759, 34.320679226808458 ], [ -118.498321780573221, 34.320763296418939 ], [ -118.498464599473181, 34.320831062746372 ], [ -118.498647316216648, 34.320924427104174 ], [ -118.498687196329357, 34.320947276566159 ], [ -118.498712103181759, 34.320958509103029 ], [ -118.49882174847113, 34.321017137423617 ], [ -118.498889868007083, 34.321054640474124 ], [ -118.49898958201014, 34.321113996513688 ], [ -118.499069389902175, 34.321167595200201 ], [ -118.499155897736159, 34.321233875240914 ], [ -118.500011215275919, 34.321817157951891 ], [ -118.501360778149532, 34.322737490245501 ], [ -118.501492132940683, 34.32282556618658 ], [ -118.50159192528578, 34.32289728529792 ], [ -118.501661800691366, 34.322950923409387 ], [ -118.501738366229688, 34.323015525352496 ], [ -118.501841559852565, 34.323102000106431 ], [ -118.501884853070749, 34.323141322652575 ], [ -118.502119757956322, 34.323374607315721 ], [ -118.502211499092638, 34.32348414283797 ], [ -118.50226659353882, 34.323558107595467 ], [ -118.502366821945301, 34.323701957397773 ], [ -118.502410279191324, 34.323768413634248 ], [ -118.502426967429358, 34.323789640611018 ], [ -118.502458771802267, 34.323845840550277 ], [ -118.50247045896829, 34.32386159247293 ], [ -118.502534206444309, 34.323997348848266 ], [ -118.502587968446619, 34.324124903832029 ], [ -118.502648474697963, 34.324272352144945 ], [ -118.502680481218832, 34.324362212895196 ], [ -118.502712643105838, 34.324477835404672 ], [ -118.502743556991746, 34.324661129084021 ], [ -118.502759517179513, 34.324836241126278 ], [ -118.502770126285242, 34.324947831214395 ], [ -118.502779199503649, 34.325079349008099 ], [ -118.502776641248104, 34.3252043888209 ], [ -118.502774056064112, 34.325324963416442 ], [ -118.502757804953191, 34.325651000728179 ], [ -118.502754186998786, 34.325874970033638 ], [ -118.502751028163118, 34.325900401164347 ], [ -118.502748747319828, 34.326071467051641 ], [ -118.502745673375074, 34.326110980788215 ], [ -118.502746358788713, 34.326224672071682 ], [ -118.502751915018024, 34.326322200165336 ], [ -118.502757067451242, 34.326352749108885 ], [ -118.502762416615042, 34.326415928480657 ], [ -118.502779594200447, 34.326518216260631 ], [ -118.502783113386897, 34.326552550335308 ], [ -118.502815537205876, 34.326711450159102 ], [ -118.502835855127998, 34.326785216396253 ], [ -118.502840995193694, 34.326813704466637 ], [ -118.502869757065938, 34.326914570207137 ], [ -118.502901874623504, 34.327022635234449 ], [ -118.502940585432853, 34.327125520582314 ], [ -118.502962395967728, 34.327172145146285 ], [ -118.503046144949906, 34.327328427423701 ], [ -118.503071313308439, 34.327382593834265 ], [ -118.503108171561649, 34.327452855576738 ], [ -118.503210215549302, 34.327622115169866 ], [ -118.503347447994855, 34.327859237975581 ], [ -118.503462874305171, 34.328050424013284 ], [ -118.503613511436157, 34.328312909741051 ], [ -118.503693818817652, 34.328447566212532 ], [ -118.503715522225079, 34.328476328873244 ], [ -118.503733957044233, 34.32851231834195 ], [ -118.503814210862615, 34.328638045202275 ], [ -118.503899553577995, 34.328783672177131 ], [ -118.503961538953504, 34.328900886845808 ], [ -118.503983275785728, 34.328935145108332 ], [ -118.504063748391602, 34.329096937006305 ], [ -118.505534706123143, 34.332151625511642 ], [ -118.505712046600436, 34.332544009226801 ], [ -118.505919138136761, 34.333002212513307 ], [ -118.506008103590048, 34.333197629368954 ], [ -118.506068295003658, 34.33330902560845 ], [ -118.506118656144366, 34.333402229232526 ], [ -118.506157144543266, 34.333467331844943 ], [ -118.506267547670021, 34.333647201151301 ], [ -118.506339388541818, 34.333749603501907 ], [ -118.506426113385572, 34.333848508735457 ], [ -118.506501080246281, 34.333920328505826 ], [ -118.506665953518052, 34.334069399424543 ], [ -118.507347029558957, 34.334635517832389 ] ] ] } },
{ "type": "Feature", "properties": { "OBJECTID": 2, "APREC": "DEVONSHIRE", "PREC": 17, "AREA": 1346816369.8299999, "PERIMETER": 175591.70287099999 }, "geometry": { "type": "Polygon", "coordinates": [ [ [ -118.507347029558957, 34.334635517832389 ], [ -118.506665953518052, 34.334069399424543 ], [ -118.506501080246281, 34.333920328505826 ], [ -118.506426113385572, 34.333848508735457 ], [ -118.506339388541818, 34.333749603501907 ], [ -118.506267547670021, 34.333647201151301 ], [ -118.506157144543266, 34.333467331844943 ], [ -118.506118656144366, 34.333402229232526 ], [ -118.506068295003658, 34.33330902560845 ], [ -118.506008103590048, 34.333197629368954 ], [ -118.505919138136761, 34.333002212513307 ], [ -118.505712046600436, 34.332544009226801 ], [ -118.505534706123143, 34.332151625511642 ], [ -118.504063748391602, 34.329096937006305 ], [ -118.503983275785728, 34.328935145108332 ], [ -118.503961538953504, 34.328900886845808 ], [ -118.503899553577995, 34.328783672177131 ], [ -118.503814210862615, 34.328638045202275 ], [ -118.503733957044233, 34.32851231834195 ], [ -118.503715522225079, 34.328476328873244 ], [ -118.503693818817652, 34.328447566212532 ], [ -118.503613511436157, 34.328312909741051 ], [ -118.503462874305171, 34.328050424013284 ], [ -118.503347447994855, 34.327859237975581 ], [ -118.503210215549302, 34.327622115169866 ], [ -118.503108171561649, 34.327452855576738 ], [ -118.503071313308439, 34.327382593834265 ], [ -118.503046144949906, 34.327328427423701 ], [ -118.502962395967728, 34.327172145146285 ], [ -118.502940585432853, 34.327125520582314 ], [ -118.502901874623504, 34.327022635234449 ], [ -118.502869757065938, 34.326914570207137 ], [ -118.502840995193694, 34.326813704466637 ], [ -118.502835855127998, 34.326785216396253 ], [ -118.502815537205876, 34.326711450159102 ], [ -118.502783113386897, 34.326552550335308 ], [ -118.502779594200447, 34.326518216260631 ], [ -118.502762416615042, 34.326415928480657 ], [ -118.502757067451242, 34.326352749108885 ], [ -118.502751915018024, 34.326322200165336 ], [ -118.502746358788713, 34.326224672071682 ], [ -118.502745673375074, 34.326110980788215 ], [ -118.502748747319828, 34.326071467051641 ], [ -118.502751028163118, 34.325900401164347 ], [ -118.502754186998786, 34.325874970033638 ], [ -118.502757804953191, 34.325651000728179 ], [ -118.502774056064112, 34.325324963416442 ], [ -118.502776641248104, 34.3252043888209 ], [ -118.502779199503649, 34.325079349008099 ], [ -118.502770126285242, 34.324947831214395 ], [ -118.502759517179513, 34.324836241126278 ], [ -118.502743556991746, 34.324661129084021 ], [ -118.502712643105838, 34.324477835404672 ], [ -118.502680481218832, 34.324362212895196 ], [ -118.502648474697963, 34.324272352144945 ], [ -118.502587968446619, 34.324124903832029 ], [ -118.502534206444309, 34.323997348848266 ], [ -118.50247045896829, 34.32386159247293 ], [ -118.502458771802267, 34.323845840550277 ], [ -118.502426967429358, 34.323789640611018 ], [ -118.502410279191324, 34.323768413634248 ], [ -118.502366821945301, 34.323701957397773 ], [ -118.50226659353882, 34.323558107595467 ], [ -118.502211499092638, 34.32348414283797 ], [ -118.502119757956322, 34.323374607315721 ], [ -118.501884853070749, 34.323141322652575 ], [ -118.501841559852565, 34.323102000106431 ], [ -118.501738366229688, 34.323015525352496 ], [ -118.501661800691366, 34.322950923409387 ], [ -118.50159192528578, 34.32289728529792 ], [ -118.501492132940683, 34.32282556618658 ], [ -118.501360778149532, 34.322737490245501 ], [ -118.500011215275919, 34.321817157951891 ], [ -118.499155897736159, 34.321233875240914 ], [ -118.499069389902175, 34.321167595200201 ], [ -118.49898958201014, 34.321113996513688 ], [ -118.498889868007083, 34.321054640474124 ], [ -118.49882174847113, 34.321017137423617 ], [ -118.498712103181759, 34.320958509103029 ], [ -118.498687196329357, 34.320947276566159 ], [ -118.498647316216648, 34.320924427104174 ], [ -118.498464599473181, 34.320831062746372 ], [ -118.498321780573221, 34.320763296418939 ], [ -118.498134153234759, 34.320679226808458 ], [ -118.497986333166494, 34.32060598486251 ], [ -118.497838631316426, 34.320552320997336 ], [ -118.497702576506157, 34.320507883247707 ], [ -118.497435487283738, 34.320427917333923 ], [ -118.497206528962181, 34.320355006665956 ], [ -118.496582807386815, 34.320174142960987 ], [ -118.496071889210469, 34.320026132417944 ], [ -118.495901005662432, 34.319972560218694 ], [ -118.495778189965378, 34.319926348688185 ], [ -118.495748330355369, 34.319917540225156 ], [ -118.49563878257247, 34.319874709126914 ], [ -118.495550794467235, 34.319837285530433 ], [ -118.495334902047375, 34.319733404985683 ], [ -118.495286719386456, 34.319706466528153 ], [ -118.495258495423201, 34.319694216390403 ], [ -118.495103948992593, 34.319602793643227 ], [ -118.49507235617736, 34.319580939601451 ], [ -118.4949294280201, 34.319493933579849 ], [ -118.494818008199672, 34.319414699796901 ], [ -118.494724839285539, 34.319341230657052 ], [ -118.494628326131448, 34.319262279312497 ], [ -118.494535104599279, 34.319179879587509 ], [ -118.494428485346148, 34.319072115551833 ], [ -118.494406785552727, 34.319043007739964 ], [ -118.494315122663451, 34.318944114122907 ], [ -118.494260082014193, 34.318877702268075 ], [ -118.492507767795715, 34.316578664496866 ], [ -118.492442603464198, 34.31647966174188 ], [ -118.492375890912157, 34.316398870041454 ], [ -118.492294298166101, 34.316321916227579 ], [ -118.492187792898548, 34.316232355471321 ], [ -118.492102866514131, 34.316151637621253 ], [ -118.491956373206705, 34.316020333715265 ], [ -118.491906452856469, 34.315978974537572 ], [ -118.491824966280575, 34.315919881288536 ], [ -118.49168200931706, 34.315826346235326 ], [ -118.491492532346797, 34.315706551285928 ], [ -118.491343019566699, 34.315624377494792 ], [ -118.491303174361533, 34.315606677789056 ], [ -118.491186914098961, 34.315547382552168 ], [ -118.490984359664282, 34.315456148332252 ], [ -118.490914657122786, 34.315429638852706 ], [ -118.490796846660658, 34.315388210834392 ], [ -118.490531437368432, 34.315308222973684 ], [ -118.490395470664865, 34.315276829198964 ], [ -118.490232995790336, 34.315242794654651 ], [ -118.490198189136009, 34.315237096231456 ], [ -118.489820276586386, 34.315173362399307 ], [ -118.489637872980936, 34.315142634248041 ], [ -118.489039761071169, 34.314324546221719 ], [ -118.488591401878793, 34.313717378758724 ], [ -118.487739397652305, 34.312539766111499 ], [ -118.486371726964592, 34.31064451981662 ], [ -118.48565471896309, 34.309724703912543 ], [ -118.484714380959687, 34.308639694202519 ], [ -118.483551047092135, 34.307444843246351 ], [ -118.482184660124886, 34.305996295822709 ], [ -118.480862029746945, 34.304596641940627 ], [ -118.479668135879038, 34.303313705628412 ], [ -118.479098385044651, 34.302701445852641 ], [ -118.47217449105068, 34.295670855367419 ], [ -118.470441634695263, 34.293950133525172 ], [ -118.468356687075428, 34.291865633832764 ], [ -118.468051112408347, 34.291393547498259 ], [ -118.467927957704021, 34.291124784023381 ], [ -118.467804552169255, 34.290811146360092 ], [ -118.467737285432179, 34.290585023283143 ], [ -118.467646313223909, 34.290282250858894 ], [ -118.46758776742503, 34.28997261686758 ], [ -118.467528881237712, 34.289602358329269 ], [ -118.467510687830838, 34.28925215158727 ], [ -118.46750083573545, 34.288942329561529 ], [ -118.46751514221495, 34.28859873365311 ], [ -118.467529560730981, 34.288275345317565 ], [ -118.467584518694068, 34.287945065054494 ], [ -118.467782873090187, 34.287135967768684 ], [ -118.467901051710143, 34.286502318441705 ], [ -118.468050611891357, 34.285843953693352 ], [ -118.468202004488859, 34.285177512876238 ], [ -118.468518515246956, 34.283734765464132 ], [ -118.468930955817086, 34.282035673296726 ], [ -118.469264278118231, 34.280700635920347 ], [ -118.46972788984182, 34.279087281781372 ], [ -118.46980477437873, 34.278827767346343 ], [ -118.469974813149619, 34.278280206346444 ], [ -118.470202443564801, 34.277712462274074 ], [ -118.47039638657948, 34.277140856610906 ], [ -118.470533657968829, 34.276753101927909 ], [ -118.47058734500537, 34.276606851027019 ], [ -118.470742045323817, 34.276185431569886 ], [ -118.470851000554418, 34.275893593245044 ], [ -118.471047293734557, 34.275318144899174 ], [ -118.471665101813429, 34.273591046873037 ], [ -118.471807101270215, 34.273191296197112 ], [ -118.471882705909991, 34.272955475122203 ], [ -118.471948445710368, 34.272675780234756 ], [ -118.472004747515868, 34.272428058257702 ], [ -118.472051342665409, 34.272164406919259 ], [ -118.472079820821108, 34.271832484951446 ], [ -118.472087001880212, 34.27148037127882 ], [ -118.47211031195792, 34.271255805914421 ], [ -118.47212144794878, 34.271051694376716 ], [ -118.472119947061856, 34.270786413030855 ], [ -118.472125424636332, 34.26958239112367 ], [ -118.472137131928989, 34.267306989707535 ], [ -118.472147835169693, 34.265999478477241 ], [ -118.472159354454121, 34.264592324004269 ], [ -118.472153786963929, 34.264592278101723 ], [ -118.472237495982995, 34.257341142586945 ], [ -118.472235165609916, 34.253541578292776 ], [ -118.472289606470355, 34.251137911495803 ], [ -118.472292300023952, 34.250066303003173 ], [ -118.472284724077866, 34.249490470912399 ], [ -118.472282858074905, 34.24916068388594 ], [ -118.472299139973401, 34.24891877131811 ], [ -118.47232416504454, 34.248662167386307 ], [ -118.472384075572691, 34.248332139283612 ], [ -118.472443736751174, 34.247958140387567 ], [ -118.472495442472251, 34.247738075385719 ], [ -118.472607638753374, 34.247290583290066 ], [ -118.472702848019395, 34.246960418088513 ], [ -118.4727458116257, 34.246755045259043 ], [ -118.472788733506604, 34.246542343051964 ], [ -118.472840478959597, 34.246329607261281 ], [ -118.472883192795692, 34.24608026271757 ], [ -118.472908339777462, 34.245845644038191 ], [ -118.472906346836083, 34.245493871626557 ], [ -118.472929167297238, 34.24484885194628 ], [ -118.472979481419429, 34.242825918484726 ], [ -118.473010939182359, 34.240590524972838 ], [ -118.473008592960909, 34.238619099363106 ], [ -118.473049101341715, 34.237981339101246 ], [ -118.473042872183058, 34.236882049223027 ], [ -118.473035392916998, 34.235562108558774 ], [ -118.473067848690761, 34.233503394905412 ], [ -118.473072685510942, 34.232799815519961 ], [ -118.473075849922509, 34.231953780320531 ], [ -118.473076194447387, 34.231861720859555 ], [ -118.473071335772261, 34.231004275565994 ], [ -118.473100499950931, 34.228315736783372 ], [ -118.473112332498971, 34.225782181945277 ], [ -118.473127369962739, 34.224519371240987 ], [ -118.473142041354805, 34.223192040496606 ], [ -118.47317642594308, 34.221387094687039 ], [ -118.473299006097349, 34.221386238442868 ], [ -118.473704259912793, 34.221390148438907 ], [ -118.474688411487776, 34.22139350493935 ], [ -118.474941479073138, 34.2213942293508 ], [ -118.475531955634366, 34.221393627729391 ], [ -118.476064523811957, 34.221389816197501 ], [ -118.476453185200171, 34.22138450811569 ], [ -118.477170967928785, 34.221374809986429 ], [ -118.479221837439951, 34.221357774505897 ], [ -118.48078814498146, 34.221351561214199 ], [ -118.48092211608693, 34.221351028830966 ], [ -118.483088833250477, 34.221345832859576 ], [ -118.483671013723381, 34.221340759307282 ], [ -118.485238932657666, 34.22132726872951 ], [ -118.485769842006334, 34.221322734156793 ], [ -118.488052335541965, 34.221316984466995 ], [ -118.488793291923898, 34.221310558791203 ], [ -118.489564004493204, 34.221301260294652 ], [ -118.490240446002076, 34.221293369319824 ], [ -118.491123676163198, 34.221291848673076 ], [ -118.491691016631549, 34.221294696969899 ], [ -118.491925903556279, 34.221297864145257 ], [ -118.492117739976564, 34.221292962261344 ], [ -118.492190504190091, 34.221290948874788 ], [ -118.492660090676154, 34.221265336372113 ], [ -118.492845243142852, 34.22124912546608 ], [ -118.492936144096447, 34.221237420114569 ], [ -118.493013797113278, 34.221223020773664 ], [ -118.493079868323335, 34.221207981603399 ], [ -118.493144267291783, 34.221189857826246 ], [ -118.493268071885609, 34.221148134727009 ], [ -118.493401752338016, 34.221098471023062 ], [ -118.493609651561712, 34.22101312523926 ], [ -118.493763044058042, 34.220940367070675 ], [ -118.494061546149922, 34.220793165628294 ], [ -118.494162128243531, 34.220740544831301 ], [ -118.494295654061574, 34.220664775728871 ], [ -118.495862150692531, 34.220971284376922 ], [ -118.497508163707579, 34.221296337693694 ], [ -118.4991209028301, 34.221618410030928 ], [ -118.499121669390007, 34.22161646855421 ], [ -118.499076755963515, 34.221278172649555 ], [ -118.499011141014492, 34.221064666065949 ], [ -118.49893711143298, 34.220706658065886 ], [ -118.498994971730625, 34.220718994179457 ], [ -118.499231777270637, 34.220766449132903 ], [ -118.499307932969089, 34.220778500455594 ], [ -118.499495045233971, 34.220813795293189 ], [ -118.499698784599673, 34.220863446750052 ], [ -118.500011201458477, 34.220950216985877 ], [ -118.500141136904332, 34.22098630513387 ], [ -118.50026040593724, 34.221016382486035 ], [ -118.500386291855918, 34.221046775845785 ], [ -118.500811940763711, 34.221141878374475 ], [ -118.500901361671268, 34.221159369592975 ], [ -118.501146392903095, 34.221199230034308 ], [ -118.501174532894979, 34.22120289184933 ], [ -118.501212611080732, 34.221208916905319 ], [ -118.501333450222745, 34.221224903713399 ], [ -118.501396329583045, 34.221229452005282 ], [ -118.501523709274963, 34.221233045973342 ], [ -118.501877678495447, 34.221235013239905 ], [ -118.502396959024679, 34.22122221024155 ], [ -118.502669796246522, 34.221210085541593 ], [ -118.504163291827652, 34.221198376310618 ], [ -118.505524410955573, 34.221177584101738 ], [ -118.506941762987537, 34.221156197519285 ], [ -118.508441831004362, 34.221137538187506 ], [ -118.508498063477532, 34.221136958405786 ], [ -118.509872433155678, 34.221119496471815 ], [ -118.50997166639867, 34.221118391318193 ], [ -118.510942476293735, 34.221103647823469 ], [ -118.5132330555506, 34.221068536016766 ], [ -118.514258464895462, 34.221056969196269 ], [ -118.514792670367441, 34.221050919313171 ], [ -118.516018199417886, 34.221036768594828 ], [ -118.517397538098393, 34.221018070354027 ], [ -118.517534791070261, 34.221016208617584 ], [ -118.5181054064862, 34.221013766741272 ], [ -118.518616453907953, 34.221007455641285 ], [ -118.518727263533449, 34.221005950202219 ], [ -118.51949950525389, 34.220977562630118 ], [ -118.519699601581237, 34.220971551083622 ], [ -118.519727714515781, 34.220970743362336 ], [ -118.519979095146212, 34.220966228508232 ], [ -118.520443846430283, 34.220962513038977 ], [ -118.521158387481236, 34.220964589962598 ], [ -118.52193078581189, 34.220961260805026 ], [ -118.522294599639835, 34.220950760319042 ], [ -118.522790683363013, 34.220932130612603 ], [ -118.52298582394144, 34.220927165504918 ], [ -118.523445561338534, 34.22091521646734 ], [ -118.524174921868635, 34.220906563345146 ], [ -118.524896056748076, 34.220905154753275 ], [ -118.525954555559863, 34.220895406188454 ], [ -118.527353686722364, 34.220871111768709 ], [ -118.528178941924168, 34.220856864226505 ], [ -118.528933660583107, 34.220845102944224 ], [ -118.530782079587809, 34.220816277075407 ], [ -118.531733041446159, 34.220802484274721 ], [ -118.533997159156598, 34.220770187007766 ], [ -118.534981176910648, 34.220752787912325 ], [ -118.536079283551175, 34.220729723099012 ], [ -118.539473040738585, 34.220691626475258 ], [ -118.540453755202037, 34.220675228058781 ], [ -118.540920131189338, 34.220667304818988 ], [ -118.541331914667168, 34.220657906583412 ], [ -118.541538647795463, 34.220655264103435 ], [ -118.541678802164668, 34.220653611718575 ], [ -118.542526007365112, 34.220643627982895 ], [ -118.542645083566512, 34.220641720084849 ], [ -118.543744874121742, 34.220623730462357 ], [ -118.543781258665518, 34.220623223469417 ], [ -118.544833109006603, 34.220609217755779 ], [ -118.545560805112558, 34.220599756225212 ], [ -118.546083313827779, 34.220589309731402 ], [ -118.546892098157187, 34.220573136362603 ], [ -118.548739454310365, 34.220549315867004 ], [ -118.549181021928703, 34.220541816771167 ], [ -118.551155673573945, 34.220508794365038 ], [ -118.552005742667575, 34.220495988703199 ], [ -118.553565330465673, 34.22047649834834 ], [ -118.554625451576825, 34.220463056636376 ], [ -118.554896684105529, 34.220459752186827 ], [ -118.555377931551945, 34.220449987571001 ], [ -118.555736807910577, 34.220443874519837 ], [ -118.556828323331814, 34.220425803964289 ], [ -118.557936375375618, 34.220407303823833 ], [ -118.559404958994705, 34.220383005442969 ], [ -118.560124388691762, 34.220374524994611 ], [ -118.56182455470649, 34.220353933858846 ], [ -118.562281010175226, 34.220347004799123 ], [ -118.562519160962495, 34.220343493493338 ], [ -118.562945826921876, 34.220333952499104 ], [ -118.563390697677107, 34.220326042682274 ], [ -118.563900067239913, 34.220317143689918 ], [ -118.564477257376822, 34.220309300142979 ], [ -118.564700524859731, 34.220306197461461 ], [ -118.565125575963052, 34.220302495621958 ], [ -118.56558698570484, 34.220294500484499 ], [ -118.566031858327975, 34.220286924435158 ], [ -118.56666861305024, 34.220282226670811 ], [ -118.567669113176748, 34.220257958221644 ], [ -118.568577102313256, 34.22025026019967 ], [ -118.568863219009373, 34.220246854498072 ], [ -118.569569415092573, 34.220238380098124 ], [ -118.571037975901049, 34.220211536187684 ], [ -118.572729779055706, 34.220178122181416 ], [ -118.572858840036815, 34.220185411480728 ], [ -118.573379943292011, 34.220199430770364 ], [ -118.573904224744254, 34.220194540859644 ], [ -118.574425129742735, 34.220179703530917 ], [ -118.575405691615288, 34.220142756660259 ], [ -118.575738095162933, 34.22013567969335 ], [ -118.577795454081397, 34.220106294259509 ], [ -118.579277227063173, 34.22007722630638 ], [ -118.579771753350244, 34.220074857834192 ], [ -118.581946517890032, 34.22004174781074 ], [ -118.581968016579978, 34.220041300924223 ], [ -118.58334640228783, 34.220020291183303 ], [ -118.584175855543833, 34.220007648257614 ], [ -118.584786110570803, 34.219998174225751 ], [ -118.586330791157707, 34.219977646549971 ], [ -118.586873246759907, 34.219970207947156 ], [ -118.587129215838857, 34.219961235439399 ], [ -118.587131743602313, 34.220254194987284 ], [ -118.587143431621854, 34.220622517201456 ], [ -118.58715159039248, 34.220751933314006 ], [ -118.587182107540187, 34.22096854845401 ], [ -118.587224322814464, 34.221302520568557 ], [ -118.587246850733806, 34.221413803565255 ], [ -118.587310600436467, 34.221717564911991 ], [ -118.587414024529892, 34.221994038570365 ], [ -118.58748027639858, 34.222138225752893 ], [ -118.587620220137396, 34.222453659849741 ], [ -118.587657054386696, 34.222537777332278 ], [ -118.587742085128241, 34.222775202126471 ], [ -118.587911913800923, 34.223216936180975 ], [ -118.58805885417361, 34.223496208136389 ], [ -118.58811739309904, 34.223574199477781 ], [ -118.58827115931544, 34.223793225545705 ], [ -118.588417465416242, 34.223982182369021 ], [ -118.588596582139616, 34.224198074495206 ], [ -118.588902823840243, 34.224452485677702 ], [ -118.589135967477475, 34.22461994446563 ], [ -118.589248935396839, 34.224706701955334 ], [ -118.589416481771352, 34.224823299741573 ], [ -118.58961321315418, 34.224966850166901 ], [ -118.589831435497274, 34.225074168766611 ], [ -118.590009707258233, 34.225169638916547 ], [ -118.590155125973709, 34.225232152536023 ], [ -118.59036237157602, 34.225324469698748 ], [ -118.590696978334933, 34.225488420198367 ], [ -118.591064568243809, 34.225703388558259 ], [ -118.591472391170285, 34.225969339948257 ], [ -118.591873372141038, 34.226292524749113 ], [ -118.591961007424047, 34.226383919477513 ], [ -118.592333297475037, 34.226749391309681 ], [ -118.592622207176049, 34.227112259206926 ], [ -118.592640521540247, 34.227139265490742 ], [ -118.592677235777344, 34.227205318684 ], [ -118.592743329885593, 34.227325419009112 ], [ -118.592820468239154, 34.227469550005573 ], [ -118.592941633650184, 34.227688730832604 ], [ -118.593041010711943, 34.227901996891696 ], [ -118.593096147225012, 34.228010107871519 ], [ -118.593173892429405, 34.228207549518253 ], [ -118.593303461982984, 34.228546024683418 ], [ -118.593379335941819, 34.228816936077507 ], [ -118.593424254396979, 34.229067524208105 ], [ -118.593456594002888, 34.229282343853612 ], [ -118.593460159519722, 34.229783944050347 ], [ -118.593438166362986, 34.23015770499611 ], [ -118.593385033518672, 34.230485552314583 ], [ -118.593313777554982, 34.230864673753658 ], [ -118.593224251531907, 34.231274595882375 ], [ -118.593087061720439, 34.231915085803244 ], [ -118.592752831446603, 34.233447167574042 ], [ -118.592614981540279, 34.233995526626771 ], [ -118.592585548756873, 34.234190174848706 ], [ -118.592550934682848, 34.234523050064936 ], [ -118.592521388419158, 34.23545865084855 ], [ -118.592719253578011, 34.235462987561313 ], [ -118.593953375327018, 34.235465524360407 ], [ -118.594376879855389, 34.235466193091789 ], [ -118.595486872911238, 34.235460736583761 ], [ -118.596087373070972, 34.235459497844971 ], [ -118.597278450393546, 34.235457403890109 ], [ -118.597571258171968, 34.235456988940413 ], [ -118.597615922474219, 34.235456768397107 ], [ -118.598969168793005, 34.235461413669853 ], [ -118.59974669515924, 34.23546237191637 ], [ -118.60037368028965, 34.23546338508325 ], [ -118.601374505902911, 34.235460133526253 ], [ -118.601743387499468, 34.235456582530304 ], [ -118.602120538837298, 34.23545264577718 ], [ -118.602322355247352, 34.235451641531021 ], [ -118.603005555556976, 34.235448239402054 ], [ -118.603933645748583, 34.235452542341001 ], [ -118.604578863324605, 34.235458251588852 ], [ -118.604800518069254, 34.235455426658923 ], [ -118.605013881721874, 34.235449894856309 ], [ -118.605040673059349, 34.235494414539858 ], [ -118.605139605948992, 34.235677687622001 ], [ -118.605201584628475, 34.235783859412869 ], [ -118.60532712696822, 34.235986577271163 ], [ -118.605442527721138, 34.236159463061725 ], [ -118.60555630708518, 34.2363368213176 ], [ -118.605619984481734, 34.236448823718746 ], [ -118.605683683398595, 34.236563918285547 ], [ -118.605739083785394, 34.236675275069402 ], [ -118.605779506261584, 34.236774341181224 ], [ -118.605806522762052, 34.236849773617188 ], [ -118.605843766499277, 34.236966717067965 ], [ -118.605931518347305, 34.237204660302162 ], [ -118.605968787350292, 34.237325038483249 ], [ -118.605995908920633, 34.237414896906849 ], [ -118.606038522447875, 34.237587803085489 ], [ -118.606060840940842, 34.237699668867499 ], [ -118.60606613043953, 34.237744639490352 ], [ -118.606077746838935, 34.237977468029996 ], [ -118.606102179351282, 34.238608336594361 ], [ -118.606112518246263, 34.238893038426063 ], [ -118.606113904842587, 34.23908401158414 ], [ -118.606114032030703, 34.239101528906211 ], [ -118.606111051751682, 34.23937461879926 ], [ -118.606098124013286, 34.239988969687488 ], [ -118.606093831677413, 34.240192898564395 ], [ -118.606096615716055, 34.240348485315451 ], [ -118.606143979628385, 34.241175372367429 ], [ -118.606153064436953, 34.241287304409354 ], [ -118.606165455476372, 34.241398876402783 ], [ -118.606203518482445, 34.241628137578701 ], [ -118.606248138174664, 34.241849121254596 ], [ -118.606321306411573, 34.242128356001061 ], [ -118.606348681911271, 34.242252905507591 ], [ -118.606456131092344, 34.242696156359763 ], [ -118.606489216116813, 34.242695647090187 ], [ -118.606985537477314, 34.242694189540082 ], [ -118.60709803753663, 34.242693968792956 ], [ -118.607156124871736, 34.24269377658905 ], [ -118.607299874977926, 34.242693299718077 ], [ -118.608246271605509, 34.242701256519346 ], [ -118.610117560683932, 34.24271725632569 ], [ -118.610390570402657, 34.242721032160247 ], [ -118.611528944296751, 34.242737269200447 ], [ -118.612028604788478, 34.24273989597453 ], [ -118.612514984935089, 34.242736405082823 ], [ -118.612768100532065, 34.242734436909167 ], [ -118.613538962598128, 34.242719883601971 ], [ -118.614099701028991, 34.24270398725367 ], [ -118.614200592654754, 34.242700040417532 ], [ -118.614638828679034, 34.242674114980396 ], [ -118.614779440412846, 34.242672026885487 ], [ -118.615080469353089, 34.242661223256846 ], [ -118.615333550660921, 34.242654784526643 ], [ -118.615565164144556, 34.242653606794903 ], [ -118.615763754928096, 34.242661527356518 ], [ -118.616073428214477, 34.242701170248417 ], [ -118.616273729322231, 34.24271663803944 ], [ -118.616498778733828, 34.242722705225681 ], [ -118.616728696325751, 34.242716038072771 ], [ -118.61694692663464, 34.242695003493338 ], [ -118.617022949175791, 34.242683967784025 ], [ -118.617153567139994, 34.24267265365819 ], [ -118.617295825562778, 34.242669523774296 ], [ -118.61743150204552, 34.242671236154251 ], [ -118.617552309492368, 34.24267577216591 ], [ -118.617641700169685, 34.242682529319104 ], [ -118.617757547062112, 34.242687433929333 ], [ -118.617913083707663, 34.242690074871227 ], [ -118.618763421717802, 34.242684013243135 ], [ -118.619138997845653, 34.242686557974992 ], [ -118.619186979802762, 34.242686999498673 ], [ -118.62001925478512, 34.242699226404767 ], [ -118.620199609697224, 34.242702080760559 ], [ -118.620573537767825, 34.242705316465887 ], [ -118.620858091308293, 34.242703857158261 ], [ -118.62102350322408, 34.242699573653518 ], [ -118.621273234538521, 34.242687643855398 ], [ -118.621360862687069, 34.242679980743119 ], [ -118.621398870911747, 34.242673946287795 ], [ -118.621494653269096, 34.242650440687818 ], [ -118.621623423280184, 34.242613369495963 ], [ -118.621701017641271, 34.242591331101465 ], [ -118.621795022638295, 34.242551346886302 ], [ -118.621864237571401, 34.242514924866491 ], [ -118.621928477623911, 34.242476810921417 ], [ -118.622068428457439, 34.242386097405621 ], [ -118.622236416159282, 34.242283560040057 ], [ -118.622468691668189, 34.242149435165381 ], [ -118.622768453328405, 34.241969278481356 ], [ -118.622926531132833, 34.241869196468691 ], [ -118.623170233575649, 34.241714744627345 ], [ -118.623448554856992, 34.241543970855098 ], [ -118.623685771442965, 34.241407413742969 ], [ -118.623965891325412, 34.241256207516322 ], [ -118.624264075486309, 34.241087046898549 ], [ -118.624371137597493, 34.241023636015662 ], [ -118.624670848493082, 34.240837634610344 ], [ -118.624921227809466, 34.240692076384633 ], [ -118.625014004925134, 34.240641257579689 ], [ -118.625170022459713, 34.240555800045826 ], [ -118.625245838726272, 34.240517624528103 ], [ -118.625331580897765, 34.240479396777303 ], [ -118.62542724897385, 34.240441118575426 ], [ -118.625529547145788, 34.240404523480109 ], [ -118.625724298155788, 34.240342032112622 ], [ -118.626114490323189, 34.240232760648269 ], [ -118.626130425396099, 34.240228297590434 ], [ -118.626364905089986, 34.240169034550533 ], [ -118.626584605321057, 34.240124617631921 ], [ -118.626944792220854, 34.240061954687114 ], [ -118.627123157057241, 34.240020841406846 ], [ -118.627372462387726, 34.239953255831928 ], [ -118.627479843410967, 34.239932776755403 ], [ -118.627622006392642, 34.239917613058886 ], [ -118.627931173895718, 34.23989059118211 ], [ -118.628066722036081, 34.239875804771195 ], [ -118.628188976138532, 34.239853186942881 ], [ -118.628319450054278, 34.239823656521402 ], [ -118.628456500855052, 34.239788595970424 ], [ -118.628743875850219, 34.239723901285359 ], [ -118.62896695064353, 34.239688393235411 ], [ -118.629176833663919, 34.239658792679435 ], [ -118.629271005252761, 34.239641815576888 ], [ -118.629429521484241, 34.239601489965338 ], [ -118.629663890845876, 34.239528137099576 ], [ -118.629827260760294, 34.239473359137982 ], [ -118.630017003485904, 34.239405734548797 ], [ -118.630313895708156, 34.239287058666193 ], [ -118.630371604485219, 34.239261339856576 ], [ -118.630417746061156, 34.239237398720519 ], [ -118.630470442570413, 34.23920517966301 ], [ -118.630529683612266, 34.239163308770031 ], [ -118.630699042533351, 34.239025372964086 ], [ -118.630717159393683, 34.239014630366313 ], [ -118.630784656102961, 34.238970655384776 ], [ -118.630886854079378, 34.238921347134756 ], [ -118.631246429987726, 34.238778984867075 ], [ -118.631376667339424, 34.238718538275869 ], [ -118.631500263937085, 34.238655033882679 ], [ -118.631644099044649, 34.238574307844047 ], [ -118.632437654500308, 34.238571479966687 ], [ -118.632493187120332, 34.24044218311078 ], [ -118.632562824362964, 34.243082231759786 ], [ -118.632587847040412, 34.244419310002073 ], [ -118.632604701801029, 34.246643323707232 ], [ -118.63261895512197, 34.249178897211983 ], [ -118.632617759420782, 34.250330970431449 ], [ -118.632594863297626, 34.253858082272941 ], [ -118.632594858500696, 34.253858738625134 ], [ -118.632549997107787, 34.260165803341955 ], [ -118.632531921999458, 34.263020991772812 ], [ -118.632544196300415, 34.263330411993984 ], [ -118.632546629498606, 34.263433102744841 ], [ -118.633484231628103, 34.269663240616147 ], [ -118.632793443382454, 34.270230521584729 ], [ -118.631839358979576, 34.270997709064936 ], [ -118.631117252607126, 34.271584722686946 ], [ -118.630503672951946, 34.272079797670095 ], [ -118.629924651020872, 34.272549614964568 ], [ -118.629636793330008, 34.272784685255836 ], [ -118.62926164623039, 34.273076541754293 ], [ -118.629026262641801, 34.273247448761218 ], [ -118.628695291294775, 34.273472093480628 ], [ -118.628105625575117, 34.273849901990822 ], [ -118.627599658952761, 34.274133843695026 ], [ -118.62688896439569, 34.274485137811858 ], [ -118.626339656788787, 34.274729110304506 ], [ -118.625951895768026, 34.274886717234864 ], [ -118.625501277247494, 34.275049112113713 ], [ -118.625027449611281, 34.275206817161127 ], [ -118.624370162048649, 34.275398784099558 ], [ -118.623778673441649, 34.27553716761053 ], [ -118.623096088163223, 34.275666743726411 ], [ -118.622165309096388, 34.275806177880526 ], [ -118.619933230334482, 34.276116118875834 ], [ -118.618046729811965, 34.27638235038642 ], [ -118.614938310356905, 34.276814486820818 ], [ -118.610900623906403, 34.277375578344461 ], [ -118.610226056780405, 34.277474813313525 ], [ -118.609281891255606, 34.277599790030735 ], [ -118.60857752412538, 34.277698478762993 ], [ -118.608122913128227, 34.277773925997728 ], [ -118.607607140063664, 34.277860326613457 ], [ -118.607132287940971, 34.277884004815618 ], [ -118.606685506876374, 34.277898609791578 ], [ -118.606159192261757, 34.277901245680148 ], [ -118.605992029781859, 34.277902082384472 ], [ -118.605135714077605, 34.277818088193897 ], [ -118.604719590291424, 34.277723646633049 ], [ -118.604333254796686, 34.277628367999746 ], [ -118.603911834537627, 34.277487921657794 ], [ -118.603125387035888, 34.277222889505559 ], [ -118.599854335899764, 34.275998453202881 ], [ -118.598483535863622, 34.275484162678971 ], [ -118.597204017101291, 34.275002724964146 ], [ -118.596168492117542, 34.274616594002374 ], [ -118.595358445952641, 34.275444610733544 ], [ -118.595021654039144, 34.275795251072545 ], [ -118.593750438575739, 34.277176481263105 ], [ -118.592576529825848, 34.278048511906313 ], [ -118.592013278839104, 34.279143907973349 ], [ -118.591981870487942, 34.279382786314947 ], [ -118.591699824408764, 34.280222279566573 ], [ -118.591909522696369, 34.280616954804387 ], [ -118.592163572168005, 34.282363044280757 ], [ -118.591986016341195, 34.282300023498529 ], [ -118.592066338755814, 34.282889402104452 ], [ -118.592399561525227, 34.285293917375988 ], [ -118.59261793091197, 34.286907249285257 ], [ -118.592661493568002, 34.287214116035237 ], [ -118.592147952495438, 34.289024757062961 ], [ -118.589106542621465, 34.299500560142526 ], [ -118.588109208173947, 34.302925874103416 ], [ -118.586654121224356, 34.303191577442448 ], [ -118.585091541118786, 34.303476331836904 ], [ -118.571755102926815, 34.298610609097445 ], [ -118.571554956779892, 34.297911179231747 ], [ -118.571006823235976, 34.296921425074089 ], [ -118.570163123287372, 34.295799786801972 ], [ -118.570140171173534, 34.295348206784588 ], [ -118.568706642081651, 34.294636710860551 ], [ -118.566093996133844, 34.295809257123103 ], [ -118.56450027315833, 34.296863649815265 ], [ -118.563545069639673, 34.297847728306991 ], [ -118.562107787142978, 34.298788353521438 ], [ -118.561449631695908, 34.298900292007247 ], [ -118.559799334414407, 34.299189592049878 ], [ -118.557394167029884, 34.299242590318819 ], [ -118.554775768080987, 34.297106090081051 ], [ -118.554431188964998, 34.296572856211256 ], [ -118.554031156981509, 34.296413934417927 ], [ -118.552522651457494, 34.296611804999252 ], [ -118.550814205505404, 34.296833401422404 ], [ -118.549800019987757, 34.296964936057513 ], [ -118.546710121655479, 34.297866154315052 ], [ -118.545069560547063, 34.29812979147443 ], [ -118.541097174265232, 34.29876879634773 ], [ -118.540931809904478, 34.298795393960859 ], [ -118.540819273225026, 34.298813494633571 ], [ -118.541555164514591, 34.300216104559247 ], [ -118.541613520388466, 34.300279388854975 ], [ -118.542577374686104, 34.30134504200656 ], [ -118.542590708414835, 34.301358721785917 ], [ -118.543328210230939, 34.303254906677537 ], [ -118.544294626691723, 34.303943383460243 ], [ -118.544049216339403, 34.304647607266595 ], [ -118.543670446116423, 34.305721335035344 ], [ -118.544091933570357, 34.306627625882186 ], [ -118.544683060427872, 34.307901715827803 ], [ -118.54494335120161, 34.30846077450996 ], [ -118.545174954227065, 34.30893683772468 ], [ -118.545285731214037, 34.309165789812091 ], [ -118.545711980321272, 34.310035300464094 ], [ -118.545733837256449, 34.31008603818028 ], [ -118.545819620779483, 34.310290713853313 ], [ -118.546277174861089, 34.311387471258797 ], [ -118.546403332400317, 34.311688485397561 ], [ -118.546458861058866, 34.311823912566993 ], [ -118.546726331552861, 34.312464341663883 ], [ -118.546993766699416, 34.313098588458132 ], [ -118.5471014195424, 34.313354687639425 ], [ -118.547030874181829, 34.31345461856894 ], [ -118.546176300810856, 34.314694345168697 ], [ -118.54550702189168, 34.315659471652985 ], [ -118.546160099304657, 34.317024643164089 ], [ -118.546309531428008, 34.317338604982389 ], [ -118.534013002046493, 34.314538703681819 ], [ -118.531901999387316, 34.316130440391639 ], [ -118.526939710020685, 34.319864545802439 ], [ -118.510426536751467, 34.332324156316744 ], [ -118.507399560828603, 34.334595987114078 ], [ -118.507347029558957, 34.334635517832389 ] ] ] } },
{ "type": "Feature", "properties": { "OBJECTID": 3, "APREC": "FOOTHILL", "PREC": 16, "AREA": 1297384550.74, "PERIMETER": 203717.87916899999 }, "geometry": { "type": "Polygon", "coordinates": [ [ [ -118.41579283580333, 34.293838247831566 ], [ -118.415660105819342, 34.293934874050812 ], [ -118.414431773122828, 34.292779478370669 ], [ -118.413224175337888, 34.291643551209908 ], [ -118.411283469449643, 34.289818023524617 ], [ -118.41030226691241, 34.288894625530304 ], [ -118.409723492541673, 34.288341511229888 ], [ -118.409500608745674, 34.288123463797369 ], [ -118.409108117527907, 34.287749359559228 ], [ -118.409003344521992, 34.287649759116512 ], [ -118.40878046337437, 34.287431711260233 ], [ -118.408615821909464, 34.287275293027008 ], [ -118.408414591867285, 34.287083619845589 ], [ -118.408401282431939, 34.287069925302625 ], [ -118.408301485338924, 34.286972024904365 ], [ -118.408141837279487, 34.286821084966697 ], [ -118.407887782507373, 34.286997119556148 ], [ -118.407531295218035, 34.287235328493516 ], [ -118.406159433379898, 34.285932967991378 ], [ -118.40162637588341, 34.286433776438344 ], [ -118.401216089943432, 34.288045585468936 ], [ -118.401114624926819, 34.288444180980626 ], [ -118.400775375849349, 34.288463508904371 ], [ -118.4008993145505, 34.290142059892915 ], [ -118.400473215237653, 34.291726597426482 ], [ -118.400302538236829, 34.29238081563448 ], [ -118.399772820710865, 34.293419894449691 ], [ -118.396999765155329, 34.293375089126705 ], [ -118.39693080736842, 34.294190750649264 ], [ -118.396720613151075, 34.296985700126221 ], [ -118.393677967179528, 34.297019672326797 ], [ -118.393628342233924, 34.298782604435971 ], [ -118.38738530656255, 34.29877903279062 ], [ -118.387355403566986, 34.296974109343267 ], [ -118.38284070602873, 34.296940375518737 ], [ -118.38291445971268, 34.294253739277536 ], [ -118.382938335325051, 34.293324189801822 ], [ -118.382375388668279, 34.293301924516605 ], [ -118.382367199164406, 34.291515136098518 ], [ -118.386889656727774, 34.291500772998518 ], [ -118.386859851478263, 34.289714053552494 ], [ -118.384641765234406, 34.289733141682419 ], [ -118.384634328808616, 34.288120154326862 ], [ -118.38519773737444, 34.286457264530554 ], [ -118.385752958507979, 34.284818442941003 ], [ -118.382905405754869, 34.284149676343638 ], [ -118.381797610004227, 34.28388948283159 ], [ -118.378357934364985, 34.283504582789092 ], [ -118.37709932695509, 34.283364587478395 ], [ -118.374781651165762, 34.283653441585642 ], [ -118.374670347010436, 34.282826328119995 ], [ -118.372654348300486, 34.282838731666423 ], [ -118.373523200380419, 34.283177823509639 ], [ -118.373506720093516, 34.286152118752319 ], [ -118.36983025618251, 34.286133519097703 ], [ -118.370160460423421, 34.285568506579388 ], [ -118.370366201599325, 34.284932428935761 ], [ -118.370522493981184, 34.284344245781185 ], [ -118.370521615373079, 34.284146400970705 ], [ -118.370499005461468, 34.283900533813899 ], [ -118.370491879762511, 34.283786861999502 ], [ -118.370534035056167, 34.283588542031296 ], [ -118.370670165838945, 34.283306466607989 ], [ -118.3713329929368, 34.282356071272432 ], [ -118.370949255182296, 34.282212712225373 ], [ -118.370157501933491, 34.281916916822041 ], [ -118.369515524573416, 34.283465938651872 ], [ -118.368900515122505, 34.283257943387525 ], [ -118.368100462999507, 34.28200115847784 ], [ -118.367485945419588, 34.28039860274815 ], [ -118.367398056493428, 34.280361086066641 ], [ -118.3672716250599, 34.280591948192011 ], [ -118.364309598516485, 34.280759242545997 ], [ -118.36129945171524, 34.27975497832697 ], [ -118.360475973337813, 34.279937419689915 ], [ -118.358416962785341, 34.279553675197647 ], [ -118.354751202777919, 34.278868911041634 ], [ -118.351732117757564, 34.27884165245873 ], [ -118.351722858334384, 34.280178869340794 ], [ -118.351711047931047, 34.282481631806895 ], [ -118.334240956906129, 34.282441183707938 ], [ -118.33422857968857, 34.282441153861775 ], [ -118.326801584336962, 34.282419520108796 ], [ -118.32684065494459, 34.284787746368096 ], [ -118.326873986881324, 34.286113166617447 ], [ -118.316897630024926, 34.286115640254401 ], [ -118.316742125432256, 34.286115939804127 ], [ -118.299479253745673, 34.286147946854527 ], [ -118.299310929123806, 34.293212133843596 ], [ -118.290611758071407, 34.293227137931268 ], [ -118.290595313643976, 34.292783394809511 ], [ -118.286295797544497, 34.292661736155651 ], [ -118.286311847031698, 34.292073512564677 ], [ -118.286636893026781, 34.28015842045658 ], [ -118.286695180201022, 34.278335407462393 ], [ -118.273676757066625, 34.278065668281364 ], [ -118.273614063357343, 34.280650534098591 ], [ -118.273587769894533, 34.281717800728444 ], [ -118.247466958256979, 34.281624239877146 ], [ -118.238790368005894, 34.28158773369293 ], [ -118.238816244736128, 34.277905870514815 ], [ -118.238901129428243, 34.267087997599077 ], [ -118.248008457778369, 34.267231466149674 ], [ -118.253424860406838, 34.267202388618749 ], [ -118.256696559667517, 34.267189656919619 ], [ -118.256682147868645, 34.266808419173252 ], [ -118.25650009080789, 34.252264968910829 ], [ -118.265202709072412, 34.252377153396267 ], [ -118.265266545293713, 34.252377973656962 ], [ -118.265296256046327, 34.250273032249417 ], [ -118.266677782956478, 34.250779728125814 ], [ -118.266689674031738, 34.247769399931784 ], [ -118.266089089130261, 34.247770721685342 ], [ -118.266039001107629, 34.245552262020126 ], [ -118.265997864733279, 34.244065405151424 ], [ -118.265999328774043, 34.242967280708733 ], [ -118.266003567405434, 34.242739884761569 ], [ -118.266011895732163, 34.242238377519094 ], [ -118.26601493244651, 34.241633837502484 ], [ -118.266021776328884, 34.24066656874475 ], [ -118.266022452124517, 34.240359491352528 ], [ -118.266731896278174, 34.24078969068912 ], [ -118.266790709835462, 34.232274566544078 ], [ -118.266802496840171, 34.23132532644383 ], [ -118.266802550393436, 34.231321026009553 ], [ -118.266826984150484, 34.227579389562436 ], [ -118.266873170906138, 34.221846521531305 ], [ -118.284449813555355, 34.221716830933005 ], [ -118.291770232453615, 34.221663335371382 ], [ -118.293740087432894, 34.221646547627479 ], [ -118.304193095743202, 34.221572633625556 ], [ -118.319301905959065, 34.221449898249041 ], [ -118.322943426906775, 34.221422708546932 ], [ -118.323084487600582, 34.221421653139636 ], [ -118.337406775823553, 34.221311061364489 ], [ -118.337463887747859, 34.221310616314668 ], [ -118.334543280576113, 34.21561823684813 ], [ -118.335222074832274, 34.215381069952002 ], [ -118.336417857927529, 34.214567467921718 ], [ -118.336034806724086, 34.214316757777333 ], [ -118.337701554813606, 34.212597092439161 ], [ -118.337740847821678, 34.211271814432259 ], [ -118.339566754266542, 34.211300021746517 ], [ -118.339807777672149, 34.211194238602559 ], [ -118.339841830738592, 34.209808864632699 ], [ -118.339929260165164, 34.206504629022035 ], [ -118.342419908393254, 34.206546723740416 ], [ -118.343124034586225, 34.206557446766332 ], [ -118.343452856064204, 34.206562453960835 ], [ -118.344293680094367, 34.206577471829327 ], [ -118.345419934094352, 34.20659727501112 ], [ -118.346405614298163, 34.206614722407444 ], [ -118.3476740798734, 34.206632379911298 ], [ -118.349074850950046, 34.206652390329374 ], [ -118.350369674460723, 34.206673018660481 ], [ -118.35066251441333, 34.206677682230307 ], [ -118.353593048556107, 34.206717240727471 ], [ -118.362972227783956, 34.206857112107024 ], [ -118.363186776022786, 34.208312599441669 ], [ -118.363208672154258, 34.208461143898845 ], [ -118.363747789490461, 34.208460554685971 ], [ -118.364839255376296, 34.208459672640146 ], [ -118.365958829910369, 34.208457665271425 ], [ -118.367035412283698, 34.208456808431741 ], [ -118.368163256823763, 34.208455099060131 ], [ -118.369519315288485, 34.208452682371835 ], [ -118.370311464855291, 34.208454382197068 ], [ -118.371967083755976, 34.20845764440535 ], [ -118.374675729400352, 34.208462928511047 ], [ -118.375008400848614, 34.20846357017092 ], [ -118.376858688863962, 34.208467140056605 ], [ -118.377802984813258, 34.20846900378838 ], [ -118.379049909333176, 34.208469568906054 ], [ -118.380133112834613, 34.208469948716704 ], [ -118.381217970061968, 34.208470313618669 ], [ -118.382321019748474, 34.208470954791053 ], [ -118.383409186007199, 34.208471633073962 ], [ -118.384470891245797, 34.208472042175131 ], [ -118.385549135240026, 34.208472732741896 ], [ -118.386640607388912, 34.208473027940407 ], [ -118.387780038899265, 34.208473503069982 ], [ -118.390014252719254, 34.208474565077111 ], [ -118.391044536342406, 34.208475017779847 ], [ -118.391674613826609, 34.208475040551058 ], [ -118.392136010151503, 34.20847560688258 ], [ -118.393229139308758, 34.208476524244311 ], [ -118.394327230721458, 34.208477415556324 ], [ -118.396501913146352, 34.208479238745426 ], [ -118.398142936732356, 34.208480866232428 ], [ -118.400216239587778, 34.208482809287311 ], [ -118.402334694308067, 34.208484370135345 ], [ -118.40464498612269, 34.208486282888984 ], [ -118.405208975672295, 34.208499165174238 ], [ -118.405201677498823, 34.208358360365366 ], [ -118.405200393103016, 34.208312596287136 ], [ -118.405197678436281, 34.208215827077154 ], [ -118.405203068307301, 34.207963345928761 ], [ -118.405207646096173, 34.207884328821358 ], [ -118.40521555294589, 34.207809765881485 ], [ -118.405238049734123, 34.207674700540515 ], [ -118.405251035967538, 34.207624507187795 ], [ -118.40532428706706, 34.207384165102297 ], [ -118.405345469979608, 34.207319175282514 ], [ -118.405366714548109, 34.207266894233584 ], [ -118.405387977431005, 34.207218391465361 ], [ -118.405476461161797, 34.207050129398446 ], [ -118.405509271371017, 34.206995748645376 ], [ -118.405607811846878, 34.206855276038873 ], [ -118.405693102524978, 34.206710725048794 ], [ -118.40586367574268, 34.206419907285806 ], [ -118.405914932339726, 34.206305047966218 ], [ -118.406121580874242, 34.206931874512428 ], [ -118.407656264130139, 34.212590398101455 ], [ -118.407952742127534, 34.21363281918839 ], [ -118.408525786701105, 34.215751115850011 ], [ -118.408526699526448, 34.215754473702106 ], [ -118.40919870841573, 34.218228008757272 ], [ -118.409636108947282, 34.219856144629702 ], [ -118.409806259182872, 34.220473968676153 ], [ -118.410047252198851, 34.221381901828543 ], [ -118.41010787268057, 34.221684613213988 ], [ -118.410860314190003, 34.224379655913388 ], [ -118.410880549539343, 34.224486018297597 ], [ -118.410900986379858, 34.224633312532568 ], [ -118.410921322569664, 34.22476014128771 ], [ -118.410951736305663, 34.224931964042746 ], [ -118.410972536062204, 34.225152940651384 ], [ -118.410993820608624, 34.225472158930991 ], [ -118.410995392297409, 34.225791444160215 ], [ -118.410987026309897, 34.226094389403904 ], [ -118.410939640134146, 34.226479335842008 ], [ -118.410882034826841, 34.226790635143757 ], [ -118.410814370465843, 34.227061033322741 ], [ -118.410658926481858, 34.227520030044943 ], [ -118.410520558158012, 34.227909473566513 ], [ -118.410172468299791, 34.228815214905289 ], [ -118.409919859504086, 34.229561082117222 ], [ -118.409813406979723, 34.22996260278132 ], [ -118.409775828439962, 34.230339329550887 ], [ -118.409728072667136, 34.230650594019956 ], [ -118.409729760150924, 34.230994440353122 ], [ -118.409772439914562, 34.231423634440574 ], [ -118.409812069916995, 34.231698237676014 ], [ -118.409884753592223, 34.232028705454866 ], [ -118.410052452026321, 34.232475182163867 ], [ -118.410229728250698, 34.232986634290398 ], [ -118.410382394353533, 34.233427077025631 ], [ -118.410939260716034, 34.234028179410728 ], [ -118.411488887498436, 34.234619389658398 ], [ -118.412071628532416, 34.235136350303527 ], [ -118.413281991985428, 34.236216443645247 ], [ -118.414649283361157, 34.23743499021041 ], [ -118.416105646042766, 34.238795054275585 ], [ -118.417272663048266, 34.239923388382124 ], [ -118.418774948656107, 34.241336026599868 ], [ -118.420344561457824, 34.242813280019206 ], [ -118.422071152964207, 34.244428969666103 ], [ -118.425556634689002, 34.247735885971487 ], [ -118.42870972763663, 34.250711114391279 ], [ -118.429292561244182, 34.251261039277793 ], [ -118.435000203934322, 34.256685723997677 ], [ -118.438261515652982, 34.259726032648267 ], [ -118.438478386339995, 34.259931981034569 ], [ -118.438945401362119, 34.260357537837564 ], [ -118.439279158204897, 34.260693992339377 ], [ -118.439788550104709, 34.261284780365479 ], [ -118.440105968657562, 34.261669529704328 ], [ -118.440331766945235, 34.261992591022739 ], [ -118.440566012452393, 34.262343186640344 ], [ -118.440716752702812, 34.262597609436249 ], [ -118.440867493872318, 34.262852032043448 ], [ -118.441160388581437, 34.263305779787821 ], [ -118.441478477310838, 34.263814563169952 ], [ -118.442061688507437, 34.264751446508505 ], [ -118.441830135201869, 34.265035091030505 ], [ -118.441371634142698, 34.265575414935078 ], [ -118.440986926859125, 34.266071932995452 ], [ -118.440629846013707, 34.266548196269447 ], [ -118.44052254224286, 34.266696405774127 ], [ -118.440258574447455, 34.267060999861897 ], [ -118.439792602176325, 34.267776549921408 ], [ -118.439379763199312, 34.268479291907994 ], [ -118.438785295826847, 34.269590385607877 ], [ -118.438342307477626, 34.270454091186373 ], [ -118.437541704108426, 34.271925242919032 ], [ -118.437030052677386, 34.272870609632676 ], [ -118.436620839124146, 34.27364910050418 ], [ -118.436048916438821, 34.274695591307186 ], [ -118.435759844726689, 34.275206232985099 ], [ -118.435518734044877, 34.27559056178599 ], [ -118.435271279661436, 34.275924458295329 ], [ -118.434914922011998, 34.276354610601153 ], [ -118.434516040677295, 34.276789960356901 ], [ -118.434173465910291, 34.277088428252334 ], [ -118.433928216318861, 34.27729142149812 ], [ -118.433752009180239, 34.277427618074405 ], [ -118.433920373608146, 34.27758766719743 ], [ -118.433791484045599, 34.277685996422626 ], [ -118.43377845336444, 34.277695937488915 ], [ -118.432523504884287, 34.278667952306471 ], [ -118.430662566113725, 34.280482699658634 ], [ -118.428063754985729, 34.282381779258372 ], [ -118.42728207369251, 34.282945797037861 ], [ -118.424023438138803, 34.285323530656306 ], [ -118.424012760828774, 34.285331314958 ], [ -118.417121293794551, 34.290355535263053 ], [ -118.41863477361693, 34.291769255601345 ], [ -118.41579283580333, 34.293838247831566 ] ] ] } },
{ "type": "Feature", "properties": { "OBJECTID": 4, "APREC": "TOPANGA", "PREC": 21, "AREA": 909032643.829, "PERIMETER": 155505.79545800001 }, "geometry": { "type": "Polygon", "coordinates": [ [ [ -118.631644099044649, 34.238574307844047 ], [ -118.631500263937085, 34.238655033882679 ], [ -118.631376667339424, 34.238718538275869 ], [ -118.631246429987726, 34.238778984867075 ], [ -118.630886854079378, 34.238921347134756 ], [ -118.630784656102961, 34.238970655384776 ], [ -118.630717159393683, 34.239014630366313 ], [ -118.630699042533351, 34.239025372964086 ], [ -118.630529683612266, 34.239163308770031 ], [ -118.630470442570413, 34.23920517966301 ], [ -118.630417746061156, 34.239237398720519 ], [ -118.630371604485219, 34.239261339856576 ], [ -118.630313895708156, 34.239287058666193 ], [ -118.630017003485904, 34.239405734548797 ], [ -118.629827260760294, 34.239473359137982 ], [ -118.629663890845876, 34.239528137099576 ], [ -118.629429521484241, 34.239601489965338 ], [ -118.629271005252761, 34.239641815576888 ], [ -118.629176833663919, 34.239658792679435 ], [ -118.62896695064353, 34.239688393235411 ], [ -118.628743875850219, 34.239723901285359 ], [ -118.628456500855052, 34.239788595970424 ], [ -118.628319450054278, 34.239823656521402 ], [ -118.628188976138532, 34.239853186942881 ], [ -118.628066722036081, 34.239875804771195 ], [ -118.627931173895718, 34.23989059118211 ], [ -118.627622006392642, 34.239917613058886 ], [ -118.627479843410967, 34.239932776755403 ], [ -118.627372462387726, 34.239953255831928 ], [ -118.627123157057241, 34.240020841406846 ], [ -118.626944792220854, 34.240061954687114 ], [ -118.626584605321057, 34.240124617631921 ], [ -118.626364905089986, 34.240169034550533 ], [ -118.626130425396099, 34.240228297590434 ], [ -118.626114490323189, 34.240232760648269 ], [ -118.625724298155788, 34.240342032112622 ], [ -118.625529547145788, 34.240404523480109 ], [ -118.62542724897385, 34.240441118575426 ], [ -118.625331580897765, 34.240479396777303 ], [ -118.625245838726272, 34.240517624528103 ], [ -118.625170022459713, 34.240555800045826 ], [ -118.625014004925134, 34.240641257579689 ], [ -118.624921227809466, 34.240692076384633 ], [ -118.624670848493082, 34.240837634610344 ], [ -118.624371137597493, 34.241023636015662 ], [ -118.624264075486309, 34.241087046898549 ], [ -118.623965891325412, 34.241256207516322 ], [ -118.623685771442965, 34.241407413742969 ], [ -118.623448554856992, 34.241543970855098 ], [ -118.623170233575649, 34.241714744627345 ], [ -118.622926531132833, 34.241869196468691 ], [ -118.622768453328405, 34.241969278481356 ], [ -118.622468691668189, 34.242149435165381 ], [ -118.622236416159282, 34.242283560040057 ], [ -118.622068428457439, 34.242386097405621 ], [ -118.621928477623911, 34.242476810921417 ], [ -118.621864237571401, 34.242514924866491 ], [ -118.621795022638295, 34.242551346886302 ], [ -118.621701017641271, 34.242591331101465 ], [ -118.621623423280184, 34.242613369495963 ], [ -118.621494653269096, 34.242650440687818 ], [ -118.621398870911747, 34.242673946287795 ], [ -118.621360862687069, 34.242679980743119 ], [ -118.621273234538521, 34.242687643855398 ], [ -118.62102350322408, 34.242699573653518 ], [ -118.620858091308293, 34.242703857158261 ], [ -118.620573537767825, 34.242705316465887 ], [ -118.620199609697224, 34.242702080760559 ], [ -118.62001925478512, 34.242699226404767 ], [ -118.619186979802762, 34.242686999498673 ], [ -118.619138997845653, 34.242686557974992 ], [ -118.618763421717802, 34.242684013243135 ], [ -118.617913083707663, 34.242690074871227 ], [ -118.617757547062112, 34.242687433929333 ], [ -118.617641700169685, 34.242682529319104 ], [ -118.617552309492368, 34.24267577216591 ], [ -118.61743150204552, 34.242671236154251 ], [ -118.617295825562778, 34.242669523774296 ], [ -118.617153567139994, 34.24267265365819 ], [ -118.617022949175791, 34.242683967784025 ], [ -118.61694692663464, 34.242695003493338 ], [ -118.616728696325751, 34.242716038072771 ], [ -118.616498778733828, 34.242722705225681 ], [ -118.616273729322231, 34.24271663803944 ], [ -118.616073428214477, 34.242701170248417 ], [ -118.615763754928096, 34.242661527356518 ], [ -118.615565164144556, 34.242653606794903 ], [ -118.615333550660921, 34.242654784526643 ], [ -118.615080469353089, 34.242661223256846 ], [ -118.614779440412846, 34.242672026885487 ], [ -118.614638828679034, 34.242674114980396 ], [ -118.614200592654754, 34.242700040417532 ], [ -118.614099701028991, 34.24270398725367 ], [ -118.613538962598128, 34.242719883601971 ], [ -118.612768100532065, 34.242734436909167 ], [ -118.612514984935089, 34.242736405082823 ], [ -118.612028604788478, 34.24273989597453 ], [ -118.611528944296751, 34.242737269200447 ], [ -118.610390570402657, 34.242721032160247 ], [ -118.610117560683932, 34.24271725632569 ], [ -118.608246271605509, 34.242701256519346 ], [ -118.607299874977926, 34.242693299718077 ], [ -118.607156124871736, 34.24269377658905 ], [ -118.60709803753663, 34.242693968792956 ], [ -118.606985537477314, 34.242694189540082 ], [ -118.606489216116813, 34.242695647090187 ], [ -118.606456131092344, 34.242696156359763 ], [ -118.606348681911271, 34.242252905507591 ], [ -118.606321306411573, 34.242128356001061 ], [ -118.606248138174664, 34.241849121254596 ], [ -118.606203518482445, 34.241628137578701 ], [ -118.606165455476372, 34.241398876402783 ], [ -118.606153064436953, 34.241287304409354 ], [ -118.606143979628385, 34.241175372367429 ], [ -118.606096615716055, 34.240348485315451 ], [ -118.606093831677413, 34.240192898564395 ], [ -118.606098124013286, 34.239988969687488 ], [ -118.606111051751682, 34.23937461879926 ], [ -118.606114032030703, 34.239101528906211 ], [ -118.606113904842587, 34.23908401158414 ], [ -118.606112518246263, 34.238893038426063 ], [ -118.606102179351282, 34.238608336594361 ], [ -118.606077746838935, 34.237977468029996 ], [ -118.60606613043953, 34.237744639490352 ], [ -118.606060840940842, 34.237699668867499 ], [ -118.606038522447875, 34.237587803085489 ], [ -118.605995908920633, 34.237414896906849 ], [ -118.605968787350292, 34.237325038483249 ], [ -118.605931518347305, 34.237204660302162 ], [ -118.605843766499277, 34.236966717067965 ], [ -118.605806522762052, 34.236849773617188 ], [ -118.605779506261584, 34.236774341181224 ], [ -118.605739083785394, 34.236675275069402 ], [ -118.605683683398595, 34.236563918285547 ], [ -118.605619984481734, 34.236448823718746 ], [ -118.60555630708518, 34.2363368213176 ], [ -118.605442527721138, 34.236159463061725 ], [ -118.60532712696822, 34.235986577271163 ], [ -118.605201584628475, 34.235783859412869 ], [ -118.605139605948992, 34.235677687622001 ], [ -118.605040673059349, 34.235494414539858 ], [ -118.605013881721874, 34.235449894856309 ], [ -118.604800518069254, 34.235455426658923 ], [ -118.604578863324605, 34.235458251588852 ], [ -118.603933645748583, 34.235452542341001 ], [ -118.603005555556976, 34.235448239402054 ], [ -118.602322355247352, 34.235451641531021 ], [ -118.602120538837298, 34.23545264577718 ], [ -118.601743387499468, 34.235456582530304 ], [ -118.601374505902911, 34.235460133526253 ], [ -118.60037368028965, 34.23546338508325 ], [ -118.59974669515924, 34.23546237191637 ], [ -118.598969168793005, 34.235461413669853 ], [ -118.597615922474219, 34.235456768397107 ], [ -118.597571258171968, 34.235456988940413 ], [ -118.597278450393546, 34.235457403890109 ], [ -118.596087373070972, 34.235459497844971 ], [ -118.595486872911238, 34.235460736583761 ], [ -118.594376879855389, 34.235466193091789 ], [ -118.593953375327018, 34.235465524360407 ], [ -118.592719253578011, 34.235462987561313 ], [ -118.592521388419158, 34.23545865084855 ], [ -118.592550934682848, 34.234523050064936 ], [ -118.592585548756873, 34.234190174848706 ], [ -118.592614981540279, 34.233995526626771 ], [ -118.592752831446603, 34.233447167574042 ], [ -118.593087061720439, 34.231915085803244 ], [ -118.593224251531907, 34.231274595882375 ], [ -118.593313777554982, 34.230864673753658 ], [ -118.593385033518672, 34.230485552314583 ], [ -118.593438166362986, 34.23015770499611 ], [ -118.593460159519722, 34.229783944050347 ], [ -118.593456594002888, 34.229282343853612 ], [ -118.593424254396979, 34.229067524208105 ], [ -118.593379335941819, 34.228816936077507 ], [ -118.593303461982984, 34.228546024683418 ], [ -118.593173892429405, 34.228207549518253 ], [ -118.593096147225012, 34.228010107871519 ], [ -118.593041010711943, 34.227901996891696 ], [ -118.592941633650184, 34.227688730832604 ], [ -118.592820468239154, 34.227469550005573 ], [ -118.592743329885593, 34.227325419009112 ], [ -118.592677235777344, 34.227205318684 ], [ -118.592640521540247, 34.227139265490742 ], [ -118.592622207176049, 34.227112259206926 ], [ -118.592333297475037, 34.226749391309681 ], [ -118.591961007424047, 34.226383919477513 ], [ -118.591873372141038, 34.226292524749113 ], [ -118.591472391170285, 34.225969339948257 ], [ -118.591064568243809, 34.225703388558259 ], [ -118.590696978334933, 34.225488420198367 ], [ -118.59036237157602, 34.225324469698748 ], [ -118.590155125973709, 34.225232152536023 ], [ -118.590009707258233, 34.225169638916547 ], [ -118.589831435497274, 34.225074168766611 ], [ -118.58961321315418, 34.224966850166901 ], [ -118.589416481771352, 34.224823299741573 ], [ -118.589248935396839, 34.224706701955334 ], [ -118.589135967477475, 34.22461994446563 ], [ -118.588902823840243, 34.224452485677702 ], [ -118.588596582139616, 34.224198074495206 ], [ -118.588417465416242, 34.223982182369021 ], [ -118.58827115931544, 34.223793225545705 ], [ -118.58811739309904, 34.223574199477781 ], [ -118.58805885417361, 34.223496208136389 ], [ -118.587911913800923, 34.223216936180975 ], [ -118.587742085128241, 34.222775202126471 ], [ -118.587657054386696, 34.222537777332278 ], [ -118.587620220137396, 34.222453659849741 ], [ -118.58748027639858, 34.222138225752893 ], [ -118.587414024529892, 34.221994038570365 ], [ -118.587310600436467, 34.221717564911991 ], [ -118.587246850733806, 34.221413803565255 ], [ -118.587224322814464, 34.221302520568557 ], [ -118.587182107540187, 34.22096854845401 ], [ -118.58715159039248, 34.220751933314006 ], [ -118.587143431621854, 34.220622517201456 ], [ -118.587131743602313, 34.220254194987284 ], [ -118.587129215838857, 34.219961235439399 ], [ -118.586873246759907, 34.219970207947156 ], [ -118.586330791157707, 34.219977646549971 ], [ -118.584786110570803, 34.219998174225751 ], [ -118.584175855543833, 34.220007648257614 ], [ -118.58334640228783, 34.220020291183303 ], [ -118.581968016579978, 34.220041300924223 ], [ -118.581946517890032, 34.22004174781074 ], [ -118.579771753350244, 34.220074857834192 ], [ -118.579277227063173, 34.22007722630638 ], [ -118.577795454081397, 34.220106294259509 ], [ -118.575738095162933, 34.22013567969335 ], [ -118.575405691615288, 34.220142756660259 ], [ -118.574425129742735, 34.220179703530917 ], [ -118.573904224744254, 34.220194540859644 ], [ -118.573379943292011, 34.220199430770364 ], [ -118.572858840036815, 34.220185411480728 ], [ -118.572729779055706, 34.220178122181416 ], [ -118.571037975901049, 34.220211536187684 ], [ -118.569569415092573, 34.220238380098124 ], [ -118.568863219009373, 34.220246854498072 ], [ -118.568577102313256, 34.22025026019967 ], [ -118.567669113176748, 34.220257958221644 ], [ -118.56666861305024, 34.220282226670811 ], [ -118.566031858327975, 34.220286924435158 ], [ -118.56558698570484, 34.220294500484499 ], [ -118.565125575963052, 34.220302495621958 ], [ -118.564700524859731, 34.220306197461461 ], [ -118.564477257376822, 34.220309300142979 ], [ -118.563900067239913, 34.220317143689918 ], [ -118.563390697677107, 34.220326042682274 ], [ -118.562945826921876, 34.220333952499104 ], [ -118.562519160962495, 34.220343493493338 ], [ -118.562281010175226, 34.220347004799123 ], [ -118.562285664584948, 34.21981010965122 ], [ -118.562289442193233, 34.219388630732723 ], [ -118.562289335895855, 34.219127235531012 ], [ -118.562280382212151, 34.21804322543877 ], [ -118.562279753091033, 34.217949799473743 ], [ -118.562279001385662, 34.217838169184589 ], [ -118.562282517448409, 34.217623471593299 ], [ -118.56228849723405, 34.216792199682949 ], [ -118.562288057774509, 34.216726938898432 ], [ -118.562286373957065, 34.216476887050227 ], [ -118.562272225323142, 34.215603803072106 ], [ -118.562271945468837, 34.215562242256588 ], [ -118.562268830240427, 34.214853981514572 ], [ -118.562269984500645, 34.214779782621065 ], [ -118.562284714570666, 34.213528726117239 ], [ -118.56228573939147, 34.213189697241084 ], [ -118.562287212899392, 34.212917303962421 ], [ -118.562281192644789, 34.212023229406554 ], [ -118.562279127329774, 34.211716502815968 ], [ -118.562273680501562, 34.211398800306242 ], [ -118.562269531477199, 34.210782600203622 ], [ -118.562268839980106, 34.210679900336757 ], [ -118.5622716906487, 34.208892712487369 ], [ -118.562268078292959, 34.208356199238224 ], [ -118.562267845385392, 34.208312581780881 ], [ -118.562255343312472, 34.205973472855277 ], [ -118.562255197624339, 34.205951833752948 ], [ -118.562256766515404, 34.204956738295216 ], [ -118.562259077094083, 34.204808683986776 ], [ -118.562258982281847, 34.204794601396394 ], [ -118.562252112148173, 34.203528531785494 ], [ -118.562249941002619, 34.202960410896019 ], [ -118.562254354561702, 34.201896603610102 ], [ -118.562256124363756, 34.201176985952465 ], [ -118.562256455485425, 34.201105453146603 ], [ -118.562256797464769, 34.20103134277381 ], [ -118.562256731010407, 34.200284598056221 ], [ -118.562252148157498, 34.199358228915131 ], [ -118.56225460508675, 34.198249433733274 ], [ -118.562252616940356, 34.197462852381022 ], [ -118.562251937135628, 34.197361869905841 ], [ -118.562253086752762, 34.197041388840475 ], [ -118.562241918769388, 34.195382388337421 ], [ -118.562244721834432, 34.195061899589831 ], [ -118.562245635607368, 34.194706383791903 ], [ -118.562245388674214, 34.194178442138089 ], [ -118.56225792487588, 34.193830085579137 ], [ -118.562231317020789, 34.19233362695141 ], [ -118.562234131584418, 34.192014855598131 ], [ -118.562240299359686, 34.191457344121247 ], [ -118.562239118155503, 34.191036231756286 ], [ -118.562238528588367, 34.190948644918294 ], [ -118.562233328340312, 34.190667351072122 ], [ -118.562237058773107, 34.190434205084287 ], [ -118.562242638545456, 34.190085437306287 ], [ -118.562236065018979, 34.189600117652589 ], [ -118.562232640994253, 34.189091426140365 ], [ -118.562232805410559, 34.188870217856007 ], [ -118.562236242551606, 34.187907058219068 ], [ -118.562242118704958, 34.187306268555488 ], [ -118.562241041337145, 34.187146207005007 ], [ -118.562235210175004, 34.18677114463182 ], [ -118.562228914090028, 34.186572636624675 ], [ -118.562224322166287, 34.186381678345413 ], [ -118.562210213280196, 34.186004936106528 ], [ -118.562202937135993, 34.185660793518615 ], [ -118.562202694404149, 34.185624728351272 ], [ -118.562203622123022, 34.185271273441316 ], [ -118.562215311382033, 34.184551609740019 ], [ -118.562224646162804, 34.184219068553674 ], [ -118.562231377225544, 34.183990959982097 ], [ -118.562239692115753, 34.183752540293796 ], [ -118.562241056592555, 34.183464002688709 ], [ -118.562240152098781, 34.181610195736639 ], [ -118.562237327119405, 34.181190464998366 ], [ -118.562235373468482, 34.180899708796787 ], [ -118.562224561898717, 34.179293777157447 ], [ -118.562226333784125, 34.178574502177483 ], [ -118.562216551105692, 34.177120901591422 ], [ -118.562206358243202, 34.17658888438288 ], [ -118.562202914129443, 34.176077101625943 ], [ -118.562204567541201, 34.175831498761241 ], [ -118.562204435787564, 34.175811920529306 ], [ -118.562230511589291, 34.17452818009059 ], [ -118.562229554897542, 34.174140386028768 ], [ -118.562215750855941, 34.173808639418041 ], [ -118.56220119304453, 34.173610513334275 ], [ -118.562197348469468, 34.173530498388615 ], [ -118.562192771508265, 34.173454478887066 ], [ -118.562188043315246, 34.173375971825401 ], [ -118.562187904635365, 34.173355363160731 ], [ -118.562179723230187, 34.173122171608078 ], [ -118.562177985145169, 34.172863876345133 ], [ -118.562189501050398, 34.17260998391798 ], [ -118.562533141840618, 34.172581250338318 ], [ -118.563830086462502, 34.172478003272971 ], [ -118.56385652038756, 34.172475819095439 ], [ -118.564188577531937, 34.1724454173727 ], [ -118.564827860363508, 34.172379574840484 ], [ -118.565533319762608, 34.17232200668672 ], [ -118.565895157347569, 34.172295582865637 ], [ -118.565889544632014, 34.172199087943994 ], [ -118.565885525597366, 34.171849778890248 ], [ -118.565885896671148, 34.171660514059219 ], [ -118.565889669074792, 34.171485317244617 ], [ -118.565889577165748, 34.171227700359061 ], [ -118.565878107640216, 34.17099864716576 ], [ -118.565853874074591, 34.170593443170958 ], [ -118.565848361558082, 34.170511718690371 ], [ -118.565840251633801, 34.170290549111442 ], [ -118.565838339728188, 34.169520111447603 ], [ -118.565838155955944, 34.169492976712554 ], [ -118.565830167125611, 34.169289668875471 ], [ -118.565822384382628, 34.168872709300373 ], [ -118.565825989310198, 34.168672782102583 ], [ -118.56584136929277, 34.168503025897969 ], [ -118.5658460116572, 34.168456289734102 ], [ -118.565852416259617, 34.168425689285421 ], [ -118.565858662669953, 34.168371732355993 ], [ -118.565873882013207, 34.168178276189835 ], [ -118.565867925310584, 34.168030947481114 ], [ -118.565857019238322, 34.167885015886576 ], [ -118.565841126596681, 34.167734984860829 ], [ -118.565828507237626, 34.167580130579587 ], [ -118.565816980228178, 34.167342490449798 ], [ -118.565815342664251, 34.167100681283323 ], [ -118.565817073676357, 34.166868131447771 ], [ -118.565825088804715, 34.166647108208679 ], [ -118.565831001844089, 34.166484045197222 ], [ -118.565839355889523, 34.16625318091333 ], [ -118.565843143389785, 34.165836167215865 ], [ -118.565843152946869, 34.165349443028411 ], [ -118.565840126654919, 34.164902577718699 ], [ -118.565833901733143, 34.164471527851283 ], [ -118.565831203495406, 34.164073092893226 ], [ -118.565832143544327, 34.163723760672028 ], [ -118.565503302843652, 34.163735603647453 ], [ -118.565093463650229, 34.163746450328198 ], [ -118.5647248960246, 34.163749889621137 ], [ -118.564706715038952, 34.163749974528798 ], [ -118.564324961963649, 34.163758969994539 ], [ -118.564171226780346, 34.163756252479203 ], [ -118.563949640331856, 34.163741142158415 ], [ -118.563780952277227, 34.163727158763628 ], [ -118.563685017078939, 34.163716956970141 ], [ -118.563589033256946, 34.163699542970868 ], [ -118.563488028484926, 34.163672878104521 ], [ -118.563377035093268, 34.163635611549701 ], [ -118.563300798438661, 34.163605396244023 ], [ -118.563176457696059, 34.163549643305956 ], [ -118.563115083699969, 34.163517297730593 ], [ -118.563003954131005, 34.16345976565011 ], [ -118.562891137195678, 34.16339708899612 ], [ -118.562784910843433, 34.163331290168017 ], [ -118.562668651071576, 34.163248362611427 ], [ -118.562537510434026, 34.163164474609445 ], [ -118.562403170800863, 34.163096401813881 ], [ -118.562230805365346, 34.163026788239598 ], [ -118.562247396023011, 34.162790390147165 ], [ -118.562248833871294, 34.162758439036239 ], [ -118.562258485051913, 34.162473298752438 ], [ -118.562255672384467, 34.161809690361288 ], [ -118.562271883515876, 34.161762557063987 ], [ -118.56229471960512, 34.161717453887704 ], [ -118.562324178331565, 34.161674037350984 ], [ -118.562440519689559, 34.161524078780864 ], [ -118.562537388122763, 34.161427793987123 ], [ -118.562588321071502, 34.161382560037609 ], [ -118.562667256212251, 34.161323112740014 ], [ -118.562737899642144, 34.161259582118319 ], [ -118.562767391448659, 34.161220974156436 ], [ -118.56279191921773, 34.161181702314856 ], [ -118.562813139119143, 34.161142102376509 ], [ -118.56287501867385, 34.161004418059207 ], [ -118.562887923776074, 34.160957300067288 ], [ -118.56289910668562, 34.160899885437779 ], [ -118.562914833657246, 34.160780965221065 ], [ -118.562919206493035, 34.160694042286906 ], [ -118.562917991646714, 34.160513715607365 ], [ -118.562920316022712, 34.160368065685958 ], [ -118.562917966766904, 34.160264686601344 ], [ -118.562925612669247, 34.160172939591583 ], [ -118.562943075510574, 34.160066375972669 ], [ -118.562959237319276, 34.160012029553393 ], [ -118.562985211418422, 34.159942180466004 ], [ -118.563043832933104, 34.15981172538779 ], [ -118.56307483686507, 34.159752501000824 ], [ -118.563136983482323, 34.159654659961511 ], [ -118.563186090976572, 34.159584016111609 ], [ -118.563215608682228, 34.159549529778353 ], [ -118.56327942501423, 34.159454086207788 ], [ -118.563354415551487, 34.15930019750558 ], [ -118.563372387147425, 34.159269199812172 ], [ -118.563387129698143, 34.159249552280208 ], [ -118.563408471572544, 34.159228156554285 ], [ -118.563444477208606, 34.159175434143847 ], [ -118.563473811681646, 34.159113813013064 ], [ -118.563489864095445, 34.159043323073988 ], [ -118.56349295412744, 34.159011364247945 ], [ -118.563492500133364, 34.158944042628008 ], [ -118.563478256897852, 34.158792630599777 ], [ -118.563469789477793, 34.158762443075965 ], [ -118.563454692657757, 34.15872953763553 ], [ -118.563429658709182, 34.158693588004077 ], [ -118.563368061235821, 34.15862758174957 ], [ -118.56331316733916, 34.158575283771313 ], [ -118.563261677413365, 34.158537739914379 ], [ -118.563214236908436, 34.158365186217019 ], [ -118.563202241953078, 34.158302039314982 ], [ -118.563195179680392, 34.158235091964876 ], [ -118.563191022331409, 34.158108707584269 ], [ -118.56319394112991, 34.158051331419983 ], [ -118.563204915082508, 34.157963003776082 ], [ -118.563229316669634, 34.157905184054535 ], [ -118.563337059923683, 34.157706488390041 ], [ -118.563359926749499, 34.157666193702489 ], [ -118.563391073243565, 34.157628264850636 ], [ -118.563427200954692, 34.157593747663547 ], [ -118.563476554824675, 34.15755985580612 ], [ -118.563530885267625, 34.157528688641818 ], [ -118.563631384508668, 34.157481505776786 ], [ -118.563718733932475, 34.15744503227787 ], [ -118.563934495912278, 34.157334108946188 ], [ -118.564235975674137, 34.157190154751277 ], [ -118.564272211861024, 34.157171780760478 ], [ -118.564333140901084, 34.157138864996298 ], [ -118.56449938109246, 34.157037103376325 ], [ -118.564629444140479, 34.156962646059789 ], [ -118.564721557958819, 34.15689763913948 ], [ -118.564816874846059, 34.156817504595125 ], [ -118.564880892830899, 34.156752629696356 ], [ -118.564962879922518, 34.156656413352493 ], [ -118.565039440627658, 34.156584483775802 ], [ -118.565071277934535, 34.156533257082444 ], [ -118.565097247163123, 34.156479625439175 ], [ -118.565126059909844, 34.15641381956577 ], [ -118.565143251693101, 34.156360228937331 ], [ -118.565154724557559, 34.156326123073335 ], [ -118.565187061686714, 34.156239149575242 ], [ -118.56523378346526, 34.155910312778104 ], [ -118.565263002521974, 34.15574734822308 ], [ -118.565283129652059, 34.155667139272346 ], [ -118.565307863125724, 34.155587675995712 ], [ -118.565338523626536, 34.155508452759513 ], [ -118.565374764473731, 34.155430484516295 ], [ -118.56541673599429, 34.155354834380475 ], [ -118.565464585276573, 34.155282567283827 ], [ -118.565520341634198, 34.155214852046328 ], [ -118.565588116158608, 34.155154246040397 ], [ -118.565745116637572, 34.155044288494452 ], [ -118.56582053865219, 34.154988367961828 ], [ -118.565884704825478, 34.154927441496454 ], [ -118.565930220933737, 34.154858393729981 ], [ -118.565963208874962, 34.154783493162945 ], [ -118.565988292600821, 34.154705281251481 ], [ -118.566007441322483, 34.154624535830507 ], [ -118.56602262098005, 34.154542032944711 ], [ -118.566064028792454, 34.15429174973071 ], [ -118.566083012128587, 34.154209987228079 ], [ -118.566108546280446, 34.154130433487005 ], [ -118.566147840833551, 34.15405457114241 ], [ -118.566250278900995, 34.153909298868676 ], [ -118.5662910708986, 34.153835208210978 ], [ -118.566309914407853, 34.153757343703816 ], [ -118.566306158951605, 34.153675883304061 ], [ -118.566278009941925, 34.15350906442373 ], [ -118.566278885893652, 34.153426771843236 ], [ -118.566298464929361, 34.153345761108788 ], [ -118.566326422896836, 34.153265175419563 ], [ -118.566350611672263, 34.153184636229085 ], [ -118.566359022181274, 34.153103794099522 ], [ -118.566348931816961, 34.153022217326303 ], [ -118.566328421044204, 34.152940124996071 ], [ -118.566278431054315, 34.152776036424285 ], [ -118.566260095448897, 34.152694859781874 ], [ -118.56625362776775, 34.152614810380747 ], [ -118.566265093215407, 34.152536384514896 ], [ -118.566296808552764, 34.152460136596218 ], [ -118.566341637346454, 34.152385286843931 ], [ -118.566391963668607, 34.152311024371279 ], [ -118.566456551514705, 34.152207404780249 ], [ -118.566422060112544, 34.151597442512191 ], [ -118.566557470212828, 34.151295100766461 ], [ -118.566735407359104, 34.151050198873406 ], [ -118.566690765321326, 34.150803827586849 ], [ -118.566683785250618, 34.150722136194652 ], [ -118.566689923147337, 34.150641257814698 ], [ -118.566713773716543, 34.15056138006593 ], [ -118.566777775899737, 34.150402524509524 ], [ -118.566796072288767, 34.150322195864625 ], [ -118.566796710001938, 34.150240511138847 ], [ -118.566792375111532, 34.150158722607429 ], [ -118.566783474032391, 34.150076634532567 ], [ -118.566745381982841, 34.149829617712335 ], [ -118.566733169101937, 34.149731351617 ], [ -118.566781934131427, 34.149367217282489 ], [ -118.566806847462146, 34.149124182926769 ], [ -118.566830413665855, 34.148682400383677 ], [ -118.56685293004243, 34.148086041239395 ], [ -118.566849484948293, 34.147578136249976 ], [ -118.566899160177925, 34.147069980386178 ], [ -118.566978392250064, 34.147003358835676 ], [ -118.567137154649316, 34.14691428084204 ], [ -118.567268906947518, 34.146759077579048 ], [ -118.56726740800103, 34.146538249489765 ], [ -118.56726530948805, 34.146229089986065 ], [ -118.567316931268934, 34.146008013535727 ], [ -118.567315732011807, 34.145831349805178 ], [ -118.567394063020743, 34.145632231313414 ], [ -118.567339443434889, 34.14541165162705 ], [ -118.567259313825716, 34.145345777643527 ], [ -118.567204995621154, 34.145169364050084 ], [ -118.567177535787295, 34.145036991993429 ], [ -118.567176037107032, 34.144816163008969 ], [ -118.567252418965822, 34.144329967747154 ], [ -118.567196452853779, 34.143910643447924 ], [ -118.567088566934927, 34.143668231136665 ], [ -118.567033050479452, 34.143315154654637 ], [ -118.566951725764113, 34.143072617642801 ], [ -118.570393895977801, 34.139728153949896 ], [ -118.57034268746051, 34.139730456494569 ], [ -118.570294743780067, 34.139726904311473 ], [ -118.570251721974287, 34.139718176564891 ], [ -118.570211981425686, 34.13970599844103 ], [ -118.570142296166949, 34.139664421531315 ], [ -118.570105759593105, 34.1396374582582 ], [ -118.570040938837991, 34.139582118811177 ], [ -118.569984351746314, 34.139522618646488 ], [ -118.569895993275694, 34.139407966601389 ], [ -118.569865930398663, 34.139361050407622 ], [ -118.56983092225866, 34.139315874058354 ], [ -118.569727768162394, 34.139212283265962 ], [ -118.569627878099524, 34.139102837703035 ], [ -118.569567780988223, 34.139013126904182 ], [ -118.569507604430342, 34.138911737843742 ], [ -118.569464229737875, 34.138851143827019 ], [ -118.569424229963559, 34.138800839452074 ], [ -118.569349332590406, 34.138721502915701 ], [ -118.569316101326592, 34.138694523839987 ], [ -118.569141910615343, 34.138592984530753 ], [ -118.569029156635764, 34.138535465798029 ], [ -118.568986088809297, 34.138519868052967 ], [ -118.568944692021276, 34.138507010335211 ], [ -118.568900006977529, 34.138496572497388 ], [ -118.568727920586809, 34.138461315957272 ], [ -118.568670028749807, 34.138452657610522 ], [ -118.568537741890353, 34.138438508946614 ], [ -118.568463291888364, 34.138424776049561 ], [ -118.568420259264201, 34.138414330264311 ], [ -118.568377198621207, 34.138399762734657 ], [ -118.568339085595468, 34.138383797974818 ], [ -118.568312552799838, 34.138369839691848 ], [ -118.56824605387844, 34.138310385322853 ], [ -118.568174537405767, 34.138242023802768 ], [ -118.568142886643628, 34.138204388838354 ], [ -118.568097795633548, 34.138134185631529 ], [ -118.568005535607682, 34.13793127314284 ], [ -118.567936859804448, 34.137794543946683 ], [ -118.567893398152535, 34.137720898127064 ], [ -118.567845063685269, 34.13765964076439 ], [ -118.567813501963542, 34.137635057856585 ], [ -118.567785303193375, 34.13761904635475 ], [ -118.567722366481064, 34.137597358694379 ], [ -118.567642932471657, 34.137579526842956 ], [ -118.5675701590052, 34.137569220411578 ], [ -118.567505696026259, 34.13756608817777 ], [ -118.567386813366525, 34.137579011816811 ], [ -118.567177288372989, 34.137626709500751 ], [ -118.567079986773933, 34.137654301578358 ], [ -118.567032207540635, 34.137674791522741 ], [ -118.566883974609709, 34.13774555838441 ], [ -118.566816411899936, 34.137772667295636 ], [ -118.566701011526419, 34.137811679046258 ], [ -118.566653166906676, 34.137822551472169 ], [ -118.56660365832785, 34.137831714236555 ], [ -118.566512865410402, 34.137844505348326 ], [ -118.566430261827364, 34.137846609879311 ], [ -118.566390583243503, 34.137843360913635 ], [ -118.566355823252039, 34.137834593076924 ], [ -118.566332607206803, 34.1378223362642 ], [ -118.566309365568216, 34.137806301194956 ], [ -118.56628940294614, 34.137786472388456 ], [ -118.566251055567406, 34.137735815746957 ], [ -118.566224313902211, 34.137690944034297 ], [ -118.566212454604994, 34.137647720050005 ], [ -118.566208856818548, 34.13760445736844 ], [ -118.566209957643849, 34.137523044569292 ], [ -118.566207988892742, 34.137476339373883 ], [ -118.566199387690617, 34.13742623036071 ], [ -118.566165338966698, 34.137278346353803 ], [ -118.566154792362369, 34.137184966916401 ], [ -118.566154047834942, 34.137075053228024 ], [ -118.566161332085755, 34.136930754002726 ], [ -118.56616384094005, 34.136813269235134 ], [ -118.566160266481162, 34.136773441327506 ], [ -118.566143559848811, 34.13674638399354 ], [ -118.566078599728314, 34.136669746823181 ], [ -118.566012191623543, 34.136595729975319 ], [ -118.565985360239807, 34.136565075084164 ], [ -118.565896852243782, 34.136427063656512 ], [ -118.565851640834779, 34.136338655309366 ], [ -118.565813077057626, 34.136256055132009 ], [ -118.565762532360907, 34.136112025703632 ], [ -118.565713223975678, 34.135906506958598 ], [ -118.565697839817048, 34.135830668032014 ], [ -118.565638439202885, 34.135598746985501 ], [ -118.565560713044434, 34.135344585813904 ], [ -118.565492991483438, 34.135103772936496 ], [ -118.56546409456746, 34.13498437417995 ], [ -118.565423097589459, 34.134786028801052 ], [ -118.56539495627716, 34.134534040003359 ], [ -118.56538209647303, 34.134342776257085 ], [ -118.565386456066221, 34.134254479367975 ], [ -118.565395895487555, 34.134184363599367 ], [ -118.565447289081348, 34.133965664628889 ], [ -118.565470952454021, 34.133799991662372 ], [ -118.565475530357034, 34.133743981651037 ], [ -118.565473280933418, 34.133655715676859 ], [ -118.565466416438966, 34.133617964074617 ], [ -118.565451153754765, 34.133559985947784 ], [ -118.565408886337778, 34.133417978600214 ], [ -118.565358355676082, 34.133275667301035 ], [ -118.565291303072286, 34.133133433249668 ], [ -118.565205991697539, 34.132978918059891 ], [ -118.564991669534948, 34.132559832929374 ], [ -118.564961600265732, 34.132511198136058 ], [ -118.564735886920417, 34.132117583942509 ], [ -118.564594352169792, 34.131955775160478 ], [ -118.564481040733611, 34.13181375673733 ], [ -118.564415923617418, 34.131713075260869 ], [ -118.564382492636881, 34.131655867916251 ], [ -118.564294075963417, 34.131530220519011 ], [ -118.564247399892338, 34.131468954013556 ], [ -118.56419806706036, 34.131410155697282 ], [ -118.564400764913088, 34.13142564545246 ], [ -118.564539619757298, 34.131435645149807 ], [ -118.564647025243616, 34.131437204396384 ], [ -118.564707940018494, 34.131404975415279 ], [ -118.564728973849995, 34.131338927395738 ], [ -118.564738322988291, 34.131255416063119 ], [ -118.564764186866554, 34.131170796201907 ], [ -118.564778801131439, 34.131132944207003 ], [ -118.564837399642386, 34.131002488333607 ], [ -118.564853726362216, 34.130973559022628 ], [ -118.564883244882679, 34.130940789688978 ], [ -118.56492264156384, 34.130902821856935 ], [ -118.565134600723113, 34.130728712044153 ], [ -118.565252959577194, 34.130639882116292 ], [ -118.56537961723788, 34.130556509066928 ], [ -118.565506322361173, 34.130480348915903 ], [ -118.565529212730283, 34.130464017633329 ], [ -118.565531814954923, 34.130465026006114 ], [ -118.566182028211031, 34.130716940551402 ], [ -118.57669622045843, 34.134710445150489 ], [ -118.577605411254169, 34.135056192870415 ], [ -118.58913833519965, 34.139441093367687 ], [ -118.604488332332224, 34.145277457196684 ], [ -118.605837434806361, 34.145790843964768 ], [ -118.609517660665958, 34.147191205758332 ], [ -118.612236487132833, 34.148225098626909 ], [ -118.61245581836701, 34.148308500525921 ], [ -118.614974786980525, 34.149267790334548 ], [ -118.61497334698231, 34.147275555446278 ], [ -118.625025753570014, 34.14726659591328 ], [ -118.628990257870797, 34.147270765982348 ], [ -118.628988677770522, 34.147280391914862 ], [ -118.628980870328519, 34.147340886722496 ], [ -118.62980984571, 34.149891796543656 ], [ -118.630075472668253, 34.149833048823687 ], [ -118.630253120624758, 34.150379990829585 ], [ -118.631250034055014, 34.151087532026381 ], [ -118.631593823627369, 34.150874490336186 ], [ -118.632161332102115, 34.150524598729973 ], [ -118.6338981080726, 34.152468935408862 ], [ -118.63477983930369, 34.153453219314301 ], [ -118.637493555775961, 34.156489137291054 ], [ -118.638018665353968, 34.15707820252458 ], [ -118.638570440596411, 34.157695289972061 ], [ -118.638611419213063, 34.15765076333782 ], [ -118.638652572133708, 34.157628906107213 ], [ -118.639262648980278, 34.157440196654754 ], [ -118.639824913681323, 34.157267195078873 ], [ -118.639848448364958, 34.157318937527982 ], [ -118.63990945030875, 34.157299379256479 ], [ -118.639887573534224, 34.1572483150251 ], [ -118.64029153919229, 34.15712320704975 ], [ -118.640639445871429, 34.157015911847083 ], [ -118.640677367884734, 34.157004032252317 ], [ -118.640837288679435, 34.156952348239642 ], [ -118.641074612445067, 34.156864874171134 ], [ -118.641127334594387, 34.156843298241704 ], [ -118.641270666375277, 34.156783801344439 ], [ -118.641270484556443, 34.156975469744786 ], [ -118.64126918791888, 34.157667954327565 ], [ -118.641269630825875, 34.157941027456992 ], [ -118.641269528705394, 34.158039216563409 ], [ -118.641269433186309, 34.158130635004568 ], [ -118.641269188098235, 34.158314059983702 ], [ -118.64069399003975, 34.158525265083554 ], [ -118.640347882515428, 34.158652472404171 ], [ -118.640273713284387, 34.158679313908799 ], [ -118.640046698615251, 34.15881894228783 ], [ -118.639943059160075, 34.158882350426346 ], [ -118.639936742925642, 34.158920854736564 ], [ -118.6400101042599, 34.159004278010656 ], [ -118.639945139929154, 34.159154040012872 ], [ -118.63973309385436, 34.159090242486542 ], [ -118.639843265790503, 34.159232207889403 ], [ -118.640270578452643, 34.159780218726837 ], [ -118.64088321313541, 34.160569749041102 ], [ -118.641681156069495, 34.161598050937286 ], [ -118.641974952259034, 34.16197501842656 ], [ -118.642265856344224, 34.161975534552191 ], [ -118.644596420239367, 34.16198236852582 ], [ -118.645551781458124, 34.161984485138674 ], [ -118.645550907181885, 34.162513122050058 ], [ -118.645540877367097, 34.164210020574281 ], [ -118.645535552699513, 34.165446271900819 ], [ -118.645534168327501, 34.165694967073463 ], [ -118.64782681542178, 34.165701254770248 ], [ -118.650142603804113, 34.165707374585033 ], [ -118.652856771579195, 34.16571679572602 ], [ -118.654279974410912, 34.165721812700987 ], [ -118.654280134421612, 34.165953324338709 ], [ -118.654278606617879, 34.166180380636227 ], [ -118.654270671491716, 34.167700027654774 ], [ -118.654263750117849, 34.169349165990113 ], [ -118.65426436338123, 34.169427478478049 ], [ -118.65673564350152, 34.169434348682671 ], [ -118.658628364633543, 34.169439855477663 ], [ -118.658629350243189, 34.169564881543934 ], [ -118.658619411911715, 34.171239797949085 ], [ -118.658617437714682, 34.171474513673992 ], [ -118.658616852079575, 34.171544145359505 ], [ -118.658607741835539, 34.173324166282164 ], [ -118.65859619161796, 34.175214117484494 ], [ -118.658594839237935, 34.175671655093673 ], [ -118.659198751298604, 34.175738093405904 ], [ -118.658592931751059, 34.176058780175445 ], [ -118.658591404645918, 34.176284461750285 ], [ -118.658588458728801, 34.176749564833258 ], [ -118.661486419247737, 34.176750580838714 ], [ -118.664564553965988, 34.176749162609461 ], [ -118.667292216041162, 34.176746852385094 ], [ -118.668153533013708, 34.176750684185812 ], [ -118.66815352615366, 34.177163217478345 ], [ -118.668154668281943, 34.177926104960818 ], [ -118.668155420340739, 34.178640219822753 ], [ -118.668154400472034, 34.179132792058773 ], [ -118.668155958124473, 34.179327542695269 ], [ -118.668155882596096, 34.179731489109592 ], [ -118.668156004866489, 34.18016016576513 ], [ -118.66815657289159, 34.180851267780092 ], [ -118.668156335276905, 34.181234949142265 ], [ -118.668153020730372, 34.181233936981037 ], [ -118.668155071566176, 34.181903733483878 ], [ -118.668155748095018, 34.182195010791524 ], [ -118.668157672599904, 34.18284900742411 ], [ -118.668159844403036, 34.183533917762411 ], [ -118.668161950297474, 34.184210583789501 ], [ -118.668162940782025, 34.184538122434539 ], [ -118.668162956555491, 34.184543078170542 ], [ -118.668165416917986, 34.185264052551162 ], [ -118.668165263785681, 34.185451600245308 ], [ -118.66816750787433, 34.186352222388244 ], [ -118.668169438795715, 34.187213688321933 ], [ -118.668170829035461, 34.187387486961441 ], [ -118.668172950338516, 34.188479435046531 ], [ -118.668174811928438, 34.189125531771758 ], [ -118.668175722537171, 34.18985956828822 ], [ -118.668157112905604, 34.190633556662526 ], [ -118.668141194198185, 34.191330589143725 ], [ -118.667853535626179, 34.191335269144645 ], [ -118.66767994735784, 34.191337944902365 ], [ -118.667326156292646, 34.191343332162234 ], [ -118.667220072842895, 34.191310255276754 ], [ -118.666382990480955, 34.19104694609775 ], [ -118.665323807490395, 34.190714781801063 ], [ -118.663961291947047, 34.19028603446678 ], [ -118.663512100108974, 34.190145262817644 ], [ -118.663349595898126, 34.190502354822094 ], [ -118.66296338600452, 34.190380815586472 ], [ -118.663125891630045, 34.190023724101216 ], [ -118.662247396902515, 34.189747217339935 ], [ -118.661297651160467, 34.189450485260586 ], [ -118.660357620610299, 34.18933608531772 ], [ -118.659579805388589, 34.189244495380606 ], [ -118.659107393461468, 34.189302372502951 ], [ -118.65879519252627, 34.189339109349284 ], [ -118.65881236501825, 34.189420080487672 ], [ -118.658744644098192, 34.189428693094023 ], [ -118.658681907488486, 34.189440369934978 ], [ -118.658586158703557, 34.189459096302542 ], [ -118.658460761191023, 34.189492067109718 ], [ -118.658370052382637, 34.189521070585315 ], [ -118.658292571140308, 34.189550002004182 ], [ -118.658183785051463, 34.189592843342055 ], [ -118.658104701776267, 34.189628309677332 ], [ -118.657944851942545, 34.189695472952039 ], [ -118.657442272224529, 34.189912201162947 ], [ -118.657344362256353, 34.190706884259804 ], [ -118.657128552385728, 34.192488371794006 ], [ -118.656920317978603, 34.194182914671643 ], [ -118.656809969064639, 34.19507933894397 ], [ -118.656659337853171, 34.196320503663898 ], [ -118.656605052105107, 34.196756144156083 ], [ -118.65660489904414, 34.196757376504053 ], [ -118.656617996182447, 34.196757398272723 ], [ -118.657669789449386, 34.196759148462753 ], [ -118.658480044236413, 34.1967619539152 ], [ -118.658474116455295, 34.194961405122413 ], [ -118.663368527644565, 34.194967981989748 ], [ -118.668051269972253, 34.194971751593812 ], [ -118.667881772560918, 34.201483567597982 ], [ -118.667839848013841, 34.203064890656869 ], [ -118.667801227288834, 34.206714013494924 ], [ -118.667801037583303, 34.206803462783981 ], [ -118.667795692483011, 34.209330762137157 ], [ -118.666897699050622, 34.209332280468132 ], [ -118.662764983859304, 34.209343998468292 ], [ -118.662741929349068, 34.212898916765553 ], [ -118.65323924311825, 34.21294509964148 ], [ -118.653027572068694, 34.213793978483899 ], [ -118.652374952074354, 34.216418679001514 ], [ -118.653779141639873, 34.216419687163175 ], [ -118.65839688984444, 34.216403223538116 ], [ -118.658383016876442, 34.222281649408814 ], [ -118.658380155318113, 34.223494179407048 ], [ -118.654054512754286, 34.223492399313983 ], [ -118.654046446267614, 34.227108030600519 ], [ -118.653290522586815, 34.227110052920679 ], [ -118.653290700295457, 34.227555559950176 ], [ -118.652863932722994, 34.227555802175047 ], [ -118.652860465281833, 34.227112373847902 ], [ -118.649712665066247, 34.22711488871974 ], [ -118.649395001660963, 34.228382014963408 ], [ -118.648309038786081, 34.232748112733056 ], [ -118.64790627241976, 34.234352311149763 ], [ -118.647757898871603, 34.234946029137944 ], [ -118.64697404519697, 34.238082457529984 ], [ -118.644714650605991, 34.237926547681759 ], [ -118.640778541062701, 34.237657201274935 ], [ -118.63146472609678, 34.237018830579032 ], [ -118.629952871559624, 34.238580316861743 ], [ -118.631644099044649, 34.238574307844047 ] ] ] } },
{ "type": "Feature", "properties": { "OBJECTID": 5, "APREC": "WEST VALLEY", "PREC": 10, "AREA": 936405735.23300004, "PERIMETER": 136316.89969399999 }, "geometry": { "type": "Polygon", "coordinates": [ [ [ -118.562281010175226, 34.220347004799123 ], [ -118.56182455470649, 34.220353933858846 ], [ -118.560124388691762, 34.220374524994611 ], [ -118.559404958994705, 34.220383005442969 ], [ -118.557936375375618, 34.220407303823833 ], [ -118.556828323331814, 34.220425803964289 ], [ -118.555736807910577, 34.220443874519837 ], [ -118.555377931551945, 34.220449987571001 ], [ -118.554896684105529, 34.220459752186827 ], [ -118.554625451576825, 34.220463056636376 ], [ -118.553565330465673, 34.22047649834834 ], [ -118.552005742667575, 34.220495988703199 ], [ -118.551155673573945, 34.220508794365038 ], [ -118.549181021928703, 34.220541816771167 ], [ -118.548739454310365, 34.220549315867004 ], [ -118.546892098157187, 34.220573136362603 ], [ -118.546083313827779, 34.220589309731402 ], [ -118.545560805112558, 34.220599756225212 ], [ -118.544833109006603, 34.220609217755779 ], [ -118.543781258665518, 34.220623223469417 ], [ -118.543744874121742, 34.220623730462357 ], [ -118.542645083566512, 34.220641720084849 ], [ -118.542526007365112, 34.220643627982895 ], [ -118.541678802164668, 34.220653611718575 ], [ -118.541538647795463, 34.220655264103435 ], [ -118.541331914667168, 34.220657906583412 ], [ -118.540920131189338, 34.220667304818988 ], [ -118.540453755202037, 34.220675228058781 ], [ -118.539473040738585, 34.220691626475258 ], [ -118.536079283551175, 34.220729723099012 ], [ -118.534981176910648, 34.220752787912325 ], [ -118.533997159156598, 34.220770187007766 ], [ -118.531733041446159, 34.220802484274721 ], [ -118.530782079587809, 34.220816277075407 ], [ -118.528933660583107, 34.220845102944224 ], [ -118.528178941924168, 34.220856864226505 ], [ -118.527353686722364, 34.220871111768709 ], [ -118.525954555559863, 34.220895406188454 ], [ -118.524896056748076, 34.220905154753275 ], [ -118.524174921868635, 34.220906563345146 ], [ -118.523445561338534, 34.22091521646734 ], [ -118.52298582394144, 34.220927165504918 ], [ -118.522790683363013, 34.220932130612603 ], [ -118.522294599639835, 34.220950760319042 ], [ -118.52193078581189, 34.220961260805026 ], [ -118.521158387481236, 34.220964589962598 ], [ -118.520443846430283, 34.220962513038977 ], [ -118.519979095146212, 34.220966228508232 ], [ -118.519727714515781, 34.220970743362336 ], [ -118.519699601581237, 34.220971551083622 ], [ -118.51949950525389, 34.220977562630118 ], [ -118.518727263533449, 34.221005950202219 ], [ -118.518616453907953, 34.221007455641285 ], [ -118.5181054064862, 34.221013766741272 ], [ -118.517534791070261, 34.221016208617584 ], [ -118.517397538098393, 34.221018070354027 ], [ -118.516018199417886, 34.221036768594828 ], [ -118.514792670367441, 34.221050919313171 ], [ -118.514258464895462, 34.221056969196269 ], [ -118.5132330555506, 34.221068536016766 ], [ -118.510942476293735, 34.221103647823469 ], [ -118.50997166639867, 34.221118391318193 ], [ -118.509872433155678, 34.221119496471815 ], [ -118.508498063477532, 34.221136958405786 ], [ -118.508441831004362, 34.221137538187506 ], [ -118.506941762987537, 34.221156197519285 ], [ -118.505524410955573, 34.221177584101738 ], [ -118.504163291827652, 34.221198376310618 ], [ -118.502669796246522, 34.221210085541593 ], [ -118.502396959024679, 34.22122221024155 ], [ -118.501877678495447, 34.221235013239905 ], [ -118.501523709274963, 34.221233045973342 ], [ -118.501396329583045, 34.221229452005282 ], [ -118.501333450222745, 34.221224903713399 ], [ -118.501212611080732, 34.221208916905319 ], [ -118.501174532894979, 34.22120289184933 ], [ -118.501146392903095, 34.221199230034308 ], [ -118.500901361671268, 34.221159369592975 ], [ -118.500811940763711, 34.221141878374475 ], [ -118.500386291855918, 34.221046775845785 ], [ -118.50026040593724, 34.221016382486035 ], [ -118.500141136904332, 34.22098630513387 ], [ -118.500011201458477, 34.220950216985877 ], [ -118.499698784599673, 34.220863446750052 ], [ -118.499495045233971, 34.220813795293189 ], [ -118.499307932969089, 34.220778500455594 ], [ -118.499231777270637, 34.220766449132903 ], [ -118.498994971730625, 34.220718994179457 ], [ -118.49893711143298, 34.220706658065886 ], [ -118.499011141014492, 34.221064666065949 ], [ -118.499076755963515, 34.221278172649555 ], [ -118.499121669390007, 34.22161646855421 ], [ -118.4991209028301, 34.221618410030928 ], [ -118.497508163707579, 34.221296337693694 ], [ -118.495862150692531, 34.220971284376922 ], [ -118.494295654061574, 34.220664775728871 ], [ -118.494162128243531, 34.220740544831301 ], [ -118.494061546149922, 34.220793165628294 ], [ -118.493763044058042, 34.220940367070675 ], [ -118.493609651561712, 34.22101312523926 ], [ -118.493401752338016, 34.221098471023062 ], [ -118.493268071885609, 34.221148134727009 ], [ -118.493144267291783, 34.221189857826246 ], [ -118.493079868323335, 34.221207981603399 ], [ -118.493013797113278, 34.221223020773664 ], [ -118.492936144096447, 34.221237420114569 ], [ -118.492845243142852, 34.22124912546608 ], [ -118.492660090676154, 34.221265336372113 ], [ -118.492190504190091, 34.221290948874788 ], [ -118.492117739976564, 34.221292962261344 ], [ -118.491925903556279, 34.221297864145257 ], [ -118.491691016631549, 34.221294696969899 ], [ -118.491123676163198, 34.221291848673076 ], [ -118.490240446002076, 34.221293369319824 ], [ -118.489564004493204, 34.221301260294652 ], [ -118.488793291923898, 34.221310558791203 ], [ -118.488052335541965, 34.221316984466995 ], [ -118.485769842006334, 34.221322734156793 ], [ -118.485238932657666, 34.22132726872951 ], [ -118.483671013723381, 34.221340759307282 ], [ -118.483088833250477, 34.221345832859576 ], [ -118.48092211608693, 34.221351028830966 ], [ -118.48078814498146, 34.221351561214199 ], [ -118.479221837439951, 34.221357774505897 ], [ -118.477170967928785, 34.221374809986429 ], [ -118.476453185200171, 34.22138450811569 ], [ -118.476064523811957, 34.221389816197501 ], [ -118.475531955634366, 34.221393627729391 ], [ -118.474941479073138, 34.2213942293508 ], [ -118.474688411487776, 34.22139350493935 ], [ -118.473704259912793, 34.221390148438907 ], [ -118.473299006097349, 34.221386238442868 ], [ -118.47317642594308, 34.221387094687039 ], [ -118.473234409973287, 34.216505758195147 ], [ -118.473236372877096, 34.213187018837225 ], [ -118.473279006878144, 34.211164486285163 ], [ -118.473292799656278, 34.20978023562779 ], [ -118.473374562478995, 34.203209474686766 ], [ -118.473370894413932, 34.202562332494217 ], [ -118.473379164915968, 34.202112885714989 ], [ -118.473430450202358, 34.201618328805353 ], [ -118.47349613507005, 34.201182062323866 ], [ -118.473572216110909, 34.200424906699233 ], [ -118.473823100739253, 34.199312680759839 ], [ -118.473923307640277, 34.198842146483237 ], [ -118.473998219523651, 34.19844650755838 ], [ -118.47407331263841, 34.198082922153795 ], [ -118.474123232825107, 34.197815600906445 ], [ -118.47416083956557, 34.19764449254329 ], [ -118.474198264164144, 34.197441330602743 ], [ -118.474235506573976, 34.197206114183516 ], [ -118.474272322975125, 34.196896104000565 ], [ -118.474294885729947, 34.196340393306677 ], [ -118.474288029479354, 34.195133011990492 ], [ -118.474263963044123, 34.193930047190698 ], [ -118.474252119663305, 34.193338068090277 ], [ -118.474240225797175, 34.191116591397034 ], [ -118.474187351639046, 34.188421257043942 ], [ -118.474151258976619, 34.186649400575355 ], [ -118.474069823806602, 34.186180563448147 ], [ -118.473974582582173, 34.185813210905472 ], [ -118.47388109317734, 34.185492527792384 ], [ -118.473808324377785, 34.185242918436991 ], [ -118.473608068337626, 34.184837268403129 ], [ -118.473360744871442, 34.184344708933565 ], [ -118.473172796172562, 34.18405513476764 ], [ -118.472973203545791, 34.183765604947936 ], [ -118.469840200724647, 34.179500579148787 ], [ -118.469488263170163, 34.179032611127717 ], [ -118.469183198883584, 34.178617682704441 ], [ -118.468971990779309, 34.178328192362365 ], [ -118.468783852531814, 34.177999902801197 ], [ -118.468607576186869, 34.177710276430858 ], [ -118.468442564489663, 34.177352866241556 ], [ -118.468324615231126, 34.177082366901814 ], [ -118.468206557183294, 34.176792513604688 ], [ -118.468100252614207, 34.176521968971734 ], [ -118.467993785026323, 34.176222394380794 ], [ -118.467922138947586, 34.175903329809124 ], [ -118.467838742035994, 34.17556495729081 ], [ -118.46777857643913, 34.175216817730586 ], [ -118.467742348381151, 34.174984710261157 ], [ -118.46769268885167, 34.174433312937438 ], [ -118.467654565491983, 34.173862516723602 ], [ -118.467617977605059, 34.172113118389902 ], [ -118.467601446520376, 34.171055039136903 ], [ -118.46762972999305, 34.170611689324964 ], [ -118.467689159965673, 34.170236410655235 ], [ -118.46777954417604, 34.169895106670921 ], [ -118.467910612217054, 34.169493978570905 ], [ -118.468052411402965, 34.169178047616377 ], [ -118.468224781959918, 34.168827902777011 ], [ -118.468529600082476, 34.168323814171174 ], [ -118.468783620171052, 34.167905161447294 ], [ -118.468976685820422, 34.167589029740263 ], [ -118.46912882705017, 34.167290105520067 ], [ -118.469260458997567, 34.166991259793271 ], [ -118.469351695152483, 34.166803380831652 ], [ -118.469422325940997, 34.166598534565836 ], [ -118.469492957462634, 34.166393687353583 ], [ -118.469543461690776, 34.1662571098569 ], [ -118.469573123531831, 34.166060945735872 ], [ -118.469575076885363, 34.165910809161318 ], [ -118.469593111428651, 34.165674241681927 ], [ -118.469598199278408, 34.165398307336268 ], [ -118.469576639967741, 34.165105921488951 ], [ -118.469569221757652, 34.164868984051672 ], [ -118.469566467271463, 34.164378858879935 ], [ -118.469541759737552, 34.162859966844934 ], [ -118.469534469176594, 34.162411778215997 ], [ -118.46952346257001, 34.160453058119167 ], [ -118.469523219493652, 34.16040979955946 ], [ -118.469456264991265, 34.15904178662106 ], [ -118.469339017075853, 34.158258644734715 ], [ -118.469223073874275, 34.157707265623358 ], [ -118.468986875925495, 34.157018395638566 ], [ -118.46861906743851, 34.156026266859378 ], [ -118.468448908526014, 34.155556885788464 ], [ -118.468305754212409, 34.155111707219973 ], [ -118.468192746600266, 34.154687433868098 ], [ -118.46807284425968, 34.154150875959132 ], [ -118.468020594444994, 34.153840338117391 ], [ -118.467972960144706, 34.15340467658698 ], [ -118.467943697690686, 34.153021546093484 ], [ -118.467942056623968, 34.152728484331696 ], [ -118.467984556300721, 34.152247387018988 ], [ -118.468062830843252, 34.151698519474969 ], [ -118.468132740762101, 34.151269918148195 ], [ -118.468185666045429, 34.151036761592636 ], [ -118.46831001527498, 34.150645521918662 ], [ -118.468488171792757, 34.15017892846636 ], [ -118.468746913293742, 34.149576758885338 ], [ -118.468968954139967, 34.149175755591784 ], [ -118.469345211333092, 34.148468286926821 ], [ -118.469706391776498, 34.147789155158257 ], [ -118.470053951671332, 34.147143423218914 ], [ -118.470281656168481, 34.146719662230325 ], [ -118.470461373746929, 34.146376635646554 ], [ -118.470605271691824, 34.146124363818814 ], [ -118.470748487130209, 34.145751272790122 ], [ -118.47093923320466, 34.145216902067496 ], [ -118.471195201481251, 34.144251795109724 ], [ -118.471268233718774, 34.143898019312694 ], [ -118.471316491219596, 34.143585929003194 ], [ -118.471364748344712, 34.143273835971875 ], [ -118.471412946478182, 34.142951348396075 ], [ -118.471398742197465, 34.142649897266594 ], [ -118.471421521046821, 34.142254731092351 ], [ -118.471394578748487, 34.14191174250341 ], [ -118.471367342408186, 34.14151677136384 ], [ -118.471313926894837, 34.14091396571331 ], [ -118.471261450108727, 34.140477505830539 ], [ -118.471209266945891, 34.140093028479093 ], [ -118.471169880528478, 34.139760485827495 ], [ -118.471155677666715, 34.139459034689715 ], [ -118.471153743604532, 34.139115948602075 ], [ -118.471139423696485, 34.138793703906181 ], [ -118.471137782741579, 34.138502600371716 ], [ -118.471173476017455, 34.138180161652947 ], [ -118.471209110400324, 34.137847325695191 ], [ -118.471457243909711, 34.136790998515423 ], [ -118.471589993058259, 34.136311795496468 ], [ -118.471739909435939, 34.135874761576787 ], [ -118.471906437684538, 34.135381348834407 ], [ -118.472805017602781, 34.132604279910787 ], [ -118.473620485290297, 34.13010910967693 ], [ -118.474086535605267, 34.12869938578185 ], [ -118.474320513516957, 34.12816346707109 ], [ -118.474722742625175, 34.127443861098591 ], [ -118.474923814587086, 34.127077018098987 ], [ -118.475454261955775, 34.126400779227801 ], [ -118.475668808826768, 34.126378233209159 ], [ -118.476246673889037, 34.126311725647874 ], [ -118.476563720430519, 34.126283340539857 ], [ -118.47666777231629, 34.126277777930675 ], [ -118.476910504250668, 34.126254837267062 ], [ -118.477248985151718, 34.126219151661182 ], [ -118.477496737748851, 34.126207525055428 ], [ -118.477580984119143, 34.126205474768568 ], [ -118.477633246861615, 34.12620620495143 ], [ -118.477676814686518, 34.126206813508666 ], [ -118.477767710605548, 34.126211950032491 ], [ -118.47786030771131, 34.126225667831164 ], [ -118.477951297929451, 34.126247291205871 ], [ -118.478045632730883, 34.126275771017994 ], [ -118.478174772268659, 34.12632369180924 ], [ -118.478282428951246, 34.126370667014633 ], [ -118.478323811663401, 34.126384586207195 ], [ -118.47836686809687, 34.126402277115176 ], [ -118.47842485623103, 34.126430900479825 ], [ -118.478545896147935, 34.126506675360453 ], [ -118.478657026597929, 34.126583176338073 ], [ -118.478745053552657, 34.126664234054864 ], [ -118.478783299533148, 34.126707362787954 ], [ -118.478868207516555, 34.126820720522922 ], [ -118.47895653406961, 34.126953986882924 ], [ -118.479018260009781, 34.127058162233453 ], [ -118.479056704242041, 34.127135638768664 ], [ -118.47909201845934, 34.127243697115979 ], [ -118.479107206306111, 34.127299281764238 ], [ -118.479118664557092, 34.127352721104934 ], [ -118.479132669056554, 34.127418027238853 ], [ -118.479141250503289, 34.127473981558083 ], [ -118.479163948625271, 34.12768685425268 ], [ -118.479178291769898, 34.127883271802894 ], [ -118.479182090218572, 34.127969471914753 ], [ -118.479182804972112, 34.128094155667988 ], [ -118.479194196446201, 34.12835206904677 ], [ -118.479210014687737, 34.128517567843971 ], [ -118.479225578960438, 34.128638756955652 ], [ -118.479237472733729, 34.12869607208475 ], [ -118.479254336705111, 34.128755771913198 ], [ -118.479276164978373, 34.128816826002065 ], [ -118.479328084274698, 34.128939245790257 ], [ -118.479346568981654, 34.128993443391423 ], [ -118.479357559118782, 34.129033998858226 ], [ -118.47936851163233, 34.129074419242365 ], [ -118.479391909476576, 34.129121040643149 ], [ -118.479421939548558, 34.129171757574731 ], [ -118.47943193119346, 34.129185457413548 ], [ -118.479463552378789, 34.129225519934685 ], [ -118.479511785655106, 34.129281316937117 ], [ -118.479568299420549, 34.129340515934821 ], [ -118.479619794853804, 34.129388744144826 ], [ -118.479671251807417, 34.129430445335998 ], [ -118.479785683582392, 34.129505558252802 ], [ -118.479856952661947, 34.129544776314724 ], [ -118.480009386165719, 34.129620081636361 ], [ -118.480211590770509, 34.129730911665376 ], [ -118.480276188479962, 34.129759164409805 ], [ -118.480352357222444, 34.129788401596777 ], [ -118.480428506276539, 34.129814203946523 ], [ -118.480504655382845, 34.129840007149788 ], [ -118.480531139204629, 34.129848489034593 ], [ -118.480681724193559, 34.129889452184628 ], [ -118.480989443051925, 34.129960703773541 ], [ -118.481050655843219, 34.129974886617518 ], [ -118.481106941840139, 34.129994241342466 ], [ -118.481168247604757, 34.130024567635907 ], [ -118.481410264805206, 34.130162716121838 ], [ -118.481580924082863, 34.130246534051714 ], [ -118.481789608302037, 34.130334322926792 ], [ -118.482057882718451, 34.130441451650341 ], [ -118.48228315786946, 34.130541194646426 ], [ -118.482354358732394, 34.130568045992028 ], [ -118.482437103910911, 34.130591416351933 ], [ -118.482528086185582, 34.130610631931162 ], [ -118.48263059203731, 34.130622588207444 ], [ -118.482749611674393, 34.130633104497136 ], [ -118.482850405891909, 34.13063476281873 ], [ -118.482957732475427, 34.130622998969841 ], [ -118.483243245920036, 34.130567930410585 ], [ -118.483588279801481, 34.130519836284307 ], [ -118.483710414918164, 34.13049770791438 ], [ -118.48393493056156, 34.130465895422013 ], [ -118.484052102139827, 34.130442412631083 ], [ -118.484101571610481, 34.130425727145436 ], [ -118.484154275758215, 34.130397006643712 ], [ -118.484200317493602, 34.130359038663201 ], [ -118.484297249860973, 34.130264534931975 ], [ -118.484356423156854, 34.130211743441265 ], [ -118.484399184264518, 34.130177910372467 ], [ -118.484474869074859, 34.13012333611929 ], [ -118.484591765224536, 34.130052452722566 ], [ -118.484687307538593, 34.13000329451225 ], [ -118.484781261330539, 34.129965134176139 ], [ -118.484830754280267, 34.129952570138506 ], [ -118.484883569457736, 34.129943084134958 ], [ -118.484938068661549, 34.129939087141544 ], [ -118.485009113326925, 34.129939145576884 ], [ -118.485133065918291, 34.129945517880593 ], [ -118.485275213088826, 34.129955595366816 ], [ -118.485615739784777, 34.129985485051144 ], [ -118.48636442934, 34.130027471579801 ], [ -118.487375875867897, 34.130079042376444 ], [ -118.487589038276624, 34.13008402196192 ], [ -118.487676612661119, 34.130085386096781 ], [ -118.487883133474611, 34.13008455268276 ], [ -118.488213488798934, 34.130070166299035 ], [ -118.488343980224812, 34.130064486859098 ], [ -118.488520771100653, 34.130065489900112 ], [ -118.488611681920531, 34.130072335663364 ], [ -118.488705927193323, 34.130084320180295 ], [ -118.488785307088364, 34.130097051711431 ], [ -118.488934181202865, 34.130127019935884 ], [ -118.48904168605489, 34.130146163780417 ], [ -118.489089685083968, 34.130160739507474 ], [ -118.489150971756487, 34.130187283485554 ], [ -118.489495645887146, 34.130360723901234 ], [ -118.489600072170376, 34.130418350254089 ], [ -118.48972282736986, 34.130502350751954 ], [ -118.489854014751785, 34.130615513343365 ], [ -118.489920499165464, 34.130682911716157 ], [ -118.489945424651467, 34.130707198258612 ], [ -118.48997539525368, 34.130746577770331 ], [ -118.49000380834876, 34.130802107474828 ], [ -118.490054166918355, 34.130937237171878 ], [ -118.490077710199088, 34.131007556541611 ], [ -118.490096147957402, 34.131052478574347 ], [ -118.490116227843188, 34.131095676511265 ], [ -118.490139579886289, 34.131133366286932 ], [ -118.490171162627249, 34.13116586947546 ], [ -118.490214288491799, 34.131194547485904 ], [ -118.490250733141238, 34.131210887049448 ], [ -118.490388117977119, 34.131253609109855 ], [ -118.490429474892849, 34.131262371977705 ], [ -118.490485650127255, 34.131262144041479 ], [ -118.490551715188687, 34.131258097586489 ], [ -118.49084558149643, 34.131219121045305 ], [ -118.490980943237545, 34.131198649048265 ], [ -118.49115919806961, 34.131167011032474 ], [ -118.491538766032079, 34.131091617499862 ], [ -118.49159653971968, 34.131082451885511 ], [ -118.491753413706775, 34.131067730807608 ], [ -118.492151439770936, 34.1310406928174 ], [ -118.49230334491574, 34.13102393033428 ], [ -118.492603731242696, 34.130970153016619 ], [ -118.492762205453616, 34.130946493444796 ], [ -118.492838118395667, 34.130931414008181 ], [ -118.492932114072048, 34.13090080386776 ], [ -118.493031007444969, 34.130860212554161 ], [ -118.493133156432251, 34.130811364189455 ], [ -118.493230325550343, 34.13075841421486 ], [ -118.493296181293232, 34.130718987951667 ], [ -118.493381773792052, 34.130664366762886 ], [ -118.493475562133639, 34.130598721370902 ], [ -118.493551286017137, 34.130551697965949 ], [ -118.49364843319934, 34.130495312872903 ], [ -118.493697858182571, 34.130471410406891 ], [ -118.493735692694798, 34.130443089934396 ], [ -118.493755433452407, 34.130428582842761 ], [ -118.493903359024756, 34.130297796915585 ], [ -118.494079287590054, 34.130152812475281 ], [ -118.494154937629176, 34.130093423459392 ], [ -118.494224037830534, 34.130044022300119 ], [ -118.494303098684568, 34.130002480568749 ], [ -118.494397068401057, 34.129967747545493 ], [ -118.494458092480784, 34.12994963660212 ], [ -118.494581833361337, 34.129920277436646 ], [ -118.494698933016267, 34.12988544953302 ], [ -118.494741836145309, 34.129876343271413 ], [ -118.494796323718774, 34.129870280956574 ], [ -118.494926813301035, 34.129864594414521 ], [ -118.495025952645591, 34.129865905869345 ], [ -118.495141613522691, 34.129867149565023 ], [ -118.49520112562108, 34.129872745043535 ], [ -118.495328458506179, 34.129891802065742 ], [ -118.495606342048006, 34.129944933941147 ], [ -118.495790071416735, 34.130001542798119 ], [ -118.496069875893596, 34.130099662532906 ], [ -118.496127840035015, 34.130122781747808 ], [ -118.496185836831231, 34.130151396593618 ], [ -118.496237225030995, 34.130180038543273 ], [ -118.496288635704161, 34.130212459637946 ], [ -118.496335110326342, 34.130248334948639 ], [ -118.496374976344072, 34.130284237380778 ], [ -118.496404919226194, 34.13031846311786 ], [ -118.49644322806833, 34.130370172326792 ], [ -118.496469836080848, 34.130399259439251 ], [ -118.496501398563382, 34.130427982707793 ], [ -118.496519641736654, 34.130439586329636 ], [ -118.496542863852511, 34.130454947852932 ], [ -118.496595892282528, 34.130481521991271 ], [ -118.496686975659145, 34.130517213888673 ], [ -118.49672835328245, 34.13052940938779 ], [ -118.496773016877953, 34.130538499984453 ], [ -118.496832547937842, 34.130547185967785 ], [ -118.496893720967307, 34.130554147736603 ], [ -118.496954872628024, 34.13055733120482 ], [ -118.497012698452991, 34.130557093446981 ], [ -118.49706717909369, 34.130549999676845 ], [ -118.497090276739229, 34.130544408897094 ], [ -118.497138083329943, 34.130526350956025 ], [ -118.497187519591961, 34.130504507935065 ], [ -118.49742931477661, 34.130323182408759 ], [ -118.497676129861873, 34.130152482923961 ], [ -118.498019488200399, 34.130102293540055 ], [ -118.498293683926121, 34.130090515385497 ], [ -118.498574130637962, 34.130018944073477 ], [ -118.498834657811997, 34.129931653912116 ], [ -118.499112975556045, 34.129780401129004 ], [ -118.499256551696405, 34.1297526726988 ], [ -118.499555463627217, 34.129730140583291 ], [ -118.499746888204498, 34.129691565705741 ], [ -118.500005291452212, 34.129525966736132 ], [ -118.500011190022349, 34.129521784428803 ], [ -118.500306419938227, 34.129312436648924 ], [ -118.500398496000898, 34.129247144547236 ], [ -118.500622343649312, 34.129105387912709 ], [ -118.500963439657966, 34.128954214302688 ], [ -118.501121904537044, 34.128930200297894 ], [ -118.501389767643616, 34.128965155604618 ], [ -118.501763702622853, 34.129055658435945 ], [ -118.50211457145997, 34.12915656054993 ], [ -118.502290525783863, 34.129293568724854 ], [ -118.502316388883571, 34.1293389484985 ], [ -118.502390714365148, 34.129469361241284 ], [ -118.502390018038056, 34.129628398679749 ], [ -118.502301927954235, 34.129816309662807 ], [ -118.502159131723658, 34.129973533124243 ], [ -118.501927314384801, 34.130163757389518 ], [ -118.501842765254523, 34.130391154350249 ], [ -118.501876880913088, 34.13056962601366 ], [ -118.501907453138983, 34.130708268775876 ], [ -118.501983205382118, 34.130666735745748 ], [ -118.502075446207968, 34.130619637483974 ], [ -118.502365055101777, 34.13042333347839 ], [ -118.502407816305478, 34.130390524470251 ], [ -118.50244233003373, 34.130360154140192 ], [ -118.502486655529708, 34.130312912141449 ], [ -118.502589994063655, 34.130188140155703 ], [ -118.502694918338477, 34.130052368995599 ], [ -118.50278499355862, 34.129920095284234 ], [ -118.502863443514215, 34.129777908742838 ], [ -118.502904224442517, 34.129690835925196 ], [ -118.50293843292016, 34.129609630624344 ], [ -118.502966052332496, 34.129531887603605 ], [ -118.502987108587689, 34.129461728605371 ], [ -118.503001618243303, 34.129401901461456 ], [ -118.503011802847809, 34.129348113707522 ], [ -118.503017631197778, 34.129317336985224 ], [ -118.503043424659879, 34.129210747723761 ], [ -118.503059230821265, 34.129091835388259 ], [ -118.503053850651042, 34.129021442915693 ], [ -118.503036938623268, 34.128956594230964 ], [ -118.50301011175668, 34.128891443318508 ], [ -118.502975007733554, 34.128823578045527 ], [ -118.502869521364971, 34.128591132677819 ], [ -118.502807721181654, 34.128479756457374 ], [ -118.502767712778649, 34.12842049960782 ], [ -118.502719301279058, 34.128337576182027 ], [ -118.502714010268818, 34.128281953272861 ], [ -118.502718681562172, 34.128234532620112 ], [ -118.502729965458244, 34.128187771437986 ], [ -118.502759443300747, 34.128144369449338 ], [ -118.502793933247574, 34.128110220756668 ], [ -118.502871223230045, 34.128050132459222 ], [ -118.502927189614113, 34.128015550887426 ], [ -118.502966732920811, 34.127997525013591 ], [ -118.503197605191801, 34.127926149213678 ], [ -118.50328499350826, 34.127896931549472 ], [ -118.503528909409596, 34.127796647881873 ], [ -118.503604755467933, 34.127771257329066 ], [ -118.503682319819873, 34.127756851156597 ], [ -118.50378966146144, 34.127748847079978 ], [ -118.503893723708458, 34.127744978425298 ], [ -118.503934993334042, 34.127739310573808 ], [ -118.503994449674352, 34.127735627798145 ], [ -118.504065544260072, 34.127744261995609 ], [ -118.504141661481526, 34.127763866790978 ], [ -118.50421948471849, 34.127792395087717 ], [ -118.504299003636632, 34.12782812948997 ], [ -118.504355357815001, 34.127858121221273 ], [ -118.504536125385201, 34.127971061941004 ], [ -118.504579298069899, 34.12800694787235 ], [ -118.504622580689229, 34.128061038149141 ], [ -118.504659298441908, 34.128122369051191 ], [ -118.504692730675245, 34.128186805045722 ], [ -118.504743111414413, 34.128321928612941 ], [ -118.504779883304636, 34.128392190821472 ], [ -118.50482325130254, 34.128460363645615 ], [ -118.504878165579527, 34.128525396841461 ], [ -118.504944607482599, 34.128584199086674 ], [ -118.505009301894603, 34.128627208187076 ], [ -118.505078920635739, 34.128664700881224 ], [ -118.505324145771425, 34.128781148528617 ], [ -118.505397026425882, 34.128811757660031 ], [ -118.505481449214088, 34.128838541021544 ], [ -118.505567509641125, 34.128862912162653 ], [ -118.50564361685106, 34.128880455137207 ], [ -118.505759376276984, 34.128898175640671 ], [ -118.505820548842877, 34.128905132891433 ], [ -118.505951210805335, 34.128928286641326 ], [ -118.506027327467876, 34.128947546771307 ], [ -118.506168042798024, 34.12899367184049 ], [ -118.506226011045271, 34.129017129690652 ], [ -118.506269097621896, 34.129038588922974 ], [ -118.506517781727112, 34.129180094239196 ], [ -118.506809398444375, 34.129317298095209 ], [ -118.506872433910004, 34.129358939212636 ], [ -118.506916671961307, 34.129399494341321 ], [ -118.506927260800794, 34.129409201904387 ], [ -118.506975566678079, 34.12947391838614 ], [ -118.507017297382845, 34.129544158225428 ], [ -118.507087508476744, 34.129679197655676 ], [ -118.507122518256935, 34.129730918247269 ], [ -118.507174130856413, 34.129795964265291 ], [ -118.507200815366318, 34.129837070761624 ], [ -118.507222555951529, 34.129880258922135 ], [ -118.507239350521758, 34.129925185271063 ], [ -118.507244690503356, 34.129988364510815 ], [ -118.507240096715975, 34.130048150565663 ], [ -118.507230542283352, 34.130107270463014 ], [ -118.507230915379964, 34.130168754012068 ], [ -118.507252796805972, 34.130234955221027 ], [ -118.507262843165577, 34.130256896242592 ], [ -118.507277833503665, 34.130276755591197 ], [ -118.507294563561459, 34.130311034100046 ], [ -118.507307964294611, 34.130341204733284 ], [ -118.50735104140746, 34.130360946188233 ], [ -118.50749671942188, 34.130407735869255 ], [ -118.507579511097887, 34.130437615107951 ], [ -118.507655729641016, 34.130473361179938 ], [ -118.507713774438827, 34.130509183542465 ], [ -118.507760254129252, 34.130545054460406 ], [ -118.507800126279577, 34.130580953119733 ], [ -118.507948024838129, 34.130721162362228 ], [ -118.508047768741633, 34.130821728414766 ], [ -118.508117642233799, 34.13090078026017 ], [ -118.508157513623274, 34.130936678806485 ], [ -118.508207308530942, 34.13097425305358 ], [ -118.508265364355864, 34.131011792543973 ], [ -118.508444358135918, 34.131102751752721 ], [ -118.508492404976693, 34.13112453282276 ], [ -118.508540395420184, 34.131137039955185 ], [ -118.50856489020164, 34.131137553552485 ], [ -118.508594925618738, 34.13113818447232 ], [ -118.508624635543057, 34.131133250638037 ], [ -118.508685676203172, 34.13111822381758 ], [ -118.508731836802568, 34.13110154215785 ], [ -118.508776315938064, 34.131080058736345 ], [ -118.508820726046736, 34.131047239607859 ], [ -118.508929231131432, 34.130958163090739 ], [ -118.508998317040295, 34.130907723049539 ], [ -118.509101995955675, 34.130840306396593 ], [ -118.509227157094756, 34.130773486128071 ], [ -118.509865942331359, 34.130671525477801 ], [ -118.510235888480139, 34.130646950759818 ], [ -118.510339918385924, 34.130637237421752 ], [ -118.510425711510294, 34.130617296387605 ], [ -118.510514751265646, 34.130587723034616 ], [ -118.510559248551445, 34.130569330263121 ], [ -118.51059711827358, 34.130547874086247 ], [ -118.510631668958851, 34.130524027507867 ], [ -118.510661231655646, 34.130495049683496 ], [ -118.510687471118317, 34.130462994506921 ], [ -118.510713616122601, 34.130415482795868 ], [ -118.510731493993291, 34.130366975549101 ], [ -118.510746067522092, 34.130318482262197 ], [ -118.510762068619599, 34.130233229801505 ], [ -118.51078972503899, 34.130162698038781 ], [ -118.510842098674019, 34.130081412802497 ], [ -118.510891277070229, 34.130018003289067 ], [ -118.510933962251997, 34.129973513003613 ], [ -118.510999727133367, 34.129920681438286 ], [ -118.511052376602763, 34.12988439268009 ], [ -118.511169292902522, 34.12982069663439 ], [ -118.511640484545453, 34.129602305138953 ], [ -118.511727816996228, 34.129564151832739 ], [ -118.5118646253718, 34.12951136248666 ], [ -118.511910799174032, 34.129497083962335 ], [ -118.511999880313851, 34.129474723468462 ], [ -118.512044463358038, 34.129466763323045 ], [ -118.512089020325092, 34.129461980303809 ], [ -118.512303745332787, 34.129452139729381 ], [ -118.512323550000431, 34.129448620914069 ], [ -118.512384567710654, 34.129430157442521 ], [ -118.512433976177277, 34.129404529924521 ], [ -118.512473438069136, 34.129373448761442 ], [ -118.512511216200735, 34.129337222415188 ], [ -118.512578501136304, 34.129263087326876 ], [ -118.512617931305826, 34.129226853039548 ], [ -118.512703411720778, 34.129156075585165 ], [ -118.512779079230626, 34.129101827091205 ], [ -118.512805427017582, 34.129087632331384 ], [ -118.512843346068124, 34.129074418932497 ], [ -118.512932451800566, 34.129056179492061 ], [ -118.51303316460212, 34.12904476046667 ], [ -118.513396536273433, 34.12902707369323 ], [ -118.513422976759841, 34.129027991846705 ], [ -118.513532045091239, 34.129031993842716 ], [ -118.513682480131351, 34.129046124564937 ], [ -118.513829552916434, 34.129050651748116 ], [ -118.513956735651689, 34.129044958708946 ], [ -118.514073967536419, 34.129033125086082 ], [ -118.514287050669608, 34.129025348889854 ], [ -118.514491893201466, 34.129020698780671 ], [ -118.514671910311833, 34.129009284287477 ], [ -118.515215150259451, 34.128956133801999 ], [ -118.515741916937202, 34.128910951372291 ], [ -118.515900411405255, 34.128892413646057 ], [ -118.515969721464216, 34.128879065276536 ], [ -118.516121484289158, 34.128840633728316 ], [ -118.516223837919839, 34.128827487598237 ], [ -118.516273401839086, 34.128827275906175 ], [ -118.51631142418114, 34.128830891856587 ], [ -118.516384230391992, 34.128848785665554 ], [ -118.516594451195061, 34.128912463001555 ], [ -118.516630878775842, 34.128925359826844 ], [ -118.516652422311665, 34.128935915851208 ], [ -118.516692149931302, 34.128948111577493 ], [ -118.516758260731805, 34.128951950800463 ], [ -118.516930012472201, 34.128939881304177 ], [ -118.517114929185183, 34.128919168056591 ], [ -118.517298215972573, 34.128902239862789 ], [ -118.517732538430323, 34.128869809902973 ], [ -118.517869575956112, 34.128854796372465 ], [ -118.517924074998334, 34.128851127984937 ], [ -118.517991812367839, 34.128850837714523 ], [ -118.51806288805939, 34.128856028896308 ], [ -118.518137290397021, 34.128864640649958 ], [ -118.518206758694973, 34.128877051873147 ], [ -118.518322620881747, 34.128910903823517 ], [ -118.518380588221916, 34.128933668887733 ], [ -118.518539629749839, 34.129003401617126 ], [ -118.518665563851982, 34.129062628099618 ], [ -118.518698717386698, 34.129080347176334 ], [ -118.518730174037486, 34.129090860290631 ], [ -118.518768209395802, 34.129096536337855 ], [ -118.518811175584517, 34.129098069359706 ], [ -118.51885412045435, 34.12909616758359 ], [ -118.518893726935573, 34.12908878432512 ], [ -118.518948123728734, 34.129068628519079 ], [ -118.519030461758774, 34.12902499556472 ], [ -118.519099648759749, 34.128992067144125 ], [ -118.519305641610018, 34.128906684390323 ], [ -118.519394585683926, 34.128862679316924 ], [ -118.519506650948031, 34.128817200854222 ], [ -118.519570962330206, 34.128797345640244 ], [ -118.519636945028537, 34.128780574593648 ], [ -118.519694703358184, 34.128769678159053 ], [ -118.519722765011593, 34.128765435652603 ], [ -118.519782222437172, 34.12876208859376 ], [ -118.519929272603946, 34.128763173577141 ], [ -118.520066489069762, 34.128777009728523 ], [ -118.520154165204474, 34.128794837288474 ], [ -118.520203769708445, 34.128801150071325 ], [ -118.520264946626824, 34.12880844348534 ], [ -118.520332707472861, 34.128811930163678 ], [ -118.520565689884734, 34.12881607928896 ], [ -118.520631742996457, 34.128810642480978 ], [ -118.520696075502485, 34.128794221450747 ], [ -118.520761935999644, 34.128757871530887 ], [ -118.520804678424028, 34.128723337723734 ], [ -118.520835878383963, 34.128692632902506 ], [ -118.520880169055673, 34.128641605900903 ], [ -118.520942568836119, 34.128580196211566 ], [ -118.521111780582004, 34.128425927908957 ], [ -118.521281049531552, 34.128280932380385 ], [ -118.521360005291342, 34.128224946869899 ], [ -118.521402791110077, 34.1281976268004 ], [ -118.5214653680233, 34.128164725533544 ], [ -118.521598795140847, 34.128100948124612 ], [ -118.5216597240765, 34.128068740843155 ], [ -118.521710746709147, 34.128037606752393 ], [ -118.52175851224284, 34.12801404342413 ], [ -118.521819550407855, 34.127999353450697 ], [ -118.521888908104145, 34.127993901686033 ], [ -118.521958329050406, 34.127998754232308 ], [ -118.522021188739927, 34.128011191800525 ], [ -118.522067561629072, 34.128029196347789 ], [ -118.522132219365488, 34.128064983239945 ], [ -118.52223498740733, 34.128118466790674 ], [ -118.522419025966073, 34.128222091675163 ], [ -118.522492026181325, 34.12827089484253 ], [ -118.522575012216549, 34.128331334269134 ], [ -118.522613122651819, 34.12834903084309 ], [ -118.522639614566813, 34.128358190457064 ], [ -118.522745543620431, 34.128388646247586 ], [ -118.522829913527232, 34.128406142678664 ], [ -118.522904325614746, 34.128416468893555 ], [ -118.523058066459299, 34.12843057364725 ], [ -118.523342457276428, 34.128465408812282 ], [ -118.523592062305624, 34.128485624039151 ], [ -118.523912821786965, 34.128523735189468 ], [ -118.524086466017096, 34.128550117913832 ], [ -118.524423908842365, 34.128613916934135 ], [ -118.524509896969576, 34.128625909373845 ], [ -118.524640508703143, 34.128640112483183 ], [ -118.524802505487457, 34.128653492210745 ], [ -118.524843797866026, 34.128651595479873 ], [ -118.524893316365208, 34.128644167211903 ], [ -118.525162251493796, 34.12858529312436 ], [ -118.525287666224699, 34.12856139099901 ], [ -118.525345443094551, 34.128553583167616 ], [ -118.525477535317236, 34.128540643422816 ], [ -118.525675724340033, 34.128529133527444 ], [ -118.52576654578742, 34.128521525263295 ], [ -118.525883846575496, 34.128521014965038 ], [ -118.526019376921596, 34.128529355896333 ], [ -118.526135118558926, 34.128543622103933 ], [ -118.526240968034585, 34.1285610226575 ], [ -118.526341918491156, 34.128587718615798 ], [ -118.526439595045957, 34.128619237574917 ], [ -118.526485980040931, 34.128638957817948 ], [ -118.52654064948986, 34.12866242031744 ], [ -118.526613570267045, 34.128698168827199 ], [ -118.526752838131671, 34.128775191066559 ], [ -118.526855689024089, 34.128841035897238 ], [ -118.526905434794301, 34.128869672007717 ], [ -118.526973356206497, 34.128898572344312 ], [ -118.527052829593117, 34.128925361346063 ], [ -118.527226608883922, 34.128973035207643 ], [ -118.527294450322358, 34.128989226673546 ], [ -118.527421810844288, 34.12901168466707 ], [ -118.527486270054098, 34.129015525231502 ], [ -118.527558963923497, 34.129015207969466 ], [ -118.527613458308778, 34.12901084825689 ], [ -118.527719095089694, 34.128994586666238 ], [ -118.527760326848707, 34.128983071551957 ], [ -118.527826210449504, 34.12895083952008 ], [ -118.527887214609677, 34.128930650827762 ], [ -118.527963121549362, 34.128915892811264 ], [ -118.528045671703538, 34.128906601526353 ], [ -118.52812991954363, 34.128904516006308 ], [ -118.528194383044195, 34.128909043149278 ], [ -118.528248961982172, 34.12891807879609 ], [ -118.528301921363337, 34.128932273810861 ], [ -118.528490665038987, 34.128994650417269 ], [ -118.528656278034475, 34.12905712789992 ], [ -118.528780518363305, 34.129108794556345 ], [ -118.528830230183644, 34.12913193422537 ], [ -118.529047219732618, 34.129219261879427 ], [ -118.529212785747688, 34.129274182082064 ], [ -118.529363395716018, 34.1293154280566 ], [ -118.529520556728173, 34.129347370979559 ], [ -118.529737239542797, 34.12938626608944 ], [ -118.529753780539721, 34.129389284983262 ], [ -118.529795140656702, 34.129398034381204 ], [ -118.529833211740595, 34.129409202595696 ], [ -118.529939094661998, 34.129431752086944 ], [ -118.530058174078533, 34.129450808739421 ], [ -118.530137513916841, 34.129456300072995 ], [ -118.530215164585073, 34.129455959474662 ], [ -118.530459614006787, 34.12944423880645 ], [ -118.530568656437012, 34.129443760209931 ], [ -118.530644791225555, 34.129446108078014 ], [ -118.530666154596787, 34.129446767075272 ], [ -118.530745525004036, 34.129457066702528 ], [ -118.530812877534785, 34.129472749875475 ], [ -118.530838184549964, 34.129478643007765 ], [ -118.530867990734748, 34.129489160219073 ], [ -118.530929292358024, 34.129516026489497 ], [ -118.53102707646687, 34.129564028688868 ], [ -118.531121664428852, 34.129628876649861 ], [ -118.531169759983584, 34.129657518265581 ], [ -118.531194620749716, 34.129669774567574 ], [ -118.531219448780121, 34.129676878693722 ], [ -118.531267406862796, 34.129683881153355 ], [ -118.531325221066012, 34.129681909590261 ], [ -118.531450703378084, 34.129668648889144 ], [ -118.531647148167906, 34.129642366910517 ], [ -118.531706592630115, 34.129636953117682 ], [ -118.531764406790558, 34.129634981344509 ], [ -118.531830536308931, 34.129641560148087 ], [ -118.531876853204807, 34.129650287025449 ], [ -118.531923196339463, 34.129663135621598 ], [ -118.531967893900159, 34.129677021905337 ], [ -118.531999398351644, 34.129694744605239 ], [ -118.532019339975108, 34.129712861679174 ], [ -118.532029726273237, 34.129726731270367 ], [ -118.532032670832464, 34.129730664360686 ], [ -118.532104198563786, 34.129806603761345 ], [ -118.532160852700315, 34.12988192162981 ], [ -118.532179229725756, 34.129913785072851 ], [ -118.532194329789121, 34.129949784793567 ], [ -118.53221290585563, 34.130012904732702 ], [ -118.532261715025726, 34.130153520655519 ], [ -118.532322096024359, 34.130295115159512 ], [ -118.532338941354965, 34.130345877146667 ], [ -118.532355806394079, 34.130399730433844 ], [ -118.532371262119625, 34.13049171705763 ], [ -118.532383124783905, 34.130538380034139 ], [ -118.532396528045425, 34.13056751745102 ], [ -118.532416559663574, 34.130599717059418 ], [ -118.532481764274891, 34.13072033749264 ], [ -118.532528668294688, 34.130821116234415 ], [ -118.532547036913385, 34.130851605710127 ], [ -118.532572016413411, 34.130882409543162 ], [ -118.532596934652091, 34.130903595986105 ], [ -118.532648381751713, 34.130939435493289 ], [ -118.532676536513932, 34.130949959539542 ], [ -118.532703008471586, 34.130955683069608 ], [ -118.532779031328133, 34.130958782881109 ], [ -118.532821976835805, 34.1309568761422 ], [ -118.532863232940215, 34.130949136643551 ], [ -118.532904469334341, 34.130938306730087 ], [ -118.532922597226701, 34.130931013565409 ], [ -118.532960402239766, 34.130900276475664 ], [ -118.533040795649129, 34.130811645638914 ], [ -118.53309649839359, 34.130737550128806 ], [ -118.533142320908382, 34.130668650487799 ], [ -118.533207899204243, 34.130588672075916 ], [ -118.533296486006762, 34.130489355903492 ], [ -118.533321051476065, 34.130455242235733 ], [ -118.533343951614853, 34.130419074984971 ], [ -118.533356982607756, 34.130389821032168 ], [ -118.533378072747254, 34.130328930647948 ], [ -118.533381041724368, 34.130276363930257 ], [ -118.533366952161472, 34.130139718003669 ], [ -118.533369978123403, 34.130096081714882 ], [ -118.53338436312329, 34.130020106557431 ], [ -118.533400689576837, 34.129989464106814 ], [ -118.533423648735862, 34.129962570747701 ], [ -118.533453260325444, 34.129942517778446 ], [ -118.533474670334627, 34.12993177516784 ], [ -118.533524140593343, 34.129916786847524 ], [ -118.533611590558891, 34.12989853945507 ], [ -118.533740363974132, 34.129883200921348 ], [ -118.533794873956964, 34.129881242767915 ], [ -118.533846102658146, 34.129882733959093 ], [ -118.533923837078888, 34.129895443142416 ], [ -118.533993352462119, 34.129914714852838 ], [ -118.534162124243991, 34.129953470212847 ], [ -118.534221718039134, 34.129971411686988 ], [ -118.53427307524916, 34.129993167903933 ], [ -118.534304580308543, 34.130010890003135 ], [ -118.534356074791887, 34.130053942717417 ], [ -118.534465784561576, 34.130157877921206 ], [ -118.534482431303843, 34.130177383111814 ], [ -118.534494125978128, 34.130197597173535 ], [ -118.534502525130407, 34.130219199758052 ], [ -118.534509342415006, 34.130251800943867 ], [ -118.534511225195359, 34.130287858827458 ], [ -118.534510067229022, 34.130365148682671 ], [ -118.534502810182843, 34.130522155558893 ], [ -118.534479527808756, 34.130756860618767 ], [ -118.534476899929501, 34.130862666454284 ], [ -118.534489343655267, 34.13100000741715 ], [ -118.534499546609837, 34.131045302678757 ], [ -118.534518643026004, 34.131189483074095 ], [ -118.534547672348978, 34.131336710930249 ], [ -118.534566366929909, 34.131418035745675 ], [ -118.53459502955242, 34.131507902764312 ], [ -118.53460845570892, 34.131540474716694 ], [ -118.534621835740978, 34.131565833629487 ], [ -118.534661786938202, 34.131612371250668 ], [ -118.534691688844006, 34.131637657073846 ], [ -118.534709941976047, 34.131649941887211 ], [ -118.534731477510192, 34.131658777299762 ], [ -118.534754645457014, 34.131664514097082 ], [ -118.534774482666194, 34.131666143773252 ], [ -118.534828993787556, 34.131664185153383 ], [ -118.534893345482118, 34.131650847867874 ], [ -118.534964254219176, 34.131629237822573 ], [ -118.535005453302475, 34.131612568066167 ], [ -118.535040034839852, 34.131594553636951 ], [ -118.535135434887039, 34.131527494699178 ], [ -118.535257082719767, 34.131431123000219 ], [ -118.535288280580772, 34.131400757924766 ], [ -118.535396756825065, 34.131311656754264 ], [ -118.535488760574637, 34.131230186094001 ], [ -118.535542923688155, 34.13117395763043 ], [ -118.535623241989242, 34.131073990302049 ], [ -118.535665819894589, 34.131014721729798 ], [ -118.535698504525172, 34.130958588378356 ], [ -118.535708104954566, 34.130909769669785 ], [ -118.53572377030703, 34.130776083511059 ], [ -118.535730161035005, 34.130742049900661 ], [ -118.53574149504739, 34.130705933453704 ], [ -118.535761043644086, 34.130662567352935 ], [ -118.535782279611254, 34.130624689573253 ], [ -118.535833078358166, 34.130559201721873 ], [ -118.535936413656728, 34.130441613369285 ], [ -118.536010323666332, 34.130372931577867 ], [ -118.536066241563503, 34.130332839018962 ], [ -118.536094248956189, 34.130320349245117 ], [ -118.536122276167831, 34.1303109507665 ], [ -118.536189935336864, 34.130298285090895 ], [ -118.536290739011491, 34.130301272761372 ], [ -118.536388295684333, 34.130313205438206 ], [ -118.536436292038488, 34.13032604497247 ], [ -118.536471077750562, 34.130339973584782 ], [ -118.536500946679666, 34.130360106790178 ], [ -118.536524203659496, 34.130379582361797 ], [ -118.53656577223164, 34.13042061637146 ], [ -118.536592336890749, 34.130440764222428 ], [ -118.536653674130022, 34.1304727797597 ], [ -118.536685149005777, 34.130485693448705 ], [ -118.536718260609007, 34.130496194546069 ], [ -118.53680098340476, 34.130513688562004 ], [ -118.536920044985749, 34.130529647158113 ], [ -118.537047351978387, 34.130543164588104 ], [ -118.53712839291012, 34.130555857024483 ], [ -118.537214431215105, 34.130575053463616 ], [ -118.537257466940233, 34.130587227744812 ], [ -118.537317130297993, 34.130615815509607 ], [ -118.537486404190673, 34.130732192244984 ], [ -118.53751135013519, 34.130757499410016 ], [ -118.537554770351463, 34.130829438748016 ], [ -118.537596595909406, 34.130910315845313 ], [ -118.537618402169969, 34.130961055949399 ], [ -118.537653502069887, 34.131023758089931 ], [ -118.537673535822421, 34.13105595682741 ], [ -118.537693525400115, 34.131081286002711 ], [ -118.537715145067878, 34.131103173045439 ], [ -118.537756632822962, 34.131131497962308 ], [ -118.537826209789301, 34.131160041373498 ], [ -118.537910656382095, 34.131188518573083 ], [ -118.537952031506421, 34.131199326047863 ], [ -118.537991727936813, 34.131206019126878 ], [ -118.538029763354032, 34.131211345635151 ], [ -118.538067774454547, 34.131212893874249 ], [ -118.538165264974197, 34.131214177296151 ], [ -118.538209862665965, 34.131212261287089 ], [ -118.538247851652287, 34.131210374690049 ], [ -118.538338641685456, 34.131197604809849 ], [ -118.538431150242516, 34.13119513183986 ], [ -118.538910492596344, 34.131225627002962 ], [ -118.539027832537826, 34.131230599595746 ], [ -118.539084006527645, 34.131230349078855 ], [ -118.539146764851438, 34.131226290801351 ], [ -118.539191340370508, 34.131220939650966 ], [ -118.539277150451781, 34.13120441291381 ], [ -118.539315079573711, 34.131193252077622 ], [ -118.539389274529896, 34.131169220352795 ], [ -118.539458481885305, 34.131140402012711 ], [ -118.539493071135226, 34.131123760221335 ], [ -118.539527624898639, 34.131101622773564 ], [ -118.539552270039209, 34.13108021652166 ], [ -118.539573610821634, 34.131058825015238 ], [ -118.539601347417005, 34.131004430123561 ], [ -118.539622428727924, 34.13094285169322 ], [ -118.539623896845171, 34.130914334749427 ], [ -118.53959502724382, 34.130793212435016 ], [ -118.539581180202546, 34.130695723712684 ], [ -118.539564033300678, 34.13059893669503 ], [ -118.539538769739764, 34.130524512613093 ], [ -118.539522006464182, 34.13048714726758 ], [ -118.539500273414035, 34.130447742273589 ], [ -118.539448522207678, 34.130365192687854 ], [ -118.53940186499922, 34.130303916591849 ], [ -118.539376907535711, 34.130276892427737 ], [ -118.539356906558623, 34.13024984614178 ], [ -118.539335171437642, 34.130210098541937 ], [ -118.53931505525027, 34.130165191397914 ], [ -118.53929988225066, 34.130118201268857 ], [ -118.539284410105395, 34.130024841620475 ], [ -118.539284188497817, 34.129990492928265 ], [ -118.539287282278281, 34.12995784778461 ], [ -118.539295323643159, 34.129923806615096 ], [ -118.539306658220227, 34.129888033312469 ], [ -118.539322935937292, 34.129850177026057 ], [ -118.539338695680044, 34.129820928274412 ], [ -118.539347425622253, 34.129804727363343 ], [ -118.539376958161014, 34.129772651216349 ], [ -118.539408184937685, 34.129747093769438 ], [ -118.539483962008021, 34.129712406799406 ], [ -118.539566405243576, 34.129686620706927 ], [ -118.539696760635891, 34.129660620637594 ], [ -118.539955953243336, 34.129629236126242 ], [ -118.540124285540443, 34.129599631060756 ], [ -118.540288929342708, 34.129510617955397 ], [ -118.540367977893197, 34.129470763488165 ], [ -118.540494737470098, 34.129399781727948 ], [ -118.540562264185084, 34.129366848410363 ], [ -118.540646298902772, 34.129331780290144 ], [ -118.540829304030851, 34.12927188168014 ], [ -118.540911758614371, 34.129247812054849 ], [ -118.541022278375834, 34.129220525365291 ], [ -118.541144314095064, 34.129185630285356 ], [ -118.541269609499125, 34.129143850728262 ], [ -118.541442617501417, 34.129070942514815 ], [ -118.541490386962593, 34.129048745300146 ], [ -118.54156774568132, 34.129003401809335 ], [ -118.541605546643581, 34.128972662017254 ], [ -118.541640029962537, 34.128939876153261 ], [ -118.541671222349223, 34.12890916595439 ], [ -118.541685964645879, 34.128889521080858 ], [ -118.541707124021599, 34.128840307492858 ], [ -118.541721643697514, 34.128786314829767 ], [ -118.54175512067421, 34.128598276043071 ], [ -118.541764815252691, 34.128564570783219 ], [ -118.541780401465871, 34.128420236034238 ], [ -118.541780094245993, 34.128372836091295 ], [ -118.541757332206657, 34.12817474474037 ], [ -118.541756996061082, 34.128122879585725 ], [ -118.541763263917574, 34.128070297854997 ], [ -118.541772838217213, 34.128018044791396 ], [ -118.541785725632678, 34.12796715082758 ], [ -118.541811633997312, 34.127885971566542 ], [ -118.541831203276061, 34.127846382743421 ], [ -118.541860638428375, 34.127799536444044 ], [ -118.541896681970556, 34.127752659608298 ], [ -118.541977050599272, 34.127661961963419 ], [ -118.542047645668333, 34.127592947828418 ], [ -118.542087084554879, 34.127560139610793 ], [ -118.542174236112245, 34.127496546950475 ], [ -118.542266370577934, 34.127437053725366 ], [ -118.542361815797705, 34.127378576037039 ], [ -118.542549500811873, 34.127276747384158 ], [ -118.542638433142599, 34.127233068687389 ], [ -118.542672147532642, 34.127217940891427 ], [ -118.542714211053536, 34.127199066650086 ], [ -118.542796592824018, 34.127164347932769 ], [ -118.54288395088696, 34.127132698198331 ], [ -118.542969674638314, 34.127103803644992 ], [ -118.543154402283591, 34.127055572337198 ], [ -118.543258312275753, 34.12702865677889 ], [ -118.543380343861614, 34.126993759443344 ], [ -118.543500700921641, 34.126955434635491 ], [ -118.543619359956082, 34.126909904099691 ], [ -118.54369514387723, 34.126876931881064 ], [ -118.543907595197439, 34.126773272260685 ], [ -118.543978447207522, 34.126744100423537 ], [ -118.544245462459671, 34.126647065280721 ], [ -118.5443360721587, 34.126607499629969 ], [ -118.544441590791962, 34.126574049536472 ], [ -118.544502626155108, 34.126559691586984 ], [ -118.544563695061612, 34.126550485773414 ], [ -118.544649568663345, 34.126544603035413 ], [ -118.544732195199174, 34.126547665554959 ], [ -118.544831378392161, 34.126556149192744 ], [ -118.545102579865684, 34.126594770988518 ], [ -118.545163718174351, 34.126596212682628 ], [ -118.545228103488185, 34.126588709013951 ], [ -118.545270988212692, 34.12657786743037 ], [ -118.545348389651693, 34.126539734555877 ], [ -118.545427357937939, 34.126488542021619 ], [ -118.545508005106214, 34.126441463712624 ], [ -118.545573756562391, 34.126390330732768 ], [ -118.545626387706122, 34.126354026023677 ], [ -118.545761318833286, 34.126270636251768 ], [ -118.545833763533764, 34.126232525446056 ], [ -118.545904605440811, 34.126201978569192 ], [ -118.545977141996545, 34.126177950265422 ], [ -118.546046410259336, 34.126159432489516 ], [ -118.546346640060662, 34.126089378170043 ], [ -118.546465369330377, 34.126055179611654 ], [ -118.54649997753674, 34.126041970594798 ], [ -118.546539557670272, 34.126031143500995 ], [ -118.546600637196164, 34.12602365404706 ], [ -118.546678250913217, 34.126018150706514 ], [ -118.546871517509857, 34.126013154551821 ], [ -118.547229760869172, 34.125972375490974 ], [ -118.547333755913016, 34.125958852061068 ], [ -118.547424528691337, 34.125944357964585 ], [ -118.547525174526157, 34.125923978879101 ], [ -118.547698369622722, 34.125881632141002 ], [ -118.547818804136767, 34.125855668232241 ], [ -118.547904654282348, 34.125846348404572 ], [ -118.547962465438289, 34.125844368883975 ], [ -118.548023603247458, 34.125845809131441 ], [ -118.54813268709502, 34.125852527726813 ], [ -118.548177342513725, 34.125859881938439 ], [ -118.548208790395748, 34.125868669991206 ], [ -118.548291583109759, 34.125897147427757 ], [ -118.548434085872302, 34.125961077532175 ], [ -118.548899777121804, 34.126181200241128 ], [ -118.549339020578969, 34.126398694374231 ], [ -118.549403630031961, 34.126425536255262 ], [ -118.549440034497096, 34.126434301458893 ], [ -118.549476418649618, 34.126439975352412 ], [ -118.549516069667021, 34.126439795087173 ], [ -118.549573831514778, 34.126430258286724 ], [ -118.54970740381917, 34.126392210680798 ], [ -118.549750260754763, 34.126377245775792 ], [ -118.549880549066273, 34.126342303404819 ], [ -118.549944887482582, 34.126327927674978 ], [ -118.549977890630942, 34.126321938210388 ], [ -118.550080261794548, 34.126312541661861 ], [ -118.55015127854206, 34.126308783554641 ], [ -118.550276836462245, 34.126308211984693 ], [ -118.550375983749774, 34.12631119542975 ], [ -118.550450315947572, 34.126309139489365 ], [ -118.550631998084015, 34.126301098689311 ], [ -118.550896221859958, 34.126283407253382 ], [ -118.550950740411977, 34.126283158751683 ], [ -118.551059838651298, 34.126291935571238 ], [ -118.551164038382908, 34.126309321829829 ], [ -118.551276558624949, 34.126335944224543 ], [ -118.551316244750822, 34.126341259016129 ], [ -118.551415380785855, 34.12634252422037 ], [ -118.551497948450816, 34.126336651695887 ], [ -118.551552421709218, 34.126329533369798 ], [ -118.551578818697223, 34.126323917101388 ], [ -118.551633217140619, 34.126305463976543 ], [ -118.551662872935154, 34.126292963056663 ], [ -118.551707312355092, 34.126267342105372 ], [ -118.551720458693126, 34.126256633969163 ], [ -118.551774535113381, 34.12618940695539 ], [ -118.551817192042563, 34.12614421528508 ], [ -118.551866454952417, 34.126098649949405 ], [ -118.551927332210454, 34.126060588293704 ], [ -118.551978380899172, 34.126035280549033 ], [ -118.552029486263947, 34.126018559723661 ], [ -118.552075673957319, 34.126007700634901 ], [ -118.55244377832409, 34.125959304330173 ], [ -118.552493351798745, 34.125960795174102 ], [ -118.552799213123521, 34.12599374545966 ], [ -118.553187677208399, 34.126026316939317 ], [ -118.553513266120319, 34.126044405143269 ], [ -118.55361259291864, 34.12607452066446 ], [ -118.553668909000478, 34.126096245936431 ], [ -118.553774973913335, 34.126145909276033 ], [ -118.553818073487236, 34.126167695032471 ], [ -118.554003824011062, 34.126275042499145 ], [ -118.55412652852749, 34.126342490640056 ], [ -118.55420277917969, 34.126380612598467 ], [ -118.554338641431656, 34.126439069504549 ], [ -118.554394943085754, 34.126458390090242 ], [ -118.554480972023825, 34.126476200326387 ], [ -118.554525712640512, 34.126496260863725 ], [ -118.554573825804326, 34.126526610551764 ], [ -118.554623648059405, 34.126565539579651 ], [ -118.554670207218862, 34.126610666346778 ], [ -118.554710169487748, 34.126657540812666 ], [ -118.554741844021535, 34.126700331447275 ], [ -118.554765249039207, 34.126741786077893 ], [ -118.554783711497222, 34.126785324319016 ], [ -118.554797226835859, 34.126830260119235 ], [ -118.554809411535828, 34.126923632940375 ], [ -118.554821826521064, 34.127051696997306 ], [ -118.554822004344189, 34.127078488249516 ], [ -118.554810635752744, 34.127108080407496 ], [ -118.554792663337111, 34.127138389852696 ], [ -118.554766446392904, 34.12717114155307 ], [ -118.554695800641127, 34.127230889220293 ], [ -118.554631656068509, 34.127274463976676 ], [ -118.554598723522545, 34.127291102517695 ], [ -118.55451962338222, 34.127321692388804 ], [ -118.554475114718443, 34.127336666564155 ], [ -118.554346489175501, 34.127373322803045 ], [ -118.554328363924299, 34.12738061917991 ], [ -118.554308620736307, 34.127393075294798 ], [ -118.554274177187665, 34.127431016935581 ], [ -118.554235032373271, 34.127507450785544 ], [ -118.554222075179155, 34.12754666783708 ], [ -118.554218903059663, 34.127566604689129 ], [ -118.554184996813575, 34.127685607020432 ], [ -118.55415742565657, 34.127763362632592 ], [ -118.554129710993763, 34.127819478247559 ], [ -118.554082168714729, 34.127875341262609 ], [ -118.554049331441206, 34.127906405713965 ], [ -118.55402140038909, 34.127929890930886 ], [ -118.55392439252681, 34.128000750592292 ], [ -118.553888250922085, 34.128031830142696 ], [ -118.553814394083702, 34.128106018502663 ], [ -118.553732289008082, 34.128181962946343 ], [ -118.5536517630931, 34.12824690758125 ], [ -118.553635421654434, 34.128274117988987 ], [ -118.553625736445994, 34.128308511155701 ], [ -118.553621128151804, 34.128361085934252 ], [ -118.553628034638095, 34.128406051234208 ], [ -118.55363823399685, 34.128449284010834 ], [ -118.553651712582521, 34.128488723397481 ], [ -118.553690307453294, 34.128578540473853 ], [ -118.55370699705179, 34.128603883036916 ], [ -118.553728595242703, 34.128621988959978 ], [ -118.55377341874599, 34.128654414971429 ], [ -118.553796630403269, 34.128666674193418 ], [ -118.553819796553086, 34.12867206385841 ], [ -118.553885798397005, 34.128659052365578 ], [ -118.553920470240215, 34.12865545859664 ], [ -118.553969901931566, 34.128635309744809 ], [ -118.554014413653832, 34.128620679232618 ], [ -118.554029200806596, 34.128608245883932 ], [ -118.554076657014932, 34.128539329837672 ], [ -118.554219075289851, 34.128340140799779 ], [ -118.554269871868826, 34.128276706070608 ], [ -118.554358441506423, 34.128179092764562 ], [ -118.55447012792078, 34.12807931152026 ], [ -118.554503017511394, 34.128056146939414 ], [ -118.554529364716998, 34.128042973519015 ], [ -118.554560706987402, 34.128035616472026 ], [ -118.554600323483172, 34.128030282379754 ], [ -118.554687858042755, 34.128025758844394 ], [ -118.554737421385539, 34.128025531380025 ], [ -118.554960507677421, 34.128032064040909 ], [ -118.555110945627519, 34.128045799722756 ], [ -118.55514735367781, 34.128054906685364 ], [ -118.555178837337508, 34.128068845088968 ], [ -118.555304890734675, 34.128142459456313 ], [ -118.555352966341005, 34.128166970617954 ], [ -118.555402650722399, 34.128184947193169 ], [ -118.555450657903876, 34.128199153086726 ], [ -118.555538353471377, 34.128218672361754 ], [ -118.555571432300994, 34.128224016130027 ], [ -118.555640871372049, 34.12823125367381 ], [ -118.555731746853212, 34.128232209834124 ], [ -118.555819299834312, 34.12823043330004 ], [ -118.555855596123124, 34.128222709647808 ], [ -118.555888542491104, 34.1282081316294 ], [ -118.555916507376267, 34.12818979814454 ], [ -118.555934511591872, 34.128164297217573 ], [ -118.555944259791545, 34.128139520336774 ], [ -118.555949047083374, 34.128114080198763 ], [ -118.555948617608294, 34.12804950641371 ], [ -118.555964752644527, 34.127991382711265 ], [ -118.555976162069456, 34.127967973040541 ], [ -118.555984255845658, 34.127942861179939 ], [ -118.556005120979989, 34.127850710393439 ], [ -118.556006208773965, 34.127765863832181 ], [ -118.555990224925878, 34.127598314271197 ], [ -118.555989626361594, 34.127508323146607 ], [ -118.55599423311908, 34.127455748278862 ], [ -118.556010096132681, 34.127356750740077 ], [ -118.556032495464862, 34.12724673151159 ], [ -118.55607659479081, 34.127170273376215 ], [ -118.556106058282339, 34.127128919250069 ], [ -118.556137182978247, 34.12708893142544 ], [ -118.556174906870936, 34.127047539274173 ], [ -118.556209360826301, 34.127011314480001 ], [ -118.556401418626436, 34.126824603460001 ], [ -118.556437501608414, 34.126784935318625 ], [ -118.556517925620668, 34.12670521929526 ], [ -118.556572059017981, 34.126646920545873 ], [ -118.556649121422339, 34.126558632711685 ], [ -118.556660576206511, 34.126542092528311 ], [ -118.556675348873711, 34.126527597991206 ], [ -118.556706605749113, 34.126507531718609 ], [ -118.556747859738735, 34.126500128447972 ], [ -118.55679579525696, 34.126503686002536 ], [ -118.556843767388528, 34.126512739178921 ], [ -118.557151595879887, 34.126592383786495 ], [ -118.557369993741261, 34.12663980867918 ], [ -118.557424643063015, 34.126659135477212 ], [ -118.557476038635855, 34.126686033996258 ], [ -118.557522576493525, 34.126727724889392 ], [ -118.557584184799765, 34.12679957409788 ], [ -118.557712512612355, 34.126966260738662 ], [ -118.557772482911446, 34.127040177438424 ], [ -118.557792500538568, 34.12706893806223 ], [ -118.55781257777339, 34.127106629098705 ], [ -118.557849657331232, 34.127216374165371 ], [ -118.55786994094143, 34.127284979072286 ], [ -118.557890307105311, 34.127365948265705 ], [ -118.557910948407113, 34.127488134760434 ], [ -118.557941408389539, 34.127596192915618 ], [ -118.557961533964786, 34.127641096956097 ], [ -118.558016656426943, 34.127731180761415 ], [ -118.558045008210414, 34.127770894488307 ], [ -118.558074950212102, 34.127801326686942 ], [ -118.55810981415776, 34.127826583829517 ], [ -118.558255691570452, 34.127899416614355 ], [ -118.558351887842093, 34.127954960840974 ], [ -118.558431611321225, 34.128017794350214 ], [ -118.558526252125318, 34.128087772127557 ], [ -118.558677255498381, 34.128185999745064 ], [ -118.558896206053618, 34.128315169529138 ], [ -118.558964305741483, 34.128369125746609 ], [ -118.55902913343904, 34.128427905893474 ], [ -118.559123933735208, 34.128521583152811 ], [ -118.55925208463924, 34.128661134348242 ], [ -118.559360308101802, 34.128785319763026 ], [ -118.559586687309562, 34.129036736620037 ], [ -118.559866431929564, 34.129361754943027 ], [ -118.559939970401246, 34.129487475356989 ], [ -118.559965189685855, 34.129552621278549 ], [ -118.559965394473679, 34.129583190777545 ], [ -118.559934898816152, 34.129716948952847 ], [ -118.559931859125541, 34.129756464174491 ], [ -118.559925910883109, 34.129855072836307 ], [ -118.559926129462312, 34.129887703200701 ], [ -118.559932929024981, 34.129916181221077 ], [ -118.559947991643568, 34.129944965351839 ], [ -118.559962982935872, 34.129963100776123 ], [ -118.559979612577962, 34.129979167679309 ], [ -118.560001189471407, 34.129993837706934 ], [ -118.560045951706257, 34.13001664402281 ], [ -118.560082358851162, 34.130025406021801 ], [ -118.560118733780854, 34.130029359324595 ], [ -118.560160026035206, 34.130027450528949 ], [ -118.560259166575449, 34.130028708479614 ], [ -118.560356703323009, 34.130037187036052 ], [ -118.56039970868288, 34.130044200909566 ], [ -118.560472536896981, 34.130063785548607 ], [ -118.560534721154312, 34.130091442343279 ], [ -118.560538151611127, 34.130091485936646 ], [ -118.560557038467408, 34.13009945995308 ], [ -118.560598485087766, 34.130120564000805 ], [ -118.560638307221637, 34.130145797427602 ], [ -118.560708082415815, 34.13020283629951 ], [ -118.560772940413614, 34.130265737243882 ], [ -118.560814440174354, 34.130294741200288 ], [ -118.560869154909525, 34.130323340335323 ], [ -118.560966909828366, 34.130364105279952 ], [ -118.561008310583659, 34.130378340538741 ], [ -118.561051340449822, 34.130389132438033 ], [ -118.561095997122706, 34.130396138400052 ], [ -118.561208380743381, 34.130401112468824 ], [ -118.56126290195013, 34.130400859315721 ], [ -118.561399954916624, 34.130388887731215 ], [ -118.561454466886346, 34.130387260581692 ], [ -118.561518911341864, 34.130388335171865 ], [ -118.561667681680277, 34.130398979071572 ], [ -118.561872715469946, 34.13042275730281 ], [ -118.561995134517701, 34.130445888866369 ], [ -118.562220154917412, 34.130493274267849 ], [ -118.56244679429166, 34.130535842882971 ], [ -118.562529522508598, 34.130553319290442 ], [ -118.562771164555784, 34.130615396306695 ], [ -118.562969826503888, 34.130674238148195 ], [ -118.563141955683889, 34.130718433287967 ], [ -118.563309055710121, 34.130752003485398 ], [ -118.563497508978941, 34.130766925541998 ], [ -118.563586825461755, 34.130781279119773 ], [ -118.563671246785788, 34.130804586154177 ], [ -118.563711005319561, 34.130820202101809 ], [ -118.56374747342926, 34.13083789341092 ], [ -118.563787285271758, 34.130861408413423 ], [ -118.563868644605904, 34.130920795860128 ], [ -118.563935118313424, 34.130977848284829 ], [ -118.563955104242595, 34.131001455728914 ], [ -118.563965149354374, 34.13102098769243 ], [ -118.564013926766449, 34.131148881222693 ], [ -118.564057441847154, 34.131231458839629 ], [ -118.564104154741131, 34.131298221958872 ], [ -118.56419806706036, 34.131410155697282 ], [ -118.564247399892338, 34.131468954013556 ], [ -118.564294075963417, 34.131530220519011 ], [ -118.564382492636881, 34.131655867916251 ], [ -118.564415923617418, 34.131713075260869 ], [ -118.564481040733611, 34.13181375673733 ], [ -118.564594352169792, 34.131955775160478 ], [ -118.564735886920417, 34.132117583942509 ], [ -118.564961600265732, 34.132511198136058 ], [ -118.564991669534948, 34.132559832929374 ], [ -118.565205991697539, 34.132978918059891 ], [ -118.565291303072286, 34.133133433249668 ], [ -118.565358355676082, 34.133275667301035 ], [ -118.565408886337778, 34.133417978600214 ], [ -118.565451153754765, 34.133559985947784 ], [ -118.565466416438966, 34.133617964074617 ], [ -118.565473280933418, 34.133655715676859 ], [ -118.565475530357034, 34.133743981651037 ], [ -118.565470952454021, 34.133799991662372 ], [ -118.565447289081348, 34.133965664628889 ], [ -118.565395895487555, 34.134184363599367 ], [ -118.565386456066221, 34.134254479367975 ], [ -118.56538209647303, 34.134342776257085 ], [ -118.56539495627716, 34.134534040003359 ], [ -118.565423097589459, 34.134786028801052 ], [ -118.56546409456746, 34.13498437417995 ], [ -118.565492991483438, 34.135103772936496 ], [ -118.565560713044434, 34.135344585813904 ], [ -118.565638439202885, 34.135598746985501 ], [ -118.565697839817048, 34.135830668032014 ], [ -118.565713223975678, 34.135906506958598 ], [ -118.565762532360907, 34.136112025703632 ], [ -118.565813077057626, 34.136256055132009 ], [ -118.565851640834779, 34.136338655309366 ], [ -118.565896852243782, 34.136427063656512 ], [ -118.565985360239807, 34.136565075084164 ], [ -118.566012191623543, 34.136595729975319 ], [ -118.566078599728314, 34.136669746823181 ], [ -118.566143559848811, 34.13674638399354 ], [ -118.566160266481162, 34.136773441327506 ], [ -118.56616384094005, 34.136813269235134 ], [ -118.566161332085755, 34.136930754002726 ], [ -118.566154047834942, 34.137075053228024 ], [ -118.566154792362369, 34.137184966916401 ], [ -118.566165338966698, 34.137278346353803 ], [ -118.566199387690617, 34.13742623036071 ], [ -118.566207988892742, 34.137476339373883 ], [ -118.566209957643849, 34.137523044569292 ], [ -118.566208856818548, 34.13760445736844 ], [ -118.566212454604994, 34.137647720050005 ], [ -118.566224313902211, 34.137690944034297 ], [ -118.566251055567406, 34.137735815746957 ], [ -118.56628940294614, 34.137786472388456 ], [ -118.566309365568216, 34.137806301194956 ], [ -118.566332607206803, 34.1378223362642 ], [ -118.566355823252039, 34.137834593076924 ], [ -118.566390583243503, 34.137843360913635 ], [ -118.566430261827364, 34.137846609879311 ], [ -118.566512865410402, 34.137844505348326 ], [ -118.56660365832785, 34.137831714236555 ], [ -118.566653166906676, 34.137822551472169 ], [ -118.566701011526419, 34.137811679046258 ], [ -118.566816411899936, 34.137772667295636 ], [ -118.566883974609709, 34.13774555838441 ], [ -118.567032207540635, 34.137674791522741 ], [ -118.567079986773933, 34.137654301578358 ], [ -118.567177288372989, 34.137626709500751 ], [ -118.567386813366525, 34.137579011816811 ], [ -118.567505696026259, 34.13756608817777 ], [ -118.5675701590052, 34.137569220411578 ], [ -118.567642932471657, 34.137579526842956 ], [ -118.567722366481064, 34.137597358694379 ], [ -118.567785303193375, 34.13761904635475 ], [ -118.567813501963542, 34.137635057856585 ], [ -118.567845063685269, 34.13765964076439 ], [ -118.567893398152535, 34.137720898127064 ], [ -118.567936859804448, 34.137794543946683 ], [ -118.568005535607682, 34.13793127314284 ], [ -118.568097795633548, 34.138134185631529 ], [ -118.568142886643628, 34.138204388838354 ], [ -118.568174537405767, 34.138242023802768 ], [ -118.56824605387844, 34.138310385322853 ], [ -118.568312552799838, 34.138369839691848 ], [ -118.568339085595468, 34.138383797974818 ], [ -118.568377198621207, 34.138399762734657 ], [ -118.568420259264201, 34.138414330264311 ], [ -118.568463291888364, 34.138424776049561 ], [ -118.568537741890353, 34.138438508946614 ], [ -118.568670028749807, 34.138452657610522 ], [ -118.568727920586809, 34.138461315957272 ], [ -118.568900006977529, 34.138496572497388 ], [ -118.568944692021276, 34.138507010335211 ], [ -118.568986088809297, 34.138519868052967 ], [ -118.569029156635764, 34.138535465798029 ], [ -118.569141910615343, 34.138592984530753 ], [ -118.569316101326592, 34.138694523839987 ], [ -118.569349332590406, 34.138721502915701 ], [ -118.569424229963559, 34.138800839452074 ], [ -118.569464229737875, 34.138851143827019 ], [ -118.569507604430342, 34.138911737843742 ], [ -118.569567780988223, 34.139013126904182 ], [ -118.569627878099524, 34.139102837703035 ], [ -118.569727768162394, 34.139212283265962 ], [ -118.56983092225866, 34.139315874058354 ], [ -118.569865930398663, 34.139361050407622 ], [ -118.569895993275694, 34.139407966601389 ], [ -118.569984351746314, 34.139522618646488 ], [ -118.570040938837991, 34.139582118811177 ], [ -118.570105759593105, 34.1396374582582 ], [ -118.570142296166949, 34.139664421531315 ], [ -118.570211981425686, 34.13970599844103 ], [ -118.570251721974287, 34.139718176564891 ], [ -118.570294743780067, 34.139726904311473 ], [ -118.57034268746051, 34.139730456494569 ], [ -118.570393895977801, 34.139728153949896 ], [ -118.566951725764113, 34.143072617642801 ], [ -118.567033050479452, 34.143315154654637 ], [ -118.567088566934927, 34.143668231136665 ], [ -118.567196452853779, 34.143910643447924 ], [ -118.567252418965822, 34.144329967747154 ], [ -118.567176037107032, 34.144816163008969 ], [ -118.567177535787295, 34.145036991993429 ], [ -118.567204995621154, 34.145169364050084 ], [ -118.567259313825716, 34.145345777643527 ], [ -118.567339443434889, 34.14541165162705 ], [ -118.567394063020743, 34.145632231313414 ], [ -118.567315732011807, 34.145831349805178 ], [ -118.567316931268934, 34.146008013535727 ], [ -118.56726530948805, 34.146229089986065 ], [ -118.56726740800103, 34.146538249489765 ], [ -118.567268906947518, 34.146759077579048 ], [ -118.567137154649316, 34.14691428084204 ], [ -118.566978392250064, 34.147003358835676 ], [ -118.566899160177925, 34.147069980386178 ], [ -118.566849484948293, 34.147578136249976 ], [ -118.56685293004243, 34.148086041239395 ], [ -118.566830413665855, 34.148682400383677 ], [ -118.566806847462146, 34.149124182926769 ], [ -118.566781934131427, 34.149367217282489 ], [ -118.566733169101937, 34.149731351617 ], [ -118.566745381982841, 34.149829617712335 ], [ -118.566783474032391, 34.150076634532567 ], [ -118.566792375111532, 34.150158722607429 ], [ -118.566796710001938, 34.150240511138847 ], [ -118.566796072288767, 34.150322195864625 ], [ -118.566777775899737, 34.150402524509524 ], [ -118.566713773716543, 34.15056138006593 ], [ -118.566689923147337, 34.150641257814698 ], [ -118.566683785250618, 34.150722136194652 ], [ -118.566690765321326, 34.150803827586849 ], [ -118.566735407359104, 34.151050198873406 ], [ -118.566557470212828, 34.151295100766461 ], [ -118.566422060112544, 34.151597442512191 ], [ -118.566456551514705, 34.152207404780249 ], [ -118.566391963668607, 34.152311024371279 ], [ -118.566341637346454, 34.152385286843931 ], [ -118.566296808552764, 34.152460136596218 ], [ -118.566265093215407, 34.152536384514896 ], [ -118.56625362776775, 34.152614810380747 ], [ -118.566260095448897, 34.152694859781874 ], [ -118.566278431054315, 34.152776036424285 ], [ -118.566328421044204, 34.152940124996071 ], [ -118.566348931816961, 34.153022217326303 ], [ -118.566359022181274, 34.153103794099522 ], [ -118.566350611672263, 34.153184636229085 ], [ -118.566326422896836, 34.153265175419563 ], [ -118.566298464929361, 34.153345761108788 ], [ -118.566278885893652, 34.153426771843236 ], [ -118.566278009941925, 34.15350906442373 ], [ -118.566306158951605, 34.153675883304061 ], [ -118.566309914407853, 34.153757343703816 ], [ -118.5662910708986, 34.153835208210978 ], [ -118.566250278900995, 34.153909298868676 ], [ -118.566147840833551, 34.15405457114241 ], [ -118.566108546280446, 34.154130433487005 ], [ -118.566083012128587, 34.154209987228079 ], [ -118.566064028792454, 34.15429174973071 ], [ -118.56602262098005, 34.154542032944711 ], [ -118.566007441322483, 34.154624535830507 ], [ -118.565988292600821, 34.154705281251481 ], [ -118.565963208874962, 34.154783493162945 ], [ -118.565930220933737, 34.154858393729981 ], [ -118.565884704825478, 34.154927441496454 ], [ -118.56582053865219, 34.154988367961828 ], [ -118.565745116637572, 34.155044288494452 ], [ -118.565588116158608, 34.155154246040397 ], [ -118.565520341634198, 34.155214852046328 ], [ -118.565464585276573, 34.155282567283827 ], [ -118.56541673599429, 34.155354834380475 ], [ -118.565374764473731, 34.155430484516295 ], [ -118.565338523626536, 34.155508452759513 ], [ -118.565307863125724, 34.155587675995712 ], [ -118.565283129652059, 34.155667139272346 ], [ -118.565263002521974, 34.15574734822308 ], [ -118.56523378346526, 34.155910312778104 ], [ -118.565187061686714, 34.156239149575242 ], [ -118.565154724557559, 34.156326123073335 ], [ -118.565143251693101, 34.156360228937331 ], [ -118.565126059909844, 34.15641381956577 ], [ -118.565097247163123, 34.156479625439175 ], [ -118.565071277934535, 34.156533257082444 ], [ -118.565039440627658, 34.156584483775802 ], [ -118.564962879922518, 34.156656413352493 ], [ -118.564880892830899, 34.156752629696356 ], [ -118.564816874846059, 34.156817504595125 ], [ -118.564721557958819, 34.15689763913948 ], [ -118.564629444140479, 34.156962646059789 ], [ -118.56449938109246, 34.157037103376325 ], [ -118.564333140901084, 34.157138864996298 ], [ -118.564272211861024, 34.157171780760478 ], [ -118.564235975674137, 34.157190154751277 ], [ -118.563934495912278, 34.157334108946188 ], [ -118.563718733932475, 34.15744503227787 ], [ -118.563631384508668, 34.157481505776786 ], [ -118.563530885267625, 34.157528688641818 ], [ -118.563476554824675, 34.15755985580612 ], [ -118.563427200954692, 34.157593747663547 ], [ -118.563391073243565, 34.157628264850636 ], [ -118.563359926749499, 34.157666193702489 ], [ -118.563337059923683, 34.157706488390041 ], [ -118.563229316669634, 34.157905184054535 ], [ -118.563204915082508, 34.157963003776082 ], [ -118.56319394112991, 34.158051331419983 ], [ -118.563191022331409, 34.158108707584269 ], [ -118.563195179680392, 34.158235091964876 ], [ -118.563202241953078, 34.158302039314982 ], [ -118.563214236908436, 34.158365186217019 ], [ -118.563261677413365, 34.158537739914379 ], [ -118.56331316733916, 34.158575283771313 ], [ -118.563368061235821, 34.15862758174957 ], [ -118.563429658709182, 34.158693588004077 ], [ -118.563454692657757, 34.15872953763553 ], [ -118.563469789477793, 34.158762443075965 ], [ -118.563478256897852, 34.158792630599777 ], [ -118.563492500133364, 34.158944042628008 ], [ -118.56349295412744, 34.159011364247945 ], [ -118.563489864095445, 34.159043323073988 ], [ -118.563473811681646, 34.159113813013064 ], [ -118.563444477208606, 34.159175434143847 ], [ -118.563408471572544, 34.159228156554285 ], [ -118.563387129698143, 34.159249552280208 ], [ -118.563372387147425, 34.159269199812172 ], [ -118.563354415551487, 34.15930019750558 ], [ -118.56327942501423, 34.159454086207788 ], [ -118.563215608682228, 34.159549529778353 ], [ -118.563186090976572, 34.159584016111609 ], [ -118.563136983482323, 34.159654659961511 ], [ -118.56307483686507, 34.159752501000824 ], [ -118.563043832933104, 34.15981172538779 ], [ -118.562985211418422, 34.159942180466004 ], [ -118.562959237319276, 34.160012029553393 ], [ -118.562943075510574, 34.160066375972669 ], [ -118.562925612669247, 34.160172939591583 ], [ -118.562917966766904, 34.160264686601344 ], [ -118.562920316022712, 34.160368065685958 ], [ -118.562917991646714, 34.160513715607365 ], [ -118.562919206493035, 34.160694042286906 ], [ -118.562914833657246, 34.160780965221065 ], [ -118.56289910668562, 34.160899885437779 ], [ -118.562887923776074, 34.160957300067288 ], [ -118.56287501867385, 34.161004418059207 ], [ -118.562813139119143, 34.161142102376509 ], [ -118.56279191921773, 34.161181702314856 ], [ -118.562767391448659, 34.161220974156436 ], [ -118.562737899642144, 34.161259582118319 ], [ -118.562667256212251, 34.161323112740014 ], [ -118.562588321071502, 34.161382560037609 ], [ -118.562537388122763, 34.161427793987123 ], [ -118.562440519689559, 34.161524078780864 ], [ -118.562324178331565, 34.161674037350984 ], [ -118.56229471960512, 34.161717453887704 ], [ -118.562271883515876, 34.161762557063987 ], [ -118.562255672384467, 34.161809690361288 ], [ -118.562258485051913, 34.162473298752438 ], [ -118.562248833871294, 34.162758439036239 ], [ -118.562247396023011, 34.162790390147165 ], [ -118.562230805365346, 34.163026788239598 ], [ -118.562403170800863, 34.163096401813881 ], [ -118.562537510434026, 34.163164474609445 ], [ -118.562668651071576, 34.163248362611427 ], [ -118.562784910843433, 34.163331290168017 ], [ -118.562891137195678, 34.16339708899612 ], [ -118.563003954131005, 34.16345976565011 ], [ -118.563115083699969, 34.163517297730593 ], [ -118.563176457696059, 34.163549643305956 ], [ -118.563300798438661, 34.163605396244023 ], [ -118.563377035093268, 34.163635611549701 ], [ -118.563488028484926, 34.163672878104521 ], [ -118.563589033256946, 34.163699542970868 ], [ -118.563685017078939, 34.163716956970141 ], [ -118.563780952277227, 34.163727158763628 ], [ -118.563949640331856, 34.163741142158415 ], [ -118.564171226780346, 34.163756252479203 ], [ -118.564324961963649, 34.163758969994539 ], [ -118.564706715038952, 34.163749974528798 ], [ -118.5647248960246, 34.163749889621137 ], [ -118.565093463650229, 34.163746450328198 ], [ -118.565503302843652, 34.163735603647453 ], [ -118.565832143544327, 34.163723760672028 ], [ -118.565831203495406, 34.164073092893226 ], [ -118.565833901733143, 34.164471527851283 ], [ -118.565840126654919, 34.164902577718699 ], [ -118.565843152946869, 34.165349443028411 ], [ -118.565843143389785, 34.165836167215865 ], [ -118.565839355889523, 34.16625318091333 ], [ -118.565831001844089, 34.166484045197222 ], [ -118.565825088804715, 34.166647108208679 ], [ -118.565817073676357, 34.166868131447771 ], [ -118.565815342664251, 34.167100681283323 ], [ -118.565816980228178, 34.167342490449798 ], [ -118.565828507237626, 34.167580130579587 ], [ -118.565841126596681, 34.167734984860829 ], [ -118.565857019238322, 34.167885015886576 ], [ -118.565867925310584, 34.168030947481114 ], [ -118.565873882013207, 34.168178276189835 ], [ -118.565858662669953, 34.168371732355993 ], [ -118.565852416259617, 34.168425689285421 ], [ -118.5658460116572, 34.168456289734102 ], [ -118.56584136929277, 34.168503025897969 ], [ -118.565825989310198, 34.168672782102583 ], [ -118.565822384382628, 34.168872709300373 ], [ -118.565830167125611, 34.169289668875471 ], [ -118.565838155955944, 34.169492976712554 ], [ -118.565838339728188, 34.169520111447603 ], [ -118.565840251633801, 34.170290549111442 ], [ -118.565848361558082, 34.170511718690371 ], [ -118.565853874074591, 34.170593443170958 ], [ -118.565878107640216, 34.17099864716576 ], [ -118.565889577165748, 34.171227700359061 ], [ -118.565889669074792, 34.171485317244617 ], [ -118.565885896671148, 34.171660514059219 ], [ -118.565885525597366, 34.171849778890248 ], [ -118.565889544632014, 34.172199087943994 ], [ -118.565895157347569, 34.172295582865637 ], [ -118.565533319762608, 34.17232200668672 ], [ -118.564827860363508, 34.172379574840484 ], [ -118.564188577531937, 34.1724454173727 ], [ -118.56385652038756, 34.172475819095439 ], [ -118.563830086462502, 34.172478003272971 ], [ -118.562533141840618, 34.172581250338318 ], [ -118.562189501050398, 34.17260998391798 ], [ -118.562177985145169, 34.172863876345133 ], [ -118.562179723230187, 34.173122171608078 ], [ -118.562187904635365, 34.173355363160731 ], [ -118.562188043315246, 34.173375971825401 ], [ -118.562192771508265, 34.173454478887066 ], [ -118.562197348469468, 34.173530498388615 ], [ -118.56220119304453, 34.173610513334275 ], [ -118.562215750855941, 34.173808639418041 ], [ -118.562229554897542, 34.174140386028768 ], [ -118.562230511589291, 34.17452818009059 ], [ -118.562204435787564, 34.175811920529306 ], [ -118.562204567541201, 34.175831498761241 ], [ -118.562202914129443, 34.176077101625943 ], [ -118.562206358243202, 34.17658888438288 ], [ -118.562216551105692, 34.177120901591422 ], [ -118.562226333784125, 34.178574502177483 ], [ -118.562224561898717, 34.179293777157447 ], [ -118.562235373468482, 34.180899708796787 ], [ -118.562237327119405, 34.181190464998366 ], [ -118.562240152098781, 34.181610195736639 ], [ -118.562241056592555, 34.183464002688709 ], [ -118.562239692115753, 34.183752540293796 ], [ -118.562231377225544, 34.183990959982097 ], [ -118.562224646162804, 34.184219068553674 ], [ -118.562215311382033, 34.184551609740019 ], [ -118.562203622123022, 34.185271273441316 ], [ -118.562202694404149, 34.185624728351272 ], [ -118.562202937135993, 34.185660793518615 ], [ -118.562210213280196, 34.186004936106528 ], [ -118.562224322166287, 34.186381678345413 ], [ -118.562228914090028, 34.186572636624675 ], [ -118.562235210175004, 34.18677114463182 ], [ -118.562241041337145, 34.187146207005007 ], [ -118.562242118704958, 34.187306268555488 ], [ -118.562236242551606, 34.187907058219068 ], [ -118.562232805410559, 34.188870217856007 ], [ -118.562232640994253, 34.189091426140365 ], [ -118.562236065018979, 34.189600117652589 ], [ -118.562242638545456, 34.190085437306287 ], [ -118.562237058773107, 34.190434205084287 ], [ -118.562233328340312, 34.190667351072122 ], [ -118.562238528588367, 34.190948644918294 ], [ -118.562239118155503, 34.191036231756286 ], [ -118.562240299359686, 34.191457344121247 ], [ -118.562234131584418, 34.192014855598131 ], [ -118.562231317020789, 34.19233362695141 ], [ -118.56225792487588, 34.193830085579137 ], [ -118.562245388674214, 34.194178442138089 ], [ -118.562245635607368, 34.194706383791903 ], [ -118.562244721834432, 34.195061899589831 ], [ -118.562241918769388, 34.195382388337421 ], [ -118.562253086752762, 34.197041388840475 ], [ -118.562251937135628, 34.197361869905841 ], [ -118.562252616940356, 34.197462852381022 ], [ -118.56225460508675, 34.198249433733274 ], [ -118.562252148157498, 34.199358228915131 ], [ -118.562256731010407, 34.200284598056221 ], [ -118.562256797464769, 34.20103134277381 ], [ -118.562256455485425, 34.201105453146603 ], [ -118.562256124363756, 34.201176985952465 ], [ -118.562254354561702, 34.201896603610102 ], [ -118.562249941002619, 34.202960410896019 ], [ -118.562252112148173, 34.203528531785494 ], [ -118.562258982281847, 34.204794601396394 ], [ -118.562259077094083, 34.204808683986776 ], [ -118.562256766515404, 34.204956738295216 ], [ -118.562255197624339, 34.205951833752948 ], [ -118.562255343312472, 34.205973472855277 ], [ -118.562267845385392, 34.208312581780881 ], [ -118.562268078292959, 34.208356199238224 ], [ -118.5622716906487, 34.208892712487369 ], [ -118.562268839980106, 34.210679900336757 ], [ -118.562269531477199, 34.210782600203622 ], [ -118.562273680501562, 34.211398800306242 ], [ -118.562279127329774, 34.211716502815968 ], [ -118.562281192644789, 34.212023229406554 ], [ -118.562287212899392, 34.212917303962421 ], [ -118.56228573939147, 34.213189697241084 ], [ -118.562284714570666, 34.213528726117239 ], [ -118.562269984500645, 34.214779782621065 ], [ -118.562268830240427, 34.214853981514572 ], [ -118.562271945468837, 34.215562242256588 ], [ -118.562272225323142, 34.215603803072106 ], [ -118.562286373957065, 34.216476887050227 ], [ -118.562288057774509, 34.216726938898432 ], [ -118.56228849723405, 34.216792199682949 ], [ -118.562282517448409, 34.217623471593299 ], [ -118.562279001385662, 34.217838169184589 ], [ -118.562279753091033, 34.217949799473743 ], [ -118.562280382212151, 34.21804322543877 ], [ -118.562289335895855, 34.219127235531012 ], [ -118.562289442193233, 34.219388630732723 ], [ -118.562285664584948, 34.21981010965122 ], [ -118.562281010175226, 34.220347004799123 ] ] ] } },
{ "type": "Feature", "properties": { "OBJECTID": 6, "APREC": "NORTH HOLLYWOOD", "PREC": 15, "AREA": 634601058.55499995, "PERIMETER": 187366.25273199999 }, "geometry": { "type": "Polygon", "coordinates": [ [ [ -118.342624064699081, 34.116440569498486 ], [ -118.34269179828614, 34.116441751393367 ], [ -118.342757906730171, 34.116449464082265 ], [ -118.342827093628102, 34.116465154038167 ], [ -118.342867035063733, 34.116474228963497 ], [ -118.34318127290355, 34.116565047651235 ], [ -118.34325736483845, 34.11659024947361 ], [ -118.343331821841545, 34.11661957771792 ], [ -118.343490706712913, 34.116692632118323 ], [ -118.343575131794054, 34.116735671298493 ], [ -118.343715850340956, 34.116809807504346 ], [ -118.343825133404749, 34.116872010994335 ], [ -118.343970870318572, 34.116961245986523 ], [ -118.344061968593394, 34.117020066165026 ], [ -118.344239230997488, 34.117142872653361 ], [ -118.344370087424736, 34.11722871469749 ], [ -118.344471145899533, 34.117299184692897 ], [ -118.344542416199843, 34.117356687084083 ], [ -118.344681736804446, 34.117491966566256 ], [ -118.344782882271033, 34.117583388667242 ], [ -118.344880647590955, 34.117656272116172 ], [ -118.344935292923509, 34.1176880603104 ], [ -118.344994855806064, 34.117710560335311 ], [ -118.345074227663986, 34.117729568918037 ], [ -118.345237879043268, 34.117755893402773 ], [ -118.345467614730566, 34.117783746207706 ], [ -118.345548611718826, 34.117796223610263 ], [ -118.345627976683744, 34.117813514422387 ], [ -118.345704069072156, 34.117838371223762 ], [ -118.345838109754553, 34.117894662829293 ], [ -118.345881145197296, 34.117915148799483 ], [ -118.34595068404262, 34.117953076649428 ], [ -118.346015288480288, 34.117996170869077 ], [ -118.346103180729472, 34.118078012223158 ], [ -118.34621256395431, 34.118163570291287 ], [ -118.3462390632005, 34.118179981679006 ], [ -118.346267203011493, 34.118193640476775 ], [ -118.346311870729366, 34.118209312821257 ], [ -118.346391236244315, 34.118226603132335 ], [ -118.346539987407525, 34.118244724912309 ], [ -118.346573033262757, 34.118246347579955 ], [ -118.346655621557304, 34.118244049803799 ], [ -118.346739873181008, 34.118244495082834 ], [ -118.346820838031562, 34.118249071560982 ], [ -118.346870437466606, 34.118258890293674 ], [ -118.346901871304894, 34.118270135091429 ], [ -118.346928360742382, 34.118284141958348 ], [ -118.346933402080182, 34.118304736615237 ], [ -118.346968118437047, 34.11831081969072 ], [ -118.34699798876224, 34.118343365052013 ], [ -118.347031287035989, 34.118405783799595 ], [ -118.347079682419803, 34.118523460345109 ], [ -118.347138156480568, 34.118681295724805 ], [ -118.347159907057303, 34.118747525946667 ], [ -118.347198516659645, 34.118895457278775 ], [ -118.347235648500373, 34.119085298074964 ], [ -118.347265885894032, 34.119206118088059 ], [ -118.347285927676069, 34.11925861377923 ], [ -118.347325949952449, 34.11934883545198 ], [ -118.347381065468227, 34.119493284438384 ], [ -118.347392796195393, 34.119533438523014 ], [ -118.347402989160543, 34.119601075866491 ], [ -118.347408230529737, 34.119669757899338 ], [ -118.347414215593389, 34.119917393738667 ], [ -118.347411489755629, 34.120056513201426 ], [ -118.347413250212199, 34.120082613038917 ], [ -118.347421621419016, 34.120109380844212 ], [ -118.347433296579396, 34.120136139151114 ], [ -118.347449923388439, 34.120161852765243 ], [ -118.347481443682426, 34.12019370629671 ], [ -118.347521179615853, 34.120214888146215 ], [ -118.347550968013238, 34.120227511451489 ], [ -118.347612178244233, 34.120248288030517 ], [ -118.34770974627979, 34.120272394837905 ], [ -118.347757689327338, 34.120280844034134 ], [ -118.347790741726982, 34.120283840294469 ], [ -118.348073198328478, 34.120275470467661 ], [ -118.348319294213582, 34.120263082952931 ], [ -118.348500960085985, 34.120250193769714 ], [ -118.348699115575855, 34.120230043542982 ], [ -118.348893951250616, 34.120206124234059 ], [ -118.349187824964673, 34.120162683318583 ], [ -118.349207640050224, 34.120160565153512 ], [ -118.349450381227726, 34.120136163033834 ], [ -118.34949826118951, 34.120129498359148 ], [ -118.349579151891589, 34.120115868476908 ], [ -118.349818482524171, 34.120066057552982 ], [ -118.349937338282089, 34.120045104340655 ], [ -118.350013272915248, 34.120031488517341 ], [ -118.350127205747924, 34.120018449542229 ], [ -118.350308866492014, 34.120004527197501 ], [ -118.350474046344942, 34.119999926482706 ], [ -118.350540142477541, 34.120003856620414 ], [ -118.350606254462278, 34.12001156501691 ], [ -118.350703784179501, 34.120026395410434 ], [ -118.350847631134116, 34.120055861155045 ], [ -118.350979850928525, 34.120070247131423 ], [ -118.351029418760064, 34.120072164086586 ], [ -118.351078969284089, 34.120069959245143 ], [ -118.351111988539131, 34.120065054526059 ], [ -118.351159848128304, 34.120053580454169 ], [ -118.351206036973267, 34.120037645906301 ], [ -118.351265404049144, 34.120012742415724 ], [ -118.35132145271298, 34.119984413686765 ], [ -118.351415382590915, 34.119928839433513 ], [ -118.351570322513993, 34.11984629577438 ], [ -118.351642866077128, 34.119812079657514 ], [ -118.351702248758102, 34.119790954247307 ], [ -118.351748459033004, 34.119780171712392 ], [ -118.351814500122742, 34.119771048862141 ], [ -118.351880562884645, 34.119767078195885 ], [ -118.351964810286532, 34.119766145907171 ], [ -118.352030893286852, 34.11976698389752 ], [ -118.352063944189922, 34.119769635507829 ], [ -118.352196194129348, 34.119791233261537 ], [ -118.352245776296087, 34.119796584531187 ], [ -118.352278819980626, 34.119797518676087 ], [ -118.352325053346348, 34.119792231622078 ], [ -118.35235641321303, 34.119785613972141 ], [ -118.352402611817269, 34.11977208333645 ], [ -118.352461988485231, 34.119749583627623 ], [ -118.352523001154438, 34.119723300776492 ], [ -118.352653239834581, 34.119659719478086 ], [ -118.352705960677227, 34.119625904046607 ], [ -118.352729789702025, 34.119608574353293 ], [ -118.35276854397533, 34.119580381296117 ], [ -118.352794908702208, 34.119564504002106 ], [ -118.352822936978356, 34.119551369730374 ], [ -118.35286912377903, 34.119535091065821 ], [ -118.35291863188526, 34.119522924511706 ], [ -118.352966514119757, 34.119516945425794 ], [ -118.353014428256785, 34.119518522910056 ], [ -118.353039230888882, 34.119523946230139 ], [ -118.353080566198386, 34.119532412616763 ], [ -118.353156671073066, 34.119559325614951 ], [ -118.353186465892307, 34.119573321456301 ], [ -118.353207996553195, 34.119586310986016 ], [ -118.353226214586684, 34.119597249280275 ], [ -118.353289182242136, 34.119642748810868 ], [ -118.353470002967072, 34.119821176085068 ], [ -118.353539712435861, 34.119898256441076 ], [ -118.353778923089891, 34.120211158784855 ], [ -118.353815459890669, 34.120256735410116 ], [ -118.353855293415862, 34.120300584944388 ], [ -118.353964761653941, 34.120403653548735 ], [ -118.354104028382267, 34.120521404632356 ], [ -118.354153743520484, 34.12055801191962 ], [ -118.354244854334553, 34.12061716790933 ], [ -118.354306175695768, 34.120663702197312 ], [ -118.35440074068616, 34.120758226959914 ], [ -118.354478691341583, 34.120830473816625 ], [ -118.354521890643611, 34.120888739656749 ], [ -118.354568386701089, 34.120945278382031 ], [ -118.354619830051575, 34.120999741660142 ], [ -118.354654644261444, 34.121028492295189 ], [ -118.354706004647369, 34.121063377101521 ], [ -118.354840162992502, 34.121144732864039 ], [ -118.35488155761081, 34.12116693788785 ], [ -118.354941131482263, 34.121190806938152 ], [ -118.355002332586125, 34.121208831924285 ], [ -118.355083353282112, 34.121225768194932 ], [ -118.355132942321106, 34.121232492205586 ], [ -118.355199044025454, 34.121237450239477 ], [ -118.355246956271444, 34.121238339876079 ], [ -118.355562465482166, 34.121232259795761 ], [ -118.355694673333716, 34.121243205801463 ], [ -118.355742616283251, 34.12125130834908 ], [ -118.355774037822059, 34.121259116027048 ], [ -118.355802181689199, 34.121273116087139 ], [ -118.35585519470105, 34.121307995541983 ], [ -118.356050766694835, 34.121456835792983 ], [ -118.356107145380733, 34.121506131618865 ], [ -118.356170190676778, 34.121569147197441 ], [ -118.356214967434667, 34.121609546537258 ], [ -118.356334317186025, 34.121704340233336 ], [ -118.356408893162083, 34.121759421522853 ], [ -118.356471858319679, 34.121803545472716 ], [ -118.356606019571132, 34.121884899276701 ], [ -118.356685538724989, 34.121936874440962 ], [ -118.356726928362818, 34.12195770490797 ], [ -118.356788118685358, 34.121972981139784 ], [ -118.356837700973827, 34.121977987044602 ], [ -118.357467254818005, 34.122008414321328 ], [ -118.357568045089721, 34.12201223800264 ], [ -118.357632483788791, 34.122014451742835 ], [ -118.357729981812724, 34.122021032916152 ], [ -118.357810995027378, 34.122035906470892 ], [ -118.357890384199138, 34.122057311007744 ], [ -118.357981372795791, 34.122086924792058 ], [ -118.358057487458524, 34.122115208631165 ], [ -118.358160112378712, 34.122161618604352 ], [ -118.358214761289943, 34.122192370354028 ], [ -118.35838703166408, 34.122299370657124 ], [ -118.358503001283623, 34.12237562402121 ], [ -118.358590824905619, 34.122437534388297 ], [ -118.358682027860027, 34.122516952431781 ], [ -118.358731740293834, 34.122552183912703 ], [ -118.359000072809437, 34.122715573320612 ], [ -118.359109367587749, 34.12277604559273 ], [ -118.35921527581678, 34.122817292634444 ], [ -118.359273207455814, 34.122842881866816 ], [ -118.359314607045221, 34.122865772335835 ], [ -118.359379216261587, 34.122907485492007 ], [ -118.35940902217645, 34.122923540688234 ], [ -118.359447132554266, 34.122949875749946 ], [ -118.359468758108918, 34.122984503486094 ], [ -118.359475482913339, 34.12301161885312 ], [ -118.35947890956875, 34.123040117972167 ], [ -118.359479151804834, 34.123096448902047 ], [ -118.359471074795437, 34.123139065148528 ], [ -118.359457960443933, 34.123162804664084 ], [ -118.359421727951045, 34.123189017328883 ], [ -118.359317850613962, 34.123236040245963 ], [ -118.359151254834941, 34.123296988888114 ], [ -118.359014336475013, 34.123344109722368 ], [ -118.358859249968802, 34.123392314803226 ], [ -118.35873384691746, 34.123428066100814 ], [ -118.358608429024059, 34.123460382455399 ], [ -118.358352607376446, 34.123518159842945 ], [ -118.358207355878065, 34.123548473670439 ], [ -118.358129802660216, 34.123570343089668 ], [ -118.358081964084207, 34.123586972142206 ], [ -118.358053935281262, 34.123600107634964 ], [ -118.358027571751606, 34.123616329559226 ], [ -118.35800452553589, 34.123635633022609 ], [ -118.357974932914317, 34.123669382268702 ], [ -118.357958515438, 34.123693474889265 ], [ -118.35794705702655, 34.123718239792311 ], [ -118.357932497476284, 34.123790414899339 ], [ -118.357955967342775, 34.123870034065511 ], [ -118.357975956649582, 34.123908445256731 ], [ -118.358014212658475, 34.123968785420253 ], [ -118.3580590666257, 34.124026701626043 ], [ -118.358078985394229, 34.124048625697718 ], [ -118.358269717589252, 34.124222207706346 ], [ -118.358337783097966, 34.124299290201016 ], [ -118.35851031134338, 34.124465369118987 ], [ -118.358719307982966, 34.12465984887438 ], [ -118.358752477485936, 34.124689633678933 ], [ -118.35889510647047, 34.124817673886888 ], [ -118.358994630176895, 34.124910462941962 ], [ -118.359059780527616, 34.12498167150126 ], [ -118.359084263818517, 34.125008433584433 ], [ -118.359119160916009, 34.125055730926832 ], [ -118.3591458109765, 34.125106144136431 ], [ -118.359157489111851, 34.125132557832828 ], [ -118.359169224811268, 34.125172367298916 ], [ -118.359174414212035, 34.125226622616545 ], [ -118.35917134767152, 34.125281932925169 ], [ -118.359171644312411, 34.125350972667235 ], [ -118.359175184599962, 34.125405919857059 ], [ -118.359188752484187, 34.125487629131293 ], [ -118.359202202318457, 34.12554185989972 ], [ -118.359218879579501, 34.125578219818792 ], [ -118.359235512572255, 34.125604275296453 ], [ -118.359265393231908, 34.125637504594536 ], [ -118.359288608007944, 34.125657357758492 ], [ -118.359325071940532, 34.125684728215489 ], [ -118.359404562433411, 34.125728801525952 ], [ -118.359619679118993, 34.125808537324204 ], [ -118.35974210639219, 34.12584836082597 ], [ -118.359899254229035, 34.125894263565925 ], [ -118.36020533141803, 34.125995710527334 ], [ -118.360360838061283, 34.126044021959899 ], [ -118.36045020347936, 34.126079134515059 ], [ -118.360521397447528, 34.126114644693175 ], [ -118.360586011258803, 34.126156700689066 ], [ -118.360620837077334, 34.126187167015878 ], [ -118.360640758514435, 34.126209434147846 ], [ -118.360680666630401, 34.126269081578897 ], [ -118.36070236914351, 34.126321226643313 ], [ -118.360709093134346, 34.126347998462776 ], [ -118.360709270993809, 34.12638921621808 ], [ -118.360706086854165, 34.126417048063729 ], [ -118.360701306935354, 34.126457937128869 ], [ -118.360691570714607, 34.126498840984418 ], [ -118.36067031424534, 34.126550083787905 ], [ -118.360624372551541, 34.126623726813385 ], [ -118.360596503153943, 34.126673958876978 ], [ -118.360480372561383, 34.126945315516565 ], [ -118.360398414316819, 34.127095663182438 ], [ -118.360321421002553, 34.127248056905891 ], [ -118.360278916085548, 34.127352603268754 ], [ -118.360272622759453, 34.12737782529215 ], [ -118.360269178073537, 34.127393163609945 ], [ -118.360265990788406, 34.127420308482087 ], [ -118.36028273698669, 34.127472468396356 ], [ -118.360301141247277, 34.127525997308766 ], [ -118.360314466283427, 34.127551032044927 ], [ -118.360364340841116, 34.127623015359106 ], [ -118.360407547755912, 34.127681279105772 ], [ -118.360464014674037, 34.127749464379285 ], [ -118.360523772601709, 34.127814548439048 ], [ -118.360570201008514, 34.127853567318738 ], [ -118.360658031916884, 34.12791547619247 ], [ -118.360788913172186, 34.127999239594715 ], [ -118.360843566866947, 34.128029990160407 ], [ -118.360884962040799, 34.128051162688088 ], [ -118.360929664462176, 34.128073012297364 ], [ -118.361027368601185, 34.128125617306821 ], [ -118.361126808094383, 34.128197452254341 ], [ -118.361193067048589, 34.128237442103952 ], [ -118.361252643307921, 34.128260277603637 ], [ -118.361348587342022, 34.128287813156305 ], [ -118.361409803933967, 34.128307895788971 ], [ -118.361472653381185, 34.128323508192857 ], [ -118.361520590552871, 34.128329204080849 ], [ -118.361603212171545, 34.128332391790345 ], [ -118.361687460666147, 34.1283297353175 ], [ -118.361720489993019, 34.12832654510558 ], [ -118.361978007397866, 34.128275968741818 ], [ -118.362073746371991, 34.128256103300139 ], [ -118.362184327711915, 34.128230010565062 ], [ -118.362217348050095, 34.128224759329605 ], [ -118.36231644328204, 34.12821690563883 ], [ -118.362481649127432, 34.128214692881073 ], [ -118.362597329717829, 34.128221559107864 ], [ -118.36279403640755, 34.128244669366055 ], [ -118.363155995393825, 34.128276213544503 ], [ -118.363284940967262, 34.128294030802579 ], [ -118.363562692260302, 34.128337505344049 ], [ -118.363642057510376, 34.128351692999544 ], [ -118.363757816111388, 34.128376419141986 ], [ -118.363868763404028, 34.128434477777979 ], [ -118.363974679655001, 34.128475377173878 ], [ -118.364112007592382, 34.128520990657265 ], [ -118.364507324103201, 34.12862421883186 ], [ -118.364811613332421, 34.128690967509755 ], [ -118.365311187720891, 34.128833035726089 ], [ -118.365374039792954, 34.128848989582821 ], [ -118.365534446582487, 34.128882509685802 ], [ -118.365841978727957, 34.128934819564655 ], [ -118.365972576533238, 34.128952285473986 ], [ -118.366053566344334, 34.128959940400094 ], [ -118.366152710233777, 34.12896307496402 ], [ -118.366664878949237, 34.128962209347137 ], [ -118.366815251494032, 34.128967935840265 ], [ -118.366851618336099, 34.128972290785676 ], [ -118.366894616387071, 34.128981777879062 ], [ -118.366940951915666, 34.128998811513256 ], [ -118.366982355145581, 34.129021355878166 ], [ -118.367007215794573, 34.129039141657664 ], [ -118.367043689762596, 34.129067883713297 ], [ -118.367125023738637, 34.129153851644112 ], [ -118.367202990202571, 34.12922540334678 ], [ -118.367264322073822, 34.129271244107706 ], [ -118.367343842805312, 34.129320464419152 ], [ -118.36741504246254, 34.129355970539564 ], [ -118.36749116391583, 34.129383561480367 ], [ -118.367585450075055, 34.129409036218767 ], [ -118.367666476735707, 34.129424933613898 ], [ -118.367716058051556, 34.129428561131945 ], [ -118.36778213978009, 34.129427329622615 ], [ -118.367831684826768, 34.129422713543654 ], [ -118.367879562594808, 34.129414667660527 ], [ -118.367943931675882, 34.129399701841876 ], [ -118.368051173600364, 34.129365713728951 ], [ -118.368130383266532, 34.129344176389857 ], [ -118.368211266228926, 34.129327442703094 ], [ -118.368259148445574, 34.129320427113292 ], [ -118.368325205864465, 34.129313699607444 ], [ -118.368424310896827, 34.129307901796295 ], [ -118.368639093962386, 34.129307933904805 ], [ -118.368738203511754, 34.129303166279975 ], [ -118.368837284253161, 34.129291872430677 ], [ -118.369012250306625, 34.129254585413129 ], [ -118.369126180610365, 34.129238780675166 ], [ -118.369439959069283, 34.129208282245386 ], [ -118.369489525150655, 34.129208474223873 ], [ -118.369537475523884, 34.129216914782127 ], [ -118.36958545172449, 34.129231194501934 ], [ -118.369616898819075, 34.129243807319476 ], [ -118.369645050730696, 34.129258491121256 ], [ -118.369669908978665, 34.129275589390787 ], [ -118.369691473563179, 34.129295102130087 ], [ -118.369718056908894, 34.129328682434526 ], [ -118.369753034756883, 34.129392463809545 ], [ -118.36979639348823, 34.129483354917198 ], [ -118.369806485746125, 34.129523855371616 ], [ -118.369811623056066, 34.129564714471037 ], [ -118.3698134575708, 34.129605927161279 ], [ -118.36981685458899, 34.129626869405264 ], [ -118.369821959997353, 34.129660515398967 ], [ -118.369830404686297, 34.129702051350165 ], [ -118.369840433157833, 34.129728125591143 ], [ -118.369855407485588, 34.129751780296679 ], [ -118.36989525394938, 34.129795624554632 ], [ -118.36996491390947, 34.129856208357744 ], [ -118.370070816696199, 34.12989298063858 ], [ -118.370118776646137, 34.129903481853653 ], [ -118.370168375084276, 34.129910886659104 ], [ -118.370611333732384, 34.129949717146729 ], [ -118.370808011658283, 34.129964914296131 ], [ -118.370922075195381, 34.129978990729512 ], [ -118.370988224388242, 34.129992870640109 ], [ -118.371018006092001, 34.130002396833504 ], [ -118.371047801524952, 34.130015014350342 ], [ -118.371071021839825, 34.130035208734498 ], [ -118.371085966073494, 34.130051993663812 ], [ -118.371150894795534, 34.130163083736505 ], [ -118.37116917086432, 34.130186041170788 ], [ -118.371273730606447, 34.130292200673274 ], [ -118.371350052560487, 34.130364441740078 ], [ -118.371384879476878, 34.13039387452487 ], [ -118.371449508166862, 34.130437298642363 ], [ -118.371472721063768, 34.130455775543595 ], [ -118.371519162154925, 34.130496164144702 ], [ -118.37162701487172, 34.130599565336432 ], [ -118.371645260623183, 34.130615653075068 ], [ -118.371766324994041, 34.130717639578123 ], [ -118.371826008280038, 34.13076348310755 ], [ -118.37198506721947, 34.130863978566694 ], [ -118.372082856497812, 34.130933405221334 ], [ -118.372139255617341, 34.130983724023558 ], [ -118.372164121005852, 34.131002195705562 ], [ -118.372230388992961, 34.131042522988466 ], [ -118.372299947653104, 34.131079748726691 ], [ -118.372329746723594, 34.131093052890243 ], [ -118.372361179631483, 34.131102230182506 ], [ -118.372409131381033, 34.131110669601952 ], [ -118.372491776062404, 34.131118315124191 ], [ -118.372524815263432, 34.131117182846772 ], [ -118.372589194010189, 34.131104275440876 ], [ -118.37269976205134, 34.131075081753139 ], [ -118.372843387568594, 34.131048877374027 ], [ -118.372958976379181, 34.131034094369987 ], [ -118.373173727078665, 34.131025874872378 ], [ -118.373254615259967, 34.131010168253667 ], [ -118.373332168354224, 34.130987602163259 ], [ -118.37336185402259, 34.130975488465289 ], [ -118.373417888737094, 34.130944058151087 ], [ -118.373440933408048, 34.130924751745354 ], [ -118.373460662955083, 34.130903051176489 ], [ -118.373491835004813, 34.130853836375138 ], [ -118.373513075499133, 34.130800530424708 ], [ -118.373521159903632, 34.130761004562508 ], [ -118.373521035577809, 34.130733182587598 ], [ -118.373510936769563, 34.130691651998617 ], [ -118.373487576020835, 34.130640201296224 ], [ -118.373472595902015, 34.130615516596677 ], [ -118.373442704746154, 34.130581603844753 ], [ -118.373431094992171, 34.130571678621479 ], [ -118.373407881630186, 34.130553202096273 ], [ -118.373368118881075, 34.130528593941108 ], [ -118.37328530290425, 34.130482479126805 ], [ -118.373101489631267, 34.130388588021432 ], [ -118.373046826819433, 34.130357156034485 ], [ -118.372998748220922, 34.13032020793063 ], [ -118.372958896814083, 34.130275677732868 ], [ -118.372942269341706, 34.130252028509162 ], [ -118.372893967134033, 34.130164932112258 ], [ -118.372852261446369, 34.130075067461433 ], [ -118.372790624142127, 34.129961563743642 ], [ -118.372762250868618, 34.129897419385109 ], [ -118.372748855867428, 34.12985761632946 ], [ -118.372732034020899, 34.129790344968008 ], [ -118.372726834005391, 34.129735746745546 ], [ -118.372728055785416, 34.129639223441245 ], [ -118.372719551463206, 34.129584635408023 ], [ -118.372704443113548, 34.129531098195471 ], [ -118.372694412240804, 34.129504680711072 ], [ -118.372676066989484, 34.129466266855026 ], [ -118.37265112538033, 34.129430621220401 ], [ -118.372621239574954, 34.129397738709834 ], [ -118.372554879318855, 34.129336459291331 ], [ -118.372422238676435, 34.129231761366334 ], [ -118.372319491594041, 34.129161663294234 ], [ -118.372067667466467, 34.129005809161967 ], [ -118.371979823905676, 34.128943221615451 ], [ -118.37192013419363, 34.12889566075814 ], [ -118.371886955273766, 34.128865192601936 ], [ -118.371857074555209, 34.128833340346411 ], [ -118.371823817761339, 34.128785354632953 ], [ -118.371785477777095, 34.128708875218251 ], [ -118.371780399135091, 34.12868141196946 ], [ -118.371781867952336, 34.128640189146573 ], [ -118.371785050016641, 34.128612700488908 ], [ -118.371794782582825, 34.12857213921896 ], [ -118.371814441721554, 34.128534638785986 ], [ -118.371899825707331, 34.128415873475902 ], [ -118.371919484762202, 34.128378373025996 ], [ -118.37193417669674, 34.128338483456361 ], [ -118.371943907630254, 34.128297578693513 ], [ -118.371945498629501, 34.128283834362691 ], [ -118.371943605015005, 34.128229569421677 ], [ -118.371928433218827, 34.128161605904801 ], [ -118.371908311170415, 34.128095031561379 ], [ -118.371901618600489, 34.128076160430815 ], [ -118.371757931483316, 34.127715942291232 ], [ -118.371702705801681, 34.127557421666495 ], [ -118.37169788799207, 34.127542151361396 ], [ -118.371644055455192, 34.1273717761648 ], [ -118.371586990298724, 34.127171012385084 ], [ -118.371556714872085, 34.127050198434894 ], [ -118.371548211578187, 34.126995610322773 ], [ -118.371542826253759, 34.126899107351164 ], [ -118.371544105847065, 34.126815292868741 ], [ -118.371543928750981, 34.126775449053802 ], [ -118.371547107769132, 34.126747273441389 ], [ -118.371556840233552, 34.126706712192494 ], [ -118.371568295022513, 34.126681945997483 ], [ -118.371606090286008, 34.126636146183664 ], [ -118.37162912807969, 34.126615466200796 ], [ -118.371665353647941, 34.126588219430843 ], [ -118.371721392169036, 34.126558163831177 ], [ -118.371752728597158, 34.126546045448784 ], [ -118.371817119220751, 34.126536573267138 ], [ -118.37197060395539, 34.126500034999438 ], [ -118.372096080871643, 34.126481100541902 ], [ -118.372333826934934, 34.126445332838166 ], [ -118.37248247130745, 34.126434913755766 ], [ -118.372515520902937, 34.126436529330221 ], [ -118.372594911894382, 34.126456550285894 ], [ -118.372671023229117, 34.126482077075678 ], [ -118.372710785379681, 34.126507028938818 ], [ -118.372805302728892, 34.126584708737845 ], [ -118.372826873478928, 34.12660559484101 ], [ -118.372845144634113, 34.126627521576417 ], [ -118.372888361265382, 34.126686124340871 ], [ -118.372908286089043, 34.126708389451018 ], [ -118.37296468132233, 34.126758364381651 ], [ -118.373070716404769, 34.126825360372052 ], [ -118.373127018289068, 34.126854382877305 ], [ -118.373186592222055, 34.126876182050445 ], [ -118.373234552366171, 34.126887025509561 ], [ -118.373317205219081, 34.126897418315785 ], [ -118.373449412077235, 34.126905597052122 ], [ -118.373533667965987, 34.12690499320928 ], [ -118.373614579725682, 34.126895469011792 ], [ -118.373657071559037, 34.126884174366893 ], [ -118.373677286056875, 34.12687878784201 ], [ -118.373829023264705, 34.126820956491265 ], [ -118.373857047595976, 34.126807130376982 ], [ -118.373896584410588, 34.126781590123556 ], [ -118.373955840415988, 34.126732288322962 ], [ -118.37398543074282, 34.126699222124088 ], [ -118.374006745170249, 34.126662746667847 ], [ -118.374027988881934, 34.126610471075864 ], [ -118.37405399981445, 34.126515931963006 ], [ -118.374076520506776, 34.126379841854636 ], [ -118.374125778508301, 34.125942431864942 ], [ -118.374148358886856, 34.125819737508941 ], [ -118.374169413188241, 34.12572521371537 ], [ -118.374198669419641, 34.12561761206215 ], [ -118.374221503318722, 34.125551592078033 ], [ -118.374246058459619, 34.125501023624551 ], [ -118.374269023007756, 34.125464199526597 ], [ -118.374301852320258, 34.125416696812884 ], [ -118.374357716826694, 34.125348170106903 ], [ -118.374407034481976, 34.125293403090531 ], [ -118.374504083695854, 34.125198643804389 ], [ -118.374597816234683, 34.12510114683225 ], [ -118.374635610662963, 34.125055689554102 ], [ -118.374658579535549, 34.125019895825886 ], [ -118.374673122004069, 34.124981637942113 ], [ -118.374683072673619, 34.124955588040002 ], [ -118.374699354709577, 34.124902297253193 ], [ -118.374739864925814, 34.124725619917143 ], [ -118.374746282242043, 34.124683007771281 ], [ -118.374749346154431, 34.124629414474533 ], [ -118.374747449262799, 34.124574806101464 ], [ -118.374736920993826, 34.124437444393891 ], [ -118.374726084815492, 34.124231386465873 ], [ -118.374725593645948, 34.124121815995146 ], [ -118.374730363491892, 34.124080239416088 ], [ -118.374744991738041, 34.124026610265261 ], [ -118.374764580729945, 34.123973996188575 ], [ -118.374795687828282, 34.123911041815724 ], [ -118.374815412288129, 34.123888654067393 ], [ -118.374984899772286, 34.123738025017644 ], [ -118.375008366084359, 34.123721164338001 ], [ -118.375073825018788, 34.123674204203603 ], [ -118.375190901118089, 34.123625065832194 ], [ -118.375279941735826, 34.123587005948302 ], [ -118.375319505893458, 34.123567991372184 ], [ -118.375337641323199, 34.123559691393474 ], [ -118.375433220544394, 34.12350615422622 ], [ -118.375525467793395, 34.123446444589881 ], [ -118.375561689175285, 34.12341885317332 ], [ -118.375619289778655, 34.123369555694957 ], [ -118.375648901409605, 34.123341641307945 ], [ -118.375696602049047, 34.123295122448766 ], [ -118.375726187383052, 34.123261368864533 ], [ -118.375752462450421, 34.123226251620878 ], [ -118.375773778309352, 34.123190462818485 ], [ -118.375791782365468, 34.123152966880149 ], [ -118.375812959214116, 34.123086264774059 ], [ -118.375821034064174, 34.123045021360412 ], [ -118.375830570994566, 34.122961524636985 ], [ -118.375831915719317, 34.122893166766147 ], [ -118.375825122306551, 34.122851969585632 ], [ -118.375810010096487, 34.122797745808342 ], [ -118.375784936353014, 34.122732561454235 ], [ -118.375766591167732, 34.122694148073961 ], [ -118.375698291693155, 34.122568301086524 ], [ -118.375613231484479, 34.12238892235613 ], [ -118.375595941267221, 34.122343979440672 ], [ -118.375588158017052, 34.122323737961899 ], [ -118.375578066913718, 34.122283924959902 ], [ -118.375574639430411, 34.122256456741468 ], [ -118.375574512890623, 34.122228291293652 ], [ -118.375579282206331, 34.122186714683174 ], [ -118.375590604009474, 34.122132752218953 ], [ -118.375616671971756, 34.122051608542598 ], [ -118.375647777713056, 34.121988653953672 ], [ -118.375665854113123, 34.121967301645483 ], [ -118.37569386570793, 34.12195107073962 ], [ -118.375726858016421, 34.121940320117382 ], [ -118.375758221467279, 34.121934726838241 ], [ -118.375791256994503, 34.12193359366826 ], [ -118.375842483139124, 34.12193652575349 ], [ -118.375906950064206, 34.121944912409568 ], [ -118.375971433994962, 34.121957077322982 ], [ -118.376017752029426, 34.121970672663871 ], [ -118.376088946020062, 34.122005486705909 ], [ -118.37615016773411, 34.122026935793905 ], [ -118.376227921948285, 34.122051081275139 ], [ -118.376277530183074, 34.122061574901871 ], [ -118.376375062203621, 34.122075354136499 ], [ -118.376621327857393, 34.1221003484279 ], [ -118.376669271778098, 34.122108099193277 ], [ -118.376717235829872, 34.122120315193349 ], [ -118.376809887819746, 34.122150940096411 ], [ -118.376852926847761, 34.122170041115105 ], [ -118.376892683549784, 34.122193961156533 ], [ -118.376954017124262, 34.12224014047333 ], [ -118.376980526794412, 34.122257232083761 ], [ -118.377091481345744, 34.122316652497155 ], [ -118.377149424307461, 34.122343607084602 ], [ -118.377209002274299, 34.122366778196806 ], [ -118.377255325387253, 34.122381403506708 ], [ -118.37730328658094, 34.122392932312195 ], [ -118.377352884300237, 34.122401021130273 ], [ -118.37738593859747, 34.122404009296979 ], [ -118.377435500662543, 34.122404198017023 ], [ -118.377483357976203, 34.122392713520803 ], [ -118.377544370910869, 34.122367791961295 ], [ -118.377572390032043, 34.122353278025095 ], [ -118.37762510869814, 34.122320825646099 ], [ -118.377694321089777, 34.122282482441754 ], [ -118.377768539129661, 34.122255115100529 ], [ -118.377847739554483, 34.122233571397487 ], [ -118.377912116848975, 34.122222035083688 ], [ -118.377979826107207, 34.122216671061402 ], [ -118.378001308494007, 34.122217977819403 ], [ -118.378045923729815, 34.122220242675574 ], [ -118.378095522972032, 34.122228674669891 ], [ -118.378141841502398, 34.122242269196846 ], [ -118.37818652823438, 34.12226033412886 ], [ -118.378300776797289, 34.122317338726177 ], [ -118.378367047078612, 34.122359036559885 ], [ -118.378491351077741, 34.12244761020154 ], [ -118.378557615335666, 34.122487934006749 ], [ -118.378617209352427, 34.122514539235205 ], [ -118.378661891665089, 34.122531573548521 ], [ -118.37872310664406, 34.122551303928304 ], [ -118.37878595966491, 34.122567937770292 ], [ -118.378979417326349, 34.122605114761811 ], [ -118.379095117987589, 34.122617804375622 ], [ -118.379243834182034, 34.122624894511596 ], [ -118.379757668998906, 34.122635646587959 ], [ -118.379822133734635, 34.122643344193825 ], [ -118.379853561166271, 34.122651832573666 ], [ -118.379911499006909, 34.122677411913095 ], [ -118.379992668251234, 34.122725588258341 ], [ -118.380057289237541, 34.122767633840688 ], [ -118.380083391974068, 34.122785885317946 ], [ -118.380183246098909, 34.122855857067336 ], [ -118.380289277328558, 34.12292181627501 ], [ -118.380373730766493, 34.122965516715304 ], [ -118.380531025228876, 34.123042305917544 ], [ -118.380628732693111, 34.123094208112597 ], [ -118.38067342354617, 34.123112959087571 ], [ -118.380719739857057, 34.123125865664882 ], [ -118.38075115661006, 34.123131949444357 ], [ -118.380883402059993, 34.123149737516897 ], [ -118.381061596013438, 34.123099713853883 ], [ -118.381104465817685, 34.123081373929161 ], [ -118.38112917580186, 34.123065839143457 ], [ -118.38116202220013, 34.123023143303591 ], [ -118.381171813779076, 34.122996664005875 ], [ -118.381189660313183, 34.122925162644165 ], [ -118.381225586682959, 34.122833338582808 ], [ -118.381248478498108, 34.122781399997272 ], [ -118.381289439142009, 34.122706734333811 ], [ -118.3813468776207, 34.122622742545715 ], [ -118.381383013671083, 34.122576944892245 ], [ -118.38144217921473, 34.122509434934074 ], [ -118.381498109598027, 34.122457048540085 ], [ -118.381522811486448, 34.122439796269198 ], [ -118.381549179491401, 34.12242563010696 ], [ -118.381595379531348, 34.122413118754785 ], [ -118.381630054641064, 34.122409230924994 ], [ -118.381681259326172, 34.122407351801598 ], [ -118.381747366668819, 34.122412982277503 ], [ -118.381811856516833, 34.122426174517933 ], [ -118.381859823071537, 34.122438731958262 ], [ -118.381921045014238, 34.122459834642257 ], [ -118.382099783229904, 34.122529340834525 ], [ -118.382157727953853, 34.122556293021056 ], [ -118.382240533119656, 34.122600684342011 ], [ -118.382361383573127, 34.12265560331641 ], [ -118.382391170243494, 34.122666500629684 ], [ -118.382422590088126, 34.122673270936588 ], [ -118.382453983223314, 34.122674202058548 ], [ -118.382483703906686, 34.12267067314761 ], [ -118.382531565394615, 34.122660217095358 ], [ -118.382594246333056, 34.122639066048571 ], [ -118.382714606450136, 34.122586818602741 ], [ -118.382742627892299, 34.122572990429845 ], [ -118.382795346262611, 34.122540879276521 ], [ -118.382846392123895, 34.122504308080444 ], [ -118.382905644538795, 34.122456032340857 ], [ -118.383045450670977, 34.12232128632391 ], [ -118.38315737365356, 34.122230594746725 ], [ -118.383182020027746, 34.122201320302771 ], [ -118.383270943680486, 34.122138867384415 ], [ -118.383323652124062, 34.122104695115162 ], [ -118.383392860147595, 34.122066005166822 ], [ -118.383465400486287, 34.122033487353427 ], [ -118.383509936983131, 34.122018576144207 ], [ -118.383589149888934, 34.122000120007755 ], [ -118.383737734499064, 34.121978695693947 ], [ -118.383818651366965, 34.121971569033661 ], [ -118.383985477372676, 34.121965199867084 ], [ -118.384200186325074, 34.121953182490806 ], [ -118.384380193580853, 34.121939214185595 ], [ -118.384532089794007, 34.121919495792056 ], [ -118.38460967249749, 34.121905852976141 ], [ -118.384672379213754, 34.121890540028211 ], [ -118.384781266194096, 34.121858592706573 ], [ -118.384842295538064, 34.121837789234768 ], [ -118.384962684731107, 34.121792409170268 ], [ -118.385051720529617, 34.121754685570465 ], [ -118.385137436417111, 34.12171353762438 ], [ -118.385348397223339, 34.12160535407321 ], [ -118.385468695529866, 34.121540395091493 ], [ -118.385486820008708, 34.12153003270479 ], [ -118.385587378089909, 34.121483341322126 ], [ -118.385646753376747, 34.121462199233839 ], [ -118.385663246418602, 34.121456307344104 ], [ -118.385725938340912, 34.121437902521343 ], [ -118.385790296498897, 34.121422583721227 ], [ -118.38590419392807, 34.121402641401069 ], [ -118.385985106881819, 34.121394826328633 ], [ -118.386085873918958, 34.1213934740139 ], [ -118.386166845553745, 34.121398367614077 ], [ -118.386249502522134, 34.12141046897991 ], [ -118.386345424701588, 34.121433175952014 ], [ -118.38643642428309, 34.121463111793688 ], [ -118.386525805282318, 34.121500265949543 ], [ -118.386595365544551, 34.121538170413686 ], [ -118.386669956541439, 34.121592202585475 ], [ -118.386737972997949, 34.121653468955571 ], [ -118.386779471690531, 34.121696271908831 ], [ -118.386821046715284, 34.121755561932048 ], [ -118.38685437925902, 34.121818656670406 ], [ -118.386872786572027, 34.121869433679741 ], [ -118.386899536606407, 34.121938045252534 ], [ -118.387270372929535, 34.123176498613454 ], [ -118.387293940584016, 34.123271225238817 ], [ -118.387302323288182, 34.123297646801092 ], [ -118.387314005292779, 34.123323027331928 ], [ -118.387347276762696, 34.123372726180747 ], [ -118.387377175756427, 34.123407665930422 ], [ -118.387400396588617, 34.123427513693066 ], [ -118.387425250366377, 34.123443234384553 ], [ -118.38748645852823, 34.123460899440673 ], [ -118.387554217540028, 34.123466177963216 ], [ -118.387620286298329, 34.123463218203817 ], [ -118.387668141225944, 34.123451386193572 ], [ -118.387869396520443, 34.123387539069377 ], [ -118.388001301125499, 34.123331470955563 ], [ -118.388063982777751, 34.123310660552676 ], [ -118.388159714647728, 34.123291804894819 ], [ -118.388484940275546, 34.123242328439936 ], [ -118.388648390938116, 34.123220163334999 ], [ -118.388730963815888, 34.123213715035234 ], [ -118.388797057893242, 34.123216250327111 ], [ -118.389046628291894, 34.123239834749185 ], [ -118.389111057576059, 34.123239627339871 ], [ -118.389157279319917, 34.123231921829536 ], [ -118.389188627964373, 34.123223233736965 ], [ -118.389247995579325, 34.123200372473995 ], [ -118.389424390195416, 34.123119772001701 ], [ -118.389580984135151, 34.123044387387843 ], [ -118.389698042817642, 34.122993517560793 ], [ -118.389790409040046, 34.122961618990772 ], [ -118.389915794899522, 34.122925148510575 ], [ -118.39000483928406, 34.122889482146164 ], [ -118.390090544280042, 34.122846269800696 ], [ -118.390144912024482, 34.122814150109413 ], [ -118.390182783537071, 34.122787235940862 ], [ -118.390205820484013, 34.122767582862316 ], [ -118.390243613386843, 34.122723838111369 ], [ -118.390260021367226, 34.122699741107255 ], [ -118.390287870010539, 34.122649158730454 ], [ -118.390315651262938, 34.122584150150274 ], [ -118.390359501956169, 34.122422570080474 ], [ -118.390369293759335, 34.122396776999906 ], [ -118.390395493428528, 34.122346886896324 ], [ -118.390423415664614, 34.122312104609193 ], [ -118.390457960371634, 34.122280392295551 ], [ -118.390494179528247, 34.122253483366855 ], [ -118.390520542744895, 34.12223862828575 ], [ -118.390566718871881, 34.122221304772083 ], [ -118.390599720608293, 34.122212954456074 ], [ -118.390680629091591, 34.122204105797294 ], [ -118.39074670637477, 34.12220320521422 ], [ -118.390897063588454, 34.12220787130417 ], [ -118.391062319460673, 34.122219015236816 ], [ -118.391229164697734, 34.122216757842097 ], [ -118.391280365833538, 34.122214187690226 ], [ -118.391344760554404, 34.122206765992004 ], [ -118.391390970264197, 34.122196655261618 ], [ -118.391435497392465, 34.122180023727559 ], [ -118.391476688309922, 34.12215653326183 ], [ -118.391514552661135, 34.122128244753007 ], [ -118.391580338658983, 34.122065173678166 ], [ -118.391596749342767, 34.122041763454739 ], [ -118.391642590427679, 34.121952995511286 ], [ -118.391683610583854, 34.121893096004193 ], [ -118.391719737436787, 34.121846608299627 ], [ -118.391798623182893, 34.121758763649829 ], [ -118.39189896868362, 34.121667414504572 ], [ -118.392007602956497, 34.121582221140727 ], [ -118.39213273443427, 34.121492165349402 ], [ -118.392226634033108, 34.121435528937887 ], [ -118.392282669765592, 34.121407181214252 ], [ -118.39263547911645, 34.121253184259963 ], [ -118.392706355093793, 34.12121894886365 ], [ -118.392798597163733, 34.121161286933415 ], [ -118.392834807011738, 34.121132659899928 ], [ -118.392867699940396, 34.121101295748929 ], [ -118.392893973584989, 34.121067548704694 ], [ -118.392913621493776, 34.12103004484819 ], [ -118.39294463471758, 34.120950255249511 ], [ -118.392965732737849, 34.120869810909667 ], [ -118.392972329046657, 34.120834367459992 ], [ -118.392983457318223, 34.120774607633827 ], [ -118.393046681570397, 34.120518504909079 ], [ -118.393072673944317, 34.120424992162789 ], [ -118.393100386071211, 34.120345900232621 ], [ -118.393156029857593, 34.120234429745565 ], [ -118.393291118387424, 34.120154644938957 ], [ -118.393333977533771, 34.120134926754787 ], [ -118.393380169694879, 34.120121380456226 ], [ -118.393431351699732, 34.120115031104284 ], [ -118.393480920526827, 34.120116930648607 ], [ -118.393510691573724, 34.120124390412499 ], [ -118.393646421686768, 34.120180967093255 ], [ -118.393707644950908, 34.120202063805372 ], [ -118.393820085881671, 34.12022436754782 ], [ -118.39388456138073, 34.120234462018303 ], [ -118.393965551773533, 34.120243472163253 ], [ -118.393982068270063, 34.120242731350672 ], [ -118.394031575664698, 34.120231578398354 ], [ -118.394092598280238, 34.120210083294971 ], [ -118.394165129607117, 34.120176872099854 ], [ -118.394272209720185, 34.120113321382576 ], [ -118.394349606067152, 34.120060858984104 ], [ -118.394453262023063, 34.119971901307522 ], [ -118.394477955641051, 34.119953615947743 ], [ -118.394504309319998, 34.119937042594586 ], [ -118.394532326302624, 34.119922868208583 ], [ -118.394606528627818, 34.119893773125732 ], [ -118.39468406077934, 34.119870162900575 ], [ -118.394844131137305, 34.119833574014862 ], [ -118.394971179915814, 34.119800871184971 ], [ -118.395033868547216, 34.119782461535003 ], [ -118.39509323049684, 34.119759253922247 ], [ -118.395192121000775, 34.119710842547221 ], [ -118.395289336690652, 34.119657627763345 ], [ -118.395411242312804, 34.119585440389535 ], [ -118.39549030241507, 34.119535719702874 ], [ -118.39578672167157, 34.119337588321372 ], [ -118.395938198890605, 34.119230954957509 ], [ -118.395990903576461, 34.119197464128547 ], [ -118.39607329941694, 34.119154601851157 ], [ -118.396134320721373, 34.119133105717523 ], [ -118.396165667103674, 34.119124415816295 ], [ -118.396294384148604, 34.119095484469483 ], [ -118.396408282415791, 34.119076906174918 ], [ -118.396555227775252, 34.119059936773759 ], [ -118.396703855993067, 34.119049487906089 ], [ -118.396951641911855, 34.119047300367491 ], [ -118.397133377575599, 34.119051168643047 ], [ -118.397265577616196, 34.119060008288713 ], [ -118.397298639465347, 34.119064708413006 ], [ -118.397346596621688, 34.119075198821243 ], [ -118.397378029388918, 34.119084713085591 ], [ -118.397421065005474, 34.119102432854945 ], [ -118.397490628212111, 34.119140331045728 ], [ -118.39753039754406, 34.119165961699807 ], [ -118.397593390614929, 34.119211781623491 ], [ -118.397628220489764, 34.119240863356559 ], [ -118.397671372246691, 34.119282970170353 ], [ -118.397769363789124, 34.119393250230772 ], [ -118.397895677569863, 34.119553585947273 ], [ -118.397987007916825, 34.11965255272181 ], [ -118.398015253158562, 34.11968646483384 ], [ -118.398055183188887, 34.119745756429353 ], [ -118.398088523409825, 34.119808848065574 ], [ -118.398116915962447, 34.119873673421722 ], [ -118.398148744999233, 34.119966309828058 ], [ -118.398162217581742, 34.120020192768273 ], [ -118.39817265290624, 34.120130073954954 ], [ -118.398167945659253, 34.120182299357005 ], [ -118.398168087987784, 34.120212182182641 ], [ -118.398150636081212, 34.120363373580574 ], [ -118.3981445516566, 34.120473309191453 ], [ -118.398146725479322, 34.1205828741112 ], [ -118.398153920690234, 34.120706161935068 ], [ -118.398173008649906, 34.120898451295005 ], [ -118.398173399652919, 34.120980543197078 ], [ -118.398168901763938, 34.121076734138008 ], [ -118.398169492353887, 34.121200730693658 ], [ -118.398171342301126, 34.121242286423723 ], [ -118.398178210400147, 34.121296878095229 ], [ -118.398189962506024, 34.121336340284728 ], [ -118.398211687134022, 34.121388478603727 ], [ -118.398260015555692, 34.121476595303264 ], [ -118.398311562975735, 34.121546840095156 ], [ -118.398402905814422, 34.121647867445397 ], [ -118.398530628961282, 34.121756331466798 ], [ -118.398618578202218, 34.121838478107229 ], [ -118.398683307794414, 34.121901466055839 ], [ -118.398723165634152, 34.121945300799851 ], [ -118.398749763218575, 34.121979905153864 ], [ -118.398778080011681, 34.122028586762625 ], [ -118.398803104289357, 34.122079683632414 ], [ -118.398846556362429, 34.122184303528996 ], [ -118.398910145764901, 34.122354462807152 ], [ -118.398943561435061, 34.122433010846407 ], [ -118.398983570485413, 34.122508445735605 ], [ -118.39900020378407, 34.122532091371561 ], [ -118.399040058811494, 34.122575239050263 ], [ -118.399157816311643, 34.122672056791188 ], [ -118.399282157567598, 34.122763700375742 ], [ -118.39937833755053, 34.122839293042439 ], [ -118.399428072246977, 34.122875538224086 ], [ -118.399492696557445, 34.122916199491343 ], [ -118.399654943220909, 34.122988482172111 ], [ -118.399681447915626, 34.123003507918703 ], [ -118.399721219757126, 34.123029137854545 ], [ -118.399804141494741, 34.123095843391674 ], [ -118.399943569287757, 34.123232776573168 ], [ -118.400000057226791, 34.123299225959698 ], [ -118.400069889752501, 34.123392423072445 ], [ -118.400152984767573, 34.12349519385063 ], [ -118.400174577995045, 34.123519509878342 ], [ -118.400241021303884, 34.123594856832945 ], [ -118.400274208464907, 34.123625317200691 ], [ -118.40038365108532, 34.123710139279183 ], [ -118.400534600726161, 34.12383775949111 ], [ -118.400612590824025, 34.123909289629815 ], [ -118.400680698408877, 34.123987035232929 ], [ -118.400712237131245, 34.124018187918992 ], [ -118.400808419850705, 34.124093779450185 ], [ -118.40088795540332, 34.124142977684052 ], [ -118.400960805412467, 34.124176054192802 ], [ -118.401050184231821, 34.124210793244366 ], [ -118.401248770023187, 34.124280892298017 ], [ -118.401470578932674, 34.124370492604527 ], [ -118.401684065317866, 34.124447067688486 ], [ -118.401804889937466, 34.124493380204321 ], [ -118.401877740614808, 34.124526456160687 ], [ -118.401915858493339, 34.124551403906992 ], [ -118.401983876968515, 34.124610257336137 ], [ -118.402100089468206, 34.124728030035513 ], [ -118.402199740341771, 34.12483727058143 ], [ -118.402256151821646, 34.124887231840617 ], [ -118.402329113781818, 34.124943320735021 ], [ -118.402382423404646, 34.124981656664566 ], [ -118.402441846157913, 34.125024351665893 ], [ -118.402571124254024, 34.125110479677964 ], [ -118.402716949799697, 34.125202048198872 ], [ -118.402881070965208, 34.125318973544729 ], [ -118.402914256461571, 34.125348746227452 ], [ -118.402952469400461, 34.125393272049429 ], [ -118.40299907523044, 34.125465248776351 ], [ -118.403034070229012, 34.125527646587891 ], [ -118.403065769403852, 34.125591772811873 ], [ -118.403145945470726, 34.125773209646091 ], [ -118.40315268135349, 34.125799635620886 ], [ -118.403166030542849, 34.125827069994742 ], [ -118.403177866816392, 34.125883362260083 ], [ -118.403175187203246, 34.126012865520508 ], [ -118.403167282941524, 34.126086741433703 ], [ -118.403160815398621, 34.126115959339486 ], [ -118.403160911480938, 34.126135881222446 ], [ -118.403172701408778, 34.126182556027977 ], [ -118.403186049009165, 34.126209646919179 ], [ -118.403220994753696, 34.126261740255543 ], [ -118.403255897460156, 34.126304903082612 ], [ -118.403292399267727, 34.126337069003476 ], [ -118.403305659100454, 34.126345955402272 ], [ -118.403365285289155, 34.126377013679651 ], [ -118.403368849696989, 34.126430929128922 ], [ -118.403380707740126, 34.126491686624917 ], [ -118.403389099166873, 34.126518794034816 ], [ -118.403419194964059, 34.126592886623015 ], [ -118.403434290956696, 34.126639893855909 ], [ -118.403452681219719, 34.126684829173207 ], [ -118.403467679433788, 34.1267115710382 ], [ -118.403700506267114, 34.127028174939838 ], [ -118.403732141822857, 34.127078905242605 ], [ -118.40375714907286, 34.127125535843675 ], [ -118.403787305145443, 34.12721199364811 ], [ -118.403802444597389, 34.127267931335034 ], [ -118.403805859991266, 34.127290933505826 ], [ -118.403808097827095, 34.127412176688516 ], [ -118.403806714514531, 34.127467826088484 ], [ -118.403797506995858, 34.127613838521491 ], [ -118.40379780399951, 34.127675321574905 ], [ -118.403802994314177, 34.127723735801865 ], [ -118.40380971728753, 34.127747413895356 ], [ -118.403831463680703, 34.12780298602032 ], [ -118.403853115513002, 34.12783897973889 ], [ -118.403881350964426, 34.127869799160528 ], [ -118.40397588719658, 34.127945050218308 ], [ -118.403992468207719, 34.127957360305892 ], [ -118.4040106864081, 34.12796657354226 ], [ -118.404028902952305, 34.127975443295107 ], [ -118.404070269184899, 34.127988357492988 ], [ -118.404141345468062, 34.127995333074431 ], [ -118.404166127357087, 34.12799525021083 ], [ -118.404242053723763, 34.127980226392118 ], [ -118.404337762368996, 34.127956205707044 ], [ -118.404411953456105, 34.127924013271375 ], [ -118.404533913123018, 34.127862121102538 ], [ -118.404578434004009, 34.127844110801163 ], [ -118.404718644931847, 34.12779830120877 ], [ -118.404784669933179, 34.127785714605835 ], [ -118.405502493088804, 34.127608130504626 ], [ -118.405591584141902, 34.127582413593863 ], [ -118.405692259964624, 34.127560779569713 ], [ -118.405766545216679, 34.127548164703875 ], [ -118.405827653534303, 34.127543837707236 ], [ -118.405926808903772, 34.127549344011506 ], [ -118.405994605758238, 34.127561481810723 ], [ -118.406047551928424, 34.127577447811795 ], [ -118.406090612110219, 34.127598942785831 ], [ -118.406150203511487, 34.127622443114625 ], [ -118.406213122552373, 34.12765074103929 ], [ -118.406282706875345, 34.127690695062256 ], [ -118.406355662295965, 34.127744377164987 ], [ -118.406511619787551, 34.127879186356971 ], [ -118.406579672607691, 34.127943876376804 ], [ -118.406606253632873, 34.127974013757949 ], [ -118.406646187031768, 34.12803192860499 ], [ -118.406648847888107, 34.128037630113198 ], [ -118.406682918167988, 34.128110806879889 ], [ -118.406713139457622, 34.12820997274271 ], [ -118.406733394545086, 34.128298180572926 ], [ -118.406745310453658, 34.128370272605139 ], [ -118.406755425492875, 34.128411800412785 ], [ -118.406760457109115, 34.128427240365284 ], [ -118.406770500289539, 34.128453998501143 ], [ -118.406779310889249, 34.128566975854994 ], [ -118.406782877592505, 34.128620891206559 ], [ -118.406789721833903, 34.12866929974615 ], [ -118.406795380313312, 34.128813544964935 ], [ -118.406809256073544, 34.12894883188298 ], [ -118.406829574967006, 34.129050091965887 ], [ -118.40683968009975, 34.129089558882889 ], [ -118.406868177888782, 34.129173960599509 ], [ -118.406886537116009, 34.12921202578287 ], [ -118.406906520085798, 34.129244246229433 ], [ -118.406948106451139, 34.129302155416674 ], [ -118.40697468135177, 34.129330918794942 ], [ -118.407115955755714, 34.129503216674983 ], [ -118.407180724457078, 34.12957169577632 ], [ -118.407240429690631, 34.129618208776705 ], [ -118.407268605070968, 34.129636318621976 ], [ -118.407329875521398, 34.129664965014271 ], [ -118.407472341254859, 34.129742456234169 ], [ -118.407527006558894, 34.129771811766254 ], [ -118.407556809093336, 34.129784763763354 ], [ -118.407695873748708, 34.129842343980165 ], [ -118.407915986790201, 34.129918542295563 ], [ -118.40802527773883, 34.129969009397009 ], [ -118.408222457351371, 34.130085472475393 ], [ -118.408253929048655, 34.130101853527933 ], [ -118.408346651774622, 34.130142758681004 ], [ -118.40838810701068, 34.130173532398445 ], [ -118.408401393166756, 34.1301875704496 ], [ -118.4084230308016, 34.130220128544607 ], [ -118.408449782734294, 34.13028495707313 ], [ -118.40845650555147, 34.130308291428932 ], [ -118.408456795920969, 34.130367713590736 ], [ -118.40845047927445, 34.130427501565393 ], [ -118.408450803208396, 34.130493793341486 ], [ -118.408447623060113, 34.130519222079599 ], [ -118.408446306564102, 34.130587923803745 ], [ -118.408443114662134, 34.130610948176859 ], [ -118.408436754350049, 34.130661805652757 ], [ -118.408430269833389, 34.130687245556039 ], [ -118.408425789938732, 34.130784810825027 ], [ -118.408419372540905, 34.130823989956163 ], [ -118.408412861154105, 34.130843934167274 ], [ -118.408401403286476, 34.130865956009309 ], [ -118.408371856984715, 34.130905556768688 ], [ -118.408355414020434, 34.130921756179909 ], [ -118.408337354103068, 34.130945174265257 ], [ -118.408317695683266, 34.13097958931187 ], [ -118.408309530397204, 34.130999195617903 ], [ -118.408250546628722, 34.131100723331201 ], [ -118.408235886638394, 34.13114370864163 ], [ -118.408229480866652, 34.131185292128002 ], [ -118.408229578162818, 34.131205214009455 ], [ -118.408241274336973, 34.13123196644495 ], [ -118.408251356913468, 34.131266624516044 ], [ -118.408259705102665, 34.131284457611649 ], [ -118.408281342966248, 34.131317015732897 ], [ -118.408312875541881, 34.131345762076279 ], [ -118.408394121594213, 34.131404567258436 ], [ -118.40851359988693, 34.131510644302281 ], [ -118.408543507280896, 34.131544891860877 ], [ -118.408565162111486, 34.131580884738639 ], [ -118.408581877158838, 34.131620329174098 ], [ -118.408597039087255, 34.131680044554322 ], [ -118.408598770200953, 34.131696182562862 ], [ -118.408592550938963, 34.131775892428259 ], [ -118.408584543464727, 34.131827785940416 ], [ -118.408571564262886, 34.131876604879665 ], [ -118.40855527224484, 34.131923717582836 ], [ -118.408534005129113, 34.131967068748445 ], [ -118.408517755040293, 34.132022768464573 ], [ -118.408516227059948, 34.13204819162155 ], [ -118.408519664091131, 34.132075315430427 ], [ -118.408531368873739, 34.132103785242009 ], [ -118.408552963404659, 34.132127412816608 ], [ -118.408567878601588, 34.132136636535705 ], [ -118.408600974802525, 34.132147172741881 ], [ -118.40866548983135, 34.13216309850224 ], [ -118.408706820224168, 34.132168111058157 ], [ -118.408796047861145, 34.1321695267591 ], [ -118.408855554235586, 34.132174821278859 ], [ -118.408903530445713, 34.13218736798899 ], [ -118.408969749870067, 34.132213935899912 ], [ -118.409009510453728, 34.132235784497311 ], [ -118.409029397476658, 34.13224808271395 ], [ -118.409052635991131, 34.132269987204893 ], [ -118.409072603716865, 34.13229877248861 ], [ -118.409096015410427, 34.132356055484571 ], [ -118.409094539713934, 34.132392126551132 ], [ -118.409073326551123, 34.132446469194868 ], [ -118.409048940042666, 34.132527614513009 ], [ -118.409036040003912, 34.132592577096531 ], [ -118.40902817559747, 34.132673666499876 ], [ -118.409028283170727, 34.132695649265671 ], [ -118.409033433124478, 34.132735132775245 ], [ -118.409058561010312, 34.132805462455345 ], [ -118.409071882998674, 34.13282671352875 ], [ -118.409086842085628, 34.132844867682572 ], [ -118.409103418096862, 34.132855803147649 ], [ -118.409148097016541, 34.132869734867512 ], [ -118.409239076852415, 34.132891410011155 ], [ -118.409315139633861, 34.132903517980381 ], [ -118.409351505352774, 34.132906829696644 ], [ -118.409384586816756, 34.132914274362058 ], [ -118.409419335651577, 34.132924804748598 ], [ -118.409480600836162, 34.132951732649396 ], [ -118.409507107090747, 34.132966069283519 ], [ -118.409596689059654, 34.133039615342874 ], [ -118.409638206793133, 34.13308275393932 ], [ -118.409653174465987, 34.133102625426737 ], [ -118.409673177950751, 34.133138623706714 ], [ -118.409693274049417, 34.133193513422498 ], [ -118.409704984439216, 34.13322301356331 ], [ -118.409718380740372, 34.133259377716911 ], [ -118.409746876122668, 34.133342404840455 ], [ -118.409786987710774, 34.133435697170611 ], [ -118.409808651986992, 34.133473407230788 ], [ -118.409821949010848, 34.133489506011159 ], [ -118.409851842490824, 34.133520661921246 ], [ -118.409896644853148, 34.133559667456581 ], [ -118.409921509243176, 34.133576070487031 ], [ -118.410005958607258, 34.133613567578657 ], [ -118.410058917802672, 34.133631249228465 ], [ -118.410093651853458, 34.133638688094969 ], [ -118.41014158358314, 34.133641960335019 ], [ -118.41018452489287, 34.133638379762068 ], [ -118.410273548436194, 34.133597889726161 ], [ -118.410314749802282, 34.133576453718149 ], [ -118.410362479144936, 34.133538508186057 ], [ -118.410401928721143, 34.133496812395926 ], [ -118.410424918327365, 34.13346788147966 ], [ -118.410444595018106, 34.133437244376047 ], [ -118.410459333551032, 34.133410402388343 ], [ -118.410531267561339, 34.133254558750579 ], [ -118.410573862780325, 34.133180564496065 ], [ -118.410618145585303, 34.133113777708729 ], [ -118.410659113743534, 34.133044941247455 ], [ -118.410722949672376, 34.132922443189834 ], [ -118.410809462387036, 34.132707470182055 ], [ -118.410835516338452, 34.132629753699732 ], [ -118.410841966508087, 34.132597444052443 ], [ -118.410863124531531, 34.13253210971606 ], [ -118.410892565541587, 34.132471212543535 ], [ -118.410908954285148, 34.132444021404581 ], [ -118.410927012117241, 34.132420259453475 ], [ -118.410946750859608, 34.132402331054308 ], [ -118.410992887833459, 34.132376756196109 ], [ -118.411032444646807, 34.132357042965218 ], [ -118.41105388623744, 34.132349413350845 ], [ -118.411075348095039, 34.132345905500841 ], [ -118.411115009617149, 34.132347488045333 ], [ -118.411156375729007, 34.132359712858062 ], [ -118.411187823512023, 34.132370940937314 ], [ -118.411267315588518, 34.132408454007702 ], [ -118.411376806221213, 34.132498418360285 ], [ -118.411401702707082, 34.132521347218812 ], [ -118.411429934069915, 34.132550447477115 ], [ -118.411474811047512, 34.132604565576592 ], [ -118.411491473562137, 34.13263301822883 ], [ -118.411526525251958, 34.132705031051458 ], [ -118.411559985666784, 34.132789414794033 ], [ -118.411576854586841, 34.132859772077779 ], [ -118.411598972816634, 34.132989534639343 ], [ -118.411610795486283, 34.133041704320412 ], [ -118.411639683427396, 34.133204075035145 ], [ -118.411684070899781, 34.133494169914648 ], [ -118.411714565695874, 34.133647261007489 ], [ -118.411758226070788, 34.133789659167142 ], [ -118.411773300978737, 34.133831169675609 ], [ -118.411828439251892, 34.133955667415506 ], [ -118.411850113046157, 34.133995094513665 ], [ -118.411900274490492, 34.134115487341234 ], [ -118.411913670197038, 34.134151507771612 ], [ -118.411927153939459, 34.134205389196289 ], [ -118.411942613280999, 34.134324869800182 ], [ -118.411949603178954, 34.134402130432022 ], [ -118.411949985768359, 34.134479757067695 ], [ -118.411940463291955, 34.134559134891418 ], [ -118.411938900756837, 34.134577344998661 ], [ -118.411932699701026, 34.134660146367487 ], [ -118.41194464639392, 34.134737390108391 ], [ -118.411951379009309, 34.134762441675747 ], [ -118.411969795953823, 34.134811497474175 ], [ -118.411979799243909, 34.134829668163938 ], [ -118.412003088349266, 34.134861533029053 ], [ -118.412051254530212, 34.134912204847389 ], [ -118.412067838112748, 34.134924513829233 ], [ -118.412097651655486, 34.134939182111779 ], [ -118.4121423508183, 34.134956891013182 ], [ -118.412188675161545, 34.134969098572981 ], [ -118.412211815316752, 34.134970737097255 ], [ -118.412234938532293, 34.134968940810218 ], [ -118.412414886081919, 34.134938100193331 ], [ -118.412609541079647, 34.134874234405459 ], [ -118.412797676647003, 34.134828595350044 ], [ -118.413068148295537, 34.134726686375338 ], [ -118.413137364883113, 34.13469038374884 ], [ -118.413195024101867, 34.134655838021466 ], [ -118.413279020869993, 34.134601280006969 ], [ -118.413346505171987, 34.134548839318285 ], [ -118.413362946183796, 34.134532295746048 ], [ -118.413399154780393, 34.134503662542464 ], [ -118.413443532872492, 34.134456453116123 ], [ -118.413463251166817, 34.134434402537131 ], [ -118.413519070897038, 34.134362079433473 ], [ -118.413543652433134, 34.134321120447936 ], [ -118.413581297280118, 34.134248859492821 ], [ -118.413632007061565, 34.134145640036785 ], [ -118.413656578279387, 34.134102620144517 ], [ -118.413664739214539, 34.134082326514523 ], [ -118.413692579185877, 34.13403208221257 ], [ -118.413710628069197, 34.134006602441453 ], [ -118.413722141073421, 34.13399591495633 ], [ -118.413751794749885, 34.133978295648518 ], [ -118.413786408544283, 34.133961346327112 ], [ -118.413807858797583, 34.133955433627214 ], [ -118.413826024968785, 34.133953654004358 ], [ -118.413935049196013, 34.133948471900389 ], [ -118.413982988058549, 34.133953116539864 ], [ -118.414029305308659, 34.133963949471372 ], [ -118.41409883225721, 34.133990503254999 ], [ -118.414136934273159, 34.134010638423582 ], [ -118.41419166257981, 34.134051669286755 ], [ -118.414234820112952, 34.134091709317993 ], [ -118.414256421876715, 34.134116366316682 ], [ -118.41427474980334, 34.134147217288508 ], [ -118.414288146538254, 34.134183237455787 ], [ -118.414294915564014, 34.13421550198602 ], [ -118.414288504058831, 34.13425536839317 ], [ -118.414287022057266, 34.134289722121402 ], [ -118.414277260075949, 34.134320325875777 ], [ -118.414262522608666, 34.134347168329541 ], [ -118.414242830080212, 34.134374371248697 ], [ -118.413790889176212, 34.134866417873532 ], [ -118.413679138916478, 34.134988738064415 ], [ -118.412336419020846, 34.136448677903545 ], [ -118.412255885314437, 34.136535854661979 ], [ -118.412192084444726, 34.136665566634086 ], [ -118.412167586247506, 34.136723699382138 ], [ -118.412157858775146, 34.136761516061824 ], [ -118.412153071254707, 34.136795881033095 ], [ -118.412158331339072, 34.136857347178363 ], [ -118.412168448401047, 34.136898531060609 ], [ -118.412213512838292, 34.136990088288158 ], [ -118.412295394029769, 34.137175978716947 ], [ -118.412353838211203, 34.137300121474865 ], [ -118.412398842056035, 34.137379313328715 ], [ -118.412420481414927, 34.137411527232871 ], [ -118.412513500786559, 34.137510477435768 ], [ -118.41260660007336, 34.13762557116042 ], [ -118.412623240234325, 34.137649214930043 ], [ -118.412659794693354, 34.137690308528889 ], [ -118.412693037768705, 34.137730039475834 ], [ -118.412812600115544, 34.137850194994691 ], [ -118.412837527431492, 34.137878962732238 ], [ -118.412932296867794, 34.137997485371073 ], [ -118.41296226100377, 34.138042379743226 ], [ -118.413012231287837, 34.138123271839504 ], [ -118.413137245708484, 34.138343362986966 ], [ -118.413192208995554, 34.138431451162937 ], [ -118.413404017374646, 34.138827453921451 ], [ -118.413439134477187, 34.13891183150492 ], [ -118.413452548607083, 34.138951286575669 ], [ -118.413464329098076, 34.138994525584216 ], [ -118.413476272728275, 34.139070738739143 ], [ -118.413488427092474, 34.139189543500265 ], [ -118.413490237474022, 34.139221481553875 ], [ -118.413498742215154, 34.139270571034999 ], [ -118.413529769277702, 34.139530140708573 ], [ -118.41354898018939, 34.139739258280898 ], [ -118.413567744193358, 34.139858040424954 ], [ -118.413610159762527, 34.140081505035731 ], [ -118.413621950693525, 34.140126804914239 ], [ -118.413647385556871, 34.140257929737622 ], [ -118.413669624563425, 34.140411048630135 ], [ -118.413675047498828, 34.140505145381809 ], [ -118.413675518423361, 34.14060028953881 ], [ -118.413679045886042, 34.140645274203202 ], [ -118.413686881187061, 34.140892901179065 ], [ -118.413686182585494, 34.141085599514298 ], [ -118.4136856424022, 34.141977979383704 ], [ -118.413684823680057, 34.143481766277937 ], [ -118.413687518494598, 34.144026183241202 ], [ -118.413689919204373, 34.144511178042514 ], [ -118.413744226429571, 34.145133389841206 ], [ -118.413760027095776, 34.14532087942802 ], [ -118.413779148608924, 34.145845317969375 ], [ -118.413771665587035, 34.146336529374537 ], [ -118.413769357158685, 34.146537820406039 ], [ -118.413766512940285, 34.146714339302903 ], [ -118.414184925881827, 34.146696462147915 ], [ -118.414356785357029, 34.146695873244781 ], [ -118.414525462506944, 34.146720026042864 ], [ -118.414763708230922, 34.14677691466742 ], [ -118.414935868017224, 34.146836777551265 ], [ -118.415164363169012, 34.146926673566547 ], [ -118.415488717543781, 34.147018987641736 ], [ -118.415693778047043, 34.147048509554246 ], [ -118.415921795945408, 34.147042229534428 ], [ -118.41614638565926, 34.147011229848971 ], [ -118.416440366531631, 34.146977242848784 ], [ -118.416837048846887, 34.146992363148215 ], [ -118.417038749909253, 34.147010902791834 ], [ -118.417346540485937, 34.147095025348314 ], [ -118.417498872731926, 34.147154953035994 ], [ -118.417727591271174, 34.147288809737411 ], [ -118.418122372583653, 34.147584217491854 ], [ -118.418411161650866, 34.147833276654623 ], [ -118.418682972921317, 34.14799171345561 ], [ -118.418878328409676, 34.148062481986884 ], [ -118.419152936424425, 34.148119235996617 ], [ -118.419443849384805, 34.148131966524076 ], [ -118.419727972928442, 34.148108997309677 ], [ -118.420193735576817, 34.148057917326753 ], [ -118.4203953017266, 34.148048972917145 ], [ -118.420606948917921, 34.14807296782093 ], [ -118.420917996684167, 34.148146078406981 ], [ -118.421139850208391, 34.148227742608242 ], [ -118.421554422940545, 34.148512078701017 ], [ -118.421800190179283, 34.148747540353099 ], [ -118.421923060444726, 34.148862523146946 ], [ -118.422144904015312, 34.149054101296137 ], [ -118.422494864469826, 34.149376443321209 ], [ -118.422494862135167, 34.149518990316153 ], [ -118.42249580159492, 34.149704813346617 ], [ -118.422497512710109, 34.150370141141529 ], [ -118.421416718227675, 34.150370821819934 ], [ -118.420330966026157, 34.150371510072866 ], [ -118.419245213806846, 34.150372188575318 ], [ -118.418144588463477, 34.150372908767537 ], [ -118.41706048877613, 34.150373561934806 ], [ -118.41667600283678, 34.15037372837034 ], [ -118.4160259660989, 34.150374034795824 ], [ -118.414963349760143, 34.150374595231973 ], [ -118.413773483990852, 34.150375238406326 ], [ -118.413774014934873, 34.151817536829114 ], [ -118.413774362391209, 34.152221475890109 ], [ -118.413777956594473, 34.15328111978674 ], [ -118.413776947377357, 34.153744830172606 ], [ -118.413776526102708, 34.153993515926061 ], [ -118.413777782325013, 34.154914742746755 ], [ -118.41377725493625, 34.155809527215311 ], [ -118.413776716813317, 34.156368381806026 ], [ -118.413776457103751, 34.156649698247755 ], [ -118.41377690739948, 34.156740634793316 ], [ -118.405225532814654, 34.156700555758228 ], [ -118.405226029605657, 34.156802998946681 ], [ -118.405228339605969, 34.15762014563262 ], [ -118.405508090125309, 34.15776355795937 ], [ -118.405741282672295, 34.157859510063581 ], [ -118.40607744541353, 34.157962586777771 ], [ -118.406413518354313, 34.158047028717363 ], [ -118.406920083661561, 34.158163355550499 ], [ -118.407466098355002, 34.15828791981702 ], [ -118.408137829305772, 34.158434040479911 ], [ -118.408558186367003, 34.15854803234248 ], [ -118.408766752923569, 34.158613276854616 ], [ -118.40900189802197, 34.15870591003312 ], [ -118.409256957207575, 34.158814962710863 ], [ -118.409478948851302, 34.158921378948783 ], [ -118.409734130584212, 34.159055161244211 ], [ -118.410035751727307, 34.159221760244762 ], [ -118.410287737716814, 34.159377535358104 ], [ -118.41051004266096, 34.159547150185638 ], [ -118.410732416042876, 34.159730503839825 ], [ -118.410931611267699, 34.159905692183308 ], [ -118.411084435420577, 34.160061802610628 ], [ -118.411234022237508, 34.160231663322037 ], [ -118.411473467955659, 34.160524873282405 ], [ -118.411586614197063, 34.160678370206135 ], [ -118.411703147638448, 34.160848342851082 ], [ -118.411919715219057, 34.161193839804262 ], [ -118.41202650949424, 34.161399567930893 ], [ -118.412110151683237, 34.1616026269811 ], [ -118.41220058167815, 34.161841385447168 ], [ -118.412291079983333, 34.162093883080985 ], [ -118.412348237970591, 34.162288788592484 ], [ -118.412412956847319, 34.162676020813407 ], [ -118.412494882789261, 34.16320058896703 ], [ -118.412584126654323, 34.163868022552677 ], [ -118.413208589566906, 34.168513951962503 ], [ -118.41362858786475, 34.168512516108514 ], [ -118.413750899321585, 34.168511067226298 ], [ -118.413748537500709, 34.168701710422312 ], [ -118.413743718573414, 34.169063761886534 ], [ -118.413746533267613, 34.169298353670044 ], [ -118.413754055069319, 34.169482093317903 ], [ -118.413783859671426, 34.16982616501172 ], [ -118.413855873246362, 34.170348705343109 ], [ -118.413970782922931, 34.171188137035337 ], [ -118.413975912055918, 34.171222468148152 ], [ -118.414142480781479, 34.172145190116694 ], [ -118.413939160283732, 34.172145542740516 ], [ -118.413697849735769, 34.172151864261735 ], [ -118.413392079002804, 34.1721597796125 ], [ -118.413198673060975, 34.172159410126064 ], [ -118.413264399169194, 34.172747921748183 ], [ -118.413372687790812, 34.172917921055038 ], [ -118.413386015573181, 34.172938828187007 ], [ -118.41338632489304, 34.173001341710354 ], [ -118.41338989095874, 34.173053882986778 ], [ -118.413397082589853, 34.17317098737081 ], [ -118.413475880439094, 34.173728196917459 ], [ -118.413570177330968, 34.174410726069254 ], [ -118.413667890725719, 34.175115226621799 ], [ -118.413731294085395, 34.175567381745118 ], [ -118.4137324269754, 34.175796140026449 ], [ -118.413733194146189, 34.175951049913984 ], [ -118.413739207206078, 34.178500387836557 ], [ -118.413740534261805, 34.178924804091061 ], [ -118.413742131838092, 34.179424700631969 ], [ -118.413743896716539, 34.18044862855718 ], [ -118.413743678650675, 34.183074928936918 ], [ -118.413744546528463, 34.184919106323932 ], [ -118.413743429401649, 34.186696310610188 ], [ -118.415904274408177, 34.186688899800323 ], [ -118.416675997293851, 34.18668624375259 ], [ -118.417253355717094, 34.186684253431402 ], [ -118.417540222051343, 34.186687514144722 ], [ -118.422471144600522, 34.193953730773728 ], [ -118.425103816174158, 34.19783260787095 ], [ -118.426007164408674, 34.199230856801918 ], [ -118.426074034697805, 34.199373511871819 ], [ -118.426140989337981, 34.199532653982438 ], [ -118.42624802192978, 34.199768595927992 ], [ -118.426348398848759, 34.199996317550934 ], [ -118.426435449677626, 34.200204850798286 ], [ -118.426509132158429, 34.200385952160062 ], [ -118.426552854400441, 34.200528688581024 ], [ -118.426736225671959, 34.201201963308158 ], [ -118.426765190549162, 34.201308342092091 ], [ -118.426819214339773, 34.201525235264519 ], [ -118.42685986930033, 34.201714696628528 ], [ -118.426927880819406, 34.202079926769905 ], [ -118.426986083740317, 34.202467174661344 ], [ -118.427122671837196, 34.203307548612905 ], [ -118.42717455718747, 34.203752524537244 ], [ -118.427213059414456, 34.204167320848065 ], [ -118.427220728195564, 34.204373385953247 ], [ -118.427225019450901, 34.204565723506398 ], [ -118.427219346698024, 34.204749852558464 ], [ -118.427191450560585, 34.20511542120834 ], [ -118.427140585683645, 34.205516793592857 ], [ -118.427105315409491, 34.205734001882568 ], [ -118.427066695462742, 34.205942978298367 ], [ -118.427024697728484, 34.206138227144621 ], [ -118.42698588070165, 34.206308733687848 ], [ -118.426881983930087, 34.206688309945584 ], [ -118.426797495135872, 34.206982632877491 ], [ -118.426758494706107, 34.207117417346865 ], [ -118.426690162922114, 34.207337490022141 ], [ -118.426351974378278, 34.208470815320482 ], [ -118.426228451745231, 34.208894426488811 ], [ -118.425984808322227, 34.20976087172653 ], [ -118.425864715537728, 34.210209201495402 ], [ -118.425585255773299, 34.211188435685884 ], [ -118.425439020308019, 34.211700058571139 ], [ -118.425165857969773, 34.212618815910943 ], [ -118.424951178257643, 34.213331275057087 ], [ -118.424674879224384, 34.214285764908198 ], [ -118.424398769395154, 34.215278723978521 ], [ -118.42407427888115, 34.216516414665293 ], [ -118.423833828914667, 34.217369104740541 ], [ -118.423287439740847, 34.219209359385985 ], [ -118.423108816745085, 34.219852862811287 ], [ -118.422725011127824, 34.219846432863505 ], [ -118.420677425486531, 34.219852538371889 ], [ -118.420199434416332, 34.219853855726477 ], [ -118.416787340506602, 34.219863595715864 ], [ -118.416676007766526, 34.219863635658371 ], [ -118.415407931617466, 34.219864217322218 ], [ -118.414382471623753, 34.219864642055484 ], [ -118.412984869325925, 34.219865298342711 ], [ -118.410687508351643, 34.21986624775807 ], [ -118.41023127906017, 34.219867924167204 ], [ -118.409636101943263, 34.219856158111 ], [ -118.409198710794385, 34.218228008241766 ], [ -118.408526687545688, 34.215754469748504 ], [ -118.408525792547238, 34.215751123774886 ], [ -118.407952759329291, 34.213632799619894 ], [ -118.407656283369136, 34.212590415092798 ], [ -118.40612155913665, 34.206931867354513 ], [ -118.40591495054143, 34.20630505350583 ], [ -118.405863675501948, 34.206419907143939 ], [ -118.40569310302817, 34.206710725484918 ], [ -118.405607812175148, 34.206855275862544 ], [ -118.405509271502169, 34.206995748750074 ], [ -118.405476461227366, 34.207050129611837 ], [ -118.405387977315186, 34.207218391113784 ], [ -118.405366714389814, 34.207266893979032 ], [ -118.405345469778794, 34.207319175132476 ], [ -118.405324286823927, 34.207384165082289 ], [ -118.405251035577848, 34.207624507648447 ], [ -118.405238049314079, 34.20767470020003 ], [ -118.405215552480868, 34.207809765811128 ], [ -118.405207645615349, 34.207884328900121 ], [ -118.405203067817311, 34.207963346165549 ], [ -118.405197677931113, 34.208215826917375 ], [ -118.405200369674773, 34.208312595270755 ], [ -118.405201677001699, 34.208358360490685 ], [ -118.405208975189765, 34.208499165581159 ], [ -118.404644985597258, 34.208486283266524 ], [ -118.402334694587651, 34.208484370490922 ], [ -118.400216239970845, 34.208482809625394 ], [ -118.398142951600605, 34.208480848361816 ], [ -118.396501912611512, 34.208479239054952 ], [ -118.39432723017768, 34.208477415847973 ], [ -118.393229139824143, 34.208476524523626 ], [ -118.392136010650844, 34.208475607152977 ], [ -118.391674613403197, 34.208475040820346 ], [ -118.391044536829057, 34.208475018042044 ], [ -118.390014252230429, 34.208474565334924 ], [ -118.387780039367598, 34.208473503308241 ], [ -118.386640607748589, 34.208473028170786 ], [ -118.385549135586999, 34.208472732964708 ], [ -118.384470891606526, 34.208472042389701 ], [ -118.383409186414681, 34.208471633280794 ], [ -118.382321020149888, 34.208470954989707 ], [ -118.3812179704275, 34.208470313809158 ], [ -118.380133113200657, 34.208469948899669 ], [ -118.379049909703028, 34.20846956908143 ], [ -118.3778029848595, 34.208469003955841 ], [ -118.376858689191863, 34.20846714021355 ], [ -118.375008393280694, 34.208463572474884 ], [ -118.374675729702759, 34.208462928646149 ], [ -118.371967082387854, 34.208457633023663 ], [ -118.37031146511012, 34.208454382288338 ], [ -118.369519315044116, 34.208452682456368 ], [ -118.36816325712266, 34.208455099139627 ], [ -118.367035412497103, 34.208456808508025 ], [ -118.365958830140869, 34.208457665342841 ], [ -118.364839255537859, 34.208459672709019 ], [ -118.363747789639334, 34.208460554750118 ], [ -118.363208672310009, 34.208461143960861 ], [ -118.363186786079098, 34.208312608980975 ], [ -118.362972243831948, 34.206857129309206 ], [ -118.362990022291314, 34.206857376519793 ], [ -118.36268523623967, 34.204837561799899 ], [ -118.362380281612204, 34.202775498077585 ], [ -118.362135011551885, 34.20112715574372 ], [ -118.365223942343633, 34.201129891735945 ], [ -118.365946556156331, 34.201128051498436 ], [ -118.365946253645816, 34.20105901169778 ], [ -118.37014288345776, 34.20106140057392 ], [ -118.370143443872436, 34.200394992695287 ], [ -118.370145943639713, 34.197601068311052 ], [ -118.370147004529684, 34.196348027423724 ], [ -118.365948425577201, 34.195516512697957 ], [ -118.365948792781779, 34.195600322205479 ], [ -118.36532819479639, 34.195476825598107 ], [ -118.361147908902836, 34.194648180662355 ], [ -118.359951192146497, 34.186682527554403 ], [ -118.359684008764987, 34.184914369253413 ], [ -118.359681403270343, 34.18489720269951 ], [ -118.359127565824622, 34.181234195965686 ], [ -118.35894211197359, 34.180011249291717 ], [ -118.358852807520222, 34.179438364945433 ], [ -118.358722810326867, 34.178604294260687 ], [ -118.358675074516313, 34.178267132577353 ], [ -118.358656356342976, 34.178142846152916 ], [ -118.358622260307982, 34.177902163569712 ], [ -118.358574634402245, 34.177590419489903 ], [ -118.358314217289106, 34.17584456500748 ], [ -118.357955148807179, 34.173448783097079 ], [ -118.357837741464252, 34.172667356463968 ], [ -118.357767980788779, 34.172203513308375 ], [ -118.357061627573131, 34.170536602614952 ], [ -118.356448822465225, 34.169093365043778 ], [ -118.355866172802436, 34.167739685546181 ], [ -118.355166693683998, 34.166116710068934 ], [ -118.35464913302377, 34.164900915024049 ], [ -118.355421069177908, 34.164910670594644 ], [ -118.35559444101915, 34.164868255608368 ], [ -118.35571504116362, 34.164854161466529 ], [ -118.355822428646874, 34.164842510485421 ], [ -118.356010844158945, 34.164839551514305 ], [ -118.357157937465459, 34.164838573303157 ], [ -118.357148226653081, 34.164113503179443 ], [ -118.357152187545992, 34.163106734222438 ], [ -118.357150966416881, 34.161661005579248 ], [ -118.357151021851479, 34.161287292736304 ], [ -118.355086642415387, 34.161282037568803 ], [ -118.354962683379398, 34.161282401522691 ], [ -118.353099996489945, 34.161288885679561 ], [ -118.3528896258956, 34.160787666964922 ], [ -118.352702670593175, 34.160351298424644 ], [ -118.352405537009801, 34.159654888489229 ], [ -118.352143582052392, 34.159068977840839 ], [ -118.351829655606892, 34.158307353127498 ], [ -118.351247155981511, 34.156953651587202 ], [ -118.349941877696779, 34.153885299380157 ], [ -118.349781753343862, 34.153534376762472 ], [ -118.34964830806878, 34.15323970845678 ], [ -118.349431365093992, 34.152737815945031 ], [ -118.349212754892122, 34.152231806042195 ], [ -118.3489908019762, 34.151716187803707 ], [ -118.348431783767566, 34.150423202313689 ], [ -118.348042984894207, 34.149524046047077 ], [ -118.347657533755708, 34.14863312260016 ], [ -118.347539060858082, 34.148358674639177 ], [ -118.347280419092613, 34.147757974359784 ], [ -118.34713692553909, 34.147426922742703 ], [ -118.3467899116295, 34.146634810131118 ], [ -118.346142558142233, 34.145143533006731 ], [ -118.345071374182638, 34.142652202330602 ], [ -118.344079776851132, 34.143422375624077 ], [ -118.343518071297709, 34.143855734490018 ], [ -118.343079949755392, 34.144204929582862 ], [ -118.342648383682786, 34.144541739016852 ], [ -118.342276094620189, 34.144827543216877 ], [ -118.34088234337257, 34.145463924091615 ], [ -118.340773481345593, 34.145513607055193 ], [ -118.339998806799514, 34.145598568224365 ], [ -118.338807588449114, 34.145248122296223 ], [ -118.336604958727321, 34.146513493252108 ], [ -118.33468220234316, 34.147118557177826 ], [ -118.332549858309264, 34.147802138359467 ], [ -118.331018421339678, 34.148337369751296 ], [ -118.330077096036263, 34.14975166893705 ], [ -118.329029083870097, 34.150218960977668 ], [ -118.328782264370801, 34.149755497622436 ], [ -118.328387420073923, 34.149983657590575 ], [ -118.32812033837159, 34.150145820922852 ], [ -118.328097288720755, 34.150167866549019 ], [ -118.322915128386853, 34.152824595747589 ], [ -118.321744838136738, 34.152766918769998 ], [ -118.319303389763249, 34.152635309971714 ], [ -118.318828959934706, 34.152602900407196 ], [ -118.318566095547681, 34.152577831891058 ], [ -118.318450354764437, 34.152563023435292 ], [ -118.318337900936498, 34.15254339741854 ], [ -118.318241968088572, 34.152522353870964 ], [ -118.318131130366538, 34.152493105816582 ], [ -118.318084802224874, 34.152478801320704 ], [ -118.318008676055499, 34.152451179255195 ], [ -118.317907690165029, 34.152405074298024 ], [ -118.317879546083432, 34.152392095850878 ], [ -118.317667604190163, 34.152285485446285 ], [ -118.317376149748142, 34.152129621520061 ], [ -118.317207249934796, 34.152042132501506 ], [ -118.317064861222107, 34.151972778453661 ], [ -118.316947329544561, 34.151921220320382 ], [ -118.316857957383178, 34.151886762548123 ], [ -118.316763654828947, 34.151859530820985 ], [ -118.316603219612773, 34.151824915536501 ], [ -118.316441155339831, 34.151796487040365 ], [ -118.316246057353098, 34.151772953532827 ], [ -118.31613034928094, 34.151766386424299 ], [ -118.315963433973849, 34.151766135774722 ], [ -118.315781680302635, 34.151775197756521 ], [ -118.31555205302989, 34.151798123836983 ], [ -118.315291052107966, 34.151828001008148 ], [ -118.314473387482749, 34.151929397801908 ], [ -118.314199173965406, 34.151961711376948 ], [ -118.313791175270822, 34.152014637261622 ], [ -118.313464134484391, 34.152062199618733 ], [ -118.313335319997847, 34.152086234012089 ], [ -118.3107514701708, 34.152565710252752 ], [ -118.309688877516137, 34.148593667496215 ], [ -118.309322051391845, 34.13508498801631 ], [ -118.342229128641407, 34.135300330028521 ], [ -118.342253426087026, 34.135257067926048 ], [ -118.342305972478201, 34.135177230485276 ], [ -118.342332241415733, 34.135136281311631 ], [ -118.342511328328229, 34.134889151364426 ], [ -118.342649401946602, 34.134713925899462 ], [ -118.342672398435255, 34.134680886095737 ], [ -118.343063977414872, 34.134275492881649 ], [ -118.343152792994857, 34.134176316938124 ], [ -118.343256377051262, 34.134052368030837 ], [ -118.343356646429712, 34.13392602405073 ], [ -118.343506190634827, 34.133728438456217 ], [ -118.343815084370178, 34.133307477401715 ], [ -118.343948125278928, 34.133115090480473 ], [ -118.343956334135754, 34.133102358156179 ], [ -118.343971108092845, 34.133078959096935 ], [ -118.344061375611716, 34.132931690369908 ], [ -118.344135158752351, 34.132793742617601 ], [ -118.344172844520656, 34.132717038037725 ], [ -118.344275921607391, 34.132470808831194 ], [ -118.344320054666056, 34.132354928486876 ], [ -118.344341311314764, 34.132300940699892 ], [ -118.344400202300207, 34.132157882924027 ], [ -118.344480297180311, 34.131948128492127 ], [ -118.344529399037896, 34.131835325280768 ], [ -118.344552303376062, 34.131780302303461 ], [ -118.344632639681492, 34.131629283114549 ], [ -118.344729526012543, 34.131485086384551 ], [ -118.344800193660276, 34.131393517661365 ], [ -118.344810058665487, 34.131381811011259 ], [ -118.344959662924595, 34.131200710743791 ], [ -118.345166846364137, 34.130959679392085 ], [ -118.345306615448479, 34.130797841969517 ], [ -118.345599261490619, 34.130448024256253 ], [ -118.346718729881673, 34.129079119644381 ], [ -118.346825579552743, 34.128948632067214 ], [ -118.346904462153461, 34.128847077452996 ], [ -118.346954384839847, 34.128783990431344 ], [ -118.346881905859277, 34.128724131417783 ], [ -118.346434786658207, 34.128262609896247 ], [ -118.345909572813042, 34.127755025581941 ], [ -118.345551854557144, 34.12738581430375 ], [ -118.345283580890424, 34.127108915849533 ], [ -118.345071231617609, 34.126896604182264 ], [ -118.344903362418222, 34.126665702880643 ], [ -118.344410680509014, 34.125954375314976 ], [ -118.344309798235273, 34.125778798152943 ], [ -118.34416410866487, 34.125529327376832 ], [ -118.34396256156495, 34.125242961903567 ], [ -118.343727664691372, 34.124956690947869 ], [ -118.343169047579977, 34.124439958692662 ], [ -118.342688759138497, 34.124024802329487 ], [ -118.341841588458365, 34.12331292333262 ], [ -118.341944829846653, 34.123234230729388 ], [ -118.3421177608205, 34.123103560358288 ], [ -118.342225993767173, 34.123021032108667 ], [ -118.342297274059405, 34.122966688358673 ], [ -118.342272396566443, 34.122943058314974 ], [ -118.342192739191546, 34.122855351592577 ], [ -118.342101409564506, 34.122741229476674 ], [ -118.342043308983207, 34.122673040309969 ], [ -118.342008425352674, 34.122626425003986 ], [ -118.341981790633341, 34.122577038464186 ], [ -118.341956740525049, 34.122511160133293 ], [ -118.341950022848408, 34.122484387273779 ], [ -118.341941539352419, 34.122429797087655 ], [ -118.34193317107291, 34.122403372382635 ], [ -118.341909829266825, 34.122351228627828 ], [ -118.341883189074466, 34.122300468140757 ], [ -118.341844946877515, 34.122240466356352 ], [ -118.341811780157528, 34.122209646469727 ], [ -118.341762066633578, 34.122172347141316 ], [ -118.341730549177001, 34.122140835598024 ], [ -118.341684059733595, 34.122083948451071 ], [ -118.341667439931214, 34.122059607968332 ], [ -118.341654122758641, 34.122034914661967 ], [ -118.341580743715184, 34.121866127228721 ], [ -118.341553929858549, 34.121772774966054 ], [ -118.341538783941402, 34.121704807649152 ], [ -118.341528481799614, 34.121609347807407 ], [ -118.341533269415649, 34.121568116025003 ], [ -118.341539766564736, 34.121540962314725 ], [ -118.341549570519618, 34.121514486230048 ], [ -118.341575793430565, 34.121463232790418 ], [ -118.341602083680641, 34.121428466456059 ], [ -118.341623476864498, 34.121408140346787 ], [ -118.341674548464439, 34.121373647432577 ], [ -118.34171906397917, 34.12135188199499 ], [ -118.341778440431412, 34.121328357089652 ], [ -118.341855990227486, 34.121305124238113 ], [ -118.341922025171854, 34.121293945904235 ], [ -118.342034262613453, 34.121269584342912 ], [ -118.342078804684093, 34.121254344920828 ], [ -118.342093645946477, 34.121247776690126 ], [ -118.342134833395377, 34.121220181266366 ], [ -118.34215946993551, 34.121185076006057 ], [ -118.342164264245397, 34.12114556160644 ], [ -118.342160617227279, 34.121061761482053 ], [ -118.342142103702912, 34.120978346929753 ], [ -118.342123720945835, 34.120926876151223 ], [ -118.342088843621326, 34.120881634796469 ], [ -118.341843410987366, 34.120652880961266 ], [ -118.341770465282039, 34.1205898859412 ], [ -118.341747198503683, 34.120555946675339 ], [ -118.341742137245859, 34.120530199578859 ], [ -118.341736942601003, 34.120471821742775 ], [ -118.341740124404723, 34.120441929512921 ], [ -118.341749864980159, 34.120399996746798 ], [ -118.341762981118208, 34.120375572191854 ], [ -118.341777767482782, 34.120355608222937 ], [ -118.341800827775771, 34.120339055707319 ], [ -118.341815664684248, 34.120331457066506 ], [ -118.341880000532043, 34.12030894853973 ], [ -118.341932821675314, 34.120298494546816 ], [ -118.341965844367166, 34.120294279289411 ], [ -118.341997231940326, 34.120294190475185 ], [ -118.342046817968381, 34.120300576373374 ], [ -118.342160915487995, 34.120327388757595 ], [ -118.342284972769136, 34.120365851332672 ], [ -118.342404099548574, 34.120410510487446 ], [ -118.342478568097803, 34.120441900149352 ], [ -118.342519954862368, 34.120463078962004 ], [ -118.342599456867049, 34.120513345984193 ], [ -118.34264084932893, 34.120535898681318 ], [ -118.342670634287828, 34.120547836226663 ], [ -118.342764914181956, 34.120576078171283 ], [ -118.342862467114841, 34.120596754077447 ], [ -118.342912051979525, 34.120602796139273 ], [ -118.342959967958066, 34.120604721091091 ], [ -118.34299464833974, 34.120601874790545 ], [ -118.343029308987184, 34.120594219739687 ], [ -118.343075485584379, 34.120574853484385 ], [ -118.343098540042106, 34.12055692679526 ], [ -118.34312648981475, 34.120524216329173 ], [ -118.343159293993168, 34.120466761120703 ], [ -118.343167465068589, 34.120445098336418 ], [ -118.34317885690804, 34.120403160764454 ], [ -118.343178581952515, 34.120336181881846 ], [ -118.343165148990423, 34.120283323264331 ], [ -118.343148467079104, 34.1202438698027 ], [ -118.343101836754812, 34.120152635059227 ], [ -118.343073550204011, 34.120103253453088 ], [ -118.343046976267033, 34.120068636853667 ], [ -118.342977272103582, 34.119990520001309 ], [ -118.342922472432974, 34.119921291441855 ], [ -118.342865960308785, 34.119837297841919 ], [ -118.34283430668188, 34.119772468888073 ], [ -118.342817568687281, 34.119719276123433 ], [ -118.34281415489049, 34.11969249394221 ], [ -118.342813983051258, 34.119650589205676 ], [ -118.342822068214815, 34.119607974076956 ], [ -118.342841736832497, 34.119570134885223 ], [ -118.34285982249645, 34.119549130967584 ], [ -118.342894392553632, 34.119519493143173 ], [ -118.342963603050904, 34.119477391536897 ], [ -118.343008128494787, 34.119458373477201 ], [ -118.343037827146745, 34.119449358563685 ], [ -118.343070840990052, 34.119443082115801 ], [ -118.343105519476339, 34.119439892302069 ], [ -118.343155081113792, 34.119440438560922 ], [ -118.343221196202393, 34.119449181441361 ], [ -118.343300562255138, 34.119466473782666 ], [ -118.34345931421548, 34.119505867049043 ], [ -118.343556850544047, 34.119522764098306 ], [ -118.343608086784187, 34.119528801178404 ], [ -118.343641128854358, 34.11952939420344 ], [ -118.343689007519572, 34.119522388348848 ], [ -118.343784701263246, 34.119492919918237 ], [ -118.343850683658403, 34.119469375199536 ], [ -118.343911697417184, 34.119442753214464 ], [ -118.343954555121499, 34.119419961211186 ], [ -118.343990793656886, 34.11939444014903 ], [ -118.344010539433953, 34.119375492245972 ], [ -118.344026977043782, 34.11935552330025 ], [ -118.344033519857192, 34.119339704344718 ], [ -118.344048254607344, 34.119307374767125 ], [ -118.344053098806469, 34.119280225626099 ], [ -118.344054451078932, 34.119207402860489 ], [ -118.34404241243206, 34.119092026019587 ], [ -118.344033987281819, 34.119051862205325 ], [ -118.344020607696891, 34.119012055978992 ], [ -118.344008936612653, 34.118985984306129 ], [ -118.343917347321465, 34.118808319510855 ], [ -118.343865782312335, 34.118722251389691 ], [ -118.343732779236291, 34.118516538476676 ], [ -118.343623118546844, 34.118362968841133 ], [ -118.343493611033423, 34.118203616265319 ], [ -118.343224705650954, 34.117889747588428 ], [ -118.343106871663721, 34.117756809829416 ], [ -118.343025576294821, 34.117671512728187 ], [ -118.342944350133763, 34.117603046162316 ], [ -118.342692439599119, 34.117404195706108 ], [ -118.342604628816332, 34.117341243351667 ], [ -118.342511879298897, 34.117282426755807 ], [ -118.342475421721943, 34.117254364270273 ], [ -118.342453865189341, 34.117234503200926 ], [ -118.342414041919127, 34.117191336875784 ], [ -118.342327724552547, 34.117089566238931 ], [ -118.342292640581391, 34.116993489696625 ], [ -118.342275903487831, 34.116940296861117 ], [ -118.342267423154041, 34.116886393669098 ], [ -118.342265602497704, 34.116845180576256 ], [ -118.342267141909176, 34.116817697383837 ], [ -118.342273523138317, 34.116762378160793 ], [ -118.342297854535417, 34.116653080888938 ], [ -118.342307659083431, 34.116626948227783 ], [ -118.342327330045563, 34.116589796085755 ], [ -118.342363483454008, 34.116543666628225 ], [ -118.342384869575966, 34.116521966461235 ], [ -118.342421091858995, 34.116492667576189 ], [ -118.342447457577137, 34.116476792540929 ], [ -118.342491987168927, 34.116459148598651 ], [ -118.342541500592915, 34.116448360222194 ], [ -118.342624064699081, 34.116440569498486 ] ], [ [ -118.348770480640113, 34.131396209953756 ], [ -118.348599812514067, 34.131674925625752 ], [ -118.348457020287739, 34.13190306831288 ], [ -118.348406209918664, 34.132001108177974 ], [ -118.348534456886782, 34.132247017645966 ], [ -118.348651028762291, 34.132466512264251 ], [ -118.348556028020184, 34.132665320933953 ], [ -118.348447920708907, 34.13289095919 ], [ -118.348025402742991, 34.133000717886922 ], [ -118.347729962522067, 34.133075761041745 ], [ -118.34746258685756, 34.133145227034724 ], [ -118.347610285381535, 34.133301088339813 ], [ -118.34776627851241, 34.133464825772528 ], [ -118.347667705738928, 34.133600099176114 ], [ -118.347382232201994, 34.133688508747767 ], [ -118.347108300944697, 34.133771388730047 ], [ -118.34671721360813, 34.13389170063396 ], [ -118.346714480455375, 34.134029446204259 ], [ -118.346715172904013, 34.134196378226598 ], [ -118.346606420533732, 34.134268135118589 ], [ -118.34648943945129, 34.134347815668633 ], [ -118.346533110106577, 34.134519433289753 ], [ -118.346556777204526, 34.1346485160309 ], [ -118.34614054825353, 34.134683713702977 ], [ -118.345995133583074, 34.134680351671456 ], [ -118.345857980232239, 34.13467696582817 ], [ -118.345718433042265, 34.134893760950348 ], [ -118.345577215816618, 34.135106438857513 ], [ -118.345440453585212, 34.135197853447998 ], [ -118.34522299635438, 34.135354073661446 ], [ -118.344990667807735, 34.135510335925233 ], [ -118.344822635655078, 34.135632065786517 ], [ -118.344657877835161, 34.135746572879704 ], [ -118.344484887867267, 34.135868316405094 ], [ -118.344358036916717, 34.135959701520228 ], [ -118.344208115884086, 34.136066265561965 ], [ -118.344258420217827, 34.136244734823379 ], [ -118.344310360083171, 34.136419077579433 ], [ -118.344392416608827, 34.13668435820189 ], [ -118.34442100537099, 34.136805527169017 ], [ -118.344352358631994, 34.136987770111624 ], [ -118.344239522184495, 34.137272841059797 ], [ -118.344143138853795, 34.137541034268096 ], [ -118.344085854949142, 34.137674126267243 ], [ -118.34402376658123, 34.137844328358227 ], [ -118.343972741016387, 34.137892218061062 ], [ -118.34390197651642, 34.137961803492423 ], [ -118.343799925045246, 34.138057582774032 ], [ -118.343539140909144, 34.138127364780601 ], [ -118.343220615013507, 34.138219293258913 ], [ -118.344024609827855, 34.140056373350845 ], [ -118.345063920704945, 34.14244784963887 ], [ -118.346652713503786, 34.14224305208289 ], [ -118.34694338956642, 34.142206495710205 ], [ -118.347493353728495, 34.142135532007366 ], [ -118.348369592888574, 34.1422439560016 ], [ -118.349713724498471, 34.142412504973613 ], [ -118.35159653374393, 34.142575695194601 ], [ -118.35266110068784, 34.142669800808122 ], [ -118.353835643055177, 34.142979284277999 ], [ -118.354219107614782, 34.14300220531571 ], [ -118.357253747841597, 34.143177383942515 ], [ -118.358402007702978, 34.143132423417661 ], [ -118.35911738208857, 34.143100760680674 ], [ -118.360254989481916, 34.142885101729078 ], [ -118.361143256856465, 34.142712082452398 ], [ -118.36078356147236, 34.142070837920244 ], [ -118.360787765449032, 34.141896334565587 ], [ -118.360799103550335, 34.141077773971567 ], [ -118.361063220725455, 34.140633201707068 ], [ -118.361907972563287, 34.13919353092416 ], [ -118.362232732187366, 34.138637485108553 ], [ -118.361817831547654, 34.138600944206686 ], [ -118.359528758366125, 34.139240131264749 ], [ -118.358597946498989, 34.139502571284893 ], [ -118.356841931553618, 34.13806272294228 ], [ -118.35583709948952, 34.137238571272 ], [ -118.354860476886586, 34.136438029029655 ], [ -118.354237035830508, 34.135926002955316 ], [ -118.353704807529581, 34.135491678089103 ], [ -118.353170917977835, 34.135053920896681 ], [ -118.352509365274528, 34.134511083621021 ], [ -118.35209320886446, 34.134170528253733 ], [ -118.352004076983349, 34.134192083954566 ], [ -118.351795753044328, 34.134159372312965 ], [ -118.351620497395075, 34.134132059896686 ], [ -118.351588989050185, 34.134104672692551 ], [ -118.351605426301148, 34.134084359227188 ], [ -118.351600304837646, 34.134045216757535 ], [ -118.351596796615965, 34.133996795482219 ], [ -118.351543762887076, 34.133958479333707 ], [ -118.351469228340008, 34.133915073395357 ], [ -118.351344998010362, 34.13384124164304 ], [ -118.351252205269162, 34.133777966470973 ], [ -118.351132898873544, 34.133696220023531 ], [ -118.351056584138988, 34.133622248779567 ], [ -118.350973638949355, 34.133543144455039 ], [ -118.350903855577457, 34.133450605925901 ], [ -118.350790925403871, 34.133313195957435 ], [ -118.350694607267954, 34.133197033801082 ], [ -118.350573537647193, 34.133088500041367 ], [ -118.350253803755663, 34.132885739937095 ], [ -118.350066591542031, 34.132764344856447 ], [ -118.349905772274099, 34.132632568520833 ], [ -118.349781423055461, 34.132529539238256 ], [ -118.34966701043497, 34.132431976855209 ], [ -118.349457623388673, 34.13214371096602 ], [ -118.349291516648989, 34.131932260442049 ], [ -118.349142054730891, 34.131749957894691 ], [ -118.348969352246627, 34.131541273870837 ], [ -118.348928179597479, 34.131511251867366 ], [ -118.348770480640113, 34.131396209953756 ] ] ] } },
{ "type": "Feature", "properties": { "OBJECTID": 7, "APREC": "VAN NUYS", "PREC": 9, "AREA": 489694990.17299998, "PERIMETER": 116288.30846099999 }, "geometry": { "type": "Polygon", "coordinates": [ [ [ -118.473234409973287, 34.216505758195147 ], [ -118.473122367995842, 34.216483985996327 ], [ -118.472696844382668, 34.216401151327013 ], [ -118.470739715316526, 34.216008961649401 ], [ -118.46919494744175, 34.215709944440377 ], [ -118.468241302070226, 34.215530903655967 ], [ -118.467706514880305, 34.215427177173751 ], [ -118.466386894517711, 34.215163664194286 ], [ -118.466093824985251, 34.215103996321972 ], [ -118.465779228031806, 34.215039600896752 ], [ -118.465236114708233, 34.214924561406271 ], [ -118.464454590678912, 34.21476372067626 ], [ -118.463947954990417, 34.214664679269426 ], [ -118.462346998572144, 34.214364416313785 ], [ -118.461669843385266, 34.214233385614428 ], [ -118.460337020911027, 34.213968138836385 ], [ -118.460034023741301, 34.213906089681991 ], [ -118.458424885333827, 34.213616454137778 ], [ -118.458343601228421, 34.213599982620067 ], [ -118.458311021980151, 34.213593381444383 ], [ -118.458092091019083, 34.213549017235657 ], [ -118.453949677990977, 34.212724459659256 ], [ -118.452540761990704, 34.212446704550707 ], [ -118.450496111963275, 34.21204780980915 ], [ -118.449800799347344, 34.211912150121755 ], [ -118.449128690167896, 34.211789617789066 ], [ -118.448771055248486, 34.211712973374198 ], [ -118.448406797425605, 34.211634978503803 ], [ -118.446658510555011, 34.2112866227206 ], [ -118.443551037840336, 34.210668442955317 ], [ -118.441307747721581, 34.210213625454436 ], [ -118.440978288281286, 34.210146128515937 ], [ -118.440794532176639, 34.210110732049351 ], [ -118.4403525356975, 34.210027843885563 ], [ -118.439987718499495, 34.209963725693292 ], [ -118.439839389413279, 34.20993765608646 ], [ -118.439574515982798, 34.209886408772775 ], [ -118.438806324581407, 34.20972672733685 ], [ -118.438577872532591, 34.209682558960509 ], [ -118.437879324702777, 34.209557312208126 ], [ -118.437581347341265, 34.209500341075767 ], [ -118.43691581963121, 34.209363977775183 ], [ -118.436147601532696, 34.209197066375566 ], [ -118.435579743264299, 34.20907854839259 ], [ -118.435265197929851, 34.209015104973304 ], [ -118.434076602902024, 34.208784773152303 ], [ -118.432596715848604, 34.208508414839343 ], [ -118.432398047915896, 34.208466189236454 ], [ -118.432078487519988, 34.208391419521227 ], [ -118.431792068692729, 34.208329240584654 ], [ -118.431705262178355, 34.20831259421643 ], [ -118.43136829024337, 34.208247972076641 ], [ -118.43112665443995, 34.208211393364373 ], [ -118.430951219617199, 34.20818453948398 ], [ -118.429928177730545, 34.207984490946352 ], [ -118.429810644581892, 34.207961551480075 ], [ -118.427016227188517, 34.207392327843714 ], [ -118.426690162752422, 34.20733748999001 ], [ -118.426758494399792, 34.207117417754873 ], [ -118.426797494746879, 34.206982632653514 ], [ -118.426881984457268, 34.206688310306475 ], [ -118.426985881016392, 34.206308733906326 ], [ -118.427024697961002, 34.206138226802629 ], [ -118.427066695611245, 34.205942978346862 ], [ -118.427105315476155, 34.205734001447475 ], [ -118.427140585679751, 34.205516793592224 ], [ -118.427191450450351, 34.205115421108879 ], [ -118.427219346527394, 34.204749852288643 ], [ -118.427225019268931, 34.204565723604802 ], [ -118.427220728017573, 34.204373385534808 ], [ -118.427213059251812, 34.204167320841783 ], [ -118.427174557097189, 34.20375252445902 ], [ -118.427122671846107, 34.203307548523121 ], [ -118.426986084013137, 34.202467174449254 ], [ -118.426927881204065, 34.202079926430841 ], [ -118.426859869820973, 34.201714697019916 ], [ -118.426819213852127, 34.201525235137083 ], [ -118.426765190169561, 34.201308342398463 ], [ -118.426736218564344, 34.201201962949668 ], [ -118.426552854436281, 34.200528688643665 ], [ -118.426509132281765, 34.200385952508192 ], [ -118.426435449943696, 34.200204850607058 ], [ -118.426348399288898, 34.199996317776787 ], [ -118.426248021481044, 34.199768595711582 ], [ -118.426140989103345, 34.199532654237913 ], [ -118.426074034592489, 34.199373511544046 ], [ -118.426007164437124, 34.199230856759463 ], [ -118.425103815825551, 34.197832607928063 ], [ -118.422471151209379, 34.193953724608875 ], [ -118.417540209581531, 34.186687511456171 ], [ -118.417253355767116, 34.186684253300037 ], [ -118.416675997811581, 34.18668624181651 ], [ -118.415904273901859, 34.186688899670905 ], [ -118.413743428877723, 34.186696310480812 ], [ -118.413744547069228, 34.184919106139127 ], [ -118.413743679175326, 34.183074928834387 ], [ -118.413743897213948, 34.180448628298137 ], [ -118.413742132330114, 34.179424700617723 ], [ -118.413740550345011, 34.178924804009036 ], [ -118.413739207694974, 34.178500387867885 ], [ -118.413733194620349, 34.175951049634818 ], [ -118.413732427451095, 34.175796140057152 ], [ -118.413731294558886, 34.175567381331788 ], [ -118.41366789023688, 34.175115226214999 ], [ -118.413570177033066, 34.174410726169882 ], [ -118.413475880320831, 34.173728196580157 ], [ -118.413397082624741, 34.17317098724638 ], [ -118.413389891007995, 34.17305388309655 ], [ -118.413386324949485, 34.173001341925207 ], [ -118.413386015630238, 34.172938828526881 ], [ -118.413372687874499, 34.172917921436721 ], [ -118.413264399465021, 34.17274792156838 ], [ -118.413198673483819, 34.172159410221738 ], [ -118.413392079038786, 34.172159779707414 ], [ -118.41369785024483, 34.172151864368786 ], [ -118.413939160310207, 34.172145542860221 ], [ -118.41414248040131, 34.172145190237046 ], [ -118.413975911999941, 34.171222468310916 ], [ -118.413970782877243, 34.17118813726681 ], [ -118.413855873421497, 34.170348705450358 ], [ -118.413783859986168, 34.169826165262563 ], [ -118.413754055439199, 34.169482093355327 ], [ -118.413746533652542, 34.16929835407494 ], [ -118.413743718959509, 34.169063761859135 ], [ -118.413748537872706, 34.168701710217526 ], [ -118.413750899688822, 34.168511067402747 ], [ -118.413628587392026, 34.168512516285809 ], [ -118.413208567022139, 34.168513952215207 ], [ -118.412584127136924, 34.163868022105902 ], [ -118.412494882361386, 34.163200588957302 ], [ -118.412412956578848, 34.162676020951288 ], [ -118.412348237827104, 34.162288788603284 ], [ -118.412291079954173, 34.162093883481589 ], [ -118.412200581825516, 34.161841385451233 ], [ -118.412110152007017, 34.161602626561191 ], [ -118.41202650998531, 34.161399567917108 ], [ -118.4119197148392, 34.161193840205605 ], [ -118.411703147687334, 34.160848343041899 ], [ -118.411586614474515, 34.160678369835381 ], [ -118.411473468459434, 34.16052487321862 ], [ -118.411234022131225, 34.160231662946863 ], [ -118.411084435613503, 34.160061802575157 ], [ -118.410931611766259, 34.159905692460086 ], [ -118.410732415850916, 34.159730503569108 ], [ -118.410510042913714, 34.159547150281647 ], [ -118.410287737329696, 34.159377535797013 ], [ -118.410035751839743, 34.159221760093764 ], [ -118.409734130215455, 34.15905516143004 ], [ -118.40947894898845, 34.158921378500672 ], [ -118.409256956704283, 34.158814962479227 ], [ -118.409001898028734, 34.158705910019606 ], [ -118.408766753400684, 34.158613277026369 ], [ -118.408558186176762, 34.158548032648405 ], [ -118.408137828867382, 34.158434040115957 ], [ -118.407466098175604, 34.158287919748958 ], [ -118.406920083489709, 34.158163355735226 ], [ -118.406413510581515, 34.158047013950267 ], [ -118.406077441429105, 34.157962571830986 ], [ -118.405741281541907, 34.157859525855201 ], [ -118.405508092995049, 34.157763575846758 ], [ -118.405228339559855, 34.157620146013137 ], [ -118.405226029555436, 34.156802999158465 ], [ -118.405225532818974, 34.156700567218529 ], [ -118.413776907541717, 34.156740623576646 ], [ -118.413776457299321, 34.156649697805861 ], [ -118.413776717008375, 34.156368381926711 ], [ -118.413777255125765, 34.155809527552258 ], [ -118.413777782504525, 34.154914743070229 ], [ -118.413776526275825, 34.153993516288892 ], [ -118.413776947545159, 34.153744830131266 ], [ -118.413777956755794, 34.153281119771307 ], [ -118.413774362550797, 34.152221476190924 ], [ -118.413774015090667, 34.151817537036287 ], [ -118.413773484134339, 34.150375238793501 ], [ -118.414963349692599, 34.150374595613087 ], [ -118.416025966074855, 34.150374035170586 ], [ -118.41667599410205, 34.150373737673931 ], [ -118.417060488851732, 34.150373562303038 ], [ -118.418144588539633, 34.150372909129565 ], [ -118.419245213850502, 34.1503721889313 ], [ -118.420330966066985, 34.150371510422666 ], [ -118.421416718265775, 34.150370822163573 ], [ -118.422497512755299, 34.150370141478959 ], [ -118.42249580163444, 34.149704813211621 ], [ -118.422494862176578, 34.149518990552799 ], [ -118.422494874646247, 34.149376464542897 ], [ -118.42214491555103, 34.149054119554059 ], [ -118.421923060536244, 34.148862522897261 ], [ -118.421800190516535, 34.14874754033336 ], [ -118.421554422680472, 34.14851207825452 ], [ -118.421139849693105, 34.14822774273415 ], [ -118.420917996612644, 34.148146078696229 ], [ -118.420606948384147, 34.148072968260138 ], [ -118.420395301611592, 34.148048972502885 ], [ -118.420193735864956, 34.148057916894572 ], [ -118.419727973068262, 34.148108997680616 ], [ -118.419443849008559, 34.148131966852851 ], [ -118.419152936629985, 34.148119236350873 ], [ -118.418878328075621, 34.148062481556877 ], [ -118.418682972977976, 34.14799171316718 ], [ -118.418411161166816, 34.147833276686796 ], [ -118.418122372672627, 34.147584217120617 ], [ -118.417727591065457, 34.147288809960706 ], [ -118.417498872979095, 34.147154952625499 ], [ -118.417346539953428, 34.147095025061425 ], [ -118.417038749992386, 34.147010902673173 ], [ -118.416837049333409, 34.146992363066637 ], [ -118.41644036672723, 34.146977242801185 ], [ -118.416146385358488, 34.147011229737117 ], [ -118.415921796093826, 34.147042229360601 ], [ -118.415693777567128, 34.14704850937153 ], [ -118.415488717474005, 34.147018987518095 ], [ -118.415164362663631, 34.14692667363127 ], [ -118.414935867968822, 34.146836777795798 ], [ -118.414763708526834, 34.14677691503163 ], [ -118.41452546219061, 34.146720025623111 ], [ -118.414356785378018, 34.146695872873288 ], [ -118.41418492624652, 34.146696461775242 ], [ -118.41376649460021, 34.146714334115622 ], [ -118.413769357270269, 34.146537820354396 ], [ -118.413771665693957, 34.146336529725446 ], [ -118.413779148696392, 34.145845318401165 ], [ -118.413760027212561, 34.145320879105661 ], [ -118.413744226577961, 34.145133389893836 ], [ -118.413689919456928, 34.144511178438052 ], [ -118.413687518743032, 34.144026182803685 ], [ -118.41368482392943, 34.143481766027712 ], [ -118.413685642636551, 34.141977979436518 ], [ -118.41368618280984, 34.141085599548823 ], [ -118.413686881410001, 34.140892901598988 ], [ -118.41367904612018, 34.140645274216858 ], [ -118.413675518664519, 34.140600289642421 ], [ -118.413675047740924, 34.140505145675704 ], [ -118.413669624811945, 34.140411048210701 ], [ -118.413647385849885, 34.14025792962444 ], [ -118.413621951037399, 34.140126805063296 ], [ -118.413610160129949, 34.140081505275411 ], [ -118.413567744641156, 34.139858040210029 ], [ -118.41354898067469, 34.139739258303536 ], [ -118.413529769797023, 34.139530140247892 ], [ -118.413498741712274, 34.139270571097185 ], [ -118.413490236988196, 34.139221481714259 ], [ -118.413488426610286, 34.139189543724505 ], [ -118.413476272265925, 34.139070738299495 ], [ -118.413464328659558, 34.138994525296965 ], [ -118.41345254819214, 34.138951286374898 ], [ -118.413439134089074, 34.138911831383062 ], [ -118.413404017056763, 34.138827453968354 ], [ -118.413192209096835, 34.138431451100352 ], [ -118.4131372459197, 34.138343363100532 ], [ -118.413012231744617, 34.13812327149175 ], [ -118.412962260476306, 34.138042379560936 ], [ -118.412932296400243, 34.137997485278596 ], [ -118.412837527153513, 34.13787896287679 ], [ -118.412812599887403, 34.137850195196755 ], [ -118.412693037775213, 34.137730039016738 ], [ -118.412659794766356, 34.137690308149239 ], [ -118.412623240380455, 34.137649214632582 ], [ -118.412606600252744, 34.137625570910217 ], [ -118.412513501152134, 34.137510477415788 ], [ -118.412420480882375, 34.137411527414443 ], [ -118.412398841566727, 34.137379313574712 ], [ -118.412353837811892, 34.137300121879271 ], [ -118.412295393742909, 34.137175978468107 ], [ -118.41221351271524, 34.136990088411068 ], [ -118.412168448368092, 34.136898531366683 ], [ -118.412158331326339, 34.136857347566789 ], [ -118.412153071248042, 34.13679588064295 ], [ -118.412157858758917, 34.136761515740424 ], [ -118.412167586211837, 34.136723699136326 ], [ -118.4121920843601, 34.136665566504533 ], [ -118.412255885102212, 34.136535854791845 ], [ -118.412336418647499, 34.136448678207763 ], [ -118.413679139092409, 34.134988737671335 ], [ -118.413790889128649, 34.134866417725071 ], [ -118.414242830208451, 34.134374371179113 ], [ -118.414262522697513, 34.134347168314363 ], [ -118.414277260135307, 34.13432032591426 ], [ -118.414287022097113, 34.134289722221119 ], [ -118.414288504095722, 34.134255368561568 ], [ -118.414294915588073, 34.134215502234213 ], [ -118.414288146575828, 34.134183237768475 ], [ -118.414274749867744, 34.134147217673224 ], [ -118.414256421973292, 34.134116365861615 ], [ -118.414234820252801, 34.13409170891223 ], [ -118.414191662805891, 34.13405166896105 ], [ -118.41413693460872, 34.134010638179966 ], [ -118.414098832668998, 34.133990503051649 ], [ -118.41402930477534, 34.133963949324794 ], [ -118.413982987617857, 34.133953116414958 ], [ -118.413935048851187, 34.133948471784784 ], [ -118.413826024841995, 34.133953653878379 ], [ -118.413807858707116, 34.13395543349769 ], [ -118.413786408496748, 34.133961346185757 ], [ -118.413751794771571, 34.133978295473256 ], [ -118.413722141154409, 34.133995914745853 ], [ -118.413710628173234, 34.134006602209581 ], [ -118.41369257932601, 34.134032081929782 ], [ -118.413664739410365, 34.134082326131221 ], [ -118.413656578491484, 34.134102619720657 ], [ -118.413632007327308, 34.1341456404284 ], [ -118.413581297647255, 34.134248859677996 ], [ -118.413543652875589, 34.134321120488543 ], [ -118.413519071388649, 34.134362079392204 ], [ -118.413463250685894, 34.134434402354891 ], [ -118.413443532431003, 34.134456452889808 ], [ -118.41339915442768, 34.134503662221682 ], [ -118.413362945903501, 34.134532295368061 ], [ -118.41334650492459, 34.134548838907186 ], [ -118.413279020761976, 34.134601280392559 ], [ -118.41319502416188, 34.134655838297896 ], [ -118.413137365058446, 34.134690383956197 ], [ -118.413068148609284, 34.134726686510085 ], [ -118.412797676417526, 34.134828595284652 ], [ -118.412609541226445, 34.134874234248791 ], [ -118.412414886618024, 34.134938099908908 ], [ -118.412234938344127, 34.13496894046785 ], [ -118.412211815174871, 34.134970736751306 ], [ -118.41218867506592, 34.1349690982303 ], [ -118.412142350815344, 34.134956890694902 ], [ -118.412097651741902, 34.134939181828919 ], [ -118.412067838258764, 34.134924513575726 ], [ -118.412051254709439, 34.134912204618509 ], [ -118.412003088624829, 34.134861532901503 ], [ -118.411979799566026, 34.134829668100117 ], [ -118.411969796295978, 34.134811497446684 ], [ -118.411951379388285, 34.134762441746361 ], [ -118.411944646786338, 34.134737390229127 ], [ -118.411932700117347, 34.134660146642716 ], [ -118.411938901156347, 34.134577344537952 ], [ -118.411940463688339, 34.134559134467132 ], [ -118.4119499861457, 34.134479756802172 ], [ -118.411949603557034, 34.134402130321746 ], [ -118.411942613673077, 34.13432486984442 ], [ -118.411927154362417, 34.134205389479504 ], [ -118.411913670646953, 34.134151508162603 ], [ -118.411900274962761, 34.134115486902694 ], [ -118.411850112534609, 34.133995094319637 ], [ -118.411828438783743, 34.133955667300313 ], [ -118.411773300620837, 34.133831169809426 ], [ -118.411758225743014, 34.133789659383979 ], [ -118.411714565450993, 34.133647260607617 ], [ -118.411684070715879, 34.133494169820928 ], [ -118.411639683327849, 34.133204074620096 ], [ -118.411610795444531, 34.133041704230102 ], [ -118.411598972798501, 34.132989534653404 ], [ -118.411576854612974, 34.132859772351324 ], [ -118.41155998572664, 34.132789415208329 ], [ -118.411526525374271, 34.132705030733 ], [ -118.411491473754538, 34.132633018054406 ], [ -118.41147481127328, 34.132604565459033 ], [ -118.411429934385424, 34.132550447467814 ], [ -118.411401703079051, 34.132521347267698 ], [ -118.411376806642949, 34.132498418455015 ], [ -118.411267315145125, 34.1324084542861 ], [ -118.411187823227621, 34.132370941290716 ], [ -118.411156375507517, 34.132359713233939 ], [ -118.411115009478408, 34.132347488445653 ], [ -118.411075348035538, 34.132345905904309 ], [ -118.411053886220927, 34.132349413747285 ], [ -118.411032444673168, 34.132357043346431 ], [ -118.410992887938932, 34.132376756537866 ], [ -118.410946751057367, 34.132402331344927 ], [ -118.410927012354463, 34.132420259708233 ], [ -118.410908954558465, 34.132444021611825 ], [ -118.410892565847675, 34.13247121269638 ], [ -118.41086312489648, 34.132532109747132 ], [ -118.410841966915399, 34.132597443952832 ], [ -118.410835516758638, 34.132629753535504 ], [ -118.410809462859362, 34.132707469862403 ], [ -118.410722949238036, 34.13292244334545 ], [ -118.410659113436878, 34.133044941158047 ], [ -118.41061814536053, 34.133113777481654 ], [ -118.410573862644128, 34.133180564135444 ], [ -118.41053126751477, 34.133254559143438 ], [ -118.410459333648348, 34.133410402469551 ], [ -118.410444595144924, 34.133437244403602 ], [ -118.41042491849349, 34.13346788144591 ], [ -118.410401928933283, 34.133496812304301 ], [ -118.410362479435946, 34.133538508011043 ], [ -118.410314750188761, 34.133576453467263 ], [ -118.410273548905039, 34.133597889432394 ], [ -118.410184524455659, 34.133638379391023 ], [ -118.410141583231834, 34.133641959956812 ], [ -118.410093651598004, 34.133638687723312 ], [ -118.410058917616681, 34.133631248871687 ], [ -118.410005958527179, 34.133613567257207 ], [ -118.409921509331966, 34.133576070240608 ], [ -118.409896644991662, 34.133559667242942 ], [ -118.409851842718993, 34.133520661785617 ], [ -118.409821949298802, 34.133489505937845 ], [ -118.409808652301535, 34.133473407189676 ], [ -118.409786988068632, 34.133435697204909 ], [ -118.409746876560774, 34.133342405061349 ], [ -118.409718381235479, 34.13325937810388 ], [ -118.409704984956662, 34.133223013121473 ], [ -118.409693273506122, 34.133193513043317 ], [ -118.409673177447686, 34.133138623437318 ], [ -118.409653174002869, 34.133102625229341 ], [ -118.409638206359972, 34.13308275378165 ], [ -118.40959668870957, 34.133039615271521 ], [ -118.409507106919818, 34.132966069359227 ], [ -118.409480600718254, 34.132951732753739 ], [ -118.409419335656182, 34.13292480490685 ], [ -118.409384586890852, 34.132914274541363 ], [ -118.409351505493049, 34.13290682989085 ], [ -118.409315139846854, 34.132903518181209 ], [ -118.409239077217535, 34.132891410236191 ], [ -118.409148096479456, 34.132869735139543 ], [ -118.409103417649149, 34.132855803447534 ], [ -118.409086841671069, 34.132844868004355 ], [ -118.409071882614029, 34.132826713886786 ], [ -118.409058560652312, 34.132805462855963 ], [ -118.40903343281235, 34.132735132415007 ], [ -118.409028282868874, 34.132695648984367 ], [ -118.40902817529583, 34.132673666262555 ], [ -118.409036039686569, 34.132592577021356 ], [ -118.409048939699545, 34.132527614567785 ], [ -118.409073326159202, 34.132446469411931 ], [ -118.409094539279636, 34.132392126876837 ], [ -118.40909601497313, 34.132356055882454 ], [ -118.409072603321945, 34.13229877209951 ], [ -118.409052635636144, 34.132269986873403 ], [ -118.409029397168197, 34.132248082426237 ], [ -118.409009510185001, 34.132235784234183 ], [ -118.408969749680892, 34.132213935680511 ], [ -118.408903530388969, 34.132187367822745 ], [ -118.408855554274766, 34.132174821137667 ], [ -118.408796048019369, 34.132169526628516 ], [ -118.408706820560823, 34.132168110930422 ], [ -118.408665490250726, 34.132163098384503 ], [ -118.408600974266776, 34.132147172659657 ], [ -118.408567878132004, 34.132136636474556 ], [ -118.408552962964933, 34.132127412773904 ], [ -118.408531368477185, 34.132103785246599 ], [ -118.408519663717982, 34.132075315491932 ], [ -118.408516226693706, 34.132048191737333 ], [ -118.408517754670967, 34.132022768631188 ], [ -118.408534004727287, 34.131967069026423 ], [ -118.408555271800509, 34.131923717947544 ], [ -118.408571563781578, 34.131876604437068 ], [ -118.408584542957442, 34.131827785595441 ], [ -118.408592550415619, 34.131775892187108 ], [ -118.408598769665218, 34.1316961824811 ], [ -118.408597038554973, 34.131680044504847 ], [ -118.408581876656868, 34.131620329244051 ], [ -118.408565161642954, 34.131580884887462 ], [ -118.408543506855665, 34.131544892081706 ], [ -118.408513599521513, 34.131510644591593 ], [ -118.408394121463346, 34.131404566858365 ], [ -118.408312875573557, 34.131345761793852 ], [ -118.408281343060978, 34.131317015507925 ], [ -118.408259705240624, 34.131284457451812 ], [ -118.408251357068167, 34.131266624391856 ], [ -118.408241274511795, 34.131231966390118 ], [ -118.408229578361059, 34.131205214008112 ], [ -118.408229481065064, 34.131185292166535 ], [ -118.408235886824045, 34.131143708763318 ], [ -118.408250546785041, 34.131100723538857 ], [ -118.408309530435545, 34.130999196028604 ], [ -118.408317695700845, 34.130979588860242 ], [ -118.40833735408134, 34.130945173882473 ], [ -118.408355413962596, 34.130921755844007 ], [ -118.408371856894007, 34.130905556465144 ], [ -118.408401403136679, 34.130865955784977 ], [ -118.408412860981358, 34.130843933986966 ], [ -118.408419372355141, 34.130823989815724 ], [ -118.40842578974015, 34.130784810762982 ], [ -118.408430269625867, 34.130687245689124 ], [ -118.408436754129525, 34.130661805836702 ], [ -118.408443114428948, 34.130610948462518 ], [ -118.408446306324493, 34.130587924135448 ], [ -118.408447622813426, 34.130519221647234 ], [ -118.408450802955343, 34.13049379295996 ], [ -118.408450479022065, 34.130427501316447 ], [ -118.408456795655994, 34.130367713461332 ], [ -118.408456505287049, 34.130308291418423 ], [ -118.408449782483288, 34.130284957109254 ], [ -118.408423030604098, 34.13022012871037 ], [ -118.408401393012539, 34.130187570680484 ], [ -118.408388106883024, 34.130173532657423 ], [ -118.408346651729886, 34.130142759001529 ], [ -118.408253929189357, 34.130101853930235 ], [ -118.408222457555041, 34.130085472910515 ], [ -118.408025277248356, 34.129969009167176 ], [ -118.407915986518304, 34.129918542166642 ], [ -118.407695873917021, 34.129842344003677 ], [ -118.407556809539827, 34.129784763902009 ], [ -118.407527007065013, 34.12977181193078 ], [ -118.407472340786171, 34.129742456461074 ], [ -118.407329875337609, 34.129664965396167 ], [ -118.407268605009719, 34.129636319061184 ], [ -118.407240429681352, 34.1296182083506 ], [ -118.40718072456724, 34.129571695443246 ], [ -118.407115955995408, 34.129503216478874 ], [ -118.406974681874019, 34.129330918943403 ], [ -118.406948105942419, 34.129302155626313 ], [ -118.406906519660282, 34.129244246554912 ], [ -118.406886536730454, 34.129212026172802 ], [ -118.406868177535529, 34.129173960164053 ], [ -118.406839679803497, 34.129089558616222 ], [ -118.406829574691017, 34.129050091778133 ], [ -118.406809255838155, 34.12894883189778 ], [ -118.406795380105663, 34.128813545250303 ], [ -118.40678972163316, 34.128669299418483 ], [ -118.406782877405504, 34.128620890975647 ], [ -118.406779310709354, 34.128566975731943 ], [ -118.40677050012728, 34.128453998604037 ], [ -118.407025837958201, 34.128979016473572 ], [ -118.407164342695836, 34.12926123958816 ], [ -118.407245562323482, 34.129315236701345 ], [ -118.407285408025331, 34.129354946781952 ], [ -118.407306962955857, 34.129370674489707 ], [ -118.407374868486343, 34.129404794212647 ], [ -118.407470860638384, 34.129438819217953 ], [ -118.407513879604863, 34.129451383158653 ], [ -118.407589965651667, 34.129468987868606 ], [ -118.407864487607924, 34.129522332581416 ], [ -118.408175420436535, 34.129588262690774 ], [ -118.408511096394122, 34.129646209110973 ], [ -118.408782239023395, 34.129683762823007 ], [ -118.408873168071082, 34.129695820756822 ], [ -118.408950854688911, 34.129702771141311 ], [ -118.408998775617818, 34.129704326427678 ], [ -118.409114426543468, 34.129703935040503 ], [ -118.40930604241035, 34.129696073128727 ], [ -118.412115731346347, 34.129558061525813 ], [ -118.41226934769152, 34.129550667954447 ], [ -118.412345256918542, 34.129532204275598 ], [ -118.412379928396646, 34.129527277191109 ], [ -118.412457499288323, 34.129510525201177 ], [ -118.412516880140359, 34.129490743870889 ], [ -118.412564675562109, 34.129466880226943 ], [ -118.412582767847013, 34.12945033115674 ], [ -118.412605818271771, 34.129434108644581 ], [ -118.412676531766749, 34.129367231003762 ], [ -118.412737340741515, 34.129302104571167 ], [ -118.412799747487895, 34.129225981107417 ], [ -118.412849043838463, 34.1291715419935 ], [ -118.412891797712291, 34.129130520250726 ], [ -118.412967510658774, 34.129072212503964 ], [ -118.413025148985284, 34.12903423213195 ], [ -118.413084466559994, 34.12900174176518 ], [ -118.413110838022135, 34.128988942663639 ], [ -118.413137226452648, 34.128979578355811 ], [ -118.41316692934636, 34.128972263627055 ], [ -118.413292395285652, 34.128952256000872 ], [ -118.413356811796532, 34.128948600867794 ], [ -118.413426225495954, 34.128953172266023 ], [ -118.41346260147921, 34.128958887098079 ], [ -118.41355522782203, 34.128979866332621 ], [ -118.413654490590801, 34.12900666204262 ], [ -118.413834897162076, 34.129071306799311 ], [ -118.413864679956916, 34.129080135455872 ], [ -118.413935793562615, 34.129094318342567 ], [ -118.413968855148184, 34.129097983458529 ], [ -118.414005210817137, 34.129099576368155 ], [ -118.414066288476349, 34.129088719092451 ], [ -118.414089372544524, 34.129079365896118 ], [ -118.414112439590994, 34.129066577896083 ], [ -118.414166756089884, 34.129025173501041 ], [ -118.414204128189965, 34.12897986128506 ], [ -118.414227483655182, 34.128943902762842 ], [ -118.414268429692655, 34.12887163042371 ], [ -118.414283084450645, 34.128828300990151 ], [ -118.414282958477202, 34.128802883475835 ], [ -118.414281163343077, 34.128774036825043 ], [ -118.414271107526289, 34.128745218487083 ], [ -118.414242502032963, 34.128640552468873 ], [ -118.414225631754462, 34.128570195705073 ], [ -118.414198770421223, 34.128484072832244 ], [ -118.414150189800196, 34.128349249398141 ], [ -118.414128370082324, 34.128280283523488 ], [ -118.414095563641339, 34.128141828721411 ], [ -118.41408787165301, 34.128109365468859 ], [ -118.414087619827129, 34.128058530440789 ], [ -118.414093971385739, 34.128006642332878 ], [ -118.414103749693226, 34.127979473458346 ], [ -118.414108581840651, 34.127954382443548 ], [ -118.414124886939305, 34.127910703889931 ], [ -118.414151114948183, 34.127869052248798 ], [ -118.414169174237927, 34.127845976823352 ], [ -118.414233346450317, 34.127793202693738 ], [ -118.414256414822091, 34.127780758146528 ], [ -118.414300877296668, 34.127751409463066 ], [ -118.414345297175572, 34.127713473765446 ], [ -118.414420855183764, 34.127624595401969 ], [ -118.414460248774347, 34.127572593979529 ], [ -118.414488111591155, 34.127527501801396 ], [ -118.414499550342697, 34.127502044629217 ], [ -118.414514168972161, 34.127451502091027 ], [ -118.414526876565148, 34.127348755369866 ], [ -118.414528349825503, 34.127312684313623 ], [ -118.414526295735243, 34.127231628721887 ], [ -118.414544091843268, 34.127155313851738 ], [ -118.41457339364247, 34.127067281000166 ], [ -118.414620704945676, 34.126946211732168 ], [ -118.414682752088794, 34.126798299099889 ], [ -118.414705557697147, 34.126732958562791 ], [ -118.414726803196842, 34.126686171604774 ], [ -118.414766167181995, 34.126628330925556 ], [ -118.414808845526963, 34.126572539773321 ], [ -118.414868024285468, 34.126512570141699 ], [ -118.414892715320022, 34.126494280644572 ], [ -118.414971783845914, 34.126447294242872 ], [ -118.41500304739202, 34.126421768956938 ], [ -118.415022811089585, 34.126409335608926 ], [ -118.415055825613166, 34.126403726470272 ], [ -118.415105372353736, 34.126400121460129 ], [ -118.41520283544881, 34.126397725780066 ], [ -118.415334968541046, 34.12639040208964 ], [ -118.415353121052576, 34.126386217881951 ], [ -118.415376243486477, 34.126384764477919 ], [ -118.415412266146333, 34.1263891663937 ], [ -118.415447327742442, 34.12639345079613 ], [ -118.415582949411316, 34.126423211305053 ], [ -118.41571864742582, 34.126468085674404 ], [ -118.415922249486087, 34.126546730432196 ], [ -118.416081118854137, 34.126600110900512 ], [ -118.416172173228745, 34.126637580849838 ], [ -118.416216889249156, 34.12665940996407 ], [ -118.416281500574058, 34.126695253458358 ], [ -118.416337860023958, 34.126732842771688 ], [ -118.416399228858282, 34.126781062860132 ], [ -118.416502100468634, 34.126869327744615 ], [ -118.416515389147051, 34.126883708354477 ], [ -118.416552086231547, 34.126953997374478 ], [ -118.41657886904585, 34.127023976166804 ], [ -118.416595571523658, 34.12706032809178 ], [ -118.416608867095988, 34.127076082610962 ], [ -118.416633758216307, 34.12709797990334 ], [ -118.416658639077255, 34.127117816311276 ], [ -118.416675991078108, 34.127129614416397 ], [ -118.416753132056826, 34.127182065863302 ], [ -118.416781282931794, 34.127195021255687 ], [ -118.416854083505257, 34.127216409805264 ], [ -118.41689377003226, 34.12722348612828 ], [ -118.416983028332652, 34.127232108860099 ], [ -118.417060677346669, 34.127231840954551 ], [ -118.417248981501714, 34.127223977856637 ], [ -118.417396011488535, 34.127221752777302 ], [ -118.41748682416339, 34.127210791079584 ], [ -118.417726134110836, 34.127160845783479 ], [ -118.417797131083972, 34.127151669763506 ], [ -118.41787637031095, 34.127139030348303 ], [ -118.417927511715945, 34.127124083637838 ], [ -118.41796880574077, 34.127122223419072 ], [ -118.418018386050647, 34.127125486815615 ], [ -118.418072950164273, 34.127134228726135 ], [ -118.418197021261662, 34.127166430662243 ], [ -118.418293006653784, 34.127198729671697 ], [ -118.418440325426474, 34.127254207937199 ], [ -118.418620712994965, 34.127315067269635 ], [ -118.418761322871902, 34.127350647105814 ], [ -118.418885366378916, 34.127377009174353 ], [ -118.419009427819276, 34.127407149397655 ], [ -118.419095456363493, 34.127430551657433 ], [ -118.419178197958331, 34.127457400113599 ], [ -118.419348697953311, 34.127523101454827 ], [ -118.419370228832733, 34.127533674812952 ], [ -118.419401741327761, 34.127557952965283 ], [ -118.419418329670748, 34.127571291351444 ], [ -118.419512990769803, 34.127668512811205 ], [ -118.419659166685932, 34.127825322783977 ], [ -118.419735543564386, 34.127900624460594 ], [ -118.419803587524044, 34.127961528626926 ], [ -118.419838409724434, 34.127986825628902 ], [ -118.419879836982957, 34.128011412704652 ], [ -118.420113377640646, 34.128128073354702 ], [ -118.420164710891953, 34.128151251958904 ], [ -118.420249197191694, 34.128196298370547 ], [ -118.420301033322303, 34.128228273274473 ], [ -118.42048453333841, 34.128341462291274 ], [ -118.420512731192474, 34.128363347286758 ], [ -118.420577452824787, 34.128420484235619 ], [ -118.420710295700445, 34.128553637919261 ], [ -118.420760176075348, 34.128616322201736 ], [ -118.420786809058299, 34.128655730359675 ], [ -118.420836789853794, 34.128738337342376 ], [ -118.420885148006803, 34.128826788313049 ], [ -118.420908660172742, 34.128902616812134 ], [ -118.420932277891183, 34.128999397576401 ], [ -118.420994571365554, 34.129230347506002 ], [ -118.421038281487128, 34.12937995508976 ], [ -118.421056835766322, 34.129455457346175 ], [ -118.421076963722285, 34.129515153768246 ], [ -118.421125519857696, 34.129642762246981 ], [ -118.421180397465946, 34.129713329125181 ], [ -118.421200429294828, 34.129754134140057 ], [ -118.421207148692005, 34.129776093820226 ], [ -118.421240408194549, 34.129818913648201 ], [ -118.421271901321262, 34.129839069556411 ], [ -118.421308328432104, 34.129854742942577 ], [ -118.421351358996489, 34.129869362841234 ], [ -118.421391055821658, 34.129878155087191 ], [ -118.421457187196708, 34.129886855151149 ], [ -118.421620788388694, 34.1298934977995 ], [ -118.421719926591066, 34.129894869379214 ], [ -118.421789263538969, 34.129883979382676 ], [ -118.421833818090477, 34.129873175837218 ], [ -118.421931175813015, 34.129849135502575 ], [ -118.422043357807311, 34.12981611269624 ], [ -118.422129198873535, 34.129801730017832 ], [ -118.422277828159395, 34.129788158395954 ], [ -118.422340592764556, 34.129784504246992 ], [ -118.422413305019717, 34.129787685019281 ], [ -118.422530658505011, 34.129797235936266 ], [ -118.422624873133287, 34.129805150216406 ], [ -118.422659604905974, 34.129812241976659 ], [ -118.422692702980385, 34.129822774298965 ], [ -118.422729133824646, 34.129839134216553 ], [ -118.422793778197146, 34.129880469909423 ], [ -118.422843534085615, 34.129918079307963 ], [ -118.422885020529662, 34.129954000188647 ], [ -118.422906618519093, 34.129977625150211 ], [ -118.42294984755614, 34.130031401178236 ], [ -118.422993104463913, 34.130090673769331 ], [ -118.423037977087176, 34.130142726585191 ], [ -118.423066173394801, 34.130164267509961 ], [ -118.423105936608167, 34.130186111425552 ], [ -118.423148992000819, 34.130205539401722 ], [ -118.42326648812309, 34.130242911465089 ], [ -118.423301211434961, 34.130248285642097 ], [ -118.423344176445426, 34.130249852598823 ], [ -118.423443261158312, 34.13024057489109 ], [ -118.423494441750307, 34.130233182379776 ], [ -118.423675997158028, 34.130196480119217 ], [ -118.423832936482498, 34.130192495063753 ], [ -118.423961767003362, 34.130184486568645 ], [ -118.424115318968262, 34.130164369189814 ], [ -118.424272237949751, 34.130156605290068 ], [ -118.424349899459727, 34.130158050096881 ], [ -118.424402787891395, 34.130161642753926 ], [ -118.424454039861018, 34.130168332507722 ], [ -118.424501997976336, 34.130177094723294 ], [ -118.424599613510452, 34.130203887247809 ], [ -118.424675749211588, 34.130230411677218 ], [ -118.424753559817162, 34.130261395490166 ], [ -118.424892655375146, 34.130322390600796 ], [ -118.425222123346288, 34.130456221974605 ], [ -118.425351277498919, 34.130511756659416 ], [ -118.425616248554832, 34.130633104931484 ], [ -118.425862973614741, 34.130740433988194 ], [ -118.426286924821554, 34.130933697007663 ], [ -118.426416117211929, 34.130996442728993 ], [ -118.426527136881958, 34.131059252440302 ], [ -118.426646490183458, 34.131136459045628 ], [ -118.426671381635671, 34.131157667313424 ], [ -118.426702857288717, 34.131174043529832 ], [ -118.426750807448656, 34.131181087454472 ], [ -118.426811947028213, 34.131182589013171 ], [ -118.426950663821984, 34.131169046651955 ], [ -118.427150433458507, 34.131139831527292 ], [ -118.427208233538522, 34.131134474967418 ], [ -118.427269373092216, 34.131135976294715 ], [ -118.427342114807374, 34.131144649778236 ], [ -118.427490967646875, 34.131174693678489 ], [ -118.427881344788446, 34.131263305740674 ], [ -118.428021974038003, 34.131300591304296 ], [ -118.428109677131985, 34.131327072617566 ], [ -118.428139465081443, 34.131336241233058 ], [ -118.428323127139009, 34.131388144815233 ], [ -118.428381045257566, 34.131405800837307 ], [ -118.428496929109855, 34.13145038675124 ], [ -118.428533316014637, 34.131457814446797 ], [ -118.428572986171602, 34.131461108658627 ], [ -118.428620899666171, 34.131460938766949 ], [ -118.428673753197671, 34.131457316476961 ], [ -118.428738141015188, 34.131447813990881 ], [ -118.42879259982584, 34.131435255319353 ], [ -118.42888992916744, 34.131405713703103 ], [ -118.429054917031252, 34.131360130609892 ], [ -118.429089549490897, 34.131347642178099 ], [ -118.429117552032167, 34.131331055441578 ], [ -118.429158765000437, 34.131313047852331 ], [ -118.429211597250301, 34.13130530357045 ], [ -118.429266149387033, 34.131310949111253 ], [ -118.429324050009242, 34.131325169884214 ], [ -118.429375407186427, 34.131352122855354 ], [ -118.429410242523474, 34.131379135401893 ], [ -118.429438469125074, 34.131406170516435 ], [ -118.429461746237507, 34.131434597153813 ], [ -118.429476773007451, 34.131465114017246 ], [ -118.429538451194986, 34.131571375513673 ], [ -118.429568524268419, 34.13163618749676 ], [ -118.429590428213643, 34.131718889778128 ], [ -118.42962059494829, 34.131801906174054 ], [ -118.429668951813653, 34.1318879501802 ], [ -118.429692260921698, 34.131922559408693 ], [ -118.429718863852386, 34.131955096007019 ], [ -118.429747090066513, 34.131981787566254 ], [ -118.429781906354336, 34.132005020827542 ], [ -118.429826637631379, 34.13202856230815 ], [ -118.429877965372455, 34.132049675910913 ], [ -118.430003772962209, 34.13209594252406 ], [ -118.43003684527487, 34.132101320643869 ], [ -118.430076482217615, 34.132098088247488 ], [ -118.430129304956836, 34.132088626169583 ], [ -118.430249747723011, 34.132055566348598 ], [ -118.430408174401492, 34.132018936301449 ], [ -118.430454372332704, 34.132006406296235 ], [ -118.4304972463909, 34.131990109765162 ], [ -118.43054834250637, 34.131966227240362 ], [ -118.430640559522573, 34.131906475654077 ], [ -118.43067840079928, 34.13187542708981 ], [ -118.430731002080364, 34.131823029784961 ], [ -118.430760612393755, 34.131797848885789 ], [ -118.43079848367131, 34.13177263943907 ], [ -118.430842971871897, 34.131748780339507 ], [ -118.430894087218277, 34.131728675945517 ], [ -118.430960065204104, 34.131707144596312 ], [ -118.43099142855624, 34.131701536994889 ], [ -118.43102115919325, 34.131699713553566 ], [ -118.431054211930132, 34.131701313118185 ], [ -118.431092258451471, 34.131710108070386 ], [ -118.431131985521461, 34.131724392792883 ], [ -118.431196596525226, 34.131758167440012 ], [ -118.431219810541464, 34.131774228469794 ], [ -118.431302868722298, 34.131860834998761 ], [ -118.431341046507512, 34.13189504737079 ], [ -118.431384171367668, 34.131927181159462 ], [ -118.431427266811085, 34.131953819261369 ], [ -118.431470337459501, 34.131975648632157 ], [ -118.431515028412306, 34.131991289454731 ], [ -118.431559696327611, 34.132002465024705 ], [ -118.431610960640256, 34.132011212622359 ], [ -118.431759722523225, 34.132023046842242 ], [ -118.4319365392181, 34.132028254396481 ], [ -118.432027364083751, 34.132018999171351 ], [ -118.432238582838053, 34.1319674081236 ], [ -118.432314482741262, 34.131947557984326 ], [ -118.432453059523993, 34.13190687441287 ], [ -118.432542122885778, 34.131876328967508 ], [ -118.43266582078067, 34.131833980963215 ], [ -118.432730155088137, 34.131814171960109 ], [ -118.43279614867015, 34.131795730024265 ], [ -118.432926524478404, 34.13176675379772 ], [ -118.432999127847779, 34.131748288978478 ], [ -118.433070061890049, 34.131726738721937 ], [ -118.433140965637563, 34.13169934926929 ], [ -118.433213484147871, 34.131664740780458 ], [ -118.43328924288501, 34.131617755135103 ], [ -118.433353445101702, 34.131572528304645 ], [ -118.433404445754093, 34.131530440150243 ], [ -118.433434037352185, 34.131501824701218 ], [ -118.433494840612198, 34.13143840522217 ], [ -118.433596669808438, 34.131320910339895 ], [ -118.433709913220426, 34.131174522488841 ], [ -118.433782094144092, 34.131074996003264 ], [ -118.433810040401326, 34.131047760310302 ], [ -118.43389397534412, 34.130984601094397 ], [ -118.434080043066075, 34.130862681553396 ], [ -118.434185484453693, 34.130804940675254 ], [ -118.434243178571293, 34.130779315451967 ], [ -118.434394887765592, 34.130722782106787 ], [ -118.434584586026588, 34.130664051075271 ], [ -118.434736399477629, 34.13062743911707 ], [ -118.434784278535858, 34.130620740669109 ], [ -118.434838769849222, 34.130614705387032 ], [ -118.435264907965347, 34.130589471074963 ], [ -118.435314485639992, 34.130591696938026 ], [ -118.435474828619718, 34.130606919729999 ], [ -118.435529378933879, 34.130612218964458 ], [ -118.435618673204644, 34.130626667088748 ], [ -118.435668302828176, 34.130638853715915 ], [ -118.435770908734781, 34.130671115023937 ], [ -118.435812295447519, 34.130686766169937 ], [ -118.435924899413138, 34.130735478631195 ], [ -118.43620648249663, 34.130871170250316 ], [ -118.436362148663662, 34.130939649991554 ], [ -118.436484709414657, 34.130996569655245 ], [ -118.436748104127773, 34.131129234323176 ], [ -118.43698824626901, 34.131238281944839 ], [ -118.437034609799539, 34.131257693029148 ], [ -118.437128963962977, 34.131291700454859 ], [ -118.43733582430167, 34.131355184993865 ], [ -118.437908538283324, 34.131554737852532 ], [ -118.438055853264359, 34.131605726984048 ], [ -118.438174933502467, 34.131628652429477 ], [ -118.438262604138032, 34.131648256784175 ], [ -118.438320524536039, 34.131665908043729 ], [ -118.438439560974828, 34.131680246234566 ], [ -118.43864282758986, 34.131688439410382 ], [ -118.4387336982183, 34.131688109615673 ], [ -118.438822896817115, 34.131684007475293 ], [ -118.43914986250924, 34.131650532322297 ], [ -118.439230753157844, 34.131637529424303 ], [ -118.439382585118537, 34.131604689909246 ], [ -118.439465071895512, 34.131581032981657 ], [ -118.439781818371927, 34.13148954411119 ], [ -118.440129809218462, 34.131370118266368 ], [ -118.440664160911155, 34.131186466313643 ], [ -118.440886807061915, 34.131110087463497 ], [ -118.442102281545317, 34.130692433143437 ], [ -118.442321632712122, 34.130618124610358 ], [ -118.443123138023296, 34.130341429541268 ], [ -118.443174346073064, 34.130339524369369 ], [ -118.443251957816017, 34.130331683088627 ], [ -118.443275069926358, 34.130328163470267 ], [ -118.443306414802393, 34.130319117874585 ], [ -118.443351023280243, 34.130318954262812 ], [ -118.44358078916413, 34.130339750913613 ], [ -118.445190629699141, 34.130451649055345 ], [ -118.446220334252459, 34.130523075623294 ], [ -118.446304701274983, 34.13054268634292 ], [ -118.446355957064043, 34.130549710289372 ], [ -118.446423791432849, 34.130567321058649 ], [ -118.446627326994971, 34.130625992285118 ], [ -118.446811028340676, 34.130683362544197 ], [ -118.446989740354724, 34.130734568223218 ], [ -118.447569015634173, 34.130921686507939 ], [ -118.447953037929139, 34.131053880105469 ], [ -118.448242653102767, 34.131142799861891 ], [ -118.448307215303714, 34.131166260978716 ], [ -118.448375109543463, 34.13119486199539 ], [ -118.448557351008162, 34.131287614112644 ], [ -118.448610348118635, 34.1313111188867 ], [ -118.448653382362806, 34.131325385586479 ], [ -118.448683158574084, 34.131332144787038 ], [ -118.44875933537628, 34.131364493193111 ], [ -118.448802419467967, 34.131388033784674 ], [ -118.448842226876025, 34.131416738822573 ], [ -118.448855505240431, 34.131428024562872 ], [ -118.448877085126455, 34.131446836171911 ], [ -118.448930266900064, 34.131504687848036 ], [ -118.449000258476943, 34.131616060921992 ], [ -118.449083681858582, 34.131767229365757 ], [ -118.44910042525639, 34.131808385513445 ], [ -118.449122097574104, 34.131844371050789 ], [ -118.449155348204414, 34.131882717965489 ], [ -118.449198517585401, 34.131922058470217 ], [ -118.449248277337617, 34.131957939602998 ], [ -118.449341091394459, 34.13201152196077 ], [ -118.44937918983949, 34.132029585101677 ], [ -118.449417267986306, 34.132043869956796 ], [ -118.449453664395463, 34.132052665272433 ], [ -118.449493335658303, 34.132055952618259 ], [ -118.449547849012589, 34.132054032458221 ], [ -118.44960563720268, 34.132046604311768 ], [ -118.449702989465521, 34.132022541607832 ], [ -118.449907497167899, 34.13195377029782 ], [ -118.450085660785135, 34.131902271052816 ], [ -118.450136812290481, 34.131889715069128 ], [ -118.450244106996053, 34.131871110683228 ], [ -118.450414215786253, 34.131857767936438 ], [ -118.450569485154602, 34.1318503195332 ], [ -118.450623977980896, 34.131844620614324 ], [ -118.450780808734649, 34.131820335288971 ], [ -118.450998773530401, 34.131796165163188 ], [ -118.451117701872164, 34.131790225587721 ], [ -118.451261442780137, 34.131789689046379 ], [ -118.451327560227341, 34.131794937973758 ], [ -118.451393698086846, 34.131803965138403 ], [ -118.451466482927799, 34.131819837167356 ], [ -118.451562453113326, 34.131845927129326 ], [ -118.451660101538636, 34.131876819553142 ], [ -118.451684942018119, 34.131887374808336 ], [ -118.451751126398619, 34.131904988762393 ], [ -118.451848695121384, 34.131921111419828 ], [ -118.452075696430612, 34.131946697567997 ], [ -118.452108254603914, 34.131950367668189 ], [ -118.452247148834957, 34.131970113777768 ], [ -118.452338105219255, 34.13198557380764 ], [ -118.452491938148157, 34.132017972726899 ], [ -118.452644077299979, 34.132042477607492 ], [ -118.452731694089721, 34.132051423606896 ], [ -118.452908518507741, 34.132057974405022 ], [ -118.453100135633662, 34.132050043068119 ], [ -118.453164597478477, 34.132054610225204 ], [ -118.453237365027533, 34.132067389877541 ], [ -118.453399515351606, 34.132110061047115 ], [ -118.45351206998312, 34.132147422306105 ], [ -118.453608113104579, 34.132186563757763 ], [ -118.453715858615922, 34.132251078297855 ], [ -118.453782191025766, 34.132295826010157 ], [ -118.453896655680808, 34.132380580861579 ], [ -118.453976263775161, 34.132435926694114 ], [ -118.454059284611461, 34.132511181864849 ], [ -118.454159006076935, 34.132619005438173 ], [ -118.454213911662904, 34.132689214742186 ], [ -118.454252246670038, 34.132750554747496 ], [ -118.454325513472398, 34.132855042735727 ], [ -118.454373672311448, 34.1328998584328 ], [ -118.45442508708399, 34.132935731224578 ], [ -118.454484742444066, 34.132967794660907 ], [ -118.454607299826577, 34.133021261157388 ], [ -118.454661929531142, 34.133040634411387 ], [ -118.454706611527627, 34.133053518820468 ], [ -118.454757871430985, 34.133060882683893 ], [ -118.45481405435963, 34.133062045247136 ], [ -118.454880135651266, 34.133060422644284 ], [ -118.455037025416331, 34.133046779656127 ], [ -118.455230218256617, 34.133024412589698 ], [ -118.455431592395442, 34.132987587960585 ], [ -118.455565315320584, 34.132967505328672 ], [ -118.455667722832573, 34.132961623544688 ], [ -118.455715595931338, 34.132953886367396 ], [ -118.455768390086661, 34.13293960437457 ], [ -118.455819499375551, 34.132919145956834 ], [ -118.455873857660407, 34.132888714158376 ], [ -118.455957794641051, 34.132828630934213 ], [ -118.456016961418555, 34.132771045506672 ], [ -118.456046511981015, 34.132736241893646 ], [ -118.456144908079509, 34.13260087956089 ], [ -118.456174392918797, 34.132554054140023 ], [ -118.456200670791574, 34.13252510210868 ], [ -118.456315713298409, 34.132412347813414 ], [ -118.456356911562295, 34.132392613554316 ], [ -118.456470578002907, 34.132330700294574 ], [ -118.456503535803691, 34.132314775454496 ], [ -118.456534867652536, 34.132303665556257 ], [ -118.456617391543958, 34.132287553468835 ], [ -118.456660326323444, 34.132283269434637 ], [ -118.456696674804547, 34.132283132106956 ], [ -118.456746212761317, 34.132277792634483 ], [ -118.456800656639686, 34.132263160468575 ], [ -118.456855041507751, 34.132237536935811 ], [ -118.456909397094719, 34.132206761192847 ], [ -118.456963722596868, 34.132170489756419 ], [ -118.457009796433326, 34.132135966024393 ], [ -118.45709039175442, 34.132069368401162 ], [ -118.457142965327847, 34.132014898728329 ], [ -118.457184061750738, 34.131976616304527 ], [ -118.457320713058905, 34.131888166849599 ], [ -118.457399771437508, 34.131842527505285 ], [ -118.45754804405604, 34.131764338408125 ], [ -118.457615567729974, 34.131724581852922 ], [ -118.45767975685952, 34.131679341201313 ], [ -118.457742271161919, 34.131629985922373 ], [ -118.457803097457315, 34.13157411076196 ], [ -118.457899974520146, 34.13146382815227 ], [ -118.457922928261581, 34.131431453471968 ], [ -118.457975402232677, 34.131358779031054 ], [ -118.458065521378984, 34.131221385562768 ], [ -118.45809011964208, 34.131187630672585 ], [ -118.458147497940857, 34.131105663436109 ], [ -118.458186862199454, 34.131052960804254 ], [ -118.458226267833609, 34.131007814703977 ], [ -118.458319969280069, 34.130921244356657 ], [ -118.458343590829372, 34.13090335660128 ], [ -118.458425273432411, 34.130841499660825 ], [ -118.458560276130271, 34.130754084605286 ], [ -118.458626155757159, 34.130716051150742 ], [ -118.458693706344661, 34.130681446183445 ], [ -118.458756332409848, 34.130652699137976 ], [ -118.458827236254379, 34.130627012016149 ], [ -118.458911370617926, 34.130603679026905 ], [ -118.459155604231114, 34.130550198089182 ], [ -118.459228235517486, 34.130538243627015 ], [ -118.459319051964044, 34.13052828093732 ], [ -118.459513945568929, 34.130516205129688 ], [ -118.459888930323714, 34.130504130916968 ], [ -118.459950041649634, 34.130500463525131 ], [ -118.459999576451906, 34.130494779240287 ], [ -118.460108510969604, 34.130474442411064 ], [ -118.460205830011191, 34.130445219060448 ], [ -118.460250349633142, 34.130428905687033 ], [ -118.460354296153767, 34.130403091845309 ], [ -118.460412072782191, 34.130393941136639 ], [ -118.460469879672601, 34.130390286068256 ], [ -118.460545898232539, 34.130393431313372 ], [ -118.460618665463798, 34.13040620652157 ], [ -118.460828758668143, 34.130453837313745 ], [ -118.46087175478587, 34.130460886598939 ], [ -118.460959368903872, 34.130469483154897 ], [ -118.460980852764337, 34.130470431681907 ], [ -118.461035387554261, 34.130472628092107 ], [ -118.461073436669196, 34.13048141360683 ], [ -118.461106601290211, 34.1305032702289 ], [ -118.46114477928262, 34.13053541230952 ], [ -118.461216270900877, 34.130616202346715 ], [ -118.461400190795644, 34.130711333149399 ], [ -118.461549294069172, 34.130784613489965 ], [ -118.461603933409833, 34.130805701903228 ], [ -118.461676729618731, 34.130823628663173 ], [ -118.461969503482806, 34.130883650652102 ], [ -118.462065470174949, 34.130908701836788 ], [ -118.462186327829826, 34.130953236501917 ], [ -118.462330450175315, 34.131021726118313 ], [ -118.462439820791715, 34.131080387413789 ], [ -118.462481224101836, 34.131098090303496 ], [ -118.462534194591399, 34.131116092403303 ], [ -118.462845204952487, 34.131187034061114 ], [ -118.462891505980792, 34.131194069975038 ], [ -118.46293612439797, 34.13119561653145 ], [ -118.462982356948373, 34.131190287158759 ], [ -118.463023591089481, 34.131177420212431 ], [ -118.463142270284095, 34.131126816508186 ], [ -118.463196678032048, 34.131105998836084 ], [ -118.463246056877907, 34.131072147925352 ], [ -118.463288722262433, 34.131019430968166 ], [ -118.463309970213203, 34.130977787659127 ], [ -118.463324630379574, 34.130939947949905 ], [ -118.463339081096194, 34.130864325526019 ], [ -118.463352088235141, 34.130826148663438 ], [ -118.463373317059123, 34.130781069649842 ], [ -118.463402795302898, 34.130733898988801 ], [ -118.463484803993225, 34.13062538630723 ], [ -118.463519282435655, 34.130586096633891 ], [ -118.46356860560158, 34.130542284694968 ], [ -118.463629455787967, 34.13049155879223 ], [ -118.46376601590228, 34.130388332448604 ], [ -118.463938813786342, 34.130265043746562 ], [ -118.464045853535282, 34.130201431336232 ], [ -118.464111751208861, 34.130167173163592 ], [ -118.464284766447648, 34.130083384980068 ], [ -118.464321052904026, 34.130072254025677 ], [ -118.464363991875146, 34.130068997692987 ], [ -118.464415208814628, 34.130068800918409 ], [ -118.464534234089101, 34.130080709056308 ], [ -118.464605336133715, 34.130091083859647 ], [ -118.464830270528466, 34.130133498357203 ], [ -118.465098171987918, 34.130177464546975 ], [ -118.46528011049611, 34.130212830425705 ], [ -118.46537102148271, 34.130220037147652 ], [ -118.465423890674643, 34.130219833584697 ], [ -118.465465179429131, 34.130216926701664 ], [ -118.465570842367441, 34.130202780299392 ], [ -118.465612087102741, 34.130191973345312 ], [ -118.465651656704381, 34.130177050992074 ], [ -118.465691209069348, 34.130159037313362 ], [ -118.465740603569998, 34.130128276696816 ], [ -118.465791629139758, 34.130093731422647 ], [ -118.46593792656364, 34.1299595513009 ], [ -118.465975757675196, 34.129929178648183 ], [ -118.466069569705624, 34.129863897098033 ], [ -118.466170040846336, 34.129807864830646 ], [ -118.466229386200183, 34.129783935365928 ], [ -118.466288752596753, 34.129763784142767 ], [ -118.466354739073736, 34.129745668267809 ], [ -118.466419081036108, 34.129728932648767 ], [ -118.466516439177198, 34.129707260759176 ], [ -118.466702941662604, 34.129672192136262 ], [ -118.466744185989668, 34.129661384796073 ], [ -118.466836514620027, 34.129626679580348 ], [ -118.466869455950601, 34.129608347561081 ], [ -118.466895780993767, 34.129588667143729 ], [ -118.466920411664958, 34.129561436561715 ], [ -118.466994203796446, 34.129461883870562 ], [ -118.467031980563917, 34.129421893471694 ], [ -118.467069787998469, 34.129387397825802 ], [ -118.467114234697831, 34.129358373196709 ], [ -118.467160367228729, 34.129335181306985 ], [ -118.467211491559482, 34.1293184963491 ], [ -118.467303921388918, 34.129301995170771 ], [ -118.467394729767747, 34.129290995976469 ], [ -118.467431034673425, 34.129283298880004 ], [ -118.467475611815118, 34.129277630698972 ], [ -118.467531815431286, 34.129282909100546 ], [ -118.467594648764774, 34.129291940181069 ], [ -118.467659172689451, 34.12930783441923 ], [ -118.467723718864178, 34.129327506889155 ], [ -118.467768417103912, 34.129343477785049 ], [ -118.467988708115584, 34.129441893584385 ], [ -118.46811784677864, 34.129489825124381 ], [ -118.468165841781286, 34.129504409159757 ], [ -118.468220454173434, 34.129520341488899 ], [ -118.468480224525663, 34.129587688765774 ], [ -118.468745044204269, 34.129671503260695 ], [ -118.468774853355001, 34.129683753173097 ], [ -118.46892390152675, 34.129746376562267 ], [ -118.468980226958166, 34.129773293474408 ], [ -118.469102858322088, 34.129839110517189 ], [ -118.469250397555442, 34.129927158271578 ], [ -118.469303428542744, 34.129955805256657 ], [ -118.469437580322989, 34.130013333553748 ], [ -118.469510435400736, 34.130041559968618 ], [ -118.469589891445011, 34.130068386748732 ], [ -118.469667685731096, 34.130093502500877 ], [ -118.46970078296205, 34.130102991516956 ], [ -118.46980173265159, 34.130132482526633 ], [ -118.469896030442854, 34.130154099120141 ], [ -118.47014893079178, 34.130174411866392 ], [ -118.470421354794667, 34.130140720703686 ], [ -118.470601370649007, 34.130127654451094 ], [ -118.470683866470353, 34.130107411012283 ], [ -118.470781183321392, 34.130078522626654 ], [ -118.470883431426174, 34.130045149625701 ], [ -118.4709807085775, 34.130009048014571 ], [ -118.471076311110622, 34.129969174498505 ], [ -118.471165281695122, 34.12992520491877 ], [ -118.471244300526706, 34.1298744043402 ], [ -118.471318331807652, 34.129818126470219 ], [ -118.471390672100782, 34.129754986318311 ], [ -118.471472771287637, 34.129664329127621 ], [ -118.471551533911452, 34.129568189111431 ], [ -118.471681016722911, 34.12938391764893 ], [ -118.471726879417659, 34.129313323909919 ], [ -118.471944824578458, 34.128995434975721 ], [ -118.471984846084581, 34.12893508650351 ], [ -118.472200387874651, 34.128610074408051 ], [ -118.472387193330022, 34.128337302163416 ], [ -118.472490492801739, 34.128198129802627 ], [ -118.472602032246897, 34.128055146781627 ], [ -118.472879373010102, 34.127723970499403 ], [ -118.472954831853812, 34.12762852945874 ], [ -118.473172879855809, 34.127330215722239 ], [ -118.473272932857142, 34.127201703481106 ], [ -118.47337795351477, 34.127075231719004 ], [ -118.473481399584898, 34.126962506399927 ], [ -118.473550431580861, 34.126899377903648 ], [ -118.4736293849097, 34.126837584437077 ], [ -118.473733089242003, 34.126770541611485 ], [ -118.473798968559421, 34.126734217286611 ], [ -118.473927465677264, 34.126669137121738 ], [ -118.474143303222021, 34.126564901139616 ], [ -118.474230642897552, 34.126525401011037 ], [ -118.47430320031792, 34.126501415726935 ], [ -118.474331250732419, 34.126495122889573 ], [ -118.474440150122845, 34.126470307923867 ], [ -118.47471099991553, 34.126452757093944 ], [ -118.475069422769963, 34.126437265888093 ], [ -118.475231255018286, 34.12642392069008 ], [ -118.475274186915442, 34.126419630040814 ], [ -118.475454261955775, 34.126400779227801 ], [ -118.474923814587086, 34.127077018098987 ], [ -118.474722742625175, 34.127443861098591 ], [ -118.474320513516957, 34.12816346707109 ], [ -118.474086535605267, 34.12869938578185 ], [ -118.473620485290297, 34.13010910967693 ], [ -118.472805017602781, 34.132604279910787 ], [ -118.471906437684538, 34.135381348834407 ], [ -118.471739909435939, 34.135874761576787 ], [ -118.471589993058259, 34.136311795496468 ], [ -118.471457243909711, 34.136790998515423 ], [ -118.471209110400324, 34.137847325695191 ], [ -118.471173476017455, 34.138180161652947 ], [ -118.471137782741579, 34.138502600371716 ], [ -118.471139423696485, 34.138793703906181 ], [ -118.471153743604532, 34.139115948602075 ], [ -118.471155677666715, 34.139459034689715 ], [ -118.471169880528478, 34.139760485827495 ], [ -118.471209266945891, 34.140093028479093 ], [ -118.471261450108727, 34.140477505830539 ], [ -118.471313926894837, 34.14091396571331 ], [ -118.471367342408186, 34.14151677136384 ], [ -118.471394578748487, 34.14191174250341 ], [ -118.471421521046821, 34.142254731092351 ], [ -118.471398742197465, 34.142649897266594 ], [ -118.471412946478182, 34.142951348396075 ], [ -118.471364748344712, 34.143273835971875 ], [ -118.471316491219596, 34.143585929003194 ], [ -118.471268233718774, 34.143898019312694 ], [ -118.471195201481251, 34.144251795109724 ], [ -118.47093923320466, 34.145216902067496 ], [ -118.470748487130209, 34.145751272790122 ], [ -118.470605271691824, 34.146124363818814 ], [ -118.470461373746929, 34.146376635646554 ], [ -118.470281656168481, 34.146719662230325 ], [ -118.470053951671332, 34.147143423218914 ], [ -118.469706391776498, 34.147789155158257 ], [ -118.469345211333092, 34.148468286926821 ], [ -118.468968954139967, 34.149175755591784 ], [ -118.468746913293742, 34.149576758885338 ], [ -118.468488171792757, 34.15017892846636 ], [ -118.46831001527498, 34.150645521918662 ], [ -118.468185666045429, 34.151036761592636 ], [ -118.468132740762101, 34.151269918148195 ], [ -118.468062830843252, 34.151698519474969 ], [ -118.467984556300721, 34.152247387018988 ], [ -118.467942056623968, 34.152728484331696 ], [ -118.467943697690686, 34.153021546093484 ], [ -118.467972960144706, 34.15340467658698 ], [ -118.468020594444994, 34.153840338117391 ], [ -118.46807284425968, 34.154150875959132 ], [ -118.468192746600266, 34.154687433868098 ], [ -118.468305754212409, 34.155111707219973 ], [ -118.468448908526014, 34.155556885788464 ], [ -118.46861906743851, 34.156026266859378 ], [ -118.468986875925495, 34.157018395638566 ], [ -118.469223073874275, 34.157707265623358 ], [ -118.469339017075853, 34.158258644734715 ], [ -118.469456264991265, 34.15904178662106 ], [ -118.469523219493652, 34.16040979955946 ], [ -118.46952346257001, 34.160453058119167 ], [ -118.469534469176594, 34.162411778215997 ], [ -118.469541759737552, 34.162859966844934 ], [ -118.469566467271463, 34.164378858879935 ], [ -118.469569221757652, 34.164868984051672 ], [ -118.469576639967741, 34.165105921488951 ], [ -118.469598199278408, 34.165398307336268 ], [ -118.469593111428651, 34.165674241681927 ], [ -118.469575076885363, 34.165910809161318 ], [ -118.469573123531831, 34.166060945735872 ], [ -118.469543461690776, 34.1662571098569 ], [ -118.469492957462634, 34.166393687353583 ], [ -118.469422325940997, 34.166598534565836 ], [ -118.469351695152483, 34.166803380831652 ], [ -118.469260458997567, 34.166991259793271 ], [ -118.46912882705017, 34.167290105520067 ], [ -118.468976685820422, 34.167589029740263 ], [ -118.468783620171052, 34.167905161447294 ], [ -118.468529600082476, 34.168323814171174 ], [ -118.468224781959918, 34.168827902777011 ], [ -118.468052411402965, 34.169178047616377 ], [ -118.467910612217054, 34.169493978570905 ], [ -118.46777954417604, 34.169895106670921 ], [ -118.467689159965673, 34.170236410655235 ], [ -118.46762972999305, 34.170611689324964 ], [ -118.467601446520376, 34.171055039136903 ], [ -118.467617977605059, 34.172113118389902 ], [ -118.467654565491983, 34.173862516723602 ], [ -118.46769268885167, 34.174433312937438 ], [ -118.467742348381151, 34.174984710261157 ], [ -118.46777857643913, 34.175216817730586 ], [ -118.467838742035994, 34.17556495729081 ], [ -118.467922138947586, 34.175903329809124 ], [ -118.467993785026323, 34.176222394380794 ], [ -118.468100252614207, 34.176521968971734 ], [ -118.468206557183294, 34.176792513604688 ], [ -118.468324615231126, 34.177082366901814 ], [ -118.468442564489663, 34.177352866241556 ], [ -118.468607576186869, 34.177710276430858 ], [ -118.468783852531814, 34.177999902801197 ], [ -118.468971990779309, 34.178328192362365 ], [ -118.469183198883584, 34.178617682704441 ], [ -118.469488263170163, 34.179032611127717 ], [ -118.469840200724647, 34.179500579148787 ], [ -118.472973203545791, 34.183765604947936 ], [ -118.473172796172562, 34.18405513476764 ], [ -118.473360744871442, 34.184344708933565 ], [ -118.473608068337626, 34.184837268403129 ], [ -118.473808324377785, 34.185242918436991 ], [ -118.47388109317734, 34.185492527792384 ], [ -118.473974582582173, 34.185813210905472 ], [ -118.474069823806602, 34.186180563448147 ], [ -118.474151258976619, 34.186649400575355 ], [ -118.474187351639046, 34.188421257043942 ], [ -118.474240225797175, 34.191116591397034 ], [ -118.474252119663305, 34.193338068090277 ], [ -118.474263963044123, 34.193930047190698 ], [ -118.474288029479354, 34.195133011990492 ], [ -118.474294885729947, 34.196340393306677 ], [ -118.474272322975125, 34.196896104000565 ], [ -118.474235506573976, 34.197206114183516 ], [ -118.474198264164144, 34.197441330602743 ], [ -118.47416083956557, 34.19764449254329 ], [ -118.474123232825107, 34.197815600906445 ], [ -118.47407331263841, 34.198082922153795 ], [ -118.473998219523651, 34.19844650755838 ], [ -118.473923307640277, 34.198842146483237 ], [ -118.473823100739253, 34.199312680759839 ], [ -118.473572216110909, 34.200424906699233 ], [ -118.47349613507005, 34.201182062323866 ], [ -118.473430450202358, 34.201618328805353 ], [ -118.473379164915968, 34.202112885714989 ], [ -118.473370894413932, 34.202562332494217 ], [ -118.473374562478995, 34.203209474686766 ], [ -118.473292799656278, 34.20978023562779 ], [ -118.473279006878144, 34.211164486285163 ], [ -118.473236372877096, 34.213187018837225 ], [ -118.473234409973287, 34.216505758195147 ] ] ] } },
{ "type": "Feature", "properties": { "OBJECTID": 8, "APREC": "NORTHEAST", "PREC": 11, "AREA": 815602204.07799995, "PERIMETER": 178460.72208199999 }, "geometry": { "type": "Polygon", "coordinates": [ [ [ -118.329029095920745, 34.150218976928414 ], [ -118.329011401824516, 34.15022686663233 ], [ -118.328823689311022, 34.150400493668194 ], [ -118.327479945343498, 34.1516176754456 ], [ -118.325727845016303, 34.153229576640548 ], [ -118.324036687750393, 34.15437930192568 ], [ -118.322065269752713, 34.155721758305937 ], [ -118.317677958041259, 34.156313168259388 ], [ -118.31578686341706, 34.154458835663092 ], [ -118.314748286099757, 34.154272970646566 ], [ -118.313865362303943, 34.154166380307075 ], [ -118.312897955521578, 34.154006762965302 ], [ -118.312309938845047, 34.154979659757629 ], [ -118.310326723926721, 34.160765625075143 ], [ -118.309621156001555, 34.161258961307553 ], [ -118.308742536775966, 34.161441193872385 ], [ -118.307218461652354, 34.160941182808578 ], [ -118.305872825138053, 34.159967378590807 ], [ -118.304290295264153, 34.158834435532853 ], [ -118.301350963435937, 34.158173717523688 ], [ -118.298800382081723, 34.157599901073532 ], [ -118.297393501197774, 34.15887907390556 ], [ -118.295446274506986, 34.158800036371233 ], [ -118.29148873385796, 34.15571552794264 ], [ -118.287890683267207, 34.155676060735829 ], [ -118.285345704774087, 34.15620968660005 ], [ -118.282663601190094, 34.156767623377576 ], [ -118.28052347839693, 34.156317833345163 ], [ -118.279906670230616, 34.155720225184538 ], [ -118.279274829290756, 34.155072499010082 ], [ -118.278959594849141, 34.153220468559212 ], [ -118.275583209433819, 34.15321035035015 ], [ -118.274480482542614, 34.151071916682938 ], [ -118.27242647704719, 34.147071184349358 ], [ -118.270756884998718, 34.143842742262606 ], [ -118.268826301374361, 34.140087265711301 ], [ -118.266997331899077, 34.136535564183156 ], [ -118.264849293867357, 34.132354584453559 ], [ -118.263449526345099, 34.129629344223581 ], [ -118.262832972102387, 34.128485508057878 ], [ -118.262354651452654, 34.127688975558314 ], [ -118.261891897791912, 34.126965582184113 ], [ -118.261818384867709, 34.126850661688195 ], [ -118.261312185581829, 34.126114296121486 ], [ -118.260638536597895, 34.125186281238776 ], [ -118.25994359244055, 34.124312235437436 ], [ -118.259233888204491, 34.123468100453039 ], [ -118.258713364607331, 34.122893535811691 ], [ -118.258068632919887, 34.122217562090157 ], [ -118.257324568362534, 34.121469664875264 ], [ -118.257233440389527, 34.12138456126165 ], [ -118.256600562397367, 34.120793509571747 ], [ -118.255805478564909, 34.1200996383674 ], [ -118.254967328061113, 34.119363948707637 ], [ -118.254256797479641, 34.118760912210462 ], [ -118.254161230931075, 34.118842176313969 ], [ -118.254149100255063, 34.11885072040382 ], [ -118.253538119934035, 34.119281084426333 ], [ -118.252568818752223, 34.119962525906622 ], [ -118.251142886136336, 34.120972937293573 ], [ -118.253601523749225, 34.12330040771397 ], [ -118.253266270263168, 34.124428426615097 ], [ -118.252847880281365, 34.124291222083322 ], [ -118.252528659029906, 34.124333824254443 ], [ -118.251341795344118, 34.124492210128885 ], [ -118.243760119710615, 34.125521361169469 ], [ -118.242440607867536, 34.125697818831675 ], [ -118.240242573587281, 34.126014091060462 ], [ -118.238744504508631, 34.12622702358054 ], [ -118.238404526442224, 34.126275344231964 ], [ -118.235218872663367, 34.126725367694995 ], [ -118.235264409516901, 34.127642726012532 ], [ -118.235944794894806, 34.128708949167283 ], [ -118.236142983199997, 34.129853739800744 ], [ -118.23642034459904, 34.131533524000595 ], [ -118.236430404512291, 34.131585370379781 ], [ -118.236519494245329, 34.132123436130406 ], [ -118.236540738005488, 34.132624194873003 ], [ -118.236553005405597, 34.132872167089076 ], [ -118.236509258299193, 34.133177266330378 ], [ -118.236460770846477, 34.133558972626041 ], [ -118.236420641350136, 34.133975010941512 ], [ -118.236386255928991, 34.134085336499751 ], [ -118.236260196637204, 34.134497420969559 ], [ -118.233753716577752, 34.134503667861594 ], [ -118.233731256327403, 34.134743807381852 ], [ -118.233670763352336, 34.13556416550076 ], [ -118.231818577510879, 34.135577005768937 ], [ -118.229730128022396, 34.135595075670956 ], [ -118.229724685555794, 34.135595118469205 ], [ -118.227937427883262, 34.135609117338348 ], [ -118.227919546752247, 34.136928818456198 ], [ -118.227909410649943, 34.138059244533238 ], [ -118.229156990246253, 34.138081616808833 ], [ -118.229133263950402, 34.139070553478149 ], [ -118.228792884421381, 34.13907291558985 ], [ -118.22877999828907, 34.142212731917944 ], [ -118.228761112716015, 34.143161128336253 ], [ -118.228760350309713, 34.145901106767631 ], [ -118.228612980145087, 34.145792500248234 ], [ -118.228567529487862, 34.145871963413022 ], [ -118.228231423734485, 34.14645958165336 ], [ -118.228681654895951, 34.146733174466448 ], [ -118.228591177703677, 34.146883792408161 ], [ -118.228076820062995, 34.146728134312966 ], [ -118.227448376990623, 34.147763207380741 ], [ -118.227005120121348, 34.147624241642148 ], [ -118.227006032607164, 34.147960168044612 ], [ -118.22699806479676, 34.148068723905041 ], [ -118.226986877736749, 34.148208887226112 ], [ -118.226962659729907, 34.148418801332603 ], [ -118.226933456003138, 34.148618421178853 ], [ -118.226229342448207, 34.14979239648482 ], [ -118.224980515220295, 34.149371210329008 ], [ -118.224245020320154, 34.149333076107339 ], [ -118.223531019551899, 34.149298332512821 ], [ -118.222458394305775, 34.149256688462273 ], [ -118.221984704893572, 34.148859116983452 ], [ -118.220709822584141, 34.148570519376818 ], [ -118.219438161971183, 34.148247211534105 ], [ -118.219138769664667, 34.147509262601815 ], [ -118.216767467151229, 34.147538611857854 ], [ -118.216141987695721, 34.147220634379963 ], [ -118.213051882269056, 34.147264590482287 ], [ -118.211607360645459, 34.147179538199971 ], [ -118.210957147287786, 34.146218918265731 ], [ -118.209888331747621, 34.146359889469274 ], [ -118.209864553935887, 34.146363002267343 ], [ -118.208776558804246, 34.146505391598367 ], [ -118.207725753302782, 34.147246722997004 ], [ -118.206370937841385, 34.147349684865333 ], [ -118.205435793870791, 34.147424783035206 ], [ -118.204235672412139, 34.149295371293377 ], [ -118.203573960363457, 34.149691837939756 ], [ -118.202682209389778, 34.150635857249448 ], [ -118.198902320161693, 34.151155643789082 ], [ -118.198192843666916, 34.151637343451384 ], [ -118.198192221564923, 34.149981406090873 ], [ -118.198189988750499, 34.149039919230347 ], [ -118.183763234860379, 34.149076103846816 ], [ -118.184176997755529, 34.146359887809169 ], [ -118.184545009219704, 34.14538623591266 ], [ -118.18230561441402, 34.143744344782583 ], [ -118.182334808374762, 34.143492182949487 ], [ -118.182063429659394, 34.143318789289296 ], [ -118.182095880419581, 34.143044296183724 ], [ -118.181465193125973, 34.142534483645186 ], [ -118.181044432114518, 34.142052175795378 ], [ -118.180840199691545, 34.141597364942911 ], [ -118.180751956037611, 34.1412893913188 ], [ -118.180405954674995, 34.140989015720599 ], [ -118.180527808994597, 34.140792704739965 ], [ -118.181243361862727, 34.140823234539809 ], [ -118.181917236237197, 34.140684141983755 ], [ -118.182479984849252, 34.140355609670337 ], [ -118.182857652954311, 34.140022546063399 ], [ -118.183248375803046, 34.139615956017394 ], [ -118.184090835342374, 34.139502700404279 ], [ -118.184697283912186, 34.139515858184332 ], [ -118.185293208110735, 34.139253211797353 ], [ -118.185682352126946, 34.138887147341386 ], [ -118.185371587961811, 34.138832323435807 ], [ -118.185466938586302, 34.138613377289623 ], [ -118.185518069732026, 34.138572080811095 ], [ -118.185530176130783, 34.137326588360146 ], [ -118.185873828723643, 34.137312321099429 ], [ -118.185871316010633, 34.136182422043163 ], [ -118.185871298087505, 34.136174362379485 ], [ -118.185215102714267, 34.136070607119755 ], [ -118.185535930789925, 34.134708543905575 ], [ -118.186098859341158, 34.133743174269476 ], [ -118.184159124426571, 34.132249584930527 ], [ -118.182821872319138, 34.131219101880966 ], [ -118.182831805188684, 34.129717373729044 ], [ -118.182762307546412, 34.129579962856909 ], [ -118.182564651706102, 34.129189155657215 ], [ -118.181314648898294, 34.129506012378386 ], [ -118.181430793987644, 34.128210902976477 ], [ -118.180887489386734, 34.128327127694355 ], [ -118.180722928724421, 34.127865387793747 ], [ -118.180192751097067, 34.126406372285523 ], [ -118.178577664991437, 34.126723744449961 ], [ -118.177678738864898, 34.126641259292036 ], [ -118.177798075557789, 34.126822099536142 ], [ -118.176540330379012, 34.126593809295798 ], [ -118.176757458943669, 34.12458136203086 ], [ -118.176874068236003, 34.123475516799417 ], [ -118.176794732344746, 34.123457771742146 ], [ -118.176833679508846, 34.123125908973954 ], [ -118.174063884969016, 34.124248656640219 ], [ -118.172807713563202, 34.124757441460176 ], [ -118.17278641377915, 34.12484368712466 ], [ -118.172540543516462, 34.125784154002382 ], [ -118.172496167445743, 34.12589584942117 ], [ -118.172426970166228, 34.125988345169873 ], [ -118.172318102610703, 34.12607127990951 ], [ -118.172136525920394, 34.12614676239189 ], [ -118.172058902811671, 34.126159238315452 ], [ -118.171888806008312, 34.126193141699524 ], [ -118.171712097850204, 34.126225680303463 ], [ -118.171591553499198, 34.126255047578312 ], [ -118.171431389338551, 34.126298897232964 ], [ -118.171272919336573, 34.126363353273604 ], [ -118.171195381718206, 34.126417733485752 ], [ -118.171154135742498, 34.126445957530919 ], [ -118.170941368471347, 34.126619375124513 ], [ -118.170804471036206, 34.126730857253065 ], [ -118.170735196828431, 34.126786942908552 ], [ -118.170641170314425, 34.126857489771211 ], [ -118.170523961131266, 34.126902651504039 ], [ -118.170411686136688, 34.126936471216894 ], [ -118.170297705755985, 34.126944188496132 ], [ -118.1701919628414, 34.126940559119774 ], [ -118.170132479091649, 34.126936864546167 ], [ -118.169828358076572, 34.126872717375768 ], [ -118.169682864197995, 34.126819681803404 ], [ -118.169608462081911, 34.126791620599384 ], [ -118.169575390619727, 34.126777240703241 ], [ -118.169436432010883, 34.126688473401614 ], [ -118.169203189320484, 34.126542818835226 ], [ -118.169079157784111, 34.126481852374845 ], [ -118.168922103422929, 34.126430892959796 ], [ -118.168811359128497, 34.12640459946828 ], [ -118.168313838052271, 34.126287478540327 ], [ -118.168067454864854, 34.126178250217144 ], [ -118.167794637016186, 34.126068713709103 ], [ -118.167464039672282, 34.125980210037284 ], [ -118.167216025937847, 34.125881286739997 ], [ -118.167123526644744, 34.125890345240165 ], [ -118.16679667107735, 34.126020976909182 ], [ -118.166494577876009, 34.126141956053644 ], [ -118.166273264787975, 34.126176953422664 ], [ -118.16614594539034, 34.126122857243708 ], [ -118.166030194239966, 34.126070463358658 ], [ -118.165977226241637, 34.126019700580777 ], [ -118.165935755462201, 34.125934917151099 ], [ -118.16589596957823, 34.125866618592461 ], [ -118.165844485562033, 34.125731013349672 ], [ -118.165817862722861, 34.125635560623174 ], [ -118.165794561829046, 34.125549034801161 ], [ -118.166052120666464, 34.125464871309113 ], [ -118.166634922497266, 34.125271031618787 ], [ -118.167597465361254, 34.124959534446702 ], [ -118.167872819496381, 34.124689173552717 ], [ -118.168260306498198, 34.124315954477439 ], [ -118.168456093685151, 34.12391414980079 ], [ -118.168000136321993, 34.123919936686171 ], [ -118.168061162156803, 34.123870045868749 ], [ -118.168039808163456, 34.123109259207943 ], [ -118.167831812215525, 34.122367279073401 ], [ -118.167477394958325, 34.121101688727556 ], [ -118.167941703295554, 34.120326488814847 ], [ -118.168890766924193, 34.119915733370014 ], [ -118.168995347963971, 34.119348494543615 ], [ -118.168833735077527, 34.118669653159969 ], [ -118.168870435156819, 34.117838663665822 ], [ -118.169750354413623, 34.116935492690693 ], [ -118.171329550753953, 34.115302745790409 ], [ -118.171467938353217, 34.115121877350845 ], [ -118.172482777605723, 34.113801798446993 ], [ -118.173167594088383, 34.113461113307409 ], [ -118.173804536632787, 34.113137324723013 ], [ -118.175466261227086, 34.113120840595194 ], [ -118.175625464721435, 34.112632175301322 ], [ -118.176073066220624, 34.112489497731566 ], [ -118.177038210524373, 34.112832769035194 ], [ -118.177172843644414, 34.112880647659161 ], [ -118.177522900476731, 34.112641796251211 ], [ -118.177881051313662, 34.11235530043767 ], [ -118.178269120442678, 34.112081194244759 ], [ -118.178491890949076, 34.111935344827614 ], [ -118.178751005687545, 34.111806537875594 ], [ -118.179158209384426, 34.111615867844293 ], [ -118.179417344153379, 34.111497333276724 ], [ -118.179657855615773, 34.111407733425089 ], [ -118.180003578840896, 34.111275571121205 ], [ -118.180344981362836, 34.111182908535525 ], [ -118.180399134161519, 34.111176777535114 ], [ -118.180577681764817, 34.111156564498216 ], [ -118.180843211140157, 34.111140756663687 ], [ -118.181152118450299, 34.111156834381042 ], [ -118.18129413875279, 34.111181177299947 ], [ -118.181473316905993, 34.111216866819703 ], [ -118.181732861378464, 34.111288394601935 ], [ -118.181992426488947, 34.11137019474004 ], [ -118.182227256211675, 34.111436621756994 ], [ -118.182406446517817, 34.111477446799157 ], [ -118.182610319057545, 34.111507961337551 ], [ -118.182842056272506, 34.111527291356374 ], [ -118.183098225886042, 34.111512360001711 ], [ -118.183308139462397, 34.11148121933482 ], [ -118.183530325646146, 34.111414102107851 ], [ -118.183672269603605, 34.111367653246923 ], [ -118.183813187070186, 34.111302016696527 ], [ -118.183956066628014, 34.111233660682416 ], [ -118.184067074356236, 34.111161574733408 ], [ -118.184196552768782, 34.111063775015083 ], [ -118.184325974252914, 34.11094029063112 ], [ -118.184455338687528, 34.110791120680588 ], [ -118.184529221523675, 34.110688268529735 ], [ -118.184621519181491, 34.110534018975052 ], [ -118.184701452529339, 34.110374651325962 ], [ -118.184750519222575, 34.110220466839138 ], [ -118.184774983843937, 34.110112553157869 ], [ -118.184805601434178, 34.109994356217115 ], [ -118.184823890187957, 34.109886452872502 ], [ -118.184842156177183, 34.109768273911982 ], [ -118.184866598915505, 34.109650086401608 ], [ -118.184884842076229, 34.109521634526729 ], [ -118.184896920845077, 34.10939832900408 ], [ -118.184921362313972, 34.109280141485613 ], [ -118.184958155071186, 34.10916193505868 ], [ -118.184988807234987, 34.109059148788567 ], [ -118.185031798198494, 34.108951206696076 ], [ -118.18507482316339, 34.108858675303821 ], [ -118.185124002020785, 34.108755861525715 ], [ -118.185179355312513, 34.108653037364611 ], [ -118.185253247834197, 34.108555321681109 ], [ -118.186356337761779, 34.107508696410676 ], [ -118.186482860847164, 34.10738655115685 ], [ -118.186676596143286, 34.107198382929766 ], [ -118.186834758519751, 34.107049821355524 ], [ -118.186996903749787, 34.106911141400253 ], [ -118.187139296643323, 34.106798857987208 ], [ -118.188587179240756, 34.105764976353214 ], [ -118.189631529007357, 34.105018458477986 ], [ -118.189999409347791, 34.104750909391569 ], [ -118.190691709166558, 34.104271906584501 ], [ -118.190924789338396, 34.104097538591297 ], [ -118.19110181485236, 34.103978136791582 ], [ -118.191299232096242, 34.103830339391955 ], [ -118.191489868586416, 34.103699569709661 ], [ -118.191653293417417, 34.103597205947992 ], [ -118.191803078739952, 34.103494863616 ], [ -118.191959657736533, 34.10338116454124 ], [ -118.192129900364719, 34.103278789303097 ], [ -118.192307098224632, 34.103191058039563 ], [ -118.192313806641508, 34.103187736942047 ], [ -118.192524988436659, 34.103096640845848 ], [ -118.192743014895029, 34.103016878325313 ], [ -118.193008787881368, 34.102942711586067 ], [ -118.193192823522125, 34.102908381994098 ], [ -118.193390496936757, 34.102874031197153 ], [ -118.19359501541426, 34.10285101397303 ], [ -118.193772271093792, 34.10283371255656 ], [ -118.193929095058095, 34.102827788536224 ], [ -118.194256435713456, 34.102838607599182 ], [ -118.19457695641043, 34.102849436757872 ], [ -118.194877046750562, 34.102871642881013 ], [ -118.195088477498246, 34.102888319002439 ], [ -118.195763655319411, 34.102926934953729 ], [ -118.196022831365568, 34.10294920451085 ], [ -118.196377448639396, 34.102959973576738 ], [ -118.196534272655882, 34.102954046175221 ], [ -118.196732012620018, 34.102948051961128 ], [ -118.196922892428319, 34.102925051307729 ], [ -118.197079649489936, 34.102890760246112 ], [ -118.197304570334111, 34.102845013735987 ], [ -118.197515827305608, 34.102787943377166 ], [ -118.197713431593826, 34.102725222556614 ], [ -118.197842885332093, 34.102679631213348 ], [ -118.199232606904104, 34.102107261169493 ], [ -118.199491484684472, 34.102004729368353 ], [ -118.199695850336354, 34.101919304410714 ], [ -118.199934243217271, 34.101805460648571 ], [ -118.20011809702774, 34.101697379185552 ], [ -118.20031556089431, 34.101577929114733 ], [ -118.200485735218024, 34.101452852472455 ], [ -118.200676269153604, 34.101288032951416 ], [ -118.200708324953553, 34.101255079242591 ], [ -118.200853124912356, 34.101106219472449 ], [ -118.201111670171869, 34.100867544576012 ], [ -118.201404253191058, 34.100606122667358 ], [ -118.201689988262572, 34.100333366616255 ], [ -118.201934944987158, 34.100117402365598 ], [ -118.202105017942969, 34.09995261568406 ], [ -118.202241092720811, 34.099827592696528 ], [ -118.202431593114568, 34.099651426498404 ], [ -118.20259489934935, 34.099509340190863 ], [ -118.202751373686922, 34.099361593596093 ], [ -118.202866989462152, 34.099236604231614 ], [ -118.202975786240586, 34.099111627113224 ], [ -118.204987909371724, 34.096102399434535 ], [ -118.205444573969231, 34.095419399417636 ], [ -118.205546763332379, 34.095266560397683 ], [ -118.205792853246081, 34.094898494551792 ], [ -118.20589413984878, 34.094766825619452 ], [ -118.20598406623688, 34.094606997725769 ], [ -118.206062656614165, 34.094428403903933 ], [ -118.206085238491639, 34.09435532246728 ], [ -118.206141061425726, 34.094174668664088 ], [ -118.206219465763667, 34.093920934277129 ], [ -118.206263906971074, 34.093629686534975 ], [ -118.20627436217589, 34.093291533369012 ], [ -118.206284076965929, 34.092652818354154 ], [ -118.206294973288308, 34.092493125144664 ], [ -118.206317042796627, 34.092286449418694 ], [ -118.206384293776182, 34.092089089566485 ], [ -118.206440278588929, 34.091901140173391 ], [ -118.206530084870394, 34.0916943495533 ], [ -118.206698755377005, 34.09142167443801 ], [ -118.206912421089541, 34.091083174309446 ], [ -118.207081112376002, 34.090819891674194 ], [ -118.207227293634659, 34.090584824755666 ], [ -118.207362230745076, 34.090368563055364 ], [ -118.207485971573661, 34.090189890820419 ], [ -118.20760968855511, 34.090001825452568 ], [ -118.207722161804512, 34.089832564483999 ], [ -118.207857237574615, 34.089672657573679 ], [ -118.207969779954027, 34.089531574496554 ], [ -118.208138675168883, 34.08935282295554 ], [ -118.208285038035555, 34.089192896121091 ], [ -118.208453931894852, 34.089014145043173 ], [ -118.208634185030036, 34.088863551451844 ], [ -118.208870741948871, 34.08865650558517 ], [ -118.210402857270765, 34.087376448502972 ], [ -118.210752154028285, 34.087112846071236 ], [ -118.21116922937162, 34.086867909367456 ], [ -118.211575226724307, 34.086707524440556 ], [ -118.211992630956971, 34.086594081564186 ], [ -118.212398816234156, 34.086508834307381 ], [ -118.212735732745941, 34.086468182888126 ], [ -118.212793807984141, 34.086461175786184 ], [ -118.213177534935198, 34.086422928898145 ], [ -118.213448444075581, 34.086413058411473 ], [ -118.213843481724197, 34.086384181568882 ], [ -118.214159474896064, 34.086346050534239 ], [ -118.214486682710955, 34.086279722324797 ], [ -118.214734893022595, 34.086222925815171 ], [ -118.215005656448085, 34.086156695611784 ], [ -118.215276395268646, 34.086081072698775 ], [ -118.215671213806644, 34.085967656443948 ], [ -118.215941975664137, 34.085901424142712 ], [ -118.216212688530604, 34.085816407029441 ], [ -118.216460871981397, 34.085750213068984 ], [ -118.217385868544355, 34.085485559439313 ], [ -118.217904784141695, 34.085343734268427 ], [ -118.21817549320761, 34.08525871275863 ], [ -118.218457416240014, 34.085145491220167 ], [ -118.218739364159546, 34.085041662025738 ], [ -118.219009973012263, 34.084919067535047 ], [ -118.219212947865913, 34.084834165570776 ], [ -118.219415871940626, 34.084730478162882 ], [ -118.219607532127739, 34.084636203937848 ], [ -118.219765326687309, 34.084541991019371 ], [ -118.220013281167198, 34.084391257244938 ], [ -118.221692493803687, 34.083336212897443 ], [ -118.221985495098025, 34.083147822005955 ], [ -118.222391080100635, 34.082846512033626 ], [ -118.222650162580791, 34.082639395868746 ], [ -118.222830476514176, 34.082526352239867 ], [ -118.223112208642718, 34.082347372445561 ], [ -118.223393940646588, 34.082168391091969 ], [ -118.22379966554324, 34.081923432608995 ], [ -118.223900117637982, 34.081856690970518 ], [ -118.224239127263658, 34.08163144580503 ], [ -118.224633509014211, 34.081367719476717 ], [ -118.22509541473012, 34.081028724380559 ], [ -118.225534664604609, 34.080661592475757 ], [ -118.226142875686278, 34.080162646433884 ], [ -118.226475580948616, 34.079905854114457 ], [ -118.227483861721183, 34.07907826120951 ], [ -118.228183388369104, 34.07856035129803 ], [ -118.228493185558619, 34.078334798659156 ], [ -118.228733002545539, 34.078151038384554 ], [ -118.230591263502205, 34.076622730480118 ], [ -118.230961299245067, 34.076302753691991 ], [ -118.231466432721049, 34.075861285449029 ], [ -118.231560201056055, 34.075779334205649 ], [ -118.231999570038795, 34.075345220958752 ], [ -118.232608620173465, 34.074719142030069 ], [ -118.233251730792333, 34.074087007198294 ], [ -118.233347547862508, 34.073992824052688 ], [ -118.23398649897581, 34.073325019778061 ], [ -118.234415619890541, 34.072815928279546 ], [ -118.234575237686187, 34.072607316171585 ], [ -118.234724771088537, 34.072373726713103 ], [ -118.234884223488464, 34.072106789100673 ], [ -118.235013614555143, 34.071831577826458 ], [ -118.235112918961107, 34.071539761092239 ], [ -118.23519236328643, 34.071306307465882 ], [ -118.235321610376474, 34.070981103577047 ], [ -118.235420937231197, 34.070697618497 ], [ -118.23548033108375, 34.070455871819576 ], [ -118.235530017474787, 34.070322461125997 ], [ -118.235579656776849, 34.070172386615297 ], [ -118.235629342841122, 34.070038975882468 ], [ -118.235709018001941, 34.069888842722193 ], [ -118.235838683736645, 34.069713615177314 ], [ -118.236058130148606, 34.069421563040059 ], [ -118.236387591215973, 34.069087634623422 ], [ -118.236687224951751, 34.068828752159902 ], [ -118.237046930463308, 34.068569751974145 ], [ -118.237396644430689, 34.068319102298311 ], [ -118.237716415462188, 34.068101838319997 ], [ -118.237886321877824, 34.067997352699784 ], [ -118.23791068906695, 34.067984552557739 ], [ -118.238559432478723, 34.068247511539909 ], [ -118.23921044073478, 34.068432392729378 ], [ -118.239324396032288, 34.06844556283091 ], [ -118.239342559487469, 34.068446557289434 ], [ -118.239375572693675, 34.068444430968299 ], [ -118.23940691429911, 34.068435094806055 ], [ -118.239474492336612, 34.068396147249018 ], [ -118.23953713515543, 34.068363392137698 ], [ -118.239814149709318, 34.068242278975838 ], [ -118.240209258763173, 34.068426288665322 ], [ -118.240278705418234, 34.068463246710103 ], [ -118.240331631717353, 34.068496459273518 ], [ -118.240356450341338, 34.068515301459357 ], [ -118.240376324002142, 34.068536901346349 ], [ -118.240389688699992, 34.06859114508098 ], [ -118.240386829979329, 34.068745374691701 ], [ -118.240403250291294, 34.069288734119134 ], [ -118.240548725453209, 34.069354393248844 ], [ -118.24416419709793, 34.070987273656293 ], [ -118.244517982179104, 34.071146965537807 ], [ -118.24463370544855, 34.071198940662697 ], [ -118.244678334945306, 34.071216711391848 ], [ -118.244770884033471, 34.071247780852204 ], [ -118.244881588198666, 34.07127709602031 ], [ -118.244946008801648, 34.071287613378374 ], [ -118.244995547180977, 34.071290260775129 ], [ -118.245096254831381, 34.071288682534551 ], [ -118.245162276145862, 34.071282022369296 ], [ -118.245208471223762, 34.071270593653459 ], [ -118.245252998158136, 34.071253329092585 ], [ -118.245309046964124, 34.071223675720866 ], [ -118.245363433562531, 34.07119059086763 ], [ -118.245402981195809, 34.071164405802847 ], [ -118.245477064901223, 34.071092123793917 ], [ -118.24563193075447, 34.070979832537006 ], [ -118.245665047695496, 34.071012739573504 ], [ -118.246269338430665, 34.071579632051417 ], [ -118.246575683816374, 34.071886424551685 ], [ -118.246615433939226, 34.071928936221092 ], [ -118.2468408532918, 34.072149634792858 ], [ -118.246919808650588, 34.072237418645905 ], [ -118.246964757552178, 34.072295135610695 ], [ -118.246998372794863, 34.07234271548338 ], [ -118.247041177434525, 34.072412034998543 ], [ -118.247647857329213, 34.072420297524367 ], [ -118.248773195086301, 34.072435615411315 ], [ -118.24886944965543, 34.072601663023505 ], [ -118.24891090240294, 34.072661000211575 ], [ -118.248995407991217, 34.072762497084923 ], [ -118.249247182887231, 34.073035734874537 ], [ -118.249293577996809, 34.073091283419082 ], [ -118.249441015870943, 34.07325688145572 ], [ -118.249652984880683, 34.073468717100937 ], [ -118.249763910105415, 34.073570502319654 ], [ -118.249821841710371, 34.073618813660318 ], [ -118.249859891944354, 34.073644152720732 ], [ -118.24991611717914, 34.073673919449469 ], [ -118.250005591577263, 34.073716090020149 ], [ -118.250016974424085, 34.073721455812013 ], [ -118.250091363474752, 34.073751871828833 ], [ -118.25016903626431, 34.073775754816964 ], [ -118.250235123875058, 34.073790731190691 ], [ -118.250345820984435, 34.073815919580056 ], [ -118.250423484595942, 34.073837054557636 ], [ -118.250482987598204, 34.073858570629206 ], [ -118.250557376940321, 34.073888986359258 ], [ -118.250749160714179, 34.073975146179862 ], [ -118.251641897749693, 34.074359365797228 ], [ -118.251724276624699, 34.074301145475729 ], [ -118.251760527800926, 34.074277026094286 ], [ -118.251801723941384, 34.074249805044225 ], [ -118.251842931381887, 34.074226705756075 ], [ -118.251872610281879, 34.074213248025671 ], [ -118.251945176596976, 34.074186304993702 ], [ -118.252026375953776, 34.074284715310121 ], [ -118.252056187332343, 34.074315223120529 ], [ -118.252079362358387, 34.074335096790762 ], [ -118.252163762683963, 34.07439983897234 ], [ -118.252256404004982, 34.074459755119435 ], [ -118.252430089134748, 34.074565872106156 ], [ -118.252564059606172, 34.074642876709873 ], [ -118.252802201907826, 34.074770497823387 ], [ -118.253141198197213, 34.074942903471467 ], [ -118.253263475426436, 34.074995825769612 ], [ -118.25346027876833, 34.075081002532087 ], [ -118.254356349555195, 34.075467598642852 ], [ -118.255247469071875, 34.07585179511053 ], [ -118.255683939277091, 34.076040132261767 ], [ -118.255870765202502, 34.076121829190264 ], [ -118.256232842526813, 34.076279064035596 ], [ -118.257170285529156, 34.076687878900579 ], [ -118.257342233175194, 34.076762392084987 ], [ -118.258395419766188, 34.077220412449883 ], [ -118.259362639478553, 34.077640481615902 ], [ -118.259605688021779, 34.077746439383048 ], [ -118.259772687648351, 34.077821647622294 ], [ -118.259914899127764, 34.077889694916287 ], [ -118.26000253237649, 34.07792900692148 ], [ -118.260076926664169, 34.0779587298316 ], [ -118.260199244747085, 34.07800140184758 ], [ -118.260263702381266, 34.078021528510405 ], [ -118.260343018201681, 34.07804093615065 ], [ -118.260440482739838, 34.078055839327206 ], [ -118.260481772050582, 34.078058841651263 ], [ -118.260526370058315, 34.078064241209326 ], [ -118.260570958441136, 34.078066549420861 ], [ -118.260620493837479, 34.078066786042328 ], [ -118.260884634054449, 34.078052476536669 ], [ -118.261676800572005, 34.077927796045785 ], [ -118.261812127507483, 34.077906206846684 ], [ -118.263473931603443, 34.077617501527072 ], [ -118.263807282160272, 34.077559755736019 ], [ -118.264099379964634, 34.077510686308536 ], [ -118.264360144996616, 34.077473706669657 ], [ -118.264538373861654, 34.077443776913853 ], [ -118.264686923543294, 34.077426964301907 ], [ -118.264767808323185, 34.077420260856918 ], [ -118.264918053647946, 34.077417183582256 ], [ -118.264952730667261, 34.077418137978064 ], [ -118.265033642627102, 34.07742002138184 ], [ -118.265116217697823, 34.077425679399425 ], [ -118.265182286910076, 34.077433091013823 ], [ -118.265230194775128, 34.077440885953216 ], [ -118.26527811027492, 34.077451085241051 ], [ -118.265306203485594, 34.07745858017946 ], [ -118.26534090776164, 34.077467778007112 ], [ -118.265418591631899, 34.077493025119352 ], [ -118.265537620396415, 34.077539133795405 ], [ -118.265625259192916, 34.077579472164111 ], [ -118.265721195216088, 34.077632844589949 ], [ -118.265784079162344, 34.07767701561351 ], [ -118.265898326408376, 34.077776718778793 ], [ -118.265948036392217, 34.077831910186433 ], [ -118.265979530375134, 34.077870310994143 ], [ -118.265994447437819, 34.077888139288554 ], [ -118.26603586360558, 34.077931327001522 ], [ -118.266116987005617, 34.077999501525966 ], [ -118.266272588068489, 34.078122812689784 ], [ -118.266348717937248, 34.078178289178176 ], [ -118.266371888681178, 34.078195413162192 ], [ -118.266464539995525, 34.078253601013373 ], [ -118.266730815103585, 34.078391093714707 ], [ -118.26864418343331, 34.07931563493684 ], [ -118.268970050160505, 34.079497299558817 ], [ -118.269046138876547, 34.079539036009272 ], [ -118.269271079876191, 34.079656693144194 ], [ -118.269491079066725, 34.079778139205771 ], [ -118.269570497221537, 34.079828110603188 ], [ -118.269646621971006, 34.079880837168382 ], [ -118.269747594262384, 34.079957895535074 ], [ -118.269878355663138, 34.08005618415141 ], [ -118.270005843828216, 34.080163409613952 ], [ -118.270072090877022, 34.080225088562671 ], [ -118.270292422379626, 34.080448204461973 ], [ -118.270357040879176, 34.08051675657093 ], [ -118.270547581288099, 34.0807182983148 ], [ -118.270804445290622, 34.081004188958183 ], [ -118.27090716691751, 34.081111125512855 ], [ -118.271061195303787, 34.081254699609545 ], [ -118.271231755253126, 34.081404076517842 ], [ -118.271476800957743, 34.081608585774845 ], [ -118.271634061159929, 34.081729825452868 ], [ -118.272037890711573, 34.082015382950402 ], [ -118.272658578001227, 34.082467382874697 ], [ -118.272819110384276, 34.082578309128223 ], [ -118.272968062090186, 34.082682048182264 ], [ -118.273148431456207, 34.082799456266073 ], [ -118.27318649629899, 34.082825818430386 ], [ -118.273257684685177, 34.08288233222013 ], [ -118.273304049571038, 34.082922071433607 ], [ -118.273315641921855, 34.082932349715293 ], [ -118.27346967888019, 34.08307592074879 ], [ -118.273534281796358, 34.083138289407479 ], [ -118.273617124913685, 34.083223972704666 ], [ -118.273695408544413, 34.083316194267489 ], [ -118.273748079219132, 34.083378243657918 ], [ -118.2737978089569, 34.083436866658033 ], [ -118.273898949140403, 34.08356303936128 ], [ -118.273958664250188, 34.083645340927816 ], [ -118.274151406493303, 34.08400968329493 ], [ -118.27426115227297, 34.084241973515674 ], [ -118.274508902221541, 34.084762819876765 ], [ -118.274651904527758, 34.085064417878279 ], [ -118.274813205256862, 34.08540684864775 ], [ -118.275817274825414, 34.087504810769424 ], [ -118.276229888874326, 34.088365482942713 ], [ -118.276308036685407, 34.088527085064776 ], [ -118.276371223868509, 34.088658839181193 ], [ -118.276773641889804, 34.089500828797711 ], [ -118.276823520647724, 34.08960272918727 ], [ -118.276870050156845, 34.089690554399475 ], [ -118.276894946988378, 34.089728624035104 ], [ -118.276913224696472, 34.089762587032453 ], [ -118.276967974867219, 34.089839401886053 ], [ -118.276982897544968, 34.089857572312745 ], [ -118.277093943779505, 34.08997925530214 ], [ -118.277224872947514, 34.090120813723949 ], [ -118.277311019223092, 34.090203052118099 ], [ -118.277438535804805, 34.090311300221074 ], [ -118.277537859443228, 34.090383548066995 ], [ -118.277604055152182, 34.090425644484796 ], [ -118.27768677849707, 34.090471824685046 ], [ -118.277726480259801, 34.090492342451682 ], [ -118.277771143054792, 34.090514909701788 ], [ -118.27788692057635, 34.090568570407861 ], [ -118.277961332463278, 34.090598282317721 ], [ -118.278371371258004, 34.090745379744988 ], [ -118.278473900644116, 34.090788079836017 ], [ -118.278616156314811, 34.090858509516643 ], [ -118.27877497772387, 34.090944357576767 ], [ -118.278935457670357, 34.091031919018839 ], [ -118.279041364989922, 34.091096936374697 ], [ -118.279114211189622, 34.091152068992109 ], [ -118.279206952300683, 34.091230512487016 ], [ -118.279284806855969, 34.091301778066864 ], [ -118.279370959879984, 34.091385388922724 ], [ -118.279440574893727, 34.091461824810715 ], [ -118.279503598108917, 34.09154205423053 ], [ -118.279551677287955, 34.091598274332391 ], [ -118.27963453839979, 34.091684984874981 ], [ -118.279654426561748, 34.091706234836245 ], [ -118.279889721529301, 34.091943037269367 ], [ -118.280395058699327, 34.092435109166658 ], [ -118.280502752853323, 34.092539621741551 ], [ -118.280729041230174, 34.092551461577173 ], [ -118.28081161500225, 34.092551956651945 ], [ -118.280894172622965, 34.092547642934669 ], [ -118.281008083150596, 34.092536043082525 ], [ -118.281107118016109, 34.09252035592916 ], [ -118.281171481004179, 34.092507497258893 ], [ -118.281265526934874, 34.092481860555424 ], [ -118.281326561592493, 34.092461452907003 ], [ -118.281446962051646, 34.092415489148017 ], [ -118.281608575150486, 34.092347789735925 ], [ -118.281677827341184, 34.09231534082241 ], [ -118.281778384850654, 34.092261866349219 ], [ -118.281897038408061, 34.092187740542663 ], [ -118.28215572294269, 34.092012646018055 ], [ -118.283025620006541, 34.091403674549213 ], [ -118.283065164240568, 34.091377133653282 ], [ -118.283150846623386, 34.091320601530953 ], [ -118.283180505614325, 34.09130095344036 ], [ -118.283325527728053, 34.091211306746793 ], [ -118.283508508547456, 34.091115045519935 ], [ -118.283581060696804, 34.091082587769108 ], [ -118.283625580935364, 34.091062561201959 ], [ -118.283731145826593, 34.09102556056704 ], [ -118.28388788173514, 34.090981569935622 ], [ -118.284079298071802, 34.090938184528092 ], [ -118.284272390125508, 34.090902008034156 ], [ -118.284321909834674, 34.090895365315191 ], [ -118.284386300194583, 34.090890748476198 ], [ -118.284553078368575, 34.090886577464801 ], [ -118.284587781067458, 34.090893365402657 ], [ -118.284767722452628, 34.09087508025118 ], [ -118.284932845582787, 34.090869538681169 ], [ -118.285444774698661, 34.090866956330181 ], [ -118.285540556829162, 34.090867073478087 ], [ -118.28612680929659, 34.090867403911005 ], [ -118.28671636809301, 34.090868754104342 ], [ -118.287147390552079, 34.090869791354393 ], [ -118.287769978479744, 34.090871401384597 ], [ -118.288635325169878, 34.090873458941502 ], [ -118.28928598796567, 34.090874994084352 ], [ -118.28963278702922, 34.090875880621205 ], [ -118.291673191839379, 34.090872301696265 ], [ -118.291739977076929, 34.090872184620991 ], [ -118.291945356328384, 34.09087182193614 ], [ -118.292798526217368, 34.090870310832514 ], [ -118.293868635078425, 34.090868399652564 ], [ -118.294618372102804, 34.090867260665831 ], [ -118.294973418346942, 34.090865020405836 ], [ -118.295918757581504, 34.090863307277679 ], [ -118.296058389647499, 34.090863053542741 ], [ -118.29702773151638, 34.090852430684542 ], [ -118.297366264905023, 34.09085056747216 ], [ -118.297884796649228, 34.090847229189414 ], [ -118.298378557572704, 34.090844293343814 ], [ -118.299197641690668, 34.090839519814295 ], [ -118.299413971925929, 34.090838296918037 ], [ -118.299511404060027, 34.090837711932934 ], [ -118.300479106293537, 34.090830843770227 ], [ -118.300498223271561, 34.095231864866292 ], [ -118.300505134207967, 34.096695436772293 ], [ -118.300511933053357, 34.09812775107995 ], [ -118.300513773545973, 34.09863988214817 ], [ -118.30051809145823, 34.099381798813184 ], [ -118.300533919723406, 34.10162412907701 ], [ -118.300534915518639, 34.101765197595981 ], [ -118.300535988475986, 34.101937382338406 ], [ -118.300561178653993, 34.105395766706899 ], [ -118.301375465005677, 34.105395112508383 ], [ -118.302034499601675, 34.105396901881235 ], [ -118.303489663308241, 34.105401156053979 ], [ -118.30451371830047, 34.105401327616789 ], [ -118.305017441027204, 34.105388722191876 ], [ -118.305298204337618, 34.105381830447541 ], [ -118.305782109165577, 34.105369958871577 ], [ -118.306039748814072, 34.105363123916838 ], [ -118.306194994087591, 34.105358952307284 ], [ -118.306756562936854, 34.105356497564884 ], [ -118.307105100418767, 34.105364542857025 ], [ -118.307136484883259, 34.105365150058489 ], [ -118.307698056094225, 34.10536303441895 ], [ -118.308165529930648, 34.1053748955473 ], [ -118.308325760561772, 34.105378952107472 ], [ -118.308621431802834, 34.105383693065079 ], [ -118.309260660259866, 34.105389271937767 ], [ -118.309261158272562, 34.10552391648455 ], [ -118.309282520926843, 34.106833913428552 ], [ -118.309288855906104, 34.107206922017234 ], [ -118.309290862118132, 34.1073027489903 ], [ -118.309297826042908, 34.107399251144209 ], [ -118.309297978517591, 34.107440468865086 ], [ -118.309293173282754, 34.107481012307026 ], [ -118.309283412872389, 34.107521568431331 ], [ -118.309258880947255, 34.107587580194853 ], [ -118.309239199990415, 34.107625413830135 ], [ -118.309214557485191, 34.107661542736956 ], [ -118.30915368999554, 34.107728334419932 ], [ -118.30913063692428, 34.107747628514367 ], [ -118.309104263877714, 34.107762465801407 ], [ -118.309058072616907, 34.107778040739198 ], [ -118.308964014198551, 34.107802668645625 ], [ -118.308439228256177, 34.107930068894959 ], [ -118.308201605705221, 34.107992502344281 ], [ -118.308046492133229, 34.10803342899932 ], [ -118.307888068615952, 34.108072646467008 ], [ -118.30782370155076, 34.10808654981912 ], [ -118.307877052865521, 34.108221059730454 ], [ -118.30790867241943, 34.108285210722201 ], [ -118.307928685569578, 34.108337370234572 ], [ -118.307938744019481, 34.108377532261095 ], [ -118.307945554659966, 34.108432815870671 ], [ -118.307945706469908, 34.108474033594597 ], [ -118.307942501660392, 34.108500833533611 ], [ -118.307932740475835, 34.108541389550069 ], [ -118.307914767362107, 34.108594675408291 ], [ -118.307886926754605, 34.10865966486989 ], [ -118.307847561812139, 34.108734988211886 ], [ -118.307647211532569, 34.109051848345324 ], [ -118.30756693136864, 34.109230321932522 ], [ -118.307532560311401, 34.109316280473479 ], [ -118.307521112962377, 34.109347566673051 ], [ -118.307449161789762, 34.109545253203564 ], [ -118.307424675815113, 34.109624316878737 ], [ -118.307347871146689, 34.109849838823564 ], [ -118.307307065483997, 34.109982871010523 ], [ -118.307274524881322, 34.110117600491158 ], [ -118.307251798904744, 34.110226199303717 ], [ -118.307227523324826, 34.110362624277649 ], [ -118.307217863807992, 34.110431002204642 ], [ -118.307208306504279, 34.110527202097117 ], [ -118.307203703274737, 34.110623046812471 ], [ -118.307205756399938, 34.110732269591743 ], [ -118.307210962919044, 34.110800609726262 ], [ -118.307231386442723, 34.110964399803244 ], [ -118.307263473600145, 34.111155639865878 ], [ -118.307287202173384, 34.111319765016418 ], [ -118.307360641326596, 34.111975635038412 ], [ -118.307425321091188, 34.112495163148637 ], [ -118.307437135192799, 34.112563486468524 ], [ -118.307457252646998, 34.11264381061298 ], [ -118.307472263076036, 34.112682929632641 ], [ -118.307492225208563, 34.112721005598374 ], [ -118.307523791842186, 34.11277038701305 ], [ -118.307552057386758, 34.112820464690948 ], [ -118.307563713690385, 34.112845852863749 ], [ -118.307572070133105, 34.112872279886922 ], [ -118.307583830070399, 34.112925833506658 ], [ -118.307590690130709, 34.112994512906219 ], [ -118.307594552353805, 34.113146323136817 ], [ -118.307601614642934, 34.113269960411507 ], [ -118.307602019040985, 34.113379874359332 ], [ -118.307597365553349, 34.113461978952813 ], [ -118.307587756528463, 34.113544096159316 ], [ -118.307563480533389, 34.11368052121432 ], [ -118.307552069244508, 34.1137217692741 ], [ -118.30754393131069, 34.11375476447769 ], [ -118.307539047789263, 34.113774355511005 ], [ -118.30751941766114, 34.113826615079191 ], [ -118.307431088836438, 34.113998559428374 ], [ -118.307443614093515, 34.113995525457604 ], [ -118.309177132131254, 34.113389555493576 ], [ -118.30918170622877, 34.127392681085809 ], [ -118.309182539885967, 34.129946981784848 ], [ -118.30929945741147, 34.134253411147711 ], [ -118.30932203571777, 34.135084986179862 ], [ -118.309688873834844, 34.148593671966587 ], [ -118.310751460841871, 34.152565707351641 ], [ -118.313335320419938, 34.152086234285342 ], [ -118.31346413464891, 34.152062199940055 ], [ -118.313791174781272, 34.152014637678029 ], [ -118.31419917374086, 34.151961710994911 ], [ -118.314473387794166, 34.151929397481652 ], [ -118.315291051868385, 34.151828000887924 ], [ -118.315552053352704, 34.151798123773645 ], [ -118.315781680166197, 34.151775197739042 ], [ -118.315963433473911, 34.151766135775368 ], [ -118.316130349531548, 34.151766386421556 ], [ -118.316246057372283, 34.151772953517003 ], [ -118.3164411549688, 34.151796486977481 ], [ -118.316603220002023, 34.151824915413911 ], [ -118.316763654897343, 34.15185953062916 ], [ -118.316857957262954, 34.151886762301828 ], [ -118.316947329245608, 34.151921220005207 ], [ -118.317064860688063, 34.151972778035322 ], [ -118.317207250203779, 34.152042132843171 ], [ -118.317376149679347, 34.15212962168674 ], [ -118.317667604622812, 34.1522854852984 ], [ -118.317879546092215, 34.152392095489773 ], [ -118.317907690117551, 34.152405073910934 ], [ -118.31800867580948, 34.152451179677428 ], [ -118.318084801826615, 34.152478801687693 ], [ -118.318131129875624, 34.152493106154964 ], [ -118.318241968460342, 34.152522354147997 ], [ -118.318337901116436, 34.152543397653496 ], [ -118.318450354719417, 34.152563023630961 ], [ -118.318566095271223, 34.152577832057133 ], [ -118.318828960216905, 34.1526029005203 ], [ -118.319303390180963, 34.152635310017111 ], [ -118.321744838009138, 34.152766918540671 ], [ -118.322915128087445, 34.152824595397142 ], [ -118.328097288883242, 34.150167866975224 ], [ -118.328120338484439, 34.150145820491595 ], [ -118.328387419652586, 34.149983657483681 ], [ -118.328782258492424, 34.149755517480237 ], [ -118.329029095920745, 34.150218976928414 ] ] ] } },
{ "type": "Feature", "properties": { "OBJECTID": 9, "APREC": "HOLLYWOOD", "PREC": 6, "AREA": 371835298.23000002, "PERIMETER": 115808.747099 }, "geometry": { "type": "Polygon", "coordinates": [ [ [ -118.346933402257321, 34.118304736653428 ], [ -118.346928360929638, 34.118284142037758 ], [ -118.346901871545143, 34.11827013519882 ], [ -118.346870437769724, 34.118258890423562 ], [ -118.346820838433871, 34.118249071710551 ], [ -118.346739872661274, 34.118244495244639 ], [ -118.346655621206068, 34.118244049966485 ], [ -118.346573033076709, 34.118246347738037 ], [ -118.346539987287557, 34.118244725073659 ], [ -118.346391236421894, 34.11822660332993 ], [ -118.346311871065652, 34.118209313053399 ], [ -118.346267203437094, 34.11819364074028 ], [ -118.34623906368239, 34.118179981969796 ], [ -118.346212564489221, 34.118163570614961 ], [ -118.346103180395417, 34.11807801181952 ], [ -118.34601528832205, 34.117996170629098 ], [ -118.345950684013587, 34.117953076495596 ], [ -118.345881145307374, 34.117915148721565 ], [ -118.345838109950677, 34.11789466279231 ], [ -118.345704069536367, 34.117838371299371 ], [ -118.345627976216178, 34.117813514550797 ], [ -118.345548611410038, 34.117796223773311 ], [ -118.345467614583754, 34.117783746395702 ], [ -118.345237879355878, 34.117755893646461 ], [ -118.345074227219996, 34.117729569217495 ], [ -118.344994855520838, 34.117710560672755 ], [ -118.344935292757398, 34.117688060692828 ], [ -118.344880647530402, 34.117656271660628 ], [ -118.344782882406037, 34.117583388357495 ], [ -118.344681737141713, 34.117491966439381 ], [ -118.344542415731823, 34.117356687230874 ], [ -118.344471145574047, 34.117299184954668 ], [ -118.344370087301414, 34.11722871510019 ], [ -118.344239231132136, 34.117142872326234 ], [ -118.34406196908256, 34.117020066083505 ], [ -118.343970869906002, 34.116961246025738 ], [ -118.343825133283644, 34.116872011212031 ], [ -118.343715850438414, 34.11680980784643 ], [ -118.343575132169249, 34.116735670887302 ], [ -118.343490706173057, 34.116692631796312 ], [ -118.343331821619444, 34.116619577542053 ], [ -118.343257364765236, 34.116590249356342 ], [ -118.343181272982534, 34.116565047584409 ], [ -118.342867034687316, 34.116474229081362 ], [ -118.342827116295027, 34.116465170111283 ], [ -118.342757906571947, 34.116449464249641 ], [ -118.342691798260162, 34.116441751576197 ], [ -118.342624064808618, 34.116440569683647 ], [ -118.342541500867526, 34.1164483603918 ], [ -118.342491987542587, 34.116459148746685 ], [ -118.342447458039842, 34.116476792653643 ], [ -118.342421092374451, 34.116492667657198 ], [ -118.34238486907995, 34.116521966486737 ], [ -118.34236348300071, 34.116543666610291 ], [ -118.342327329664599, 34.116589795975557 ], [ -118.342307658741788, 34.116626948043297 ], [ -118.342297854213413, 34.116653080652121 ], [ -118.342273522864943, 34.116762377705427 ], [ -118.342267141652286, 34.116817697719348 ], [ -118.342265602243899, 34.116845180856785 ], [ -118.342267422896597, 34.116886393867233 ], [ -118.342275903213363, 34.116940296951441 ], [ -118.342292640273484, 34.116993489680588 ], [ -118.342327724174496, 34.117089566030735 ], [ -118.34241404245239, 34.117191336460998 ], [ -118.342453865646632, 34.117234503601289 ], [ -118.342475422136133, 34.117254364630924 ], [ -118.342511879640156, 34.11728242706036 ], [ -118.342604628972083, 34.117341243538569 ], [ -118.342692439579253, 34.117404195767087 ], [ -118.342944349610065, 34.117603045825597 ], [ -118.343025576696363, 34.11767151315297 ], [ -118.343106871902592, 34.117756810083627 ], [ -118.343224705654237, 34.117889747576754 ], [ -118.34349361050252, 34.11820361652746 ], [ -118.343623118840938, 34.118362968781447 ], [ -118.343732779311054, 34.118516538109859 ], [ -118.343865782124794, 34.118722251512963 ], [ -118.343917347030796, 34.118808319461998 ], [ -118.344008936138778, 34.118985983901958 ], [ -118.344020607199681, 34.119012055522674 ], [ -118.344033986761559, 34.119051862570899 ], [ -118.344042411894932, 34.11909202630482 ], [ -118.344054451601679, 34.119207402911897 ], [ -118.344053099331916, 34.119280225531853 ], [ -118.344048255142468, 34.119307374618593 ], [ -118.34403351933787, 34.119339704134646 ], [ -118.344026976537521, 34.119355523058495 ], [ -118.344010538960589, 34.119375491964284 ], [ -118.343990793223028, 34.119394439829435 ], [ -118.343954554760089, 34.119419960840609 ], [ -118.343911697141493, 34.119442752798307 ], [ -118.343850683508421, 34.119469375631631 ], [ -118.343784701245227, 34.119492920303223 ], [ -118.343689007692973, 34.11952238867493 ], [ -118.343641129123512, 34.119529394515496 ], [ -118.343608087119421, 34.119528801491647 ], [ -118.343556850981741, 34.119522764423635 ], [ -118.343459313764313, 34.119505867411227 ], [ -118.343300562117761, 34.119466473322113 ], [ -118.343221196223723, 34.119449181015383 ], [ -118.343155081267398, 34.119440438152452 ], [ -118.34310551972905, 34.119439891894672 ], [ -118.343070841312127, 34.119443081702009 ], [ -118.343037827534829, 34.119449358137338 ], [ -118.343008128942259, 34.119458373032842 ], [ -118.342963603591144, 34.119477391956046 ], [ -118.342894392148381, 34.119519493481178 ], [ -118.342859822160307, 34.119549131246323 ], [ -118.342841736532534, 34.119570135121982 ], [ -118.342822067954103, 34.119607974238008 ], [ -118.342813982806788, 34.119650589281505 ], [ -118.342814154645666, 34.11969249393421 ], [ -118.342817568435621, 34.119719276061858 ], [ -118.342834306396782, 34.11977246872015 ], [ -118.342865959960307, 34.119837297544322 ], [ -118.3429224719752, 34.119921291877802 ], [ -118.342977272620189, 34.119990520295744 ], [ -118.343046976644231, 34.120068636991853 ], [ -118.343073550528047, 34.120103253522032 ], [ -118.34310183702226, 34.120152635029406 ], [ -118.3431484672533, 34.120243869590404 ], [ -118.343165149131281, 34.120283322973116 ], [ -118.343178582066486, 34.120336181484923 ], [ -118.343178857025151, 34.120403161135094 ], [ -118.343167465208481, 34.120445098623172 ], [ -118.343159294149444, 34.120466761364149 ], [ -118.343126490036653, 34.120524216457696 ], [ -118.343098540319886, 34.12055692685837 ], [ -118.343075485908258, 34.120574853511627 ], [ -118.343029309403434, 34.120594219728233 ], [ -118.342994648825311, 34.120601874763771 ], [ -118.342959967429053, 34.120604721061653 ], [ -118.342912051546293, 34.120602796113694 ], [ -118.342862466780787, 34.120596754063975 ], [ -118.342764914042945, 34.120576078199171 ], [ -118.34267063433748, 34.120547836311047 ], [ -118.342640849438141, 34.120535898789569 ], [ -118.342599457059023, 34.120513346137521 ], [ -118.342519955213319, 34.120463079215909 ], [ -118.342478568531547, 34.120441900445606 ], [ -118.342404099047286, 34.120410510849531 ], [ -118.342284972502398, 34.120365850882564 ], [ -118.342160915469393, 34.120327388384439 ], [ -118.342046818177934, 34.120300576053822 ], [ -118.341997232249085, 34.120294190168394 ], [ -118.341965844738709, 34.120294278982456 ], [ -118.341932822112881, 34.120298494231456 ], [ -118.341879999991264, 34.120308948206485 ], [ -118.341815664272147, 34.120331456688284 ], [ -118.341800827393371, 34.120339055313885 ], [ -118.341777767146525, 34.120355607796377 ], [ -118.34176298081519, 34.120375572626919 ], [ -118.341749864703374, 34.120399997132985 ], [ -118.341740124147407, 34.120441929815257 ], [ -118.341736942350025, 34.12047182198534 ], [ -118.341742136984493, 34.120530199704653 ], [ -118.341747198232241, 34.12055594674964 ], [ -118.341770464964014, 34.120589885947645 ], [ -118.341843410523452, 34.120652880841675 ], [ -118.342088843754212, 34.120881635117868 ], [ -118.34212372100896, 34.120926876382107 ], [ -118.342142103729273, 34.120978347057729 ], [ -118.342160617216649, 34.121061761443173 ], [ -118.342164264227478, 34.12114556139997 ], [ -118.34215946992714, 34.121185075720554 ], [ -118.342134833436319, 34.121220180910626 ], [ -118.342093646069756, 34.121247776279226 ], [ -118.342078804837044, 34.121254344496748 ], [ -118.342034262855506, 34.121269583888399 ], [ -118.341922025642106, 34.121293946302487 ], [ -118.341855989745824, 34.121305124617081 ], [ -118.341778440104804, 34.121328357422165 ], [ -118.341719063771308, 34.121351882280457 ], [ -118.341674548345637, 34.121373647674524 ], [ -118.341623476847843, 34.121408140519748 ], [ -118.341602083706775, 34.12142846658837 ], [ -118.341575793509264, 34.121463232853152 ], [ -118.341549570650756, 34.121514486190279 ], [ -118.341539766715499, 34.121540962222035 ], [ -118.341533269579386, 34.121568115878006 ], [ -118.341528481972972, 34.121609347577937 ], [ -118.341538784094098, 34.121704807228767 ], [ -118.341553929984642, 34.121772775311264 ], [ -118.341580743787674, 34.121866127387243 ], [ -118.341654122684375, 34.122034914482903 ], [ -118.341667439830303, 34.122059607739878 ], [ -118.34168405959943, 34.122083948173916 ], [ -118.341730548949855, 34.122140835207105 ], [ -118.341762066343406, 34.122172346687393 ], [ -118.341811779771604, 34.122209646842698 ], [ -118.341844946425297, 34.122240466667691 ], [ -118.341883188545737, 34.122300468332071 ], [ -118.341909829768809, 34.122351228714578 ], [ -118.341933171528211, 34.122403372365078 ], [ -118.341941539790994, 34.122429797017269 ], [ -118.341950023270002, 34.122484387094211 ], [ -118.341956740933227, 34.122511159900164 ], [ -118.341981790991397, 34.122577038099315 ], [ -118.342008425661135, 34.122626425441865 ], [ -118.342043309221921, 34.122673040654654 ], [ -118.342101409687004, 34.122741229684962 ], [ -118.342192739131406, 34.122855351572618 ], [ -118.342272396346985, 34.122943058119581 ], [ -118.342297273790223, 34.122966688116065 ], [ -118.34222598893443, 34.123021040673315 ], [ -118.342117760913979, 34.123103560743402 ], [ -118.341944830286039, 34.1232342308532 ], [ -118.341841578021643, 34.123312930317255 ], [ -118.342688771164475, 34.124024783931311 ], [ -118.343169052419128, 34.124439941172163 ], [ -118.343727665367027, 34.124956689531707 ], [ -118.343962570025909, 34.125242957299484 ], [ -118.344164085681442, 34.125529319696497 ], [ -118.344309802984014, 34.125778816489102 ], [ -118.344410695354497, 34.125954393270639 ], [ -118.344903348282273, 34.126665699659718 ], [ -118.345071252327415, 34.126896621021743 ], [ -118.345283601051321, 34.127108902175962 ], [ -118.345551868012009, 34.127385815532762 ], [ -118.345909560782886, 34.12775503301755 ], [ -118.346434783844074, 34.128262608511605 ], [ -118.346881909322136, 34.128724126497609 ], [ -118.346954404067247, 34.128783998530757 ], [ -118.346904462474569, 34.12884707714155 ], [ -118.346825580035372, 34.128948632454211 ], [ -118.346718729493901, 34.129079119773543 ], [ -118.34559926118483, 34.130448024358373 ], [ -118.345306615731658, 34.130797842273502 ], [ -118.345166845842755, 34.130959679375501 ], [ -118.344959662821338, 34.131200711146661 ], [ -118.344810058861441, 34.131381811051924 ], [ -118.344800193875912, 34.131393517678632 ], [ -118.34472952636952, 34.13148508621871 ], [ -118.344632639148145, 34.131629282663361 ], [ -118.344552303007148, 34.13178030245173 ], [ -118.344529398714727, 34.131835325319031 ], [ -118.344480296955354, 34.131948128304778 ], [ -118.344400202239171, 34.132157883218703 ], [ -118.344341311371522, 34.132300940708426 ], [ -118.344320054765305, 34.13235492838745 ], [ -118.344275921794903, 34.13247080850001 ], [ -118.34417284491802, 34.132717038115644 ], [ -118.344135159225118, 34.132793742542056 ], [ -118.344061375147916, 34.132931690021579 ], [ -118.343971107813289, 34.133078959355579 ], [ -118.343956333885743, 34.133102358368077 ], [ -118.343948125045287, 34.133115090666848 ], [ -118.34381508440265, 34.133307477203289 ], [ -118.343506190204636, 34.13372843832051 ], [ -118.343356646302311, 34.133926024421349 ], [ -118.343256377124419, 34.134052368148794 ], [ -118.343152793275209, 34.134176316808166 ], [ -118.343063977872845, 34.134275492553343 ], [ -118.342672398595937, 34.134680885861258 ], [ -118.342649402153256, 34.134713925598881 ], [ -118.342511328814751, 34.134889151614935 ], [ -118.342332241176223, 34.13513628107097 ], [ -118.342305972291214, 34.135177230162682 ], [ -118.342253426008881, 34.135257068345325 ], [ -118.342229127799655, 34.135300330588976 ], [ -118.30932203571777, 34.135084986179862 ], [ -118.30929945741147, 34.134253411147711 ], [ -118.309182539885967, 34.129946981784848 ], [ -118.30918170622877, 34.127392681085809 ], [ -118.309177132131254, 34.113389555493576 ], [ -118.307443614093515, 34.113995525457604 ], [ -118.307431088836438, 34.113998559428374 ], [ -118.30751941766114, 34.113826615079191 ], [ -118.307539047789263, 34.113774355511005 ], [ -118.30754393131069, 34.11375476447769 ], [ -118.307552069244508, 34.1137217692741 ], [ -118.307563480533389, 34.11368052121432 ], [ -118.307587756528463, 34.113544096159316 ], [ -118.307597365553349, 34.113461978952813 ], [ -118.307602019040985, 34.113379874359332 ], [ -118.307601614642934, 34.113269960411507 ], [ -118.307594552353805, 34.113146323136817 ], [ -118.307590690130709, 34.112994512906219 ], [ -118.307583830070399, 34.112925833506658 ], [ -118.307572070133105, 34.112872279886922 ], [ -118.307563713690385, 34.112845852863749 ], [ -118.307552057386758, 34.112820464690948 ], [ -118.307523791842186, 34.11277038701305 ], [ -118.307492225208563, 34.112721005598374 ], [ -118.307472263076036, 34.112682929632641 ], [ -118.307457252646998, 34.11264381061298 ], [ -118.307437135192799, 34.112563486468524 ], [ -118.307425321091188, 34.112495163148637 ], [ -118.307360641326596, 34.111975635038412 ], [ -118.307287202173384, 34.111319765016418 ], [ -118.307263473600145, 34.111155639865878 ], [ -118.307231386442723, 34.110964399803244 ], [ -118.307210962919044, 34.110800609726262 ], [ -118.307205756399938, 34.110732269591743 ], [ -118.307203703274737, 34.110623046812471 ], [ -118.307208306504279, 34.110527202097117 ], [ -118.307217863807992, 34.110431002204642 ], [ -118.307227523324826, 34.110362624277649 ], [ -118.307251798904744, 34.110226199303717 ], [ -118.307274524881322, 34.110117600491158 ], [ -118.307307065483997, 34.109982871010523 ], [ -118.307347871146689, 34.109849838823564 ], [ -118.307424675815113, 34.109624316878737 ], [ -118.307449161789762, 34.109545253203564 ], [ -118.307521112962377, 34.109347566673051 ], [ -118.307532560311401, 34.109316280473479 ], [ -118.30756693136864, 34.109230321932522 ], [ -118.307647211532569, 34.109051848345324 ], [ -118.307847561812139, 34.108734988211886 ], [ -118.307886926754605, 34.10865966486989 ], [ -118.307914767362107, 34.108594675408291 ], [ -118.307932740475835, 34.108541389550069 ], [ -118.307942501660392, 34.108500833533611 ], [ -118.307945706469908, 34.108474033594597 ], [ -118.307945554659966, 34.108432815870671 ], [ -118.307938744019481, 34.108377532261095 ], [ -118.307928685569578, 34.108337370234572 ], [ -118.30790867241943, 34.108285210722201 ], [ -118.307877052865521, 34.108221059730454 ], [ -118.30782370155076, 34.10808654981912 ], [ -118.307888068615952, 34.108072646467008 ], [ -118.308046492133229, 34.10803342899932 ], [ -118.308201605705221, 34.107992502344281 ], [ -118.308439228256177, 34.107930068894959 ], [ -118.308964014198551, 34.107802668645625 ], [ -118.309058072616907, 34.107778040739198 ], [ -118.309104263877714, 34.107762465801407 ], [ -118.30913063692428, 34.107747628514367 ], [ -118.30915368999554, 34.107728334419932 ], [ -118.309214557485191, 34.107661542736956 ], [ -118.309239199990415, 34.107625413830135 ], [ -118.309258880947255, 34.107587580194853 ], [ -118.309283412872389, 34.107521568431331 ], [ -118.309293173282754, 34.107481012307026 ], [ -118.309297978517591, 34.107440468865086 ], [ -118.309297826042908, 34.107399251144209 ], [ -118.309290862118132, 34.1073027489903 ], [ -118.309288855906104, 34.107206922017234 ], [ -118.309282520926843, 34.106833913428552 ], [ -118.309261158272562, 34.10552391648455 ], [ -118.309260660259866, 34.105389271937767 ], [ -118.308621431802834, 34.105383693065079 ], [ -118.308325760561772, 34.105378952107472 ], [ -118.308165529930648, 34.1053748955473 ], [ -118.307698056094225, 34.10536303441895 ], [ -118.307136484883259, 34.105365150058489 ], [ -118.307105100418767, 34.105364542857025 ], [ -118.306756562936854, 34.105356497564884 ], [ -118.306194994087591, 34.105358952307284 ], [ -118.306039748814072, 34.105363123916838 ], [ -118.305782109165577, 34.105369958871577 ], [ -118.305298204337618, 34.105381830447541 ], [ -118.305017441027204, 34.105388722191876 ], [ -118.30451371830047, 34.105401327616789 ], [ -118.303489663308241, 34.105401156053979 ], [ -118.302034499601675, 34.105396901881235 ], [ -118.301375465005677, 34.105395112508383 ], [ -118.300561178653993, 34.105395766706899 ], [ -118.300535988475986, 34.101937382338406 ], [ -118.300534915518639, 34.101765197595981 ], [ -118.300533919723406, 34.10162412907701 ], [ -118.30051809145823, 34.099381798813184 ], [ -118.300513773545973, 34.09863988214817 ], [ -118.300511933053357, 34.09812775107995 ], [ -118.300505134207967, 34.096695436772293 ], [ -118.300498223271561, 34.095231864866292 ], [ -118.300479106293537, 34.090830843770227 ], [ -118.300475909874578, 34.089941226434618 ], [ -118.300469235719191, 34.088543260630189 ], [ -118.300468389142935, 34.088307631847783 ], [ -118.300456182773416, 34.086289003539221 ], [ -118.30045271875791, 34.085784433382734 ], [ -118.300453667920337, 34.085588987775992 ], [ -118.300451188897057, 34.08489893387695 ], [ -118.300450822926948, 34.084797062511349 ], [ -118.300450495417181, 34.084705896749369 ], [ -118.300448052500101, 34.083566221477156 ], [ -118.301602275327539, 34.083562314922446 ], [ -118.301688141453411, 34.083562100519714 ], [ -118.302764747923391, 34.083556315760802 ], [ -118.30342193927315, 34.083552606010571 ], [ -118.303925566770133, 34.083549966089301 ], [ -118.304592675528014, 34.083548972890561 ], [ -118.305086385440433, 34.083543605263586 ], [ -118.305736971586413, 34.083539899599813 ], [ -118.306339672680878, 34.083536655352667 ], [ -118.306891184979023, 34.083533538147755 ], [ -118.307767992018313, 34.083528903165629 ], [ -118.307964488219994, 34.083527715439075 ], [ -118.30802063071377, 34.083527572304618 ], [ -118.309130275256877, 34.083525424896266 ], [ -118.309721424999651, 34.083524254239073 ], [ -118.310187079755053, 34.083523402981655 ], [ -118.310267990986318, 34.083523195202758 ], [ -118.311179484192309, 34.083521194241186 ], [ -118.311354516641316, 34.08352074325424 ], [ -118.312441043515662, 34.083518625014207 ], [ -118.312531863316579, 34.08351839009201 ], [ -118.313511057841652, 34.083516539855843 ], [ -118.314216144741877, 34.083515051464381 ], [ -118.314630609590708, 34.083514316213034 ], [ -118.315723741294249, 34.083512151246097 ], [ -118.317625989714713, 34.083508538712053 ], [ -118.317906717478394, 34.083511578612942 ], [ -118.318757099987948, 34.083506246436606 ], [ -118.319546414830086, 34.083508282986756 ], [ -118.319982347146521, 34.083507816072391 ], [ -118.320689087739254, 34.083506972489019 ], [ -118.321711214174087, 34.083504598327437 ], [ -118.322246206578427, 34.083499737592263 ], [ -118.322701963094161, 34.083501612370604 ], [ -118.32366463515713, 34.083496976094835 ], [ -118.324430819228525, 34.083495607860506 ], [ -118.324860170472917, 34.083501323732314 ], [ -118.326022635164264, 34.083493726846775 ], [ -118.326612127824291, 34.083491104071221 ], [ -118.327711857168467, 34.083487095367857 ], [ -118.328781863945778, 34.083483157549026 ], [ -118.329863429356223, 34.083479178692016 ], [ -118.330968110770527, 34.083474783339256 ], [ -118.332062885947735, 34.083470748598906 ], [ -118.3323485503862, 34.083469619560709 ], [ -118.333042075360254, 34.083467709612663 ], [ -118.333127950881092, 34.083469877226491 ], [ -118.333135262321235, 34.085305440474009 ], [ -118.333150736270227, 34.087117280926023 ], [ -118.333340789689331, 34.087116755779526 ], [ -118.334184464329581, 34.087114425872556 ], [ -118.335233053107089, 34.087111520738297 ], [ -118.336273386299951, 34.087108629482003 ], [ -118.337416103662648, 34.087105786843011 ], [ -118.337923058560165, 34.087104369890625 ], [ -118.338020487455964, 34.087104097330553 ], [ -118.338581936936478, 34.087102525128905 ], [ -118.339143387788766, 34.087101293798447 ], [ -118.339163206399419, 34.087101925130177 ], [ -118.339658600306606, 34.08709984638184 ], [ -118.340631228055528, 34.087097107932635 ], [ -118.341615417456438, 34.087094672444984 ], [ -118.342776297863125, 34.08709172774369 ], [ -118.343374077256001, 34.08709003018668 ], [ -118.343463248442305, 34.087089776707337 ], [ -118.344046164859989, 34.087088118079009 ], [ -118.344065982091379, 34.087088405126131 ], [ -118.344072170989861, 34.088191317752703 ], [ -118.344073446270286, 34.088894762107941 ], [ -118.34338809238794, 34.088894661044016 ], [ -118.343390053165351, 34.090176542064256 ], [ -118.343399961440639, 34.09017651390181 ], [ -118.343400129281306, 34.090217388072801 ], [ -118.343380311637432, 34.090217444399975 ], [ -118.343379529430223, 34.091635696606396 ], [ -118.343382426645817, 34.093145648782375 ], [ -118.343382651377127, 34.094340957910092 ], [ -118.343382664041101, 34.094410017188537 ], [ -118.343992060213807, 34.094409314159307 ], [ -118.344087969682136, 34.094418261045568 ], [ -118.344145707033505, 34.0944236464452 ], [ -118.344850906899168, 34.094427474943792 ], [ -118.345242321743953, 34.094430478939621 ], [ -118.346272880950394, 34.094438177782884 ], [ -118.347168016419417, 34.094445570069496 ], [ -118.348317488159452, 34.094454283670764 ], [ -118.34954458501899, 34.094464479209975 ], [ -118.350609825775663, 34.094472040722238 ], [ -118.351822061446015, 34.094482599741518 ], [ -118.352816285345455, 34.094489318122001 ], [ -118.352819534653193, 34.094476599703277 ], [ -118.353899704909864, 34.094483267315702 ], [ -118.353914499298511, 34.09448335830897 ], [ -118.355419048642631, 34.094493711600641 ], [ -118.356656046936791, 34.094501744883054 ], [ -118.357468601990973, 34.094507243695368 ], [ -118.359143262933799, 34.094519108100798 ], [ -118.36035383853384, 34.094527182065612 ], [ -118.361640387664053, 34.094536390462139 ], [ -118.361642895078262, 34.095116186955607 ], [ -118.361650334329624, 34.096836338905312 ], [ -118.361653465415714, 34.097178441235165 ], [ -118.366721733743489, 34.097107176605526 ], [ -118.366720777221587, 34.096889066659465 ], [ -118.367341711505432, 34.096879280289031 ], [ -118.367341018132308, 34.09709739525109 ], [ -118.368168393172326, 34.097086976824812 ], [ -118.368169559047672, 34.097726886402377 ], [ -118.368202049697899, 34.097979249647537 ], [ -118.368489405213879, 34.097975625750557 ], [ -118.368738772877848, 34.097971773622788 ], [ -118.369099314721296, 34.09771134082434 ], [ -118.369749606249059, 34.097242899242865 ], [ -118.370516055677257, 34.096900157838071 ], [ -118.371572593072401, 34.096428399040512 ], [ -118.372331285263456, 34.095830458886489 ], [ -118.372713539300563, 34.095629028646549 ], [ -118.374315532478974, 34.095266164070338 ], [ -118.375820166522217, 34.094924190185914 ], [ -118.376577420496446, 34.094750089903599 ], [ -118.377115845162649, 34.09439221579408 ], [ -118.377697071142379, 34.09400500926489 ], [ -118.379030739580003, 34.093116013780445 ], [ -118.379465600456527, 34.092868026597237 ], [ -118.379871954843622, 34.092687750729759 ], [ -118.380045743590628, 34.092610649422859 ], [ -118.380907702875405, 34.092226322324272 ], [ -118.381181290198896, 34.09210523974123 ], [ -118.381181887725077, 34.093323238136577 ], [ -118.383368442933048, 34.093326280909913 ], [ -118.383370269532634, 34.093724718583495 ], [ -118.384377659011435, 34.093722548328799 ], [ -118.384376901186499, 34.093557677044501 ], [ -118.384826109132632, 34.09355933846394 ], [ -118.384945017811106, 34.093559990122138 ], [ -118.384956579497157, 34.093560296769866 ], [ -118.384964833552544, 34.093559583500536 ], [ -118.384973082864065, 34.093557839790805 ], [ -118.38498297096848, 34.093553342978645 ], [ -118.384989553022606, 34.093548169730397 ], [ -118.384996133494568, 34.093542653001812 ], [ -118.384999409498036, 34.093536803317782 ], [ -118.38500268391978, 34.093530610153742 ], [ -118.385004302154044, 34.093523391812255 ], [ -118.385004193039777, 34.093499691695385 ], [ -118.385001042470904, 34.093174077061612 ], [ -118.38544694549698, 34.093175746697568 ], [ -118.385445048858983, 34.092764257727069 ], [ -118.385672946978403, 34.09276353045523 ], [ -118.38569294470841, 34.092802623906941 ], [ -118.38573621615042, 34.09287496109674 ], [ -118.385787280544918, 34.092846632284143 ], [ -118.385810337170099, 34.092832819259982 ], [ -118.385833384279167, 34.0928169453518 ], [ -118.385858059035058, 34.092795913966086 ], [ -118.385872856909018, 34.092781783820527 ], [ -118.385887632588236, 34.092762844954102 ], [ -118.385904027983031, 34.09273703031095 ], [ -118.385912209035396, 34.092720516899988 ], [ -118.385920369478029, 34.092699538249391 ], [ -118.385926854713375, 34.092673412674351 ], [ -118.385931640964415, 34.092636987976206 ], [ -118.385936446233472, 34.092604685037124 ], [ -118.385941313321482, 34.092585777815167 ], [ -118.385947820734572, 34.092564460958151 ], [ -118.385955992249862, 34.092545886664752 ], [ -118.385970752015396, 34.092523512989061 ], [ -118.385987177464088, 34.092504225354979 ], [ -118.385998691445053, 34.092494227505092 ], [ -118.386016795257177, 34.09248077374972 ], [ -118.386031615246466, 34.09247145230389 ], [ -118.386043148244951, 34.09246557620893 ], [ -118.386044113094513, 34.092316844123836 ], [ -118.386043156967133, 34.092109724827679 ], [ -118.386039853395104, 34.09103634300763 ], [ -118.386500610761303, 34.091038648223957 ], [ -118.388057916400058, 34.091041899890669 ], [ -118.392407791872031, 34.091048459041893 ], [ -118.393144330576376, 34.091049499393158 ], [ -118.393793346530444, 34.091050820560824 ], [ -118.394544749433933, 34.091052147410018 ], [ -118.395393587819314, 34.091053837720253 ], [ -118.395844429047941, 34.091054422329847 ], [ -118.39584455470586, 34.091429852044278 ], [ -118.395846310632564, 34.091800810214373 ], [ -118.395847371183535, 34.092373741722774 ], [ -118.39584876993149, 34.093018116140634 ], [ -118.395850326419279, 34.093695809016673 ], [ -118.395853049855987, 34.094271138610182 ], [ -118.39585344333409, 34.094354260726661 ], [ -118.395860483303125, 34.09444594819562 ], [ -118.395888309988038, 34.094742285607708 ], [ -118.395910897870152, 34.094978530281388 ], [ -118.395930694379004, 34.094974000103299 ], [ -118.395940596698466, 34.094972593712605 ], [ -118.395953803585357, 34.094971519976717 ], [ -118.395976925259106, 34.094971444200937 ], [ -118.395998399258232, 34.094972404276547 ], [ -118.396018231546819, 34.094975430640332 ], [ -118.396039726694738, 34.094980855946282 ], [ -118.396059573628108, 34.094986973621701 ], [ -118.396077778854476, 34.094995157586688 ], [ -118.396095995473104, 34.095005745907741 ], [ -118.39611256550576, 34.095017370079752 ], [ -118.396125829345138, 34.095028318118914 ], [ -118.396139106205069, 34.095042013995247 ], [ -118.396147412380557, 34.095052291316335 ], [ -118.396159044284104, 34.095067366524546 ], [ -118.39616571851866, 34.095081771017242 ], [ -118.39619081770816, 34.095150729233985 ], [ -118.396236985748075, 34.095135121002301 ], [ -118.396448045473676, 34.095065044643626 ], [ -118.39650420476687, 34.095066577783562 ], [ -118.396504657526819, 34.095162065173817 ], [ -118.396504052179296, 34.095382928123193 ], [ -118.396505140083264, 34.095960668416133 ], [ -118.396506190566797, 34.09618221290809 ], [ -118.396256801858129, 34.096180283185795 ], [ -118.39541284045518, 34.096173430531557 ], [ -118.395261480943361, 34.096296206499979 ], [ -118.39508544262489, 34.096438986019145 ], [ -118.394943957097624, 34.09655451611188 ], [ -118.394781079996861, 34.096686946707585 ], [ -118.394651112035305, 34.096793509110086 ], [ -118.394267773870908, 34.097105271186798 ], [ -118.393800530506809, 34.097486346956458 ], [ -118.393180270567342, 34.097991230108711 ], [ -118.392556721019048, 34.09850058605582 ], [ -118.392588872738187, 34.098665011883931 ], [ -118.392386462977456, 34.098821268153046 ], [ -118.392083664366893, 34.099054104488317 ], [ -118.392079308934058, 34.099886384060639 ], [ -118.392065670356743, 34.104374758283996 ], [ -118.392064294089565, 34.105137988705806 ], [ -118.392100095719655, 34.106080397806181 ], [ -118.392171287566214, 34.106116232728645 ], [ -118.392270620553447, 34.106165028698491 ], [ -118.392312767320931, 34.106293645645493 ], [ -118.392322567602406, 34.106323551135482 ], [ -118.392144769820433, 34.106449156881688 ], [ -118.391998259880879, 34.106554395243137 ], [ -118.391894540878212, 34.106626863560273 ], [ -118.391804276753604, 34.106750811849878 ], [ -118.391674619724839, 34.106928127071924 ], [ -118.391554807544182, 34.107091327359562 ], [ -118.391418587106116, 34.107277938575351 ], [ -118.391315193036817, 34.107420132842776 ], [ -118.391330412164834, 34.107495650310007 ], [ -118.391349074633979, 34.107601040741486 ], [ -118.391360942149149, 34.107666264502704 ], [ -118.391315221219131, 34.107779075727336 ], [ -118.391248267210727, 34.107943134984183 ], [ -118.39115355490631, 34.108175982008717 ], [ -118.391119265931181, 34.108261277334847 ], [ -118.391024231626787, 34.108425427349893 ], [ -118.390912811238906, 34.108617796990075 ], [ -118.390807936302778, 34.108797092018115 ], [ -118.390726012026803, 34.108939216342698 ], [ -118.390573630764237, 34.109203506519016 ], [ -118.39062961446048, 34.109518989406475 ], [ -118.390765355907007, 34.110288988870835 ], [ -118.390894335324845, 34.11102534942713 ], [ -118.390953709081828, 34.111359025943557 ], [ -118.39105385435218, 34.111933697173484 ], [ -118.391140384726128, 34.112422541080413 ], [ -118.391730089930448, 34.112421661426573 ], [ -118.391730919094158, 34.112421659640333 ], [ -118.3918432551976, 34.112953354174117 ], [ -118.391866821888655, 34.113047393632399 ], [ -118.391893555434791, 34.113112225664544 ], [ -118.391906885996221, 34.113136913376607 ], [ -118.391963447571086, 34.113221914291778 ], [ -118.391993478471662, 34.113285361666527 ], [ -118.392028596988993, 34.113376958325439 ], [ -118.392055398415849, 34.11345621648595 ], [ -118.392070649920228, 34.113538260896945 ], [ -118.392079033141343, 34.113564682067874 ], [ -118.392102400512911, 34.113616129049767 ], [ -118.392149070898313, 34.113705283796911 ], [ -118.392172367459636, 34.113741617641764 ], [ -118.3921989596695, 34.113776223360084 ], [ -118.39222884269617, 34.11380807050957 ], [ -118.392252060355929, 34.113827573814952 ], [ -118.392366425519924, 34.113909639932459 ], [ -118.392411213961566, 34.113949682290055 ], [ -118.392454431217587, 34.114006903999666 ], [ -118.392484396660805, 34.114056268570408 ], [ -118.392541102976978, 34.114171838945097 ], [ -118.392571204009556, 34.114250055821735 ], [ -118.392618205926453, 34.1144096247086 ], [ -118.392641714209176, 34.114490954355077 ], [ -118.392672015495833, 34.114611762738249 ], [ -118.392693999482688, 34.114720232669285 ], [ -118.392711158629268, 34.114856541489004 ], [ -118.392718217853599, 34.114952694442636 ], [ -118.392718477621457, 34.11500799473724 ], [ -118.392715301350819, 34.115035140400231 ], [ -118.392697447033413, 34.115102521543491 ], [ -118.392656776245545, 34.115235926003571 ], [ -118.39262628596218, 34.11542666032841 ], [ -118.392606842520735, 34.115507442549521 ], [ -118.392585681033282, 34.115574147449777 ], [ -118.392570997999258, 34.115613352475073 ], [ -118.392541565767047, 34.115677679836331 ], [ -118.392518610393395, 34.115714164743402 ], [ -118.39246773748124, 34.115785774914663 ], [ -118.392448089031845, 34.115822935138048 ], [ -118.39243665000086, 34.115849420655039 ], [ -118.392430243355747, 34.115869378032976 ], [ -118.391979607492289, 34.116935667580087 ], [ -118.391694852399411, 34.117610084444223 ], [ -118.3913211346173, 34.118501804748952 ], [ -118.391073176794904, 34.119200666956758 ], [ -118.391040611380959, 34.119310824675154 ], [ -118.391052324863438, 34.119457522636488 ], [ -118.392972332675654, 34.120834363610797 ], [ -118.392965733011124, 34.12086981094474 ], [ -118.392944635033089, 34.120950255123738 ], [ -118.392913621871273, 34.121030044562808 ], [ -118.392893974001794, 34.121067548344257 ], [ -118.392867700409738, 34.121101295321004 ], [ -118.392834807551097, 34.121132660310806 ], [ -118.392798596691534, 34.121161287290583 ], [ -118.392706354806066, 34.121218949105504 ], [ -118.39263547897049, 34.121253184433328 ], [ -118.392282669241283, 34.121407181083178 ], [ -118.392226633620822, 34.121435528750105 ], [ -118.392132734209824, 34.121492165048352 ], [ -118.39200760298651, 34.121582221561091 ], [ -118.391898968930903, 34.121667414754526 ], [ -118.391798623630919, 34.121758763717082 ], [ -118.391719736958564, 34.121846608194723 ], [ -118.391683610177893, 34.121893095806314 ], [ -118.391642590103743, 34.121952995193624 ], [ -118.39159674911474, 34.122041763861063 ], [ -118.391580338463797, 34.122065174037665 ], [ -118.391514552597485, 34.1221282449863 ], [ -118.391476688322001, 34.122156533438591 ], [ -118.391435497486981, 34.122180023857361 ], [ -118.391390970447702, 34.122196655358167 ], [ -118.391344760830393, 34.122206766068309 ], [ -118.391280366238263, 34.122214187751695 ], [ -118.391229165204862, 34.122216757898414 ], [ -118.391062319217525, 34.122219015292075 ], [ -118.390897063675794, 34.122207871381761 ], [ -118.390746706762855, 34.122203205301133 ], [ -118.390680629611822, 34.122204105882417 ], [ -118.390599720206325, 34.122212954527001 ], [ -118.390566718535922, 34.122221304826311 ], [ -118.390520542501292, 34.12223862830534 ], [ -118.390494179337367, 34.122253483356765 ], [ -118.390457960253158, 34.122280392231623 ], [ -118.390423415615274, 34.122312104481793 ], [ -118.390395493435037, 34.122346886699376 ], [ -118.39036929381821, 34.122396776703198 ], [ -118.390359502034642, 34.122422569732151 ], [ -118.39031565143334, 34.122584150380327 ], [ -118.390287870236506, 34.122649158830491 ], [ -118.390260021648885, 34.12269974110616 ], [ -118.390243613701315, 34.122723838062022 ], [ -118.390205820874044, 34.122767582725508 ], [ -118.390182783973216, 34.12278723576474 ], [ -118.390144912536357, 34.122814149879481 ], [ -118.390090543816598, 34.122846269510013 ], [ -118.390004838992056, 34.122889481769043 ], [ -118.389915794785608, 34.122925148062116 ], [ -118.389790409181103, 34.122961619370926 ], [ -118.389698043143397, 34.122993517877113 ], [ -118.389580983611069, 34.123044387605916 ], [ -118.389424389984484, 34.12311977206906 ], [ -118.389247995721234, 34.123200372380147 ], [ -118.389188628225, 34.123223233597351 ], [ -118.389157279643257, 34.123231921672584 ], [ -118.389111057991855, 34.123239627167507 ], [ -118.389046627752549, 34.123239834579884 ], [ -118.388797057852983, 34.12321625020499 ], [ -118.388730963907832, 34.12321371491813 ], [ -118.388648391195204, 34.123220163205026 ], [ -118.388484939775495, 34.123242328269114 ], [ -118.388159714798149, 34.123291804625076 ], [ -118.38806398311965, 34.123310660245203 ], [ -118.388001301592709, 34.123331470606459 ], [ -118.387869396167531, 34.123387538611603 ], [ -118.387668141279704, 34.123451386509622 ], [ -118.387620286447799, 34.123463218496198 ], [ -118.387554217821645, 34.123466178249693 ], [ -118.387486458945361, 34.12346089973768 ], [ -118.387425250905878, 34.123443234716945 ], [ -118.387400396093852, 34.123427514060346 ], [ -118.387377175308075, 34.123407666337471 ], [ -118.387347276369979, 34.123372725756091 ], [ -118.387314004966612, 34.123323027006656 ], [ -118.387302322985406, 34.123297646526588 ], [ -118.387293940297965, 34.123271225017177 ], [ -118.387270372690637, 34.123176498581252 ], [ -118.386899537096653, 34.121938044992675 ], [ -118.386872786031731, 34.121869433560583 ], [ -118.386854378755658, 34.121818656652813 ], [ -118.386821046278541, 34.121755562040647 ], [ -118.386779471336908, 34.121696272135985 ], [ -118.386737972727346, 34.121653469268317 ], [ -118.386669956406863, 34.121592203020768 ], [ -118.386595365555024, 34.121538170055537 ], [ -118.386525805431873, 34.121500265667173 ], [ -118.386436424611404, 34.121463111585662 ], [ -118.386345425211914, 34.12143317580383 ], [ -118.386249502140316, 34.121410468880619 ], [ -118.3861668453372, 34.121398367538973 ], [ -118.386085873864403, 34.121393473948601 ], [ -118.385985107028759, 34.121394826260634 ], [ -118.385904194236886, 34.121402641317459 ], [ -118.38579029703547, 34.121422583597699 ], [ -118.385725937922217, 34.121437902370637 ], [ -118.385663246125276, 34.121456307156578 ], [ -118.385646753116418, 34.121462199034575 ], [ -118.38558737794834, 34.121483341080548 ], [ -118.385486820068238, 34.121530032369819 ], [ -118.385468695625661, 34.12154039473581 ], [ -118.385348397563902, 34.12160535448912 ], [ -118.38513743609559, 34.121713537827382 ], [ -118.385051720379494, 34.121754685691165 ], [ -118.38496268475906, 34.121792409215551 ], [ -118.384842295806834, 34.121837789189271 ], [ -118.384781266584895, 34.121858592619468 ], [ -118.384672378738358, 34.121890539880674 ], [ -118.384609672147477, 34.121905852797987 ], [ -118.384532089599176, 34.121919495586589 ], [ -118.384380193689807, 34.121939213940699 ], [ -118.384200186794033, 34.121953182217965 ], [ -118.383985477187082, 34.121965199573665 ], [ -118.383818651515028, 34.121971568727531 ], [ -118.383737734809003, 34.121978695373542 ], [ -118.383589149412032, 34.122000119647943 ], [ -118.383509936664652, 34.122018575747461 ], [ -118.383465400256881, 34.122033486926881 ], [ -118.383392860067417, 34.122066005576755 ], [ -118.383323652182327, 34.122104695447732 ], [ -118.383270943844124, 34.12213886764863 ], [ -118.383182020369247, 34.122201320442102 ], [ -118.383157374044387, 34.12223059482745 ], [ -118.383045450201635, 34.1223212862267 ], [ -118.382905644349051, 34.122456031974153 ], [ -118.382846392056763, 34.122504308518771 ], [ -118.382795346297542, 34.122540879641654 ], [ -118.382742628032702, 34.122572990730781 ], [ -118.382714606646587, 34.122586818876009 ], [ -118.382594246770225, 34.122639066217374 ], [ -118.382531564873105, 34.122660217225246 ], [ -118.382483703480929, 34.122670673256614 ], [ -118.382453982857015, 34.122674202160461 ], [ -118.382422589784611, 34.122673271040384 ], [ -118.382391170002833, 34.122666500747023 ], [ -118.382361383392038, 34.122655603455541 ], [ -118.382240533180237, 34.122600684590971 ], [ -118.382157728180047, 34.122556293358798 ], [ -118.382099783572002, 34.122529341226169 ], [ -118.381921044625685, 34.122459834274821 ], [ -118.381859822805438, 34.122438731633032 ], [ -118.381811856346616, 34.12242617421785 ], [ -118.381747366627678, 34.122412982003766 ], [ -118.381681259417178, 34.122407351539138 ], [ -118.38163005483446, 34.122409230658754 ], [ -118.381595379794149, 34.1224131184808 ], [ -118.381549179846587, 34.122425629807935 ], [ -118.381522811894342, 34.122439795941837 ], [ -118.381498110055347, 34.122457048178234 ], [ -118.381442178704006, 34.122509435372379 ], [ -118.381383013278679, 34.122576945195547 ], [ -118.381346877300615, 34.122622742757407 ], [ -118.381289438936804, 34.122706734377537 ], [ -118.381248478374772, 34.122781399891657 ], [ -118.381225586605453, 34.122833338373326 ], [ -118.381189660307484, 34.122925162251008 ], [ -118.381171813813197, 34.122996664371257 ], [ -118.381162022253861, 34.123023143616024 ], [ -118.381129175921245, 34.123065839370504 ], [ -118.38110446598651, 34.123081374125135 ], [ -118.381061596268012, 34.123099714013129 ], [ -118.380883401586928, 34.123149737579553 ], [ -118.380751156401487, 34.123131949542575 ], [ -118.380719739711324, 34.123125865775293 ], [ -118.38067342349305, 34.123112959223761 ], [ -118.380628732729406, 34.123094208286332 ], [ -118.38053102546057, 34.123042306195032 ], [ -118.380373730228754, 34.122965517149815 ], [ -118.380289276955637, 34.122921815895388 ], [ -118.380183245938071, 34.122855856819633 ], [ -118.380083367146938, 34.122785899825637 ], [ -118.380057289328604, 34.122767633769456 ], [ -118.37999266847153, 34.12272558827118 ], [ -118.37991149938955, 34.122677412022291 ], [ -118.379853561664802, 34.122651832734007 ], [ -118.379822133211988, 34.122643344374566 ], [ -118.379757668605237, 34.122635646784119 ], [ -118.379243833732005, 34.122624894732596 ], [ -118.379095117834993, 34.122617804610847 ], [ -118.378979417405176, 34.122605115022388 ], [ -118.378785960130628, 34.12256793810527 ], [ -118.378723106151469, 34.122551304299918 ], [ -118.378661891294939, 34.122531573959598 ], [ -118.378617209067571, 34.12251453877878 ], [ -118.378557615169996, 34.122487933603566 ], [ -118.378491351044559, 34.122447609879003 ], [ -118.378367047294105, 34.122359036414487 ], [ -118.378300777145284, 34.122317338664217 ], [ -118.378186527726839, 34.122260334184311 ], [ -118.3781418410843, 34.1222422692884 ], [ -118.378095522646518, 34.12222867478863 ], [ -118.378045923503507, 34.122220242811146 ], [ -118.378001308356943, 34.122217977959544 ], [ -118.377979826013117, 34.122216671204136 ], [ -118.3779121168903, 34.1222220352157 ], [ -118.37784773972453, 34.122233571506477 ], [ -118.377768539458145, 34.12225511516634 ], [ -118.377694321566707, 34.122282482452896 ], [ -118.377625108229509, 34.122320825583927 ], [ -118.377572389668813, 34.122353277898007 ], [ -118.377544370603673, 34.122367791805189 ], [ -118.377483357791021, 34.122392713314852 ], [ -118.377435500573071, 34.122404197788072 ], [ -118.377385938607162, 34.122404009068447 ], [ -118.377352884376052, 34.122401020907695 ], [ -118.377303286755918, 34.122392932105797 ], [ -118.377255325658169, 34.122381403323374 ], [ -118.377209002637841, 34.122366778042725 ], [ -118.377149424790161, 34.122343606976834 ], [ -118.377091480860344, 34.122316652446699 ], [ -118.376980526530915, 34.122257232152158 ], [ -118.376954016913785, 34.12224014057589 ], [ -118.376892683461975, 34.122193961351471 ], [ -118.376852926839447, 34.122170041357862 ], [ -118.376809887897537, 34.122150940377395 ], [ -118.376717236092944, 34.122120315535582 ], [ -118.376669272137093, 34.122108099559945 ], [ -118.376621328312339, 34.122100348810058 ], [ -118.376375062067083, 34.122075354572019 ], [ -118.376277530237545, 34.12206157446343 ], [ -118.376227922101947, 34.122051080857702 ], [ -118.376150168043267, 34.122026935424749 ], [ -118.376088946451645, 34.122005486379678 ], [ -118.37601775151947, 34.121970672410619 ], [ -118.375971433577661, 34.121957077096901 ], [ -118.375906949775825, 34.121944912207816 ], [ -118.375842482979664, 34.121936525568515 ], [ -118.375791256937532, 34.121933593489167 ], [ -118.375758221476389, 34.121934726656853 ], [ -118.375726858088214, 34.121940319924825 ], [ -118.375693865845719, 34.121951070525569 ], [ -118.375665854306931, 34.121967301398961 ], [ -118.375647777942987, 34.121988653664467 ], [ -118.375616672263902, 34.122051608127471 ], [ -118.375590604357839, 34.122132752543102 ], [ -118.375579282577363, 34.122186714899392 ], [ -118.375574513271161, 34.122228291426701 ], [ -118.375574639810708, 34.122256456818164 ], [ -118.375578067287165, 34.122283924981666 ], [ -118.375588158370306, 34.12232373790399 ], [ -118.37559594034488, 34.122343970330874 ], [ -118.375613231787597, 34.122388922167872 ], [ -118.375698291830162, 34.122568301441071 ], [ -118.375766591168187, 34.122694148176798 ], [ -118.375784936316762, 34.122732561480248 ], [ -118.375810010010127, 34.122797745704005 ], [ -118.375825122189937, 34.122851969372796 ], [ -118.375831915589089, 34.122893166470966 ], [ -118.375830570867038, 34.122961524205081 ], [ -118.375821033959781, 34.12304502166301 ], [ -118.375812959125895, 34.123086264994143 ], [ -118.375791782319567, 34.123152966966863 ], [ -118.375773778299461, 34.123190462830209 ], [ -118.375752462483192, 34.123226251561043 ], [ -118.375726187468345, 34.123261368734426 ], [ -118.3756966021935, 34.123295122251157 ], [ -118.37564890164947, 34.123341641017291 ], [ -118.375619290077751, 34.123369555348489 ], [ -118.37556168958956, 34.12341885272825 ], [ -118.375525468284209, 34.123446444991139 ], [ -118.375433220135633, 34.123506154511446 ], [ -118.375337641105631, 34.1235596915716 ], [ -118.375319505712142, 34.123567991533761 ], [ -118.375279941633664, 34.123587006071816 ], [ -118.37519090119396, 34.123625065879615 ], [ -118.375073825328855, 34.123674204152721 ], [ -118.375008391459232, 34.123721164453926 ], [ -118.374984900260174, 34.123738024839135 ], [ -118.374815412035034, 34.123888654492511 ], [ -118.374795687614622, 34.123911042196113 ], [ -118.3747645805785, 34.12397399644302 ], [ -118.374744991625803, 34.124026610414482 ], [ -118.374730363408929, 34.12408023945801 ], [ -118.374725593572521, 34.124121815953906 ], [ -118.37472608474107, 34.124231386205523 ], [ -118.374736920901739, 34.124437444622949 ], [ -118.374747449149694, 34.124574806055783 ], [ -118.374749346037547, 34.124629414319671 ], [ -118.374746282131255, 34.124683007509212 ], [ -118.374739864827831, 34.124725619569837 ], [ -118.374699354696702, 34.124902297454085 ], [ -118.374683072693315, 34.124955588134306 ], [ -118.374673144750574, 34.124981655268499 ], [ -118.374658579604215, 34.125019895791581 ], [ -118.374635610777531, 34.125055689448175 ], [ -118.374597816424881, 34.125101146635416 ], [ -118.374504084073521, 34.125198643412595 ], [ -118.374407033973725, 34.125293403414062 ], [ -118.374357716417066, 34.125348170320947 ], [ -118.374301852022356, 34.125416696889829 ], [ -118.374269022775522, 34.125464199508571 ], [ -118.374246058273343, 34.125501023532891 ], [ -118.374221503181531, 34.125551591885198 ], [ -118.374198669328138, 34.125617611737276 ], [ -118.374169413159308, 34.12572521407683 ], [ -118.374148358899973, 34.12581973768134 ], [ -118.374125778566651, 34.12594243179197 ], [ -118.374076520667614, 34.126379841808379 ], [ -118.374054000020365, 34.126515931644548 ], [ -118.374027989143897, 34.126610471469867 ], [ -118.374006745474716, 34.126662746957287 ], [ -118.373985431089892, 34.126699222340562 ], [ -118.373955840822234, 34.126732288473349 ], [ -118.373896584935324, 34.126781590175291 ], [ -118.373857047115749, 34.126807130380996 ], [ -118.373829022840525, 34.126820956467647 ], [ -118.373677285936196, 34.126878787702687 ], [ -118.373657082268963, 34.126884162914294 ], [ -118.373614579730372, 34.126895468839145 ], [ -118.373533668132524, 34.12690499301759 ], [ -118.373449412412285, 34.126905596859224 ], [ -118.373317204734491, 34.126897418142569 ], [ -118.373234552046867, 34.126887025357142 ], [ -118.373186591998675, 34.126876181919705 ], [ -118.373127018184817, 34.12685438279015 ], [ -118.373070716413167, 34.12682536034297 ], [ -118.372964681542797, 34.12675836448657 ], [ -118.372908286422316, 34.126708389655853 ], [ -118.372888361638488, 34.126686124590229 ], [ -118.372845145093663, 34.126627521942993 ], [ -118.372826873975029, 34.126605595251441 ], [ -118.372805303264073, 34.126584708288526 ], [ -118.372710785019848, 34.126507028648199 ], [ -118.372671022948808, 34.126482076834947 ], [ -118.372594911766328, 34.12645655009625 ], [ -118.372515520933618, 34.126436529180637 ], [ -118.37248247140424, 34.126434913609373 ], [ -118.372333827329015, 34.126445332670954 ], [ -118.372096080657144, 34.126481100306499 ], [ -118.371970603991883, 34.126500034726156 ], [ -118.371817119564199, 34.126536572920799 ], [ -118.371752729069385, 34.126546045083465 ], [ -118.371721392703947, 34.126558163441644 ], [ -118.371665353210915, 34.126588218984523 ], [ -118.371629127719089, 34.126615466601514 ], [ -118.371606089971465, 34.126636146542999 ], [ -118.371568294783586, 34.126681946265229 ], [ -118.371556840017533, 34.126706712410709 ], [ -118.371547107572539, 34.126747273578488 ], [ -118.371543928560783, 34.12677544913457 ], [ -118.371544105656511, 34.1268152928698 ], [ -118.371542826065777, 34.126899107184599 ], [ -118.371548211379391, 34.126995609963203 ], [ -118.371556714660315, 34.127050198867636 ], [ -118.371586990026429, 34.127171012576241 ], [ -118.371644055068685, 34.127371775954401 ], [ -118.371697879345447, 34.127542145876888 ], [ -118.3717027053019, 34.127557421986346 ], [ -118.371757931957163, 34.127715942290706 ], [ -118.371901618790986, 34.128076160611378 ], [ -118.371908311347525, 34.128095031704191 ], [ -118.371928433355691, 34.128161605914478 ], [ -118.37194360512153, 34.128229569295456 ], [ -118.371945498732245, 34.128283834127927 ], [ -118.371943907736167, 34.128297578431265 ], [ -118.371934176822151, 34.128338483112266 ], [ -118.371919484917001, 34.128378372602135 ], [ -118.371899825905444, 34.128415873878559 ], [ -118.371814442090454, 34.128534638951109 ], [ -118.371794782991003, 34.128572139309107 ], [ -118.371785050444331, 34.128612700497939 ], [ -118.371781868386378, 34.128640189100601 ], [ -118.371780399572017, 34.128681411841072 ], [ -118.371785478203932, 34.128708875034896 ], [ -118.371823818111466, 34.128785354296632 ], [ -118.371857074838815, 34.128833339914131 ], [ -118.371886955501623, 34.128865193007464 ], [ -118.371920134355122, 34.128895661102739 ], [ -118.371979823947783, 34.128943221864937 ], [ -118.372067667332914, 34.129005809286284 ], [ -118.372319492040916, 34.129161663103474 ], [ -118.372422238917792, 34.129231761035413 ], [ -118.37255487929896, 34.129336459652571 ], [ -118.37262123942233, 34.129397738948448 ], [ -118.37265112516792, 34.129430621393254 ], [ -118.372676066727209, 34.129466266956619 ], [ -118.372694411941836, 34.129504680735799 ], [ -118.372704442794557, 34.129531098167391 ], [ -118.372719551113974, 34.129584635272877 ], [ -118.372728055419145, 34.129639223196897 ], [ -118.372726833641551, 34.129735746308164 ], [ -118.372732033650735, 34.129790345322988 ], [ -118.372748855463627, 34.129857616549828 ], [ -118.372762250438015, 34.129897419525875 ], [ -118.372790623654765, 34.129961563756162 ], [ -118.372852261919789, 34.130075067243588 ], [ -118.372893967524107, 34.130164931714688 ], [ -118.372942269639154, 34.130252028838932 ], [ -118.372958897078277, 34.130275678015352 ], [ -118.37299874840545, 34.13032020812404 ], [ -118.373046826907782, 34.130357156153984 ], [ -118.373101489610306, 34.130388588078077 ], [ -118.373285302515669, 34.13048247899566 ], [ -118.373368119410927, 34.130528593714395 ], [ -118.373407882080556, 34.130553201820334 ], [ -118.373431095396128, 34.130571678308605 ], [ -118.373442705126848, 34.130581603512063 ], [ -118.373472596222911, 34.130615516196109 ], [ -118.373487576311788, 34.130640200846301 ], [ -118.373510937017798, 34.130691652347323 ], [ -118.373521035805865, 34.130733182853213 ], [ -118.37352116013146, 34.130761004772495 ], [ -118.373513075743119, 34.130800530555632 ], [ -118.373491835291318, 34.130853836399467 ], [ -118.373460663303902, 34.130903051102379 ], [ -118.373440933796331, 34.130924751627838 ], [ -118.373417889171478, 34.130944057994959 ], [ -118.373361853484923, 34.130975488249661 ], [ -118.373332167875944, 34.130987601923387 ], [ -118.373254614936769, 34.131010167968661 ], [ -118.373173726917216, 34.131025874555974 ], [ -118.37295897664724, 34.131034094037126 ], [ -118.372843388067807, 34.131048877011636 ], [ -118.372699761753708, 34.13107508134167 ], [ -118.372589193937785, 34.131104275872524 ], [ -118.372524815319764, 34.131117183252627 ], [ -118.372491776184802, 34.13111831552775 ], [ -118.372409131668704, 34.13111067002081 ], [ -118.372361180015076, 34.131102230618247 ], [ -118.372329747166049, 34.131093052442822 ], [ -118.372299948155174, 34.131079748305908 ], [ -118.372230388549994, 34.131042522645437 ], [ -118.372164120695402, 34.131002195443223 ], [ -118.372139255356629, 34.130983723798103 ], [ -118.372082856349948, 34.130933405096549 ], [ -118.371985067267161, 34.130863978580763 ], [ -118.371826008645797, 34.130763483322625 ], [ -118.371766325479157, 34.130717639884878 ], [ -118.371645260262355, 34.130615652687617 ], [ -118.371627014547357, 34.130599564981139 ], [ -118.371519162046269, 34.130496163996199 ], [ -118.371472721048008, 34.130455775475873 ], [ -118.371449508197571, 34.130437298611611 ], [ -118.371384879636793, 34.130393874580967 ], [ -118.371350052790049, 34.130364441855065 ], [ -118.371273730988648, 34.13029220093275 ], [ -118.371169170367565, 34.130186040744356 ], [ -118.371150894335315, 34.130163083355946 ], [ -118.371085965743148, 34.130051993505447 ], [ -118.37107102153935, 34.130035208609726 ], [ -118.371047801270947, 34.130015014265943 ], [ -118.371018005897582, 34.130002396774351 ], [ -118.370988224253409, 34.129992870600013 ], [ -118.370922075192809, 34.129978990717177 ], [ -118.370808011883881, 34.129964914311948 ], [ -118.370611333267192, 34.129949717196254 ], [ -118.370168375505088, 34.129910886786284 ], [ -118.370118777166098, 34.129903481995655 ], [ -118.37007081622798, 34.129892980804925 ], [ -118.369964913653035, 34.129856208597616 ], [ -118.36989525383224, 34.129795624915651 ], [ -118.369855407444192, 34.129751779843907 ], [ -118.369840433146408, 34.12972812518565 ], [ -118.369830404694881, 34.129702050996826 ], [ -118.369821960022847, 34.129660515128677 ], [ -118.369816854624688, 34.129626869202255 ], [ -118.369813457613304, 34.129605927000163 ], [ -118.369811623102251, 34.129564714392359 ], [ -118.369806485802584, 34.129523855374678 ], [ -118.369796393564869, 34.12948335500122 ], [ -118.369753034920208, 34.12939246407538 ], [ -118.369718057142194, 34.129328682827911 ], [ -118.369691473845648, 34.129295101689124 ], [ -118.369669909304307, 34.12927558898884 ], [ -118.369645051106033, 34.129258490753507 ], [ -118.369616899250687, 34.129243806981094 ], [ -118.369585452218985, 34.129231194188783 ], [ -118.369537475030256, 34.129216914500844 ], [ -118.369489524752936, 34.129208473959459 ], [ -118.369439958770712, 34.129208281981363 ], [ -118.369126180939304, 34.129238780350171 ], [ -118.369012249779388, 34.129254585059819 ], [ -118.368837284075838, 34.129291872002803 ], [ -118.368738203532615, 34.129303165829498 ], [ -118.368639094181475, 34.129307933444807 ], [ -118.368424310461364, 34.129307901339672 ], [ -118.368325205631194, 34.129313700040726 ], [ -118.368259148344436, 34.129320427533138 ], [ -118.368211266223511, 34.129327443108878 ], [ -118.368130383422894, 34.129344176762224 ], [ -118.368051173915163, 34.129365714058252 ], [ -118.367943932205179, 34.129399702103164 ], [ -118.367879562168767, 34.129414667895162 ], [ -118.367831684496423, 34.129422713762224 ], [ -118.367782139548851, 34.129427329831948 ], [ -118.367716057952478, 34.129428561338848 ], [ -118.367666476735835, 34.129424933828012 ], [ -118.367585450237186, 34.129409036464708 ], [ -118.367491164266539, 34.129383561777217 ], [ -118.367415042965476, 34.129355970891609 ], [ -118.367343842366594, 34.129320464845534 ], [ -118.367264321790159, 34.129271243730948 ], [ -118.367202990041605, 34.129225403061731 ], [ -118.367125023733607, 34.129153851502167 ], [ -118.367043689920195, 34.129067883743268 ], [ -118.367007216025144, 34.129039141745118 ], [ -118.366982355425861, 34.129021356001218 ], [ -118.366940952278767, 34.128998811681413 ], [ -118.366894616842828, 34.128981778081254 ], [ -118.36685161887786, 34.128972291006846 ], [ -118.366815251024406, 34.128967936073458 ], [ -118.366664878780398, 34.128962209591776 ], [ -118.366152710005181, 34.12896307521018 ], [ -118.366053566314022, 34.12895994065255 ], [ -118.365972576664888, 34.128952285741747 ], [ -118.365841979120788, 34.128934819867332 ], [ -118.365534446506331, 34.128882510096417 ], [ -118.365374040033629, 34.128848989158961 ], [ -118.365311188087347, 34.128833035334104 ], [ -118.364811613613881, 34.128690967405198 ], [ -118.364507323909194, 34.128624218864047 ], [ -118.364112007104964, 34.128520990899176 ], [ -118.363974679442236, 34.128475377507044 ], [ -118.36386876340309, 34.128434478192951 ], [ -118.363757816328402, 34.128376418771545 ], [ -118.363642057958927, 34.128351692678521 ], [ -118.363562691783443, 34.128337505054667 ], [ -118.363284941045933, 34.128294030600166 ], [ -118.363155995730381, 34.128276213377717 ], [ -118.36279403638396, 34.128244669265634 ], [ -118.362597330087667, 34.128221559053635 ], [ -118.362481648644518, 34.128214692843834 ], [ -118.362316443129572, 34.128216905597156 ], [ -118.362217348095754, 34.128224759272236 ], [ -118.362184327823712, 34.128230010497219 ], [ -118.362073746704894, 34.128256103180064 ], [ -118.361978007922247, 34.128275968582024 ], [ -118.361720489948397, 34.128326544847866 ], [ -118.36168746068752, 34.128329735053413 ], [ -118.361603212361459, 34.128332391520956 ], [ -118.361520590908, 34.128329203817849 ], [ -118.361472653832209, 34.128323507941232 ], [ -118.361409803426625, 34.128307895571837 ], [ -118.361348586957092, 34.128287812979302 ], [ -118.361252643114881, 34.128260277481715 ], [ -118.361193066974693, 34.128237442027725 ], [ -118.36112680815306, 34.12819745225805 ], [ -118.361027368858672, 34.128125617454245 ], [ -118.360929664915105, 34.128073012549969 ], [ -118.360884962583171, 34.128051162984377 ], [ -118.360843566408008, 34.128029990502299 ], [ -118.360788912822585, 34.127999239998118 ], [ -118.360658031825139, 34.127915475861855 ], [ -118.360570201092401, 34.127853567111956 ], [ -118.360523772778478, 34.127814548310312 ], [ -118.360464014970276, 34.127749464380692 ], [ -118.360407548165114, 34.127681279243575 ], [ -118.360364341336705, 34.127623015613402 ], [ -118.360314465794715, 34.127551032446405 ], [ -118.360301140781303, 34.127525996858829 ], [ -118.360282736557579, 34.127472468053483 ], [ -118.360265990392762, 34.127420308243508 ], [ -118.360269177671526, 34.12739316342568 ], [ -118.360272608858565, 34.127377838814503 ], [ -118.360278915664054, 34.127352603165619 ], [ -118.360321420496064, 34.127248057011847 ], [ -118.360398414740402, 34.127095663589955 ], [ -118.360480372817165, 34.126945315323233 ], [ -118.360596503177447, 34.126673959226366 ], [ -118.360624372515431, 34.126623726361743 ], [ -118.360670314117328, 34.126550083483529 ], [ -118.360691570544134, 34.126498840782524 ], [ -118.360701306745355, 34.126457937008752 ], [ -118.360706086654631, 34.126417048025424 ], [ -118.360709270787865, 34.126389216235431 ], [ -118.360709092928758, 34.126347998562558 ], [ -118.360702368951408, 34.126321226796655 ], [ -118.360680666481699, 34.12626908183654 ], [ -118.360640758445555, 34.126209434524775 ], [ -118.360620837048273, 34.126187167437294 ], [ -118.360586011295496, 34.126156700269917 ], [ -118.360521397613468, 34.126114644358161 ], [ -118.360450203787664, 34.126079134251071 ], [ -118.360360838548374, 34.126044021766134 ], [ -118.360205331132065, 34.125995710433365 ], [ -118.359899254555216, 34.125894263674901 ], [ -118.359742105948612, 34.125848361029966 ], [ -118.359619678920268, 34.125808537607867 ], [ -118.359404562661084, 34.125728801067538 ], [ -118.359325072327181, 34.125684727845218 ], [ -118.359288608467494, 34.125657357442989 ], [ -118.359265393737928, 34.125637504318725 ], [ -118.359235512053928, 34.125604275090311 ], [ -118.359218879094456, 34.125578219664774 ], [ -118.359202201866822, 34.125541859818448 ], [ -118.359188752059396, 34.125487629158442 ], [ -118.3591751842023, 34.125405920047648 ], [ -118.359171643921897, 34.125350972967723 ], [ -118.359171347281574, 34.125281933363723 ], [ -118.359174413812028, 34.125226622264194 ], [ -118.359169224421677, 34.125172367055022 ], [ -118.35915748874568, 34.125132557668621 ], [ -118.359145810633748, 34.12510614402499 ], [ -118.359119160626534, 34.125055730916245 ], [ -118.359084263598859, 34.125008433668469 ], [ -118.359059765113201, 34.124981656019898 ], [ -118.358994630136507, 34.124910463221894 ], [ -118.358895106625269, 34.124817673450927 ], [ -118.358752477925961, 34.124689633499017 ], [ -118.35871930848937, 34.124659848754078 ], [ -118.35851031118375, 34.124465369390819 ], [ -118.358337783279481, 34.124299289903469 ], [ -118.358269717906907, 34.124222207562973 ], [ -118.358078985009357, 34.124048625904699 ], [ -118.358059066280617, 34.124026701876936 ], [ -118.358014212403162, 34.123968785786957 ], [ -118.357975956466859, 34.123908444842598 ], [ -118.357955967200084, 34.12387003372821 ], [ -118.357932497380517, 34.12379041472127 ], [ -118.357947056901637, 34.123718239758581 ], [ -118.357958515290164, 34.123693474905053 ], [ -118.357974932733654, 34.123669382332665 ], [ -118.358004525296025, 34.123635633154095 ], [ -118.358027571465712, 34.123616329729316 ], [ -118.358053934942603, 34.123600107837518 ], [ -118.358081963689486, 34.123586972371001 ], [ -118.358129802169827, 34.123570343351744 ], [ -118.358207356316555, 34.123548473972996 ], [ -118.358352607524481, 34.123518160206167 ], [ -118.358608428656595, 34.123460382032654 ], [ -118.358733847383149, 34.123428065739468 ], [ -118.358859250183713, 34.123392314513367 ], [ -118.359014336379701, 34.123344109528936 ], [ -118.359151254465814, 34.12329698878893 ], [ -118.35931785099568, 34.123236040265489 ], [ -118.359421728124985, 34.123189017442385 ], [ -118.359457960545413, 34.123162804830045 ], [ -118.359471074870655, 34.123139065361933 ], [ -118.359479151863923, 34.123096449200681 ], [ -118.359478909628322, 34.123040118383507 ], [ -118.359475482975853, 34.12301161841993 ], [ -118.359468758184946, 34.122984503107148 ], [ -118.359447132673495, 34.122949875440241 ], [ -118.359409022371921, 34.122923540431174 ], [ -118.359379216516672, 34.122907485267078 ], [ -118.359314607429567, 34.122865772194338 ], [ -118.359273207922897, 34.122842881771085 ], [ -118.359215275315719, 34.122817292593133 ], [ -118.359109367298529, 34.122776045633927 ], [ -118.359000072738809, 34.122715573482736 ], [ -118.358731740755985, 34.122552183500062 ], [ -118.358682027337622, 34.122516952092816 ], [ -118.358590824565638, 34.122437534208188 ], [ -118.358503001119232, 34.122375623964878 ], [ -118.358387031731652, 34.122299370753339 ], [ -118.35821476170203, 34.122192370664237 ], [ -118.358160112900137, 34.122161618976087 ], [ -118.358057487097312, 34.1221152081974 ], [ -118.357981372586821, 34.122086924414866 ], [ -118.357890384172151, 34.122057310689769 ], [ -118.357810995159213, 34.12203590619572 ], [ -118.357729982106505, 34.122021032670744 ], [ -118.357632484277602, 34.122014451510573 ], [ -118.357568044623378, 34.122012237778037 ], [ -118.357467254553271, 34.122008414104371 ], [ -118.356837700884213, 34.121977986891679 ], [ -118.356788118694908, 34.121972980996887 ], [ -118.356726928494723, 34.121957704795626 ], [ -118.356685538939658, 34.121936874370249 ], [ -118.356606019944877, 34.121884899309954 ], [ -118.356471857877736, 34.12180354567186 ], [ -118.35640889284609, 34.121759421810253 ], [ -118.356334317019162, 34.121704340630927 ], [ -118.356214967502709, 34.121609546222921 ], [ -118.356170190834391, 34.121569146963878 ], [ -118.356107145664382, 34.12150613151131 ], [ -118.35605076709129, 34.121456835784038 ], [ -118.355855194404654, 34.121307995833931 ], [ -118.355802181498845, 34.121273116448869 ], [ -118.355774037687922, 34.121259116416731 ], [ -118.355742616212012, 34.121251308754374 ], [ -118.355694673358343, 34.121243206222971 ], [ -118.355562465767349, 34.121232259337617 ], [ -118.355246956107536, 34.121238340310498 ], [ -118.35519904395737, 34.121237450675679 ], [ -118.35513294238136, 34.121232491750199 ], [ -118.355083353441572, 34.121225767752996 ], [ -118.355002332907617, 34.121208831516221 ], [ -118.354941131926168, 34.121190806566069 ], [ -118.354881557089882, 34.121166937566763 ], [ -118.354840162554325, 34.121144732587382 ], [ -118.354706004477507, 34.121063376987543 ], [ -118.354654644194355, 34.121028492250957 ], [ -118.354619830054119, 34.120999741673451 ], [ -118.354568386806477, 34.120945278504223 ], [ -118.35452189084198, 34.120888739892074 ], [ -118.354478691626369, 34.120830474168436 ], [ -118.354400741123015, 34.120758226554699 ], [ -118.354306175237795, 34.120663701984377 ], [ -118.354244853999219, 34.120617167789426 ], [ -118.354153743367377, 34.120558011918007 ], [ -118.35410402832855, 34.12052140470395 ], [ -118.353964761878814, 34.120403653855838 ], [ -118.353855293855815, 34.120300584556119 ], [ -118.35381546041026, 34.120256735109578 ], [ -118.353778922598607, 34.120211158578613 ], [ -118.353539712423, 34.119898256860651 ], [ -118.353470003089839, 34.119821175757259 ], [ -118.353289182726556, 34.119642748839951 ], [ -118.353226214113036, 34.119597249403526 ], [ -118.353207996116041, 34.119586311131094 ], [ -118.353186465498169, 34.119573321627378 ], [ -118.353156670738528, 34.119559325814031 ], [ -118.353080566016047, 34.119532412869674 ], [ -118.353039230789236, 34.119523946499953 ], [ -118.353014428206706, 34.119518523190699 ], [ -118.35296651416553, 34.119516945709599 ], [ -118.3529186320268, 34.119522924783588 ], [ -118.352869124019563, 34.119535091313381 ], [ -118.352822937311302, 34.119551369945363 ], [ -118.35279490909123, 34.119564504190784 ], [ -118.35276854441706, 34.119580381453076 ], [ -118.352729808170793, 34.119608557497699 ], [ -118.352705960160094, 34.119625904115665 ], [ -118.352653239422949, 34.119659719479529 ], [ -118.352523001003249, 34.11972330065079 ], [ -118.352461988456071, 34.119749583449341 ], [ -118.352402611906868, 34.119772083113148 ], [ -118.352356413395, 34.119785613721824 ], [ -118.35232505359113, 34.119792231358467 ], [ -118.352278820317864, 34.11979751840191 ], [ -118.352245776699377, 34.119796584258886 ], [ -118.352196194631802, 34.11979123299993 ], [ -118.352063943872892, 34.119769635292627 ], [ -118.352030893035945, 34.119766983687555 ], [ -118.351964810167786, 34.119766145698918 ], [ -118.351880562934412, 34.119767077985763 ], [ -118.351814500304656, 34.119771048644104 ], [ -118.351748459346936, 34.11978017147608 ], [ -118.351702249164475, 34.119790953989416 ], [ -118.351642866602248, 34.119812079357402 ], [ -118.351570322100287, 34.119846295408983 ], [ -118.351415382490842, 34.119928839804565 ], [ -118.351321452800761, 34.119984413946646 ], [ -118.351265404249062, 34.120012742618997 ], [ -118.351206037291931, 34.120037646059728 ], [ -118.351159848539339, 34.120053580575728 ], [ -118.351111989045847, 34.120065054624646 ], [ -118.351078968772896, 34.120069959337094 ], [ -118.351029418347963, 34.120072164174125 ], [ -118.350979850615502, 34.120070247222813 ], [ -118.350847631085585, 34.120055861275198 ], [ -118.350703784418698, 34.120026395589491 ], [ -118.350606254896491, 34.120011565225667 ], [ -118.350540141960025, 34.120003856847738 ], [ -118.350474045959615, 34.119999926717895 ], [ -118.350308866437032, 34.120004527423482 ], [ -118.350127206056271, 34.120018449740343 ], [ -118.350013273451495, 34.120031488689378 ], [ -118.349937337886175, 34.120045104488618 ], [ -118.34981848236599, 34.120066057659031 ], [ -118.349579152212087, 34.120115868483332 ], [ -118.349498261671783, 34.120129498338294 ], [ -118.349450380721791, 34.120136163002783 ], [ -118.349207640029775, 34.120160565073668 ], [ -118.349187824983886, 34.120162683234483 ], [ -118.348893950773586, 34.120206124066243 ], [ -118.348699115488472, 34.120230043327346 ], [ -118.348500960394944, 34.120250193513712 ], [ -118.348319293801865, 34.120263082674313 ], [ -118.348073198408954, 34.120275470164273 ], [ -118.347790741288406, 34.120283839977439 ], [ -118.347757688954886, 34.120280843723087 ], [ -118.347709746003218, 34.120272394543768 ], [ -118.347612178162805, 34.120248287784612 ], [ -118.347550968054236, 34.12022751124713 ], [ -118.347521179716438, 34.12021488796713 ], [ -118.347481443862435, 34.120193706159981 ], [ -118.347449923631515, 34.120161852692213 ], [ -118.347433296855712, 34.120136139129478 ], [ -118.347421621718667, 34.120109380876116 ], [ -118.347413250528646, 34.12008261312436 ], [ -118.347411490075544, 34.120056513339094 ], [ -118.347414215907833, 34.119917394154555 ], [ -118.347408230852437, 34.119669757908966 ], [ -118.347402989493716, 34.119601076013488 ], [ -118.347392796548959, 34.11953343880527 ], [ -118.347381065845283, 34.11949328480096 ], [ -118.347325950435973, 34.119348835201933 ], [ -118.347285927155653, 34.119258613712702 ], [ -118.347265885413719, 34.119206118126513 ], [ -118.347235648080556, 34.11908529835511 ], [ -118.347198516310286, 34.118895457037091 ], [ -118.347159906785222, 34.118747526000803 ], [ -118.347138156251972, 34.118681295911401 ], [ -118.347079682304411, 34.11852345994587 ], [ -118.347031287017415, 34.118405783635694 ], [ -118.346997988810202, 34.118343365012976 ], [ -118.346968118544751, 34.11831081971674 ], [ -118.346933402257321, 34.118304736653428 ] ] ] } },
{ "type": "Feature", "properties": { "OBJECTID": 10, "APREC": "WEST LOS ANGELES", "PREC": 8, "AREA": 1803658584.49, "PERIMETER": 295206.415546 }, "geometry": { "type": "Polygon", "coordinates": [ [ [ -118.517569057218083, 34.025052586940284 ], [ -118.517603956058522, 34.025075708532476 ], [ -118.517767680619784, 34.025184192251153 ], [ -118.517930003530324, 34.025282763586887 ], [ -118.518223139207535, 34.025454279379097 ], [ -118.518978893682345, 34.025985154552131 ], [ -118.519568861635975, 34.026390335573367 ], [ -118.519744490169828, 34.026504991104552 ], [ -118.519915113358309, 34.026610737285139 ], [ -118.520163627684013, 34.026770075054863 ], [ -118.520480090608146, 34.026976177069614 ], [ -118.520705657367444, 34.027126896692501 ], [ -118.520852928753555, 34.027225314379805 ], [ -118.520952289204615, 34.027281560969143 ], [ -118.521265581961103, 34.02750794034538 ], [ -118.521754656133766, 34.027872327997571 ], [ -118.521939622007068, 34.028027900813427 ], [ -118.522448072889219, 34.028455317615858 ], [ -118.52277305391496, 34.028702251757046 ], [ -118.523175521449744, 34.028937170716326 ], [ -118.523441998757889, 34.029064136209307 ], [ -118.52372495489378, 34.029187251277847 ], [ -118.524237846875806, 34.029399017511579 ], [ -118.524418214793897, 34.029477923106164 ], [ -118.524587107194051, 34.029568900336869 ], [ -118.525041021810424, 34.029848586347931 ], [ -118.525319301913228, 34.030014653900835 ], [ -118.525625688053324, 34.030188842139168 ], [ -118.525902205860248, 34.030336711229381 ], [ -118.526142256309697, 34.030458633620185 ], [ -118.526362386316663, 34.030561750610438 ], [ -118.526590737583874, 34.030660022526838 ], [ -118.526848792933365, 34.030758164392488 ], [ -118.527665822404302, 34.031045186140467 ], [ -118.527779991814072, 34.031093118750078 ], [ -118.528041599539691, 34.031230743548704 ], [ -118.528407583352191, 34.031433173520469 ], [ -118.52886125820082, 34.031671284423759 ], [ -118.529382635912626, 34.031915623043496 ], [ -118.529953399417408, 34.032140163899413 ], [ -118.530270917111622, 34.03224525069632 ], [ -118.53055857035389, 34.032325049868035 ], [ -118.531077611518953, 34.032459819125982 ], [ -118.531338805858596, 34.032530802168893 ], [ -118.531872954894837, 34.032705346025814 ], [ -118.532428810568732, 34.032919292817297 ], [ -118.532447633941842, 34.032927367622243 ], [ -118.532964971166109, 34.033149811387666 ], [ -118.533440049262694, 34.033376475647223 ], [ -118.534112432910263, 34.033746873417897 ], [ -118.534484903046319, 34.033927273238035 ], [ -118.534918480601931, 34.034114614423096 ], [ -118.535396582123994, 34.034296260834019 ], [ -118.535914213003281, 34.034465364369808 ], [ -118.536218417180933, 34.034550572451003 ], [ -118.536497786412554, 34.034623181103498 ], [ -118.53676060712516, 34.034688649453862 ], [ -118.537010261316368, 34.034759671592212 ], [ -118.537099883450566, 34.034790100906761 ], [ -118.537251735114424, 34.034841721207719 ], [ -118.537508245005739, 34.03495221283935 ], [ -118.5377632222785, 34.035080915576927 ], [ -118.53801830633472, 34.035226104689769 ], [ -118.538271785176292, 34.03537817016926 ], [ -118.538523658856988, 34.035537112025629 ], [ -118.540462601704462, 34.036527652527603 ], [ -118.540957676261982, 34.036777898532307 ], [ -118.541325237022903, 34.036960360324812 ], [ -118.541565233355684, 34.037067482566627 ], [ -118.541894523420467, 34.037201339098729 ], [ -118.542296566861793, 34.037356164202244 ], [ -118.543259455761088, 34.037721427922065 ], [ -118.543778997254933, 34.03792483807414 ], [ -118.544214197420743, 34.038101490686856 ], [ -118.544606356360518, 34.038257726647011 ], [ -118.544991825898137, 34.038400252040759 ], [ -118.545405272085844, 34.038530284292584 ], [ -118.545883047402796, 34.038654528513916 ], [ -118.546392109085076, 34.03876763767741 ], [ -118.546896126793442, 34.038866341076599 ], [ -118.547355478207194, 34.038948757475261 ], [ -118.547730520610102, 34.039009914911688 ], [ -118.547941944100671, 34.039036091130953 ], [ -118.548197904911319, 34.039058629902506 ], [ -118.548490137740501, 34.039075507565435 ], [ -118.548803798327754, 34.039088165278464 ], [ -118.549576331143911, 34.039109726002707 ], [ -118.549772735228871, 34.039110549309299 ], [ -118.549974056534396, 34.03910619758642 ], [ -118.550180256630568, 34.039090831697052 ], [ -118.550421019297104, 34.039060881425456 ], [ -118.550669986114187, 34.039023680018808 ], [ -118.550907377596701, 34.038983096038436 ], [ -118.551405192419395, 34.038890829893532 ], [ -118.551766167235414, 34.038820483332742 ], [ -118.552464976117705, 34.038674740539179 ], [ -118.552581971841065, 34.038647069637555 ], [ -118.552692343401702, 34.038615994069474 ], [ -118.552801019149655, 34.03857805641379 ], [ -118.553013269490904, 34.038479533995229 ], [ -118.553225367187466, 34.038357998236542 ], [ -118.553430810651335, 34.038228592390929 ], [ -118.553616490310446, 34.038105459592146 ], [ -118.553777566662916, 34.038005453017803 ], [ -118.553851593147002, 34.037969047277628 ], [ -118.553940506697614, 34.037937725505408 ], [ -118.55404098617548, 34.037908411520277 ], [ -118.554156357266749, 34.037884868392418 ], [ -118.554276686122378, 34.037862332857209 ], [ -118.554512456368386, 34.037826901524006 ], [ -118.554720245888745, 34.037802933375694 ], [ -118.554918213013593, 34.037791032077898 ], [ -118.555119565055378, 34.037791823932132 ], [ -118.555337518450273, 34.037807309059268 ], [ -118.555504332100128, 34.037826120479146 ], [ -118.555834700022956, 34.037869940409742 ], [ -118.555890230745561, 34.037875438172897 ], [ -118.555970121030541, 34.037883399900942 ], [ -118.55619292994156, 34.037884434649122 ], [ -118.556354756393148, 34.037897772068156 ], [ -118.556544725406951, 34.037924032079673 ], [ -118.556749654973459, 34.037966366724973 ], [ -118.556951357227959, 34.038019707513683 ], [ -118.557255787879029, 34.038133714675936 ], [ -118.557510814366992, 34.038263749636876 ], [ -118.557744474160671, 34.038406935296038 ], [ -118.55797651188999, 34.038554249855316 ], [ -118.558238249877618, 34.038700396196504 ], [ -118.55853127672134, 34.038836092612144 ], [ -118.558842373558946, 34.038958995644357 ], [ -118.559140139917631, 34.039062724304216 ], [ -118.559399799484297, 34.03914430209236 ], [ -118.559591578837555, 34.039193906103257 ], [ -118.559861191981369, 34.039282993500876 ], [ -118.560220357667049, 34.039436240508017 ], [ -118.560632614901223, 34.039630801960037 ], [ -118.561497011517034, 34.040059579788981 ], [ -118.561864606101892, 34.040238200834857 ], [ -118.562208949179535, 34.040394945822314 ], [ -118.562556465007049, 34.040532439739025 ], [ -118.56292203458834, 34.040654735032739 ], [ -118.563323807479975, 34.040761059888418 ], [ -118.563586610614422, 34.040817882937631 ], [ -118.563854328253171, 34.040869186662306 ], [ -118.564107125522298, 34.040910598357343 ], [ -118.564328500681569, 34.040942538730199 ], [ -118.564754606138763, 34.040985543359284 ], [ -118.565076699965203, 34.041023537497566 ], [ -118.565440128275753, 34.04107232882685 ], [ -118.565813508171303, 34.041128285675271 ], [ -118.566175386901691, 34.041191852033961 ], [ -118.566510890004963, 34.041260006405629 ], [ -118.567142311745727, 34.041399976111947 ], [ -118.56714006989634, 34.041556230678729 ], [ -118.567265028450393, 34.041790288823577 ], [ -118.570110846601523, 34.047120484776222 ], [ -118.57011528164152, 34.047771373621508 ], [ -118.570148336472769, 34.050442180566741 ], [ -118.57033590454634, 34.064882225087956 ], [ -118.570347549492112, 34.065772964080594 ], [ -118.570394411024139, 34.06934661014305 ], [ -118.579261043323896, 34.070881025205487 ], [ -118.595163630706395, 34.073634062170427 ], [ -118.599205581503597, 34.074335405798074 ], [ -118.598381389268425, 34.075679785615371 ], [ -118.595862692828646, 34.079751245763951 ], [ -118.58652067983698, 34.094900860779859 ], [ -118.572698960016098, 34.117297035609596 ], [ -118.570963790022049, 34.120109146269535 ], [ -118.564752420943861, 34.130163054845319 ], [ -118.565529239534527, 34.130464011658738 ], [ -118.565506322326357, 34.130480348734018 ], [ -118.565379616949642, 34.130556509037348 ], [ -118.565252960119807, 34.130639882248389 ], [ -118.565134601028987, 34.130728712353893 ], [ -118.564922641439694, 34.13090282161339 ], [ -118.56488324467972, 34.130940789521411 ], [ -118.56485372610021, 34.13097355892053 ], [ -118.564837399347738, 34.131002488289433 ], [ -118.564778800719566, 34.131132944423719 ], [ -118.564764186425478, 34.131170796494331 ], [ -118.564738322489433, 34.131255415623251 ], [ -118.564728973332421, 34.131338927122883 ], [ -118.564707940542959, 34.131404975269476 ], [ -118.564647025646224, 34.131437204315006 ], [ -118.564539619945108, 34.131435645065309 ], [ -118.564400764823205, 34.131425645347967 ], [ -118.564198055124876, 34.13141014716323 ], [ -118.564104155142118, 34.131298221594491 ], [ -118.564057442160802, 34.131231459243281 ], [ -118.564013926993042, 34.131148881461129 ], [ -118.563965149483437, 34.131020987675107 ], [ -118.563955104351578, 34.131001455672532 ], [ -118.563935118382403, 34.130977848181175 ], [ -118.563868644541927, 34.130920795642417 ], [ -118.563787285045123, 34.13086140807691 ], [ -118.563747473122959, 34.130837893027369 ], [ -118.563711004940359, 34.130820201682894 ], [ -118.563671246333143, 34.130804586605556 ], [ -118.563586825924361, 34.130781279519454 ], [ -118.563497509262902, 34.130766925913036 ], [ -118.563309055617168, 34.130752003826565 ], [ -118.563141955256754, 34.130718433561981 ], [ -118.562969826816555, 34.130674238328794 ], [ -118.56277116447113, 34.130615396369571 ], [ -118.562529523024764, 34.130553319224141 ], [ -118.562446794642327, 34.13053584278169 ], [ -118.562220154814824, 34.130493274081452 ], [ -118.561995135049159, 34.130445888580162 ], [ -118.561872715756607, 34.130422756970297 ], [ -118.561667681556841, 34.130398978691538 ], [ -118.56151891092091, 34.130388334770537 ], [ -118.561454467420603, 34.13038726017318 ], [ -118.561399955341869, 34.130388887325928 ], [ -118.561262902101262, 34.130400858934401 ], [ -118.561208380785445, 34.130401112088023 ], [ -118.561095996940011, 34.130396138009317 ], [ -118.561051340177841, 34.130389132033258 ], [ -118.561008310225574, 34.130378340112408 ], [ -118.560966909393571, 34.130364105726663 ], [ -118.560869155363264, 34.130323340695476 ], [ -118.560814440518698, 34.130294741503221 ], [ -118.560772940674923, 34.130265737488791 ], [ -118.560708082547436, 34.130202836418626 ], [ -118.560638307213708, 34.130145797432654 ], [ -118.560598485000241, 34.130120563955387 ], [ -118.560557038296949, 34.130099459865463 ], [ -118.56053819090269, 34.130091475282128 ], [ -118.56053467978532, 34.130091448628605 ], [ -118.560472536557469, 34.130063785389616 ], [ -118.560399708197778, 34.130044200711424 ], [ -118.56035670383595, 34.130037186818868 ], [ -118.56025916689336, 34.130028708245469 ], [ -118.56016002615479, 34.130027450292275 ], [ -118.560118733817845, 34.130029359091751 ], [ -118.560082358815421, 34.130025405781041 ], [ -118.560045951597743, 34.130016643764506 ], [ -118.560001189273365, 34.129993837403063 ], [ -118.55997961233669, 34.129979167346086 ], [ -118.559962982661389, 34.12996310041077 ], [ -118.559947991339101, 34.129944964950212 ], [ -118.559932928696384, 34.129916181663383 ], [ -118.559926129120186, 34.129887703586064 ], [ -118.559925910540528, 34.129855073156428 ], [ -118.55993185879484, 34.12975646429738 ], [ -118.559934898491534, 34.129716948996709 ], [ -118.559965394210082, 34.12958319055388 ], [ -118.559965189421845, 34.129552620993763 ], [ -118.559939970086802, 34.129487474941897 ], [ -118.559866431474035, 34.129361755178003 ], [ -118.559586687378669, 34.129036736199971 ], [ -118.559360307724134, 34.128785319741631 ], [ -118.559252085129245, 34.128661134073468 ], [ -118.559123933974917, 34.128521583500451 ], [ -118.559029133489133, 34.128427906053766 ], [ -118.558964305661974, 34.128369125789298 ], [ -118.558896205837883, 34.12831516946391 ], [ -118.558677255928785, 34.128185999416509 ], [ -118.558526252259739, 34.128087772504067 ], [ -118.558431611266357, 34.128017794586739 ], [ -118.558351887627822, 34.127954960951854 ], [ -118.558255691163794, 34.127899416614163 ], [ -118.558109814543371, 34.127826583678619 ], [ -118.558074950527995, 34.127801326485553 ], [ -118.558045008466436, 34.127770894226053 ], [ -118.558016656626251, 34.127731180419744 ], [ -118.557961534059899, 34.127641097335776 ], [ -118.557941408444321, 34.127596193205477 ], [ -118.557910948401016, 34.127488134834152 ], [ -118.557890307057932, 34.127365948095076 ], [ -118.557869940853337, 34.127284978739716 ], [ -118.557849657208564, 34.127216374597126 ], [ -118.55781257757657, 34.127106629310923 ], [ -118.557792500301602, 34.127068938199102 ], [ -118.557772482634419, 34.127040177517792 ], [ -118.557712512215403, 34.126966260670166 ], [ -118.557584185230212, 34.126799573691038 ], [ -118.557522576806775, 34.126727725240372 ], [ -118.557476038855995, 34.126686034263841 ], [ -118.557424643180383, 34.126659135691 ], [ -118.557369993749361, 34.126639808854321 ], [ -118.557151595451145, 34.126592383866765 ], [ -118.556843767428191, 34.126512739094935 ], [ -118.556795795200713, 34.126503685900445 ], [ -118.556747859586594, 34.126500128338733 ], [ -118.556706605514435, 34.126507531624192 ], [ -118.556675348576547, 34.126527597936921 ], [ -118.556660575879832, 34.126542092503001 ], [ -118.556649121072709, 34.126558632719494 ], [ -118.556572058514206, 34.126646920730238 ], [ -118.55651792609271, 34.126705219591237 ], [ -118.556437501919575, 34.126784935774019 ], [ -118.556401418859451, 34.126824603093226 ], [ -118.556209360675183, 34.12701131448663 ], [ -118.556174906650938, 34.127047539353299 ], [ -118.556137182682761, 34.127088931587295 ], [ -118.556106057924623, 34.127128919491881 ], [ -118.556076594374161, 34.127170273700784 ], [ -118.55603249495401, 34.127246731087531 ], [ -118.556010096661112, 34.127356750531057 ], [ -118.555994233615777, 34.127455748267877 ], [ -118.555989626849083, 34.127508323240768 ], [ -118.555990225414561, 34.127598314545324 ], [ -118.556006209288626, 34.127765863539913 ], [ -118.556005121492461, 34.127850710270842 ], [ -118.555984256316407, 34.127942861241671 ], [ -118.555976162524004, 34.127967973152494 ], [ -118.555964753076267, 34.127991382870036 ], [ -118.555948618007747, 34.128049506688704 ], [ -118.555949047483708, 34.128114080602899 ], [ -118.555944260182315, 34.128139520791805 ], [ -118.555934511957133, 34.12816429682065 ], [ -118.555916507705518, 34.12818979779864 ], [ -118.555888542764436, 34.128208131320129 ], [ -118.555855596330545, 34.128222709367634 ], [ -118.555819299969173, 34.128230433035405 ], [ -118.555731746812981, 34.128232209573028 ], [ -118.555640871150047, 34.128231253410817 ], [ -118.555571431940109, 34.128224015852489 ], [ -118.555538353044341, 34.128218672073572 ], [ -118.555450658385482, 34.128199152754505 ], [ -118.555402651107983, 34.12818494683254 ], [ -118.555352966627254, 34.128166970221379 ], [ -118.555304890930785, 34.128142459912247 ], [ -118.555178837281474, 34.128068845397699 ], [ -118.555147353558809, 34.128054906966184 ], [ -118.555110945435686, 34.128045799985365 ], [ -118.554960507184703, 34.128032064276034 ], [ -118.554737421530746, 34.128025531597075 ], [ -118.554687858088784, 34.128025759061934 ], [ -118.554600323354165, 34.128030282606346 ], [ -118.554560706779199, 34.128035616709262 ], [ -118.554529364446097, 34.128042973770967 ], [ -118.55450301718777, 34.128056147217755 ], [ -118.554470127531403, 34.128079311844928 ], [ -118.554358441971743, 34.128179092382283 ], [ -118.554269872157008, 34.128276705883565 ], [ -118.554219075476439, 34.128340140739603 ], [ -118.554076656916692, 34.128539330175848 ], [ -118.554029200607459, 34.12860824545843 ], [ -118.554014413425108, 34.128620678832007 ], [ -118.55396990161384, 34.128635309373458 ], [ -118.553920469823609, 34.128655458265555 ], [ -118.553885797911093, 34.128659052041726 ], [ -118.55381979701923, 34.128672063555584 ], [ -118.553796630823044, 34.128666673879792 ], [ -118.553773419119381, 34.128654414633282 ], [ -118.553728595526465, 34.128621988557008 ], [ -118.553706997292309, 34.128603882597709 ], [ -118.553690307666415, 34.128578540885513 ], [ -118.553651712718505, 34.128488723629516 ], [ -118.553638234105861, 34.128449284163977 ], [ -118.553628034726671, 34.128406051300892 ], [ -118.553621128226581, 34.128361085910981 ], [ -118.553625736529966, 34.128308511027242 ], [ -118.553635421757818, 34.128274117791769 ], [ -118.553651763229169, 34.12824690732964 ], [ -118.553732289305145, 34.128181962564845 ], [ -118.553814394550955, 34.128106018870817 ], [ -118.553888250453014, 34.128031830367419 ], [ -118.553924392129971, 34.128000750754879 ], [ -118.554021400186329, 34.127929890951712 ], [ -118.554049331294266, 34.127906405687817 ], [ -118.554082168633485, 34.127875341174331 ], [ -118.554129711007604, 34.12781947804757 ], [ -118.554157425725819, 34.12776336232038 ], [ -118.55418499694396, 34.127685607454197 ], [ -118.554218903257848, 34.127566604884962 ], [ -118.554222075383706, 34.127546667992981 ], [ -118.554235032603728, 34.127507450863021 ], [ -118.55427417749641, 34.127431016860193 ], [ -118.554308621113947, 34.127393075143516 ], [ -118.554328364341444, 34.127380619003738 ], [ -118.554346489628898, 34.127373322612243 ], [ -118.554475114345053, 34.12733666630502 ], [ -118.554519623097818, 34.127321692099734 ], [ -118.554598723396339, 34.12729110216744 ], [ -118.554631656008183, 34.127274463593139 ], [ -118.554695800715024, 34.127230889651109 ], [ -118.554766446608141, 34.127171141864451 ], [ -118.554792663604772, 34.127138390098523 ], [ -118.554810636056345, 34.127108080592699 ], [ -118.554822004670541, 34.127078488375567 ], [ -118.554821826847061, 34.127051697069767 ], [ -118.554809411836985, 34.126923632756728 ], [ -118.554797227112616, 34.126830259748822 ], [ -118.554783711752933, 34.126785324760263 ], [ -118.554765249257997, 34.126741786432042 ], [ -118.554741844193529, 34.12670033171851 ], [ -118.55471016959639, 34.126657540998295 ], [ -118.554670207247582, 34.126610666438673 ], [ -118.554623647995001, 34.126565539581286 ], [ -118.55457382564029, 34.12652661047558 ], [ -118.554525712380212, 34.126496260726803 ], [ -118.554480971674067, 34.126476200149369 ], [ -118.554394942563945, 34.126458389877591 ], [ -118.554338641881259, 34.126439069248249 ], [ -118.554202779357624, 34.126380612225276 ], [ -118.554126528558882, 34.126342491092167 ], [ -118.554003823797032, 34.126275042816367 ], [ -118.553818073985738, 34.12616769513 ], [ -118.553774974325663, 34.12614590933002 ], [ -118.553668909200695, 34.126096245891091 ], [ -118.553612593006164, 34.126074520575642 ], [ -118.553513266009233, 34.126044404994246 ], [ -118.553187677530119, 34.126026316749105 ], [ -118.552799212668347, 34.12599374520434 ], [ -118.552493351815897, 34.125960794847963 ], [ -118.552443778242136, 34.125959304001015 ], [ -118.552075674223161, 34.126007700397594 ], [ -118.552029486437434, 34.126018559508061 ], [ -118.551978380970397, 34.126035280366843 ], [ -118.551927332179616, 34.126060588162147 ], [ -118.551866454799836, 34.126098649893954 ], [ -118.551817191791429, 34.126144215320792 ], [ -118.551774534776939, 34.126189407081483 ], [ -118.551720458248482, 34.126256634229684 ], [ -118.551707311884186, 34.126267342387337 ], [ -118.551662873459406, 34.126292963384905 ], [ -118.551633217605556, 34.126305464329796 ], [ -118.551578819053404, 34.126323917491511 ], [ -118.551552422012563, 34.126329533771212 ], [ -118.551497948645235, 34.126336652111497 ], [ -118.551415380815115, 34.126342524647733 ], [ -118.551316244581855, 34.126341259440949 ], [ -118.551276558376557, 34.126335944638718 ], [ -118.551164037909516, 34.126309322190806 ], [ -118.551059839053522, 34.126291935892517 ], [ -118.550950740595994, 34.126283159055419 ], [ -118.55089622193492, 34.126283407557601 ], [ -118.550631997630575, 34.126301099028908 ], [ -118.550450316214793, 34.126309139840103 ], [ -118.550375983868321, 34.126311195784595 ], [ -118.55027683638248, 34.12630821233352 ], [ -118.550151278211203, 34.126308783904641 ], [ -118.550080261321639, 34.126312542019377 ], [ -118.549977891037372, 34.126321938581754 ], [ -118.549944887822946, 34.126327928058323 ], [ -118.549880549278015, 34.126342303816884 ], [ -118.54975026069998, 34.126377245356302 ], [ -118.549707403678696, 34.126392210291222 ], [ -118.549573831107153, 34.126430257973254 ], [ -118.549516069143891, 34.12643979479278 ], [ -118.549476419131167, 34.126439975053437 ], [ -118.549440034905885, 34.126434301148585 ], [ -118.549403630367962, 34.126425535927375 ], [ -118.549339020785752, 34.126398693992677 ], [ -118.548899777540058, 34.12618120032122 ], [ -118.54843408535919, 34.125961077171993 ], [ -118.548291583401578, 34.125897147836298 ], [ -118.548208790521997, 34.12586867034279 ], [ -118.548177342577091, 34.125859882272501 ], [ -118.548132687069042, 34.125852528046089 ], [ -118.548023603003315, 34.125845809437337 ], [ -118.54796246507189, 34.125844369186957 ], [ -118.547904653800302, 34.125846348711526 ], [ -118.547818804567115, 34.125855668552923 ], [ -118.547698369812167, 34.125881632513632 ], [ -118.547525174369198, 34.125923979336406 ], [ -118.547424528327227, 34.125944357561146 ], [ -118.547333756451337, 34.125958851681709 ], [ -118.547229761199517, 34.125972375138652 ], [ -118.546871517123719, 34.126013154281054 ], [ -118.546678251224606, 34.126018150440835 ], [ -118.546600637352313, 34.126023653792373 ], [ -118.546539557704264, 34.126031143261308 ], [ -118.54649997749155, 34.126041970376754 ], [ -118.54646536921598, 34.126055179420042 ], [ -118.546346639708759, 34.126089378046821 ], [ -118.546046410391085, 34.126159432501481 ], [ -118.545977141989738, 34.126177950314421 ], [ -118.545904605288939, 34.126201978666288 ], [ -118.545833763240211, 34.126232525604209 ], [ -118.545761318394838, 34.126270636486176 ], [ -118.5456263880818, 34.126354026419932 ], [ -118.545573756826983, 34.126390330300154 ], [ -118.545508005239299, 34.126441463382257 ], [ -118.545427357909688, 34.126488541785406 ], [ -118.545348389465545, 34.12653973442206 ], [ -118.545270987871746, 34.126577867372816 ], [ -118.545228103061461, 34.126588708978097 ], [ -118.545163718702909, 34.126596212656878 ], [ -118.545102580271944, 34.126594770959883 ], [ -118.544831378256035, 34.126556149086845 ], [ -118.544732194864636, 34.12654766543212 ], [ -118.544649568163592, 34.126544602906407 ], [ -118.544563695474167, 34.1265504856513 ], [ -118.544502626445563, 34.126559691483315 ], [ -118.544441590960318, 34.126574049461517 ], [ -118.544336072116025, 34.12660749962189 ], [ -118.544245462235764, 34.126647065351818 ], [ -118.54397844753359, 34.126744100683808 ], [ -118.543907595381853, 34.126773272579285 ], [ -118.543695143630885, 34.126876931505436 ], [ -118.543619359558164, 34.126909903790029 ], [ -118.543500701370419, 34.126955434412018 ], [ -118.543380344069689, 34.126993759296525 ], [ -118.543258312239743, 34.12702865670186 ], [ -118.543154402039747, 34.127055572313999 ], [ -118.542969675109077, 34.127103803713403 ], [ -118.542883951186326, 34.127132698324544 ], [ -118.542796592948619, 34.127164348122264 ], [ -118.542714211013362, 34.127199066909021 ], [ -118.542672100469588, 34.127217933172226 ], [ -118.542638432950852, 34.127233069014324 ], [ -118.54254950044232, 34.127276747798433 ], [ -118.542361816130949, 34.127378575748594 ], [ -118.542266370720299, 34.127437053553905 ], [ -118.542174236070338, 34.127496546897945 ], [ -118.542087084338675, 34.127560139685464 ], [ -118.542047645373273, 34.127592947968701 ], [ -118.541977050162984, 34.12766196224176 ], [ -118.541896682457647, 34.127752660063173 ], [ -118.541860638837491, 34.127799536091146 ], [ -118.541831203626302, 34.127846382484222 ], [ -118.541811634308388, 34.127885971386526 ], [ -118.541785725891984, 34.127967150809901 ], [ -118.541772838450768, 34.128018044875489 ], [ -118.541763264131973, 34.128070298043632 ], [ -118.541756996262933, 34.128122879879491 ], [ -118.54175733240919, 34.128174745137891 ], [ -118.541780094488189, 34.128372835983519 ], [ -118.541780401708678, 34.128420236021221 ], [ -118.541764815464305, 34.128564571058881 ], [ -118.541755120866441, 34.128598276386107 ], [ -118.541721643816985, 34.128786314647371 ], [ -118.541707124112023, 34.128840307418436 ], [ -118.541685964693968, 34.128889521104874 ], [ -118.54167122236781, 34.128909166017735 ], [ -118.541640029918767, 34.128939876278025 ], [ -118.541605546530803, 34.128972662207602 ], [ -118.541567745492983, 34.129003402061137 ], [ -118.541490386619543, 34.129048745642642 ], [ -118.541442617062785, 34.12907094290167 ], [ -118.541269609792749, 34.129143850354588 ], [ -118.541144314138123, 34.129185629995263 ], [ -118.541022278174793, 34.129220525144952 ], [ -118.540911758192323, 34.129247811889094 ], [ -118.540829304527961, 34.129271881557685 ], [ -118.540646299033838, 34.129331780287494 ], [ -118.540562264148107, 34.129366848477844 ], [ -118.540494737298047, 34.129399781861302 ], [ -118.540367977467611, 34.129470763763486 ], [ -118.540288929843143, 34.129510618305531 ], [ -118.54012428570573, 34.129599630687409 ], [ -118.539955953071939, 34.129629235812125 ], [ -118.539696761030228, 34.129660620381387 ], [ -118.539566405377215, 34.129686620502738 ], [ -118.539483961976771, 34.129712406646739 ], [ -118.53940818475489, 34.129747093686198 ], [ -118.539376957915749, 34.129772651184247 ], [ -118.539347425317914, 34.12980472739536 ], [ -118.539338649168144, 34.129820910514084 ], [ -118.539322935584025, 34.129850177149031 ], [ -118.539306657834388, 34.129888033511115 ], [ -118.539295323234626, 34.129923806885287 ], [ -118.539287281853674, 34.129957848122878 ], [ -118.539284188067015, 34.129990493331853 ], [ -118.539284409669236, 34.130024841191208 ], [ -118.539299881845437, 34.130118201026313 ], [ -118.539315054875402, 34.130165191249361 ], [ -118.539335171102977, 34.130210098483175 ], [ -118.539356906267429, 34.130249846162521 ], [ -118.539376907284549, 34.130276892502565 ], [ -118.539401864797981, 34.130303916720749 ], [ -118.539448522099718, 34.130365192939294 ], [ -118.539500273409573, 34.130447742690123 ], [ -118.539522006497336, 34.130487146861412 ], [ -118.539538769806526, 34.130524512281632 ], [ -118.539564033417918, 34.130598936512456 ], [ -118.539581180354091, 34.13069572372369 ], [ -118.539595027423061, 34.130793212641002 ], [ -118.539623897082151, 34.130914335197652 ], [ -118.539622428956136, 34.13094285129695 ], [ -118.53960134760311, 34.131004429850428 ], [ -118.53957361095226, 34.131058824850911 ], [ -118.539552270127118, 34.131080216400115 ], [ -118.539527624937278, 34.131101622694814 ], [ -118.539493071104744, 34.131123760186881 ], [ -118.539458481785644, 34.131140402011503 ], [ -118.539389274291779, 34.131169220409255 ], [ -118.539315079187261, 34.131193252182172 ], [ -118.539277149989459, 34.131204413040635 ], [ -118.539191340820665, 34.131220939806035 ], [ -118.539146765212465, 34.131226290967149 ], [ -118.539084006763147, 34.131230349252718 ], [ -118.539027832660977, 34.131230599770113 ], [ -118.538910492484789, 34.131225627167439 ], [ -118.538431150256415, 34.131195131938462 ], [ -118.538338641514343, 34.131197604913446 ], [ -118.538247851299573, 34.131210374819176 ], [ -118.538209862237252, 34.131212261419932 ], [ -118.538165264456282, 34.131214177432867 ], [ -118.538067774825791, 34.131212894003518 ], [ -118.538029763649249, 34.131211345761393 ], [ -118.537991728155959, 34.131206019242441 ], [ -118.537952031646213, 34.13119932615006 ], [ -118.537910656439067, 34.131188518653637 ], [ -118.537826209677362, 34.131160041397067 ], [ -118.537756632571927, 34.131131497928841 ], [ -118.537715144733838, 34.131103172955335 ], [ -118.537693525022888, 34.131081285868788 ], [ -118.537673535405148, 34.13105595664284 ], [ -118.537653501612567, 34.131023757840964 ], [ -118.537618401642462, 34.130961055575035 ], [ -118.537596596428216, 34.130910316266167 ], [ -118.537554770786571, 34.130829439007123 ], [ -118.537511350483442, 34.130757499525259 ], [ -118.537486404489059, 34.130732192309587 ], [ -118.537317130257819, 34.13061581534145 ], [ -118.537257466780744, 34.13058722751952 ], [ -118.53721443096957, 34.13057505321396 ], [ -118.537128392492477, 34.130555856736422 ], [ -118.537047352482773, 34.130543164269817 ], [ -118.536920045235547, 34.130529646812818 ], [ -118.536800983416413, 34.130513688184799 ], [ -118.536718260455174, 34.130496194133883 ], [ -118.536685148785764, 34.130485693015494 ], [ -118.536653673852854, 34.130472780202169 ], [ -118.536592336490898, 34.130440764600898 ], [ -118.536565771778626, 34.130420616709586 ], [ -118.536524203123378, 34.130379582617863 ], [ -118.536500947181096, 34.13036010700251 ], [ -118.536471078192278, 34.130339973756861 ], [ -118.536436292410642, 34.130326045116661 ], [ -118.536388295960478, 34.13031320555671 ], [ -118.536290739092507, 34.130301272856016 ], [ -118.536189935216271, 34.13029828517957 ], [ -118.536122275911936, 34.130310950880499 ], [ -118.536094248644289, 34.130320349377946 ], [ -118.536066241195584, 34.130332839176759 ], [ -118.536010323186517, 34.130372931815863 ], [ -118.535936414113195, 34.130441613739798 ], [ -118.535833078602238, 34.130559201426038 ], [ -118.535782279753676, 34.1306246894084 ], [ -118.53576104374406, 34.13066256726384 ], [ -118.535741495108226, 34.130705933451338 ], [ -118.535730161073232, 34.130742049970578 ], [ -118.535723770332424, 34.130776083649017 ], [ -118.53570810494864, 34.1309097700751 ], [ -118.535698504494263, 34.130958587979812 ], [ -118.535665819798339, 34.131014721443513 ], [ -118.535623241807826, 34.131073990134333 ], [ -118.535542923346071, 34.131173957662618 ], [ -118.535488760124281, 34.131230186238668 ], [ -118.535396757274796, 34.131311657057054 ], [ -118.535288280807762, 34.13140075750421 ], [ -118.535257082884343, 34.131431122640421 ], [ -118.535135434808325, 34.131527494532122 ], [ -118.535040034570358, 34.131594553604003 ], [ -118.535005452963816, 34.131612568069258 ], [ -118.534964253798123, 34.131629237859002 ], [ -118.534893346003344, 34.131650847942687 ], [ -118.53482899418006, 34.13166418525492 ], [ -118.5347744829497, 34.131666143878704 ], [ -118.534754645700872, 34.131664514199286 ], [ -118.534731477707695, 34.131658777390463 ], [ -118.534709942130505, 34.131649941960255 ], [ -118.534691688961857, 34.131637657122305 ], [ -118.534661786996281, 34.131612371248579 ], [ -118.534621835719193, 34.131565833534303 ], [ -118.534608455660361, 34.131540474570791 ], [ -118.534595029477032, 34.131507902553281 ], [ -118.534566366797179, 34.131418035354862 ], [ -118.53454767218463, 34.131336711278351 ], [ -118.53451864280359, 34.13118948312772 ], [ -118.534499546349224, 34.131045302443987 ], [ -118.534489343374233, 34.131000007091821 ], [ -118.534476899629396, 34.130862666755782 ], [ -118.534479527513881, 34.130756860708686 ], [ -118.534502809934509, 34.130522155179378 ], [ -118.534510067001008, 34.130365148890668 ], [ -118.534511224969648, 34.130287858880848 ], [ -118.534509342185515, 34.130251800925166 ], [ -118.534502524887344, 34.130219199674158 ], [ -118.534494125718211, 34.130197597046468 ], [ -118.53448243102055, 34.130177382944268 ], [ -118.534465784244972, 34.130157877714652 ], [ -118.534356074255882, 34.130053942303 ], [ -118.534304580759411, 34.130010890399333 ], [ -118.534273075637003, 34.129993168264704 ], [ -118.534221718324233, 34.129971412004281 ], [ -118.534162124409946, 34.129953470494193 ], [ -118.533993352290494, 34.129914715056671 ], [ -118.533923836768281, 34.129895443307731 ], [ -118.533846102192086, 34.129882734098985 ], [ -118.53379487447252, 34.129881242900048 ], [ -118.533740364380634, 34.12988320105741 ], [ -118.533611590707864, 34.129898539621806 ], [ -118.533524140567408, 34.129916787050746 ], [ -118.533474670209742, 34.129931775401033 ], [ -118.533453260157714, 34.129942518033154 ], [ -118.533423648508901, 34.129962571042491 ], [ -118.533400689304017, 34.129989464455356 ], [ -118.533384362817813, 34.130020106967223 ], [ -118.533369977783394, 34.130096081375179 ], [ -118.533366951815367, 34.130139717751227 ], [ -118.533381041406443, 34.130276363951104 ], [ -118.533378072423446, 34.130328930773942 ], [ -118.53335698224177, 34.13038982127992 ], [ -118.533343951222776, 34.130419075291236 ], [ -118.533321051038172, 34.130455242614339 ], [ -118.53329648551977, 34.130489356350331 ], [ -118.533207899618404, 34.13058867181509 ], [ -118.533142321191434, 34.130668650386944 ], [ -118.533096498584982, 34.130737550165726 ], [ -118.533040795729093, 34.130811645824032 ], [ -118.532960402158977, 34.13090027683802 ], [ -118.532922597070268, 34.130931013989247 ], [ -118.532904469141656, 34.130938307168528 ], [ -118.532863232665065, 34.130949137103691 ], [ -118.532821976472334, 34.130956875716294 ], [ -118.532779030878842, 34.130958782458954 ], [ -118.532703008954343, 34.130955682636525 ], [ -118.532676536949467, 34.130949959996535 ], [ -118.532648382130944, 34.130939435929214 ], [ -118.532596934928421, 34.130903596350322 ], [ -118.532572016639904, 34.130882409865052 ], [ -118.532547037089955, 34.130851605970385 ], [ -118.53252866843448, 34.130821116433708 ], [ -118.532481764320877, 34.130720337490345 ], [ -118.532416559579147, 34.130599716815915 ], [ -118.53239652792098, 34.130567517143142 ], [ -118.532383124632617, 34.130538379667954 ], [ -118.532371261950345, 34.130491717499609 ], [ -118.532355806193877, 34.130399730691899 ], [ -118.532338941121054, 34.130345877296989 ], [ -118.532322095756726, 34.130295115208305 ], [ -118.532261714637372, 34.130153520421111 ], [ -118.532212905375374, 34.130012905118612 ], [ -118.532194329271761, 34.129949785053157 ], [ -118.532179230262287, 34.129913785255738 ], [ -118.532160853200068, 34.129881921748982 ], [ -118.532104198950194, 34.12980660372989 ], [ -118.532032671075868, 34.129730664177309 ], [ -118.532029754671214, 34.129726726898248 ], [ -118.532019340191852, 34.129712861460234 ], [ -118.531999398528455, 34.129694744350004 ], [ -118.531967894013945, 34.129677021614704 ], [ -118.531923196363891, 34.129663135303169 ], [ -118.531876853136509, 34.129650286681375 ], [ -118.531830536148021, 34.129641559786478 ], [ -118.531764406497416, 34.129634980969819 ], [ -118.531706592221354, 34.129636952746885 ], [ -118.531647147640214, 34.129642366550542 ], [ -118.531450703541637, 34.129668648576981 ], [ -118.531325220978587, 34.129681909304644 ], [ -118.531267406659694, 34.129683880871688 ], [ -118.531219448481153, 34.129676878398044 ], [ -118.531194620401109, 34.129669774257692 ], [ -118.531169759585225, 34.129657517931136 ], [ -118.531121663934314, 34.12962887625816 ], [ -118.531027076872931, 34.129564029064191 ], [ -118.530929292568572, 34.129516026768854 ], [ -118.530867990822657, 34.129489160444663 ], [ -118.530838184578286, 34.12947864321233 ], [ -118.530812847928274, 34.129472743436615 ], [ -118.530745524847021, 34.129457066863964 ], [ -118.530666154281022, 34.129446767216081 ], [ -118.53064477474949, 34.129446088228931 ], [ -118.530568655926288, 34.129443760344763 ], [ -118.530459614362059, 34.129444238937488 ], [ -118.530215164451405, 34.129455959629119 ], [ -118.530137513627892, 34.129456300228149 ], [ -118.530058173630863, 34.12945080888359 ], [ -118.529939095060314, 34.129431752188204 ], [ -118.529833211927141, 34.129409202651885 ], [ -118.529795140767064, 34.129398034415047 ], [ -118.529753780567376, 34.129389284999597 ], [ -118.529737239537411, 34.129386266099729 ], [ -118.529520556289356, 34.129347370912058 ], [ -118.529363396046975, 34.129315427920467 ], [ -118.529212785777432, 34.129274181863451 ], [ -118.529047219431249, 34.129219261551 ], [ -118.528830230538091, 34.129131934619082 ], [ -118.528780518618291, 34.129108794903736 ], [ -118.528656278041026, 34.129057128143998 ], [ -118.528490664714241, 34.128994650536377 ], [ -118.528301921745211, 34.12893227380048 ], [ -118.528248962258161, 34.128918078757316 ], [ -118.528194383211002, 34.128909043092406 ], [ -118.528129919581502, 34.12890451594042 ], [ -118.52804567157294, 34.128906601464593 ], [ -118.527963121253649, 34.128915892768127 ], [ -118.527887214162135, 34.128930650814134 ], [ -118.527826210964037, 34.128950839542071 ], [ -118.527760327231505, 34.128983071638423 ], [ -118.527719095389998, 34.128994586775697 ], [ -118.527613458397781, 34.129010848398941 ], [ -118.527558963903559, 34.129015208120187 ], [ -118.527486269888755, 34.129015525382847 ], [ -118.527421810549995, 34.129011684810784 ], [ -118.52729445085744, 34.128989226767622 ], [ -118.527226609283346, 34.128973035269333 ], [ -118.527052829644944, 34.128925361312383 ], [ -118.526973356099376, 34.128898572257071 ], [ -118.526905434551381, 34.128869671862674 ], [ -118.52685568868165, 34.128841035694911 ], [ -118.526752838667633, 34.128775190727794 ], [ -118.526613570530131, 34.128698169235946 ], [ -118.526540649607114, 34.128662420654635 ], [ -118.526485980048889, 34.12863895810824 ], [ -118.526439594961047, 34.128619237825802 ], [ -118.526341918210932, 34.128587718803594 ], [ -118.52624096755244, 34.128561022791949 ], [ -118.526135118949199, 34.128543622198862 ], [ -118.526019377080345, 34.128529355962719 ], [ -118.525883846463188, 34.128521015014741 ], [ -118.525766545440504, 34.128521525314028 ], [ -118.525675723811474, 34.12852913359341 ], [ -118.525477535476384, 34.128540643507044 ], [ -118.525345442989533, 34.128553583277743 ], [ -118.525287666004104, 34.12856139112472 ], [ -118.525162251022394, 34.128585293297888 ], [ -118.524893316439972, 34.128644167498479 ], [ -118.524843797841783, 34.128651595781321 ], [ -118.524802505380606, 34.128653492515966 ], [ -118.524640508272313, 34.128640112761644 ], [ -118.524509897361625, 34.128625909619217 ], [ -118.524423909062435, 34.128613917155512 ], [ -118.524086465562277, 34.12855011800761 ], [ -118.523912822068908, 34.128523735225777 ], [ -118.523592061946047, 34.128485623999268 ], [ -118.523342457501712, 34.128465408727266 ], [ -118.523058066115851, 34.128430573492594 ], [ -118.522904326047865, 34.128416468705929 ], [ -118.52282991381152, 34.128406142470432 ], [ -118.522745543735951, 34.128388646004368 ], [ -118.522639614470449, 34.128358190152937 ], [ -118.522613122502506, 34.128349030520617 ], [ -118.522575011991009, 34.128331333911248 ], [ -118.522492025795458, 34.128270895265288 ], [ -118.522419025434232, 34.128222092000321 ], [ -118.522234987591446, 34.128118466903935 ], [ -118.522132219344044, 34.128064983246219 ], [ -118.522067561478337, 34.128029196282441 ], [ -118.522021188496467, 34.128011191699208 ], [ -118.521958328681237, 34.127998754106109 ], [ -118.521888907596107, 34.127993901550113 ], [ -118.52181955084518, 34.127999353321023 ], [ -118.521758512558108, 34.128014043323844 ], [ -118.521710746928861, 34.128037606699245 ], [ -118.521659724194137, 34.128068740852257 ], [ -118.521598795136597, 34.128100948198124 ], [ -118.52146536775227, 34.128164725734614 ], [ -118.521402790713864, 34.128197627067273 ], [ -118.521360004809594, 34.128224947191377 ], [ -118.52128104997594, 34.128280932809197 ], [ -118.521111780682205, 34.128425927726219 ], [ -118.520942568597903, 34.12858019633736 ], [ -118.520880168692656, 34.128641606149536 ], [ -118.520835877932356, 34.128692633253188 ], [ -118.520804677910021, 34.128723338135835 ], [ -118.520761936478635, 34.128757871105819 ], [ -118.520696075849727, 34.128794221098424 ], [ -118.520631743215077, 34.128810642161518 ], [ -118.520565689971221, 34.128816078980336 ], [ -118.520332707093388, 34.128811929846783 ], [ -118.520264946111851, 34.128808443161475 ], [ -118.520203770155177, 34.12880114972819 ], [ -118.520154165552, 34.128794836932691 ], [ -118.520066489241913, 34.128777009337092 ], [ -118.519929272501685, 34.128763173158049 ], [ -118.519782222040789, 34.128762088172479 ], [ -118.519722764496265, 34.128765435238002 ], [ -118.519694703870897, 34.128769677748338 ], [ -118.519636945425702, 34.128780574204697 ], [ -118.519570962595424, 34.128797345284852 ], [ -118.519506651084598, 34.128817200538499 ], [ -118.519394585596345, 34.128862679092165 ], [ -118.519305641344559, 34.128906684253593 ], [ -118.519099649166407, 34.128992067173478 ], [ -118.519030462027004, 34.129024995659968 ], [ -118.518948123832345, 34.12906862870161 ], [ -118.518893726930358, 34.129088784547925 ], [ -118.518854120369951, 34.129096167821153 ], [ -118.518811175414214, 34.129098069601071 ], [ -118.51876820913958, 34.129096536576164 ], [ -118.518730173705151, 34.129090860517614 ], [ -118.51869871699148, 34.129080347382263 ], [ -118.518665563390442, 34.129062628270106 ], [ -118.518539630120529, 34.129003401664512 ], [ -118.518380588274511, 34.128933668795682 ], [ -118.51832262081841, 34.128910903685927 ], [ -118.51820675839987, 34.128877051667828 ], [ -118.518137289963022, 34.128864640419842 ], [ -118.51806288856065, 34.128856028644272 ], [ -118.517991812726962, 34.128850837452198 ], [ -118.517924075221998, 34.128851127723166 ], [ -118.517869576070765, 34.12885479611802 ], [ -118.517732538270891, 34.12886980967852 ], [ -118.517298216028607, 34.128902239698512 ], [ -118.517114928874634, 34.128919167926242 ], [ -118.516930012875889, 34.12893988121062 ], [ -118.516758260791988, 34.128951950731043 ], [ -118.516692149859225, 34.128948111500378 ], [ -118.516652422160163, 34.128935915749679 ], [ -118.516630878581225, 34.128925359704212 ], [ -118.516594450927613, 34.128912462853179 ], [ -118.516384230788205, 34.128848785385159 ], [ -118.51631142443172, 34.128830891540389 ], [ -118.51627340201361, 34.128827275582772 ], [ -118.516223837995227, 34.128827487275267 ], [ -118.516121484159854, 34.128840633431629 ], [ -118.515969721031382, 34.128879065056715 ], [ -118.515900411917912, 34.128892413448305 ], [ -118.515741917132829, 34.128910951211616 ], [ -118.515215150485645, 34.128956133727037 ], [ -118.51467191053564, 34.129009284314193 ], [ -118.514491893065227, 34.129020698830232 ], [ -118.514287051207702, 34.129025348944111 ], [ -118.514073967648372, 34.129033125155928 ], [ -118.51395673552922, 34.129044958802425 ], [ -118.513829552539548, 34.129050651852985 ], [ -118.513682480544446, 34.129046124656135 ], [ -118.513532045203448, 34.129031993905663 ], [ -118.513422976653914, 34.129027991901644 ], [ -118.513396536114627, 34.129027073746315 ], [ -118.513033164800632, 34.129044760550556 ], [ -118.512932451797667, 34.129056179598777 ], [ -118.512843345887035, 34.129074419075693 ], [ -118.512805426760622, 34.129087632501012 ], [ -118.512779078920985, 34.129101827289219 ], [ -118.512703411259821, 34.129156075891665 ], [ -118.512617931757944, 34.129226853483011 ], [ -118.51257850150408, 34.129263086941286 ], [ -118.512511216433879, 34.12933722217786 ], [ -118.512473438226763, 34.129373448596567 ], [ -118.512433976256006, 34.129404529821819 ], [ -118.51238456769056, 34.129430157391084 ], [ -118.512323549858294, 34.129448620899581 ], [ -118.512303745151016, 34.12945213972187 ], [ -118.512089020798001, 34.129461980311426 ], [ -118.512044440975274, 34.129466763323961 ], [ -118.511999880608442, 34.129474723501545 ], [ -118.511910799290462, 34.129497084040118 ], [ -118.511864625395873, 34.129511362593007 ], [ -118.511727816746685, 34.129564152044665 ], [ -118.511640484121244, 34.129602305427213 ], [ -118.511169292614497, 34.129820696453322 ], [ -118.511052376080897, 34.129884392626387 ], [ -118.510999727590288, 34.129920681452617 ], [ -118.510933962577425, 34.129973513123609 ], [ -118.510891277310293, 34.130018003498016 ], [ -118.510842098815715, 34.130081413138257 ], [ -118.510789725070381, 34.130162697635633 ], [ -118.510762068595682, 34.130233229539378 ], [ -118.510746067466158, 34.130318482170601 ], [ -118.510731493908239, 34.130366975554466 ], [ -118.510713616001794, 34.130415482898236 ], [ -118.510687470945214, 34.130462994704381 ], [ -118.510661231430106, 34.130495049945026 ], [ -118.510631668674179, 34.13052402782737 ], [ -118.510597117919801, 34.130547874453441 ], [ -118.51055924812195, 34.130569330673246 ], [ -118.510514750747134, 34.13058772348149 ], [ -118.510425711892239, 34.130617295987555 ], [ -118.51033991859633, 34.130637237061549 ], [ -118.51023588848247, 34.130646950419042 ], [ -118.509865942677948, 34.130671525181597 ], [ -118.50922715724785, 34.130773486031238 ], [ -118.509101995858458, 34.130840306433427 ], [ -118.508998316735727, 34.130907723221178 ], [ -118.508929230688651, 34.130958163363275 ], [ -118.508820726471029, 34.131047240053952 ], [ -118.508776316268126, 34.131080058346562 ], [ -118.508731837043655, 34.131101541811027 ], [ -118.508685676351945, 34.131118223504131 ], [ -118.508624635569774, 34.131133250354658 ], [ -118.50859492558601, 34.131138184198832 ], [ -118.508564871855384, 34.131137537802914 ], [ -118.508540395278374, 34.131137039679409 ], [ -118.508492404738888, 34.131124532521952 ], [ -118.508444357802063, 34.131102751408314 ], [ -118.508265364753555, 34.131011792914634 ], [ -118.508207308812544, 34.130974253349109 ], [ -118.508157513805244, 34.130936679026924 ], [ -118.50811764233606, 34.130900780408773 ], [ -118.508047768704159, 34.130821728405301 ], [ -118.507948024601163, 34.130721162151623 ], [ -118.507800125752325, 34.130580953530234 ], [ -118.50776025460631, 34.130545054794503 ], [ -118.507713774822918, 34.130509183804875 ], [ -118.507655729909047, 34.130473361370697 ], [ -118.50757951121345, 34.130437615227194 ], [ -118.507496719371886, 34.130407735928763 ], [ -118.507351041066073, 34.13036094615417 ], [ -118.507307963867092, 34.130341204659729 ], [ -118.507294563107152, 34.13031103396613 ], [ -118.507277833015905, 34.130276755388735 ], [ -118.507262842647833, 34.130256896000411 ], [ -118.507252796268133, 34.130234954934991 ], [ -118.507230915882445, 34.130168753589061 ], [ -118.507230542790538, 34.130107270818542 ], [ -118.507240097242317, 34.13004815080297 ], [ -118.507244691038863, 34.129988364628545 ], [ -118.507239351046607, 34.129925185262422 ], [ -118.507222556442784, 34.129880258823668 ], [ -118.507200815814059, 34.129837070576748 ], [ -118.507174131250807, 34.12979596399822 ], [ -118.507122518548101, 34.129730917850104 ], [ -118.507087508703322, 34.129679198056579 ], [ -118.507017297469034, 34.129544158356268 ], [ -118.506975566680751, 34.129473918376519 ], [ -118.506927260706902, 34.129409201765334 ], [ -118.50691666916947, 34.129399499716001 ], [ -118.506872433706491, 34.129358938973041 ], [ -118.506809398114797, 34.129317297772324 ], [ -118.506517781903824, 34.129180094538874 ], [ -118.506269097301214, 34.129038588939629 ], [ -118.506226010638443, 34.129017129664383 ], [ -118.506168042275235, 34.128993671767326 ], [ -118.506027327747759, 34.12894754660136 ], [ -118.505951210932963, 34.128928286432867 ], [ -118.505820548709181, 34.12890513263666 ], [ -118.505759376020961, 34.128898175371994 ], [ -118.505643616363486, 34.128880454833087 ], [ -118.505567510085442, 34.128862911818899 ], [ -118.505481449486297, 34.128838540629012 ], [ -118.505397026534681, 34.128811758115461 ], [ -118.505324145734463, 34.12878114892284 ], [ -118.505078920108346, 34.128664701042574 ], [ -118.50500930231199, 34.128627208268881 ], [ -118.504944607770625, 34.128584199082489 ], [ -118.504878165734723, 34.128525396719681 ], [ -118.504823251347858, 34.128460363393756 ], [ -118.504779883263211, 34.128392190433281 ], [ -118.504743111304876, 34.128321928985734 ], [ -118.504692730464981, 34.12818680514826 ], [ -118.504659298164796, 34.128122369024886 ], [ -118.504622580338633, 34.128061038000112 ], [ -118.504579297632745, 34.128006947615191 ], [ -118.504536124861716, 34.127971061612037 ], [ -118.504355358019495, 34.127858121563449 ], [ -118.504299003728377, 34.127828129772183 ], [ -118.504219484651244, 34.127792395298421 ], [ -118.504141661258629, 34.127763866944655 ], [ -118.50406554388492, 34.127744262110063 ], [ -118.503994449156991, 34.127735627895305 ], [ -118.503934993781854, 34.127739310673789 ], [ -118.503893724073734, 34.12774497853664 ], [ -118.503789661618555, 34.127748847199065 ], [ -118.503682319762348, 34.127756851291721 ], [ -118.503604755255267, 34.127771257492967 ], [ -118.503528909045244, 34.127796648096556 ], [ -118.503284993740124, 34.127896931960201 ], [ -118.503197605243457, 34.127926148781356 ], [ -118.502966732510728, 34.127997524724002 ], [ -118.502927189124946, 34.128015550633904 ], [ -118.502871223713029, 34.128050132270317 ], [ -118.502793933575958, 34.128110220687958 ], [ -118.502759443560151, 34.128144369448904 ], [ -118.502729965658702, 34.128187771524367 ], [ -118.502718681740063, 34.128234532799993 ], [ -118.50271401043733, 34.128281953547614 ], [ -118.502719301458214, 34.128337576568008 ], [ -118.502767713049167, 34.128420499258155 ], [ -118.502807721532207, 34.128479756226191 ], [ -118.502869521839131, 34.128591132669413 ], [ -118.502975007334584, 34.128823578506505 ], [ -118.503010111422498, 34.128891443013721 ], [ -118.503036938342717, 34.128956594056461 ], [ -118.503053850404342, 34.129021442870915 ], [ -118.503059230585379, 34.129091835484246 ], [ -118.503043424392359, 34.129210748057567 ], [ -118.503017630873259, 34.129317336630677 ], [ -118.503011826841146, 34.129348102945585 ], [ -118.503001617886724, 34.129401901276054 ], [ -118.502987108202078, 34.129461728539631 ], [ -118.502966051904778, 34.129531887678183 ], [ -118.502938432437162, 34.129609630854461 ], [ -118.502904224975225, 34.129690836313159 ], [ -118.502863443959939, 34.129777908403398 ], [ -118.502784993847442, 34.129920095229167 ], [ -118.502694918447176, 34.130052369205124 ], [ -118.502589993957073, 34.130188139735253 ], [ -118.502486655216444, 34.130312911970549 ], [ -118.502442329631819, 34.130360154063787 ], [ -118.502407815834502, 34.130390524454576 ], [ -118.502365055629397, 34.130423333523837 ], [ -118.502075446156368, 34.130619637921995 ], [ -118.501983205140675, 34.130666735376479 ], [ -118.501907452746025, 34.130708268489634 ], [ -118.501876880464351, 34.13056962635163 ], [ -118.501842764737589, 34.130391154331321 ], [ -118.501927314042334, 34.130163757817343 ], [ -118.502159131844877, 34.129973533171537 ], [ -118.502301928361007, 34.129816309395679 ], [ -118.502390017542382, 34.129628398942842 ], [ -118.502390713870867, 34.129469361186281 ], [ -118.502316407645139, 34.129338929958493 ], [ -118.502290526173212, 34.129293568313763 ], [ -118.502114571502872, 34.129156560766404 ], [ -118.501763703048084, 34.129055658446035 ], [ -118.501389767321029, 34.12896515543374 ], [ -118.501121904762755, 34.128930200052615 ], [ -118.500963439566775, 34.128954214105399 ], [ -118.500622343960018, 34.129105388013308 ], [ -118.500398495863877, 34.129247144931355 ], [ -118.500306467636335, 34.129312445078781 ], [ -118.500011152476247, 34.129521777737914 ], [ -118.500005291607451, 34.129525966771894 ], [ -118.499746887842974, 34.12969156607268 ], [ -118.499555463966928, 34.129730141022939 ], [ -118.499256551432907, 34.129752672281938 ], [ -118.499112976089464, 34.129780400763096 ], [ -118.498834657788763, 34.1299316538488 ], [ -118.498574131177776, 34.130018944180257 ], [ -118.498293683905075, 34.130090515635395 ], [ -118.49801948871503, 34.130102293809038 ], [ -118.497676129689765, 34.130152483293344 ], [ -118.497429315189578, 34.130323182213552 ], [ -118.497187519521347, 34.130504508102497 ], [ -118.497138083160507, 34.13052635116717 ], [ -118.49709027647414, 34.130544409144328 ], [ -118.497067178782473, 34.130549999935297 ], [ -118.497012698032776, 34.130557093719588 ], [ -118.496954872092132, 34.130557331477874 ], [ -118.496893721393221, 34.130554147998851 ], [ -118.496832548241429, 34.130547186216077 ], [ -118.49677301706248, 34.130538500215422 ], [ -118.496728353377634, 34.13052940960057 ], [ -118.496686975671594, 34.130517214077067 ], [ -118.496595892112822, 34.13048152210829 ], [ -118.496542863576721, 34.130454947916782 ], [ -118.496519641414451, 34.130439586362762 ], [ -118.496501398204671, 34.130427982717727 ], [ -118.496469835658999, 34.130399259391694 ], [ -118.496443227593304, 34.130370172221092 ], [ -118.496404919758618, 34.130318462904292 ], [ -118.496374976816625, 34.130284237098756 ], [ -118.496335110719144, 34.130248334594846 ], [ -118.496288636004024, 34.130212459212402 ], [ -118.496237225233386, 34.130180038954393 ], [ -118.49618583693082, 34.130151396947433 ], [ -118.496127840018602, 34.130122782044424 ], [ -118.496069875761293, 34.130099662783266 ], [ -118.495790071808855, 34.130001542847779 ], [ -118.495606342072662, 34.129944933877638 ], [ -118.495328457975106, 34.129891801895965 ], [ -118.495201125919422, 34.129872744831125 ], [ -118.495141613702003, 34.129867149341457 ], [ -118.495025952593608, 34.1298659056433 ], [ -118.494926813050768, 34.129864594185818 ], [ -118.494796323207524, 34.129870280739283 ], [ -118.494741836609208, 34.129876343061795 ], [ -118.494698933394318, 34.129885449341664 ], [ -118.49458183350518, 34.129920277314916 ], [ -118.494458092377158, 34.129949636539124 ], [ -118.494397068175388, 34.129967747518691 ], [ -118.494303098271004, 34.130002480611431 ], [ -118.494224038342878, 34.130044022421444 ], [ -118.494154938003376, 34.130093423679504 ], [ -118.494079287812951, 34.130152812814181 ], [ -118.493903358890421, 34.130297796642928 ], [ -118.49375543302223, 34.130428582831676 ], [ -118.493735692225172, 34.130443089952337 ], [ -118.493697858721362, 34.130471410477043 ], [ -118.493648433639279, 34.130495312990831 ], [ -118.493551286262743, 34.130551698196669 ], [ -118.4934755622278, 34.130598721695691 ], [ -118.493381773698701, 34.130664367218991 ], [ -118.493296181023325, 34.130718987615431 ], [ -118.493230325148744, 34.130758413957523 ], [ -118.493133156920436, 34.130811364033576 ], [ -118.49303100772886, 34.130860212495961 ], [ -118.492932114158094, 34.130900803890739 ], [ -118.492838118293776, 34.13093141409238 ], [ -118.492762205199881, 34.1309464935592 ], [ -118.492603731756091, 34.130970153173919 ], [ -118.492303344828386, 34.131023930599135 ], [ -118.492151439379754, 34.131040693115722 ], [ -118.491753413603647, 34.131067731155625 ], [ -118.491596539302819, 34.131082452262994 ], [ -118.491538765499627, 34.131091617895656 ], [ -118.491159197856845, 34.131167010673131 ], [ -118.49098094375239, 34.131198648747812 ], [ -118.490845581740544, 34.131219120785772 ], [ -118.490551714845111, 34.131258097404896 ], [ -118.490485649651518, 34.131262143867978 ], [ -118.490429475388879, 34.131262371800247 ], [ -118.490388118390413, 34.131253608914925 ], [ -118.490250733279765, 34.13121088676909 ], [ -118.490214288557468, 34.131194547172818 ], [ -118.490171162606671, 34.131165869105004 ], [ -118.490139579802545, 34.131133365851483 ], [ -118.490116227718005, 34.131095676901921 ], [ -118.490096147792059, 34.131052478878658 ], [ -118.490077709996882, 34.131007556756046 ], [ -118.490054166669054, 34.130937237245668 ], [ -118.490003807998747, 34.130802107278377 ], [ -118.489975394846823, 34.130746577462858 ], [ -118.489945424184697, 34.130707197872383 ], [ -118.489920498648814, 34.130682911281326 ], [ -118.48985401519154, 34.130615513670904 ], [ -118.489722827547283, 34.130502350853092 ], [ -118.489600072102292, 34.130418350187277 ], [ -118.489495645610177, 34.130360723719178 ], [ -118.489150971879582, 34.130187283853701 ], [ -118.48908968508448, 34.130160739822564 ], [ -118.489041685959364, 34.130146164066339 ], [ -118.488934180892329, 34.130127020183508 ], [ -118.4887853075642, 34.130097051894751 ], [ -118.488705927510409, 34.130084320338142 ], [ -118.488611682049068, 34.130072335797266 ], [ -118.488520771047405, 34.130065490020314 ], [ -118.488343979818012, 34.13006448697729 ], [ -118.488213489215184, 34.130070166424183 ], [ -118.487883133230184, 34.130084552836699 ], [ -118.487676613087743, 34.130085386247998 ], [ -118.487589038528114, 34.130084022110388 ], [ -118.487375875693075, 34.130079042514993 ], [ -118.48636442931047, 34.130027471606475 ], [ -118.485615739341895, 34.129985484989504 ], [ -118.485275213048993, 34.129955595241022 ], [ -118.485133065594184, 34.129945517734662 ], [ -118.485009113838998, 34.129939145413807 ], [ -118.484938069031514, 34.129939086978368 ], [ -118.484883569718747, 34.129943083979761 ], [ -118.484830754435606, 34.129952570002295 ], [ -118.484781261386928, 34.129965134065053 ], [ -118.484687307407071, 34.130003294477511 ], [ -118.484591764901921, 34.130052452786146 ], [ -118.48447486960255, 34.130123336320288 ], [ -118.484399184640836, 34.13017791068259 ], [ -118.484356423447636, 34.130211743819061 ], [ -118.484297250028163, 34.130264534513834 ], [ -118.484200317466971, 34.130359038434065 ], [ -118.484154275639483, 34.130397006490547 ], [ -118.484101571386304, 34.130425727049705 ], [ -118.484052101816729, 34.130442412568719 ], [ -118.483934931088285, 34.130465895402281 ], [ -118.483710414995826, 34.130497707958277 ], [ -118.483588279634873, 34.130519836372464 ], [ -118.483243246147438, 34.130567930590566 ], [ -118.482957732131823, 34.13062299925997 ], [ -118.482850406417739, 34.130634763128008 ], [ -118.482749611998656, 34.130633104803138 ], [ -118.482630592123513, 34.130622588492422 ], [ -118.482528086066807, 34.13061063219223 ], [ -118.482437103610152, 34.130591416574532 ], [ -118.482354358266136, 34.130568046167916 ], [ -118.482283158344941, 34.130541194764234 ], [ -118.482057882743305, 34.130441451568728 ], [ -118.481789607790375, 34.130334322630908 ], [ -118.481580924243133, 34.130246534477486 ], [ -118.481410264624145, 34.130162716379886 ], [ -118.481168248023749, 34.130024567613397 ], [ -118.481106942136535, 34.129994241259311 ], [ -118.481050656026994, 34.129974886495624 ], [ -118.48098944311333, 34.129960703623318 ], [ -118.480681724723581, 34.129889451887578 ], [ -118.480531139433523, 34.129848488655639 ], [ -118.480504655558804, 34.129840006753845 ], [ -118.480428506305373, 34.129814204400461 ], [ -118.480352357098965, 34.129788401999129 ], [ -118.480276188204144, 34.129759164753693 ], [ -118.480211590365485, 34.129730911952755 ], [ -118.480009386440358, 34.129620081697759 ], [ -118.479856952631749, 34.129544776225558 ], [ -118.479785683409631, 34.129505558085143 ], [ -118.479671251405762, 34.129430445018109 ], [ -118.479619794349261, 34.129388743743561 ], [ -118.479568299902269, 34.129340516334317 ], [ -118.479511786023792, 34.129281317218222 ], [ -118.479463552651012, 34.129225520104207 ], [ -118.479431931402431, 34.129185457502935 ], [ -118.479421939737563, 34.129171757636726 ], [ -118.479391909605525, 34.129121040603671 ], [ -118.479368511714483, 34.129074419109642 ], [ -118.479357540854295, 34.129034016973598 ], [ -118.479346569019896, 34.128993443096782 ], [ -118.479328084275991, 34.128939245387215 ], [ -118.479276164881, 34.128816826255715 ], [ -118.479254336564011, 34.128755772044698 ], [ -118.47923747255895, 34.128696072096872 ], [ -118.479225578761927, 34.128638756853128 ], [ -118.479210014458104, 34.128517567499081 ], [ -118.479194196190079, 34.128352069272431 ], [ -118.479182804693167, 34.128094155377802 ], [ -118.479182089943393, 34.127969472276689 ], [ -118.479178291487116, 34.127883271992467 ], [ -118.479163948313811, 34.127686854049422 ], [ -118.479141250151542, 34.12747398183059 ], [ -118.479132668687697, 34.127418027399436 ], [ -118.47911866423641, 34.127352734432364 ], [ -118.479107205886322, 34.127299281687328 ], [ -118.479092018009169, 34.127243696927962 ], [ -118.479056703721255, 34.127135638364493 ], [ -118.479018260501363, 34.127058162571544 ], [ -118.478956534437714, 34.126953987012683 ], [ -118.478868207707961, 34.126820720386156 ], [ -118.478783299554749, 34.12670736242444 ], [ -118.478745053502948, 34.126664234506613 ], [ -118.478657026372161, 34.12658317662769 ], [ -118.478545895699924, 34.12650667549709 ], [ -118.478424856624954, 34.126430900460655 ], [ -118.478366868374792, 34.126402277038729 ], [ -118.478323811855276, 34.126384586095334 ], [ -118.478282429060343, 34.126370666874926 ], [ -118.478174772162461, 34.126323691575607 ], [ -118.478045632366346, 34.126275770688537 ], [ -118.477951298460297, 34.126247290815122 ], [ -118.477860308060173, 34.1262256673972 ], [ -118.477767710774387, 34.126211950472594 ], [ -118.477676814673572, 34.126206813938538 ], [ -118.477633236508169, 34.126206213309068 ], [ -118.47758098391455, 34.126205475195754 ], [ -118.477496737375731, 34.126207525486727 ], [ -118.477248985367154, 34.126219152111474 ], [ -118.476910503783984, 34.126254836887171 ], [ -118.476667772448195, 34.126277777592371 ], [ -118.476563720354378, 34.126283340212659 ], [ -118.476246674262782, 34.126311725373213 ], [ -118.47566880912882, 34.1263782330632 ], [ -118.475454264158245, 34.126400759847385 ], [ -118.475274186428294, 34.126419629977669 ], [ -118.475231255529309, 34.126423920631268 ], [ -118.475069422957333, 34.126437265855941 ], [ -118.474710999386033, 34.126452757092764 ], [ -118.474440150135706, 34.126470307953568 ], [ -118.474331250527513, 34.12649512296889 ], [ -118.474303200056895, 34.126501415818865 ], [ -118.474230642491378, 34.126525401150907 ], [ -118.474143303725242, 34.126564901354264 ], [ -118.473927465748787, 34.126669137544852 ], [ -118.473798968368868, 34.126734216938367 ], [ -118.473733088919673, 34.126770541335873 ], [ -118.473629384379933, 34.126837584295551 ], [ -118.473550431977287, 34.126899377881472 ], [ -118.473481399843266, 34.126962506504029 ], [ -118.473377953566256, 34.127075232048547 ], [ -118.473272932693433, 34.127201703162065 ], [ -118.473172879492026, 34.127330215660237 ], [ -118.472954832132856, 34.127628529087545 ], [ -118.472879373138241, 34.127723970319131 ], [ -118.472602031815256, 34.128055146362158 ], [ -118.47249049323112, 34.128198129664938 ], [ -118.472387193552763, 34.128337302304082 ], [ -118.472200387718729, 34.1286100741927 ], [ -118.471984859292846, 34.128935082151237 ], [ -118.471944824990373, 34.12899543462531 ], [ -118.471726879393643, 34.129313324195316 ], [ -118.471681016607192, 34.129383918075533 ], [ -118.471551533531724, 34.129568189005049 ], [ -118.471472770750381, 34.129664329213483 ], [ -118.471390672483366, 34.129754986581311 ], [ -118.471318332045612, 34.129818126859455 ], [ -118.471244300611517, 34.129874403940477 ], [ -118.47116528162185, 34.129925204620697 ], [ -118.471076310859459, 34.129969174288298 ], [ -118.470980708135102, 34.130009047884137 ], [ -118.470883431873318, 34.130045149563273 ], [ -118.470781183564, 34.130078522630939 ], [ -118.470683866518371, 34.13010741107437 ], [ -118.470601370532052, 34.130127654553661 ], [ -118.470421354317679, 34.130140720832394 ], [ -118.470148930854023, 34.130174412058288 ], [ -118.469896029999248, 34.130154099271358 ], [ -118.469801733103509, 34.130132482630451 ], [ -118.46970078321209, 34.130102991561763 ], [ -118.469667685914985, 34.130093502526698 ], [ -118.469589891473305, 34.130068386724325 ], [ -118.469510435270081, 34.130041559890529 ], [ -118.469437580046559, 34.130013333419228 ], [ -118.469303429082146, 34.129955805002908 ], [ -118.469250397988787, 34.129927157960502 ], [ -118.469102858465448, 34.129839110931535 ], [ -118.46898022685626, 34.129773293757125 ], [ -118.468923901312152, 34.129746376791182 ], [ -118.46877485284233, 34.129683753276723 ], [ -118.468745044716087, 34.129671503335651 ], [ -118.4684802245078, 34.12958768867307 ], [ -118.46822045363605, 34.129520341261497 ], [ -118.468165842218767, 34.129504408896324 ], [ -118.468117847120155, 34.129489824831744 ], [ -118.467988708198789, 34.129441893195903 ], [ -118.467768416751625, 34.129343478101269 ], [ -118.467723718422462, 34.129327507173407 ], [ -118.467659173202748, 34.129307834659976 ], [ -118.467594649149035, 34.129291940390026 ], [ -118.467531815689853, 34.129282909291433 ], [ -118.467475611961262, 34.129277630879308 ], [ -118.46743103473041, 34.129283299071666 ], [ -118.467394729752129, 34.129290996183542 ], [ -118.467303921191672, 34.1293019953998 ], [ -118.46721149117738, 34.129318496611134 ], [ -118.467160366744395, 34.129335181602421 ], [ -118.467114235205329, 34.129358373534323 ], [ -118.467069788417035, 34.129387398221439 ], [ -118.467031980901837, 34.129421893034838 ], [ -118.466994204058793, 34.129461883513656 ], [ -118.466920411779711, 34.129561436403947 ], [ -118.466895781059321, 34.129588667040423 ], [ -118.466869455963504, 34.129608347497111 ], [ -118.466836514567049, 34.12962667955307 ], [ -118.466744185752006, 34.12966138483818 ], [ -118.466702941342461, 34.129672192199997 ], [ -118.466516439568124, 34.129707260888857 ], [ -118.466419081232274, 34.129728932821791 ], [ -118.466354739141266, 34.129745668474307 ], [ -118.466288752532307, 34.129763784385496 ], [ -118.466229386017005, 34.129783935648966 ], [ -118.466170040544469, 34.129807865161553 ], [ -118.466069569202759, 34.129863897541014 ], [ -118.465975758063863, 34.129929178315997 ], [ -118.465937926876606, 34.129959551029501 ], [ -118.465791629160137, 34.130093731419585 ], [ -118.465740603488328, 34.130128276762861 ], [ -118.465691208888899, 34.130159037440897 ], [ -118.46565165644482, 34.13017705115562 ], [ -118.465612086764011, 34.13019197353875 ], [ -118.465570841946288, 34.130202780514402 ], [ -118.465465179880709, 34.130216926940811 ], [ -118.465423891043642, 34.130219833829656 ], [ -118.465371021745995, 34.130220037393016 ], [ -118.465280110577552, 34.130212830656632 ], [ -118.465098171705492, 34.130177464707188 ], [ -118.464830270794366, 34.130133498425323 ], [ -118.464605335949699, 34.130091083842977 ], [ -118.464534233762905, 34.130080709018856 ], [ -118.464415209334447, 34.130068800852996 ], [ -118.464363992292533, 34.130068997627966 ], [ -118.464321053235537, 34.13007225396715 ], [ -118.464284766706569, 34.130083384943788 ], [ -118.464111751121791, 34.130167173294865 ], [ -118.464045853316378, 34.130201431536015 ], [ -118.46393881335338, 34.130265044073575 ], [ -118.463766016202825, 34.130388332116524 ], [ -118.463629455815408, 34.130491558666598 ], [ -118.463568605507305, 34.130542284670788 ], [ -118.463519282242729, 34.130586096697343 ], [ -118.463484803731305, 34.130625386449296 ], [ -118.46340279487697, 34.130733899347838 ], [ -118.463373316574291, 34.130781070103275 ], [ -118.46335208770283, 34.130826148305481 ], [ -118.463339081621939, 34.130864325240282 ], [ -118.463324630876429, 34.130939947815399 ], [ -118.463309970680783, 34.130977787600301 ], [ -118.463288722687494, 34.13101943099263 ], [ -118.463246057217646, 34.131072148055217 ], [ -118.463196678272979, 34.131105999033664 ], [ -118.463142270416228, 34.131126816747447 ], [ -118.463023590984264, 34.131177420552859 ], [ -118.462982356760705, 34.13119028752493 ], [ -118.462936124117832, 34.1311956169083 ], [ -118.462891505611424, 34.131194070348791 ], [ -118.46284520449052, 34.13118703442079 ], [ -118.462534194591484, 34.131116092616928 ], [ -118.462481223996036, 34.131098090481082 ], [ -118.462439820603095, 34.131080387556032 ], [ -118.462330449767947, 34.131021726143203 ], [ -118.462186328218309, 34.130953236385729 ], [ -118.462065470321704, 34.130908701631455 ], [ -118.461969503437587, 34.130883650396726 ], [ -118.461676730072128, 34.130823628283565 ], [ -118.461603933717669, 34.130805701487773 ], [ -118.461549294272658, 34.130784613933884 ], [ -118.461400190700914, 34.13071133344674 ], [ -118.461216270438328, 34.130616202453787 ], [ -118.461144779761199, 34.130535412250886 ], [ -118.461106601692407, 34.130503270105997 ], [ -118.461073437005055, 34.130481413440215 ], [ -118.461035387814022, 34.130472627907913 ], [ -118.460980852915071, 34.130470431493272 ], [ -118.460959369011604, 34.130469482964415 ], [ -118.460871754718397, 34.130460886391248 ], [ -118.460828758514694, 34.130453837091935 ], [ -118.460618665974195, 34.130406206200405 ], [ -118.460545898597459, 34.13039343096662 ], [ -118.46046987988548, 34.130390285715265 ], [ -118.46041207287945, 34.13039394079091 ], [ -118.460354296135478, 34.130403091517891 ], [ -118.460250349406962, 34.130428905411264 ], [ -118.460205829695965, 34.1304452188173 ], [ -118.460108510459747, 34.130474442226379 ], [ -118.459999576808258, 34.130494779092146 ], [ -118.45995004190695, 34.130500463388344 ], [ -118.459888930458831, 34.130504130787543 ], [ -118.459513946038101, 34.130516205020264 ], [ -118.459319052043455, 34.13052828085204 ], [ -118.459228235415253, 34.130538243561674 ], [ -118.459155603983675, 34.13055019804775 ], [ -118.458911370966092, 34.130603679088331 ], [ -118.458827236434274, 34.130627012124222 ], [ -118.458756332447891, 34.130652699297414 ], [ -118.458693706257435, 34.130681446400388 ], [ -118.458626155534873, 34.130716051436892 ], [ -118.45856027577625, 34.130754084967478 ], [ -118.458425273887528, 34.130841499292245 ], [ -118.458343621907616, 34.130903336067711 ], [ -118.458319969524567, 34.130921244147551 ], [ -118.458226267890709, 34.13100781466801 ], [ -118.458186862177755, 34.131052960858575 ], [ -118.458147497840372, 34.131105663595875 ], [ -118.458090119426913, 34.13118763099628 ], [ -118.458065521114591, 34.131221385953943 ], [ -118.457975401783102, 34.131358778795494 ], [ -118.45792292879122, 34.131431453377658 ], [ -118.457899975003812, 34.131463828122698 ], [ -118.457803097747274, 34.131574110953004 ], [ -118.457742271330204, 34.131629986225164 ], [ -118.457679756902792, 34.131679341602812 ], [ -118.457615567639948, 34.131724581443336 ], [ -118.457548043830926, 34.131764338078085 ], [ -118.457399770915828, 34.131842527331578 ], [ -118.457320713463247, 34.131888166763105 ], [ -118.45718406188179, 34.131976616394915 ], [ -118.45714296537669, 34.132014898895285 ], [ -118.457090391698145, 34.13206936867708 ], [ -118.457009796215857, 34.132135966433495 ], [ -118.456963722282325, 34.132170489333035 ], [ -118.456909396671506, 34.132206760842031 ], [ -118.456855040975839, 34.132237536646507 ], [ -118.456800657083107, 34.132263160226451 ], [ -118.456746213095883, 34.132277792421618 ], [ -118.456696675040007, 34.132283131904785 ], [ -118.456660326486215, 34.132283269232751 ], [ -118.456617391620853, 34.132287553275503 ], [ -118.456534867564429, 34.132303665395128 ], [ -118.456503535652914, 34.132314775315614 ], [ -118.456470577786149, 34.132330700187524 ], [ -118.456356911118235, 34.132392613571099 ], [ -118.456315712771939, 34.132412347869632 ], [ -118.456200671119177, 34.132525102386332 ], [ -118.456174393193805, 34.132554054475591 ], [ -118.456144908295556, 34.132600879990086 ], [ -118.456046511995368, 34.132736241692058 ], [ -118.456016961373834, 34.13277104537471 ], [ -118.455957794477982, 34.132828630917444 ], [ -118.455873857329436, 34.132888714261775 ], [ -118.455819498935867, 34.132919146121054 ], [ -118.455768390628876, 34.132939604575583 ], [ -118.45571559636798, 34.132953886597022 ], [ -118.455667723173477, 34.132961623789768 ], [ -118.455565315456624, 34.132967505585519 ], [ -118.455431592264048, 34.132987588257606 ], [ -118.455230217722502, 34.133024412960374 ], [ -118.455037025579983, 34.133046780067453 ], [ -118.454880135501085, 34.133060423082902 ], [ -118.454814054077332, 34.133062045688995 ], [ -118.454757871036293, 34.13306088312342 ], [ -118.454706611030446, 34.13305351924528 ], [ -118.454661930028692, 34.133040634806349 ], [ -118.454607300214931, 34.133021261513584 ], [ -118.454484742587283, 34.132967794910186 ], [ -118.454425087107907, 34.132935731409731 ], [ -118.454373672232492, 34.132899858546189 ], [ -118.454325513297135, 34.132855042759459 ], [ -118.454252246348219, 34.132750554562307 ], [ -118.454213911264446, 34.132689214434293 ], [ -118.454159005573544, 34.132619005891378 ], [ -118.454059284992795, 34.132511182098334 ], [ -118.453976263990441, 34.132435926777084 ], [ -118.453896655736841, 34.132380580833896 ], [ -118.453782190852905, 34.132295825812967 ], [ -118.45371585831036, 34.132251078011123 ], [ -118.453608112583524, 34.13218656334201 ], [ -118.453512070358983, 34.132147422709536 ], [ -118.453399515502383, 34.13211006137584 ], [ -118.453237364854004, 34.132067390120923 ], [ -118.453164597159443, 34.132054610442999 ], [ -118.453100135185693, 34.132050043276799 ], [ -118.452908518760665, 34.132057974625468 ], [ -118.452731693988966, 34.132051423814261 ], [ -118.452644077024004, 34.132042477796958 ], [ -118.452491938652031, 34.132017972863281 ], [ -118.452338105415464, 34.131985573879255 ], [ -118.452247148849239, 34.131970113818475 ], [ -118.45210825434043, 34.13195036766939 ], [ -118.45207570620326, 34.131946711047192 ], [ -118.451848695422882, 34.131921111358459 ], [ -118.451751126505002, 34.131904988668794 ], [ -118.451684941992113, 34.131887374679494 ], [ -118.451660101462963, 34.131876819403189 ], [ -118.451562452842339, 34.131845926917585 ], [ -118.45146648246488, 34.131819836903396 ], [ -118.451393698562441, 34.13180396483871 ], [ -118.451327560570718, 34.131794937655997 ], [ -118.451261442991225, 34.131789688718101 ], [ -118.451117701795781, 34.131790225260538 ], [ -118.45099877321617, 34.131796164847884 ], [ -118.450780809068632, 34.131820335017942 ], [ -118.450623978001204, 34.13184462039186 ], [ -118.450569485065955, 34.131850319322155 ], [ -118.450414215387056, 34.131857767740279 ], [ -118.450244107340723, 34.131871110509728 ], [ -118.450136812420567, 34.131889714932811 ], [ -118.450085660812945, 34.131902270941602 ], [ -118.449907496839359, 34.131953770289613 ], [ -118.449702989812124, 34.132022541733129 ], [ -118.449605637354537, 34.132046604485232 ], [ -118.449547849048869, 34.132054032646522 ], [ -118.449493335585586, 34.132055952810433 ], [ -118.449453664243364, 34.132052665457962 ], [ -118.449417267761461, 34.132043870124761 ], [ -118.449379189538462, 34.132029585241064 ], [ -118.449341091017246, 34.132011522064047 ], [ -118.449248277858899, 34.131957939595075 ], [ -118.449198518007137, 34.13192205839055 ], [ -118.449155348539847, 34.131882717807102 ], [ -118.449122097843002, 34.131844370815692 ], [ -118.449100425481902, 34.131808385206419 ], [ -118.449083682050656, 34.131767228976408 ], [ -118.449000258507013, 34.131616061131844 ], [ -118.448930266790143, 34.131504687835154 ], [ -118.448877084910166, 34.131446836043295 ], [ -118.448855504980955, 34.131428024396627 ], [ -118.448842226590003, 34.131416738633796 ], [ -118.448802419102378, 34.131388033538485 ], [ -118.448759334924503, 34.131364492899856 ], [ -118.44868315905407, 34.131332144425045 ], [ -118.44865338278322, 34.131325385210943 ], [ -118.448610348452959, 34.131311118482664 ], [ -118.448557351241362, 34.131287614563071 ], [ -118.448375109412169, 34.131194862260379 ], [ -118.448307215036593, 34.131166261186486 ], [ -118.448242652706568, 34.131142800022729 ], [ -118.447953038037809, 34.131053880084437 ], [ -118.447569016058921, 34.130921686218478 ], [ -118.446989740709853, 34.130734568457072 ], [ -118.44681102833836, 34.130683362675633 ], [ -118.446627326625261, 34.130625992301788 ], [ -118.446423791740202, 34.130567320954036 ], [ -118.446355957235667, 34.130549710149459 ], [ -118.446304701344118, 34.130542686188996 ], [ -118.446220334152841, 34.130523075430155 ], [ -118.44519062970835, 34.130451648711322 ], [ -118.443580789210742, 34.130339751235425 ], [ -118.443351022867333, 34.130318954543014 ], [ -118.443306414300281, 34.130319118155107 ], [ -118.443275070445637, 34.130328163764894 ], [ -118.443251958289082, 34.13033168339031 ], [ -118.443174346390919, 34.13033952468674 ], [ -118.443123138238704, 34.130341429862433 ], [ -118.442321632403861, 34.130618124579428 ], [ -118.442102281882413, 34.130692433257124 ], [ -118.440886807131548, 34.13111008750311 ], [ -118.440664160535491, 34.131186466505994 ], [ -118.44012980885347, 34.131370117920547 ], [ -118.439781818395019, 34.131489544000232 ], [ -118.439465072369259, 34.131581033049756 ], [ -118.439382585427282, 34.131604690024652 ], [ -118.439230753162903, 34.131637529605406 ], [ -118.439149862352579, 34.13165053252942 ], [ -118.438822897090617, 34.131684007745434 ], [ -118.438733698313413, 34.131688109894036 ], [ -118.438642827503244, 34.131688439689391 ], [ -118.438439560481697, 34.131680246497169 ], [ -118.438320524888908, 34.13166590827371 ], [ -118.438262604375041, 34.131648256978856 ], [ -118.438174933564142, 34.131628652584929 ], [ -118.438055853087903, 34.131605727093692 ], [ -118.437908537812234, 34.131554737860192 ], [ -118.437335823769274, 34.131355184598497 ], [ -118.437128964105668, 34.131291700830118 ], [ -118.437034609753539, 34.13125769333638 ], [ -118.436988246130284, 34.131238282213239 ], [ -118.436748104592851, 34.131129234369553 ], [ -118.436484709352953, 34.130996569436306 ], [ -118.436362148356821, 34.130939649658785 ], [ -118.436206482967279, 34.130871170678176 ], [ -118.435924899320639, 34.130735478787685 ], [ -118.435812295129764, 34.130686766229026 ], [ -118.435770908334305, 34.130671115051697 ], [ -118.435668303306585, 34.130638853675258 ], [ -118.435618673583761, 34.130626667023726 ], [ -118.435529379134394, 34.130612218870496 ], [ -118.435474828711165, 34.130606919625471 ], [ -118.435314485410743, 34.13059169680303 ], [ -118.435264907636991, 34.130589470935533 ], [ -118.434838769752659, 34.130614705294171 ], [ -118.434784278330312, 34.130620740588341 ], [ -118.434736399176316, 34.130627439049697 ], [ -118.434584586505736, 34.130664051077204 ], [ -118.434394887865352, 34.130722782226151 ], [ -118.434243178367666, 34.130779315684428 ], [ -118.434185484134659, 34.13080494095896 ], [ -118.434080042536166, 34.130862681952578 ], [ -118.433893975521499, 34.130984600832022 ], [ -118.433810040410791, 34.131047760174241 ], [ -118.433782094097737, 34.131074995921658 ], [ -118.433709913029659, 34.131174522606322 ], [ -118.433596669391193, 34.131320910750105 ], [ -118.433494841070754, 34.13143840496199 ], [ -118.433434037689139, 34.131501824567835 ], [ -118.433404446031872, 34.131530440074123 ], [ -118.433353445277419, 34.131572528312695 ], [ -118.433289242932332, 34.131617755233613 ], [ -118.433213484043677, 34.131664740972973 ], [ -118.433140965388347, 34.131699349530976 ], [ -118.433070061499038, 34.13172673903842 ], [ -118.432999127314901, 34.131748289338063 ], [ -118.432926524884422, 34.131766754190359 ], [ -118.432796148815427, 34.13179573047487 ], [ -118.432730155096763, 34.131814171546068 ], [ -118.432665820660603, 34.131833980588773 ], [ -118.432542122518313, 34.13187632867777 ], [ -118.432453060062585, 34.131906874180352 ], [ -118.432314483002628, 34.131947557833172 ], [ -118.432238582947619, 34.131967408012095 ], [ -118.432027363770942, 34.13201899916303 ], [ -118.431936538723633, 34.132028254406734 ], [ -118.43175972275921, 34.132023046838142 ], [ -118.431610960578723, 34.132011212594605 ], [ -118.431559696163518, 34.132002464979486 ], [ -118.431515028158898, 34.131991289387173 ], [ -118.431470337116707, 34.131975648533285 ], [ -118.431427266382144, 34.131953819118856 ], [ -118.431384170852539, 34.131927180963629 ], [ -118.431341046990298, 34.131895047106816 ], [ -118.4313028691287, 34.131860834666412 ], [ -118.431219810786416, 34.131774228865744 ], [ -118.431196596723723, 34.131758167803888 ], [ -118.431131985590753, 34.131724393089172 ], [ -118.431092258441325, 34.131710108338076 ], [ -118.431054211843886, 34.131701313368332 ], [ -118.431021159040924, 34.131699713800487 ], [ -118.430991428344441, 34.131701537245462 ], [ -118.430960064929565, 34.131707144858105 ], [ -118.430894086811776, 34.131728676250376 ], [ -118.430842971363134, 34.131748780684582 ], [ -118.430798484157734, 34.131772639827979 ], [ -118.430760612804434, 34.131797849325118 ], [ -118.430731002427166, 34.131823029373102 ], [ -118.430678401040922, 34.13187542678277 ], [ -118.43064055968847, 34.131906475409146 ], [ -118.430548342487839, 34.131966227114937 ], [ -118.430497246270221, 34.131990109687479 ], [ -118.430454372126249, 34.132006406251143 ], [ -118.430408174102624, 34.132018936281426 ], [ -118.430249748191443, 34.132055566397966 ], [ -118.430129305184394, 34.132088626285089 ], [ -118.430076482339473, 34.132098088381909 ], [ -118.430036845317517, 34.13210132078477 ], [ -118.430003772938676, 34.132095942654203 ], [ -118.42987796509729, 34.132049675948473 ], [ -118.429826637253583, 34.132028562303489 ], [ -118.429781905887069, 34.132005020775857 ], [ -118.429747089529585, 34.131981787468057 ], [ -118.429718864343158, 34.131955095851595 ], [ -118.42969226135925, 34.131922559188197 ], [ -118.429668952204608, 34.131887949890533 ], [ -118.429620595247158, 34.131801906613809 ], [ -118.429590428452187, 34.131718890051822 ], [ -118.42956852446315, 34.131636187605075 ], [ -118.429538451329535, 34.131571375492371 ], [ -118.429476773018678, 34.131465113783378 ], [ -118.429461746218649, 34.131434596858952 ], [ -118.429438469059704, 34.131406170164674 ], [ -118.429410242401616, 34.131379134996074 ], [ -118.429375406999569, 34.131352123297056 ], [ -118.429324049719639, 34.131325170271971 ], [ -118.429266148981597, 34.131310949470603 ], [ -118.429211596735797, 34.131305303918474 ], [ -118.429158765464393, 34.131313048212 ], [ -118.429117552413686, 34.1313310558373 ], [ -118.42908954981641, 34.131347642606976 ], [ -118.42905491728753, 34.13136013106373 ], [ -118.428889929089081, 34.131405713346624 ], [ -118.428792599552793, 34.13143525502197 ], [ -118.428738140633243, 34.131447813718594 ], [ -118.428673752686976, 34.131457316223667 ], [ -118.428620900133851, 34.131460938517009 ], [ -118.428572986543443, 34.131461108409027 ], [ -118.428533316307167, 34.131457814190668 ], [ -118.428496929329626, 34.131450386480267 ], [ -118.428381045245573, 34.13140580047714 ], [ -118.428323127011197, 34.131388144419731 ], [ -118.428139464590927, 34.131336241635296 ], [ -118.428109677665987, 34.131327072997628 ], [ -118.428021974396557, 34.131300591631373 ], [ -118.427881344865767, 34.131263305993201 ], [ -118.427490968027584, 34.131174693749912 ], [ -118.427342114890351, 34.131144649789611 ], [ -118.427269373029702, 34.131135976288761 ], [ -118.427208233353724, 34.131134474958444 ], [ -118.427150433158104, 34.131139831529019 ], [ -118.426950664206132, 34.131169046708301 ], [ -118.426811947134965, 34.131182589096575 ], [ -118.426750807433109, 34.131181087534905 ], [ -118.426702857177247, 34.131174043596147 ], [ -118.426671381461304, 34.131157667347019 ], [ -118.426646489959268, 34.131136459036789 ], [ -118.426527136419068, 34.131059252277019 ], [ -118.426416117611097, 34.130996442436256 ], [ -118.426286924962355, 34.130933696589459 ], [ -118.425862973996303, 34.130740434081162 ], [ -118.425616248442978, 34.130633104809824 ], [ -118.425351277941218, 34.130511756291213 ], [ -118.42522212353488, 34.130456222396873 ], [ -118.424892654904824, 34.13032239075541 ], [ -118.424753560152752, 34.130261395518971 ], [ -118.424675749391554, 34.130230411644085 ], [ -118.424599613538135, 34.130203887161592 ], [ -118.424501997808747, 34.130177094583459 ], [ -118.424454039597535, 34.130168332350387 ], [ -118.424402787525423, 34.130161642583268 ], [ -118.424349898987941, 34.13015804991899 ], [ -118.4242722384068, 34.130156605105491 ], [ -118.424115319111436, 34.130164369020768 ], [ -118.423961766839426, 34.130184486439823 ], [ -118.423832936060933, 34.130192494950933 ], [ -118.423675997506692, 34.130196480010582 ], [ -118.423494441735855, 34.130233182344554 ], [ -118.42344326104147, 34.130240574870662 ], [ -118.423344176130414, 34.130249852596926 ], [ -118.423301211034016, 34.130248285637066 ], [ -118.423266487652725, 34.130242911449344 ], [ -118.42314899237951, 34.130205539307397 ], [ -118.423105936900782, 34.130186111292382 ], [ -118.423066173607907, 34.130164267333093 ], [ -118.423037977243865, 34.130142726365264 ], [ -118.422993104530875, 34.130090673445302 ], [ -118.422949847541105, 34.130031401637183 ], [ -118.422906618417613, 34.12997762550161 ], [ -118.422885020385039, 34.129954000492774 ], [ -118.422843533857971, 34.129918079540275 ], [ -118.422793777869998, 34.129880470066475 ], [ -118.422729133368236, 34.129839134290947 ], [ -118.422692702451073, 34.129822774340631 ], [ -118.422659605394557, 34.129812241993498 ], [ -118.422624873552408, 34.129805150219035 ], [ -118.42253065873571, 34.129797235923114 ], [ -118.422413305015709, 34.129787684986987 ], [ -118.4223405926151, 34.129784504208338 ], [ -118.422277827884443, 34.129788158364612 ], [ -118.422129199385452, 34.129801730009845 ], [ -118.422043358147505, 34.129816112717045 ], [ -118.421931175928862, 34.129849135589389 ], [ -118.421833818011606, 34.129873175972151 ], [ -118.421789263370954, 34.129883979539159 ], [ -118.421719926284425, 34.129894869557504 ], [ -118.421620787883725, 34.129893497975054 ], [ -118.421457187448667, 34.129886855309628 ], [ -118.421391055941314, 34.12987815522829 ], [ -118.421351359036805, 34.129869362964754 ], [ -118.421308328386331, 34.12985474303683 ], [ -118.421271901202644, 34.129839069619329 ], [ -118.421240408012906, 34.129818913670817 ], [ -118.421207148443841, 34.129776093757179 ], [ -118.421200429033263, 34.129754134033099 ], [ -118.421180397164335, 34.129713328936596 ], [ -118.421125519446321, 34.129642761917275 ], [ -118.421076963218354, 34.129515154084871 ], [ -118.421056836306235, 34.129455457539592 ], [ -118.421038281989937, 34.129379955132187 ], [ -118.420994571780909, 34.129230347249226 ], [ -118.420932278186484, 34.12899939775923 ], [ -118.420908660420821, 34.128902616801405 ], [ -118.420885148207844, 34.128826788150661 ], [ -118.420836789958173, 34.128738337003085 ], [ -118.420786809067195, 34.128655730756726 ], [ -118.420760176030996, 34.128616322519946 ], [ -118.420710295556319, 34.128553638112081 ], [ -118.420577452415003, 34.128420484162156 ], [ -118.420512730653201, 34.128363347099004 ], [ -118.420484533826865, 34.128341462055971 ], [ -118.42030098793586, 34.128228277591411 ], [ -118.420249197213963, 34.128196298746431 ], [ -118.420164710745297, 34.128151252244727 ], [ -118.420113377391289, 34.128128073594183 ], [ -118.419879837350578, 34.128011412707018 ], [ -118.419838410009234, 34.127986825582106 ], [ -118.419803587739153, 34.127961528529539 ], [ -118.419735543643441, 34.127900624241384 ], [ -118.41965916661222, 34.127825322414147 ], [ -118.419512990408251, 34.127668513029299 ], [ -118.419418330203939, 34.127571291371325 ], [ -118.419401741827798, 34.127557952958512 ], [ -118.419370229269745, 34.127533674757572 ], [ -118.419348698347278, 34.127523101378323 ], [ -118.419178198011309, 34.127457399905701 ], [ -118.419095456250943, 34.12743055139584 ], [ -118.419009427534647, 34.127407149089287 ], [ -118.418885365846208, 34.127377008805688 ], [ -118.418761323175147, 34.127350646680632 ], [ -118.418620713021511, 34.127315067674814 ], [ -118.418440325092234, 34.127254208220677 ], [ -118.418293007109, 34.127198729840465 ], [ -118.418197021524904, 34.127166430766458 ], [ -118.418072950179365, 34.127134228765918 ], [ -118.418018385956628, 34.127125486837919 ], [ -118.417968805547574, 34.127122223434853 ], [ -118.417927511440169, 34.127124083657336 ], [ -118.417876369932898, 34.127139030397672 ], [ -118.417797130547399, 34.127151669838177 ], [ -118.417726134516343, 34.127160845872751 ], [ -118.41748682409029, 34.127210791268709 ], [ -118.417396011233819, 34.127221752988369 ], [ -118.417248982037023, 34.127223978068415 ], [ -118.417060677505319, 34.127231841182095 ], [ -118.416983028336006, 34.127232109088176 ], [ -118.416893769857097, 34.127223486339069 ], [ -118.416854083250726, 34.127216410001907 ], [ -118.416781282531659, 34.127195021409534 ], [ -118.416753131600387, 34.127182065991278 ], [ -118.416675942459563, 34.127129606941864 ], [ -118.416658639515887, 34.127117816307013 ], [ -118.416633758605201, 34.127097979859379 ], [ -118.416608867435073, 34.127076082523246 ], [ -118.416595571836183, 34.127060327972536 ], [ -118.416578869324979, 34.127023975974872 ], [ -118.41655208645706, 34.126953997042563 ], [ -118.416515389303683, 34.126883708783531 ], [ -118.416502100598677, 34.126869328144878 ], [ -118.416399228782566, 34.126781063083889 ], [ -118.416337859825518, 34.126732842898967 ], [ -118.416281500262897, 34.126695253510498 ], [ -118.416216888808762, 34.126659409944516 ], [ -118.416172172698921, 34.1266375807866 ], [ -118.416081119226305, 34.126600110758623 ], [ -118.415922249540515, 34.126546730183549 ], [ -118.415718647073035, 34.126468085268456 ], [ -118.415582949875628, 34.126423211707149 ], [ -118.415447327935524, 34.126393451138718 ], [ -118.415412302227182, 34.126389149136784 ], [ -118.415376243537438, 34.126384764803085 ], [ -118.415353121057237, 34.126386218210072 ], [ -118.415334968509441, 34.126390402426132 ], [ -118.415202835152897, 34.126397726131167 ], [ -118.41510537186295, 34.12640012181604 ], [ -118.41505582610732, 34.126403726829693 ], [ -118.415022811517716, 34.126409335979545 ], [ -118.415003047780587, 34.126421769352426 ], [ -118.414971784171968, 34.126447294689399 ], [ -118.414892715483475, 34.126494280283545 ], [ -118.41486802439951, 34.126512569817244 ], [ -118.414808845522671, 34.126572539568812 ], [ -118.414766167092353, 34.126628330832659 ], [ -118.414726803028486, 34.12668617162754 ], [ -118.4147055574863, 34.126732958679142 ], [ -118.414682751832316, 34.126798299346923 ], [ -118.414620704560633, 34.126946211373493 ], [ -118.414573393162797, 34.127067280883637 ], [ -118.41454409130499, 34.127155313911302 ], [ -118.414526296245441, 34.127231628930296 ], [ -118.414528350339808, 34.127312684684206 ], [ -118.414526877076497, 34.127348755812562 ], [ -118.414514169453639, 34.127451501837726 ], [ -118.414499550794915, 34.127502044476977 ], [ -118.414488112020507, 34.127527501700087 ], [ -118.41446024914795, 34.127572593968367 ], [ -118.41442085547861, 34.127624595494858 ], [ -118.414345297319286, 34.127713474036064 ], [ -118.41430087735155, 34.127751409809569 ], [ -118.414256414788042, 34.127780758551765 ], [ -118.414233346370153, 34.127793203123829 ], [ -118.41416917402492, 34.127845976457458 ], [ -118.414151114699067, 34.127869051929025 ], [ -118.414124886637737, 34.127910703653477 ], [ -118.414108581506483, 34.127954382294455 ], [ -118.41410374934938, 34.127979473359431 ], [ -118.414093971022339, 34.128006642288305 ], [ -118.414087619451053, 34.128058530500027 ], [ -118.414087871277445, 34.128109365629747 ], [ -118.414095570119642, 34.128141841658014 ], [ -118.414128369783242, 34.128280283124681 ], [ -118.414150189544813, 34.128349249137273 ], [ -118.414198770262971, 34.12848407284104 ], [ -118.41422563164997, 34.128570195886084 ], [ -118.414242501962207, 34.128640552790593 ], [ -118.414271107508256, 34.128745218116649 ], [ -118.414281163345137, 34.128774036512219 ], [ -118.414282958482843, 34.128802883220736 ], [ -118.414283084456528, 34.128828300785841 ], [ -118.414268429669249, 34.128871630306072 ], [ -118.414227483549922, 34.128943902789757 ], [ -118.414204118359407, 34.128979877193991 ], [ -118.41416675586315, 34.129025173690479 ], [ -118.414112439255604, 34.129066578168342 ], [ -118.414089372162962, 34.129079366193935 ], [ -118.414066288048645, 34.129088719408998 ], [ -118.414005211351338, 34.129099576702714 ], [ -118.413968855609752, 34.129097983789876 ], [ -118.413935793958018, 34.129094318666588 ], [ -118.413864680210068, 34.129080135751515 ], [ -118.413834897355656, 34.129071307077346 ], [ -118.413654490423582, 34.129006662191323 ], [ -118.413555227456328, 34.128979866427755 ], [ -118.413462602012302, 34.128958887147533 ], [ -118.413426225956272, 34.128953172304037 ], [ -118.413356812118053, 34.128948600896678 ], [ -118.413292395478337, 34.128952256037088 ], [ -118.413166929288067, 34.128972263703247 ], [ -118.413137226334968, 34.128979578446661 ], [ -118.413110837851704, 34.12898894277324 ], [ -118.413084466336812, 34.129001741900346 ], [ -118.41302514864347, 34.129034232332067 ], [ -118.412967510201696, 34.129072212780073 ], [ -118.412891798187829, 34.129130520639727 ], [ -118.412849044224117, 34.129171541563011 ], [ -118.412799747774912, 34.129225980785804 ], [ -118.412737340903703, 34.12930210440183 ], [ -118.412676531807321, 34.129367230964689 ], [ -118.412605818170888, 34.129434108739247 ], [ -118.412582767700073, 34.129450331283834 ], [ -118.412564675378974, 34.129466880387163 ], [ -118.41251687986167, 34.129490744078822 ], [ -118.412457498890873, 34.129510525448666 ], [ -118.412379928928118, 34.129527277468426 ], [ -118.412345257380693, 34.129532204562771 ], [ -118.412269348001843, 34.129550668278576 ], [ -118.412115731349417, 34.129558061864657 ], [ -118.409306042210048, 34.129696072823698 ], [ -118.409114427044045, 34.129703934747482 ], [ -118.408998775887127, 34.129704326135439 ], [ -118.408950854862368, 34.129702770846009 ], [ -118.408873168089144, 34.129695820447623 ], [ -118.408782238859615, 34.12968376248967 ], [ -118.408511096772116, 34.129646208698894 ], [ -118.408175420147614, 34.129588263064278 ], [ -118.407864487781211, 34.12952233281942 ], [ -118.407589965275932, 34.129468987999942 ], [ -118.407513879076973, 34.129451383254775 ], [ -118.407470861108493, 34.129438819285276 ], [ -118.407374868764506, 34.129404794211901 ], [ -118.407306963098193, 34.12937067442077 ], [ -118.407285408124523, 34.129354946681538 ], [ -118.407245562342965, 34.129315236521499 ], [ -118.407164342552903, 34.12926123930032 ], [ -118.407025837542648, 34.128979016522791 ], [ -118.406770500289539, 34.128453998501143 ], [ -118.406760457109115, 34.128427240365284 ], [ -118.406755425492875, 34.128411800412785 ], [ -118.406745310453658, 34.128370272605139 ], [ -118.406733394545086, 34.128298180572926 ], [ -118.406713139457622, 34.12820997274271 ], [ -118.406682918167988, 34.128110806879889 ], [ -118.406648899517066, 34.128037629939499 ], [ -118.406646187031768, 34.12803192860499 ], [ -118.406606253632873, 34.127974013757949 ], [ -118.406579672607691, 34.127943876376804 ], [ -118.406511619787551, 34.127879186356971 ], [ -118.406355662295965, 34.127744377164987 ], [ -118.406282706875345, 34.127690695062256 ], [ -118.406213122552373, 34.12765074103929 ], [ -118.406150203511487, 34.127622443114625 ], [ -118.406090612110219, 34.127598942785831 ], [ -118.406047551928424, 34.127577447811795 ], [ -118.405994605758238, 34.127561481810723 ], [ -118.405926808903772, 34.127549344011506 ], [ -118.405827653534303, 34.127543837707236 ], [ -118.405766545216679, 34.127548164703875 ], [ -118.405692259964624, 34.127560779569713 ], [ -118.405591584141902, 34.127582413593863 ], [ -118.405502493088804, 34.127608130504626 ], [ -118.404784669933179, 34.127785714605835 ], [ -118.404718644931847, 34.12779830120877 ], [ -118.404578434004009, 34.127844110801163 ], [ -118.404533913123018, 34.127862121102538 ], [ -118.404411953456105, 34.127924013271375 ], [ -118.404337762368996, 34.127956205707044 ], [ -118.404242053723763, 34.127980226392118 ], [ -118.404166127357087, 34.12799525021083 ], [ -118.404141345468062, 34.127995333074431 ], [ -118.404070269184899, 34.127988357492988 ], [ -118.404028902952305, 34.127975443295107 ], [ -118.4040106864081, 34.12796657354226 ], [ -118.403992468207719, 34.127957360305892 ], [ -118.40397588719658, 34.127945050218308 ], [ -118.403881350964426, 34.127869799160528 ], [ -118.403853115513002, 34.12783897973889 ], [ -118.403831463680703, 34.12780298602032 ], [ -118.40380971728753, 34.127747413895356 ], [ -118.403802994314177, 34.127723735801865 ], [ -118.40379780399951, 34.127675321574905 ], [ -118.403797506995858, 34.127613838521491 ], [ -118.403806714514531, 34.127467826088484 ], [ -118.403808097827095, 34.127412176688516 ], [ -118.403805859991266, 34.127290933505826 ], [ -118.403802444597389, 34.127267931335034 ], [ -118.403787305145443, 34.12721199364811 ], [ -118.40375714907286, 34.127125535843675 ], [ -118.403732141822857, 34.127078905242605 ], [ -118.403700506267114, 34.127028174939838 ], [ -118.403467679433788, 34.1267115710382 ], [ -118.403452681219719, 34.126684829173207 ], [ -118.403434290956696, 34.126639893855909 ], [ -118.403419194964059, 34.126592886623015 ], [ -118.403389099166873, 34.126518794034816 ], [ -118.403380707740126, 34.126491686624917 ], [ -118.403368849696989, 34.126430929128922 ], [ -118.403365285289155, 34.126377013679651 ], [ -118.403305659100454, 34.126345955402272 ], [ -118.403292399267727, 34.126337069003476 ], [ -118.403255897460156, 34.126304903082612 ], [ -118.403220994753696, 34.126261740255543 ], [ -118.403186049009165, 34.126209646919179 ], [ -118.403172701408778, 34.126182556027977 ], [ -118.403160911480938, 34.126135881222446 ], [ -118.403160815398621, 34.126115959339486 ], [ -118.403167282941524, 34.126086741433703 ], [ -118.403175187203246, 34.126012865520508 ], [ -118.403177866816392, 34.125883362260083 ], [ -118.403166030542849, 34.125827069994742 ], [ -118.40315268135349, 34.125799635620886 ], [ -118.403145945470726, 34.125773209646091 ], [ -118.403065769403852, 34.125591772811873 ], [ -118.403034070229012, 34.125527646587891 ], [ -118.40299907523044, 34.125465248776351 ], [ -118.402952469400461, 34.125393272049429 ], [ -118.402914256461571, 34.125348746227452 ], [ -118.402881070965208, 34.125318973544729 ], [ -118.402716949799697, 34.125202048198872 ], [ -118.402571124254024, 34.125110479677964 ], [ -118.402441846157913, 34.125024351665893 ], [ -118.402382475031715, 34.1249816564927 ], [ -118.402329113781818, 34.124943320735021 ], [ -118.402256151821646, 34.124887231840617 ], [ -118.402199740341771, 34.12483727058143 ], [ -118.402100089468206, 34.124728030035513 ], [ -118.401983876968515, 34.124610257336137 ], [ -118.401915858493339, 34.124551403906992 ], [ -118.401877740614808, 34.124526456160687 ], [ -118.401804889937466, 34.124493380204321 ], [ -118.401684065317866, 34.124447067688486 ], [ -118.401470578932674, 34.124370492604527 ], [ -118.401248770023187, 34.124280892298017 ], [ -118.401050184231821, 34.124210793244366 ], [ -118.400960805412467, 34.124176054192802 ], [ -118.40088795540332, 34.124142977684052 ], [ -118.400808419850705, 34.124093779450185 ], [ -118.400712237131245, 34.124018187918992 ], [ -118.400680698408877, 34.123987035232929 ], [ -118.400612590824025, 34.123909289629815 ], [ -118.400534600726161, 34.12383775949111 ], [ -118.40038365108532, 34.123710139279183 ], [ -118.400274208464907, 34.123625317200691 ], [ -118.400241021303884, 34.123594856832945 ], [ -118.400174577995045, 34.123519509878342 ], [ -118.400152984767573, 34.12349519385063 ], [ -118.400069889752501, 34.123392423072445 ], [ -118.400000057226791, 34.123299225959698 ], [ -118.399943569287757, 34.123232776573168 ], [ -118.399804141494741, 34.123095843391674 ], [ -118.399721219757126, 34.123029137854545 ], [ -118.399681447915626, 34.123003507918703 ], [ -118.399654943220909, 34.122988482172111 ], [ -118.399492696557445, 34.122916199491343 ], [ -118.399428072246977, 34.122875538224086 ], [ -118.39937833755053, 34.122839293042439 ], [ -118.399282157567598, 34.122763700375742 ], [ -118.399157816311643, 34.122672056791188 ], [ -118.399040058811494, 34.122575239050263 ], [ -118.39900020378407, 34.122532091371561 ], [ -118.398983570485413, 34.122508445735605 ], [ -118.398943561435061, 34.122433010846407 ], [ -118.398910145764901, 34.122354462807152 ], [ -118.398846556362429, 34.122184303528996 ], [ -118.398803104289357, 34.122079683632414 ], [ -118.398778080011681, 34.122028586762625 ], [ -118.398749763218575, 34.121979905153864 ], [ -118.398723165634152, 34.121945300799851 ], [ -118.398683307794414, 34.121901466055839 ], [ -118.398618578202218, 34.121838478107229 ], [ -118.398530628961282, 34.121756331466798 ], [ -118.398402905814422, 34.121647867445397 ], [ -118.398311562975735, 34.121546840095156 ], [ -118.398260015555692, 34.121476595303264 ], [ -118.398211687134022, 34.121388478603727 ], [ -118.398189962506024, 34.121336340284728 ], [ -118.398178210400147, 34.121296878095229 ], [ -118.398171342301126, 34.121242286423723 ], [ -118.398169492353887, 34.121200730693658 ], [ -118.398168901763938, 34.121076734138008 ], [ -118.398173399652919, 34.120980543197078 ], [ -118.398173008649906, 34.120898451295005 ], [ -118.398153920690234, 34.120706161935068 ], [ -118.398146725479322, 34.1205828741112 ], [ -118.3981445516566, 34.120473309191453 ], [ -118.398150636081212, 34.120363373580574 ], [ -118.398168087987784, 34.120212182182641 ], [ -118.398167945659253, 34.120182299357005 ], [ -118.39817265290624, 34.120130073954954 ], [ -118.398162217581742, 34.120020192768273 ], [ -118.398148744999233, 34.119966309828058 ], [ -118.398116915962447, 34.119873673421722 ], [ -118.398088523409825, 34.119808848065574 ], [ -118.398055183188887, 34.119745756429353 ], [ -118.398015253158562, 34.11968646483384 ], [ -118.397987007916825, 34.11965255272181 ], [ -118.397895677569863, 34.119553585947273 ], [ -118.397769363789124, 34.119393250230772 ], [ -118.397671372246691, 34.119282970170353 ], [ -118.397628220489764, 34.119240863356559 ], [ -118.397593390614929, 34.119211781623491 ], [ -118.39753039754406, 34.119165961699807 ], [ -118.397490628212111, 34.119140331045728 ], [ -118.397421065005474, 34.119102432854945 ], [ -118.397378029388918, 34.119084713085591 ], [ -118.397346596621688, 34.119075198821243 ], [ -118.397298639465347, 34.119064708413006 ], [ -118.397265577616196, 34.119060008288713 ], [ -118.397133377575599, 34.119051168643047 ], [ -118.396951641911855, 34.119047300367491 ], [ -118.396703855993067, 34.119049487906089 ], [ -118.396555227775252, 34.119059936773759 ], [ -118.396408282415791, 34.119076906174918 ], [ -118.396294384148604, 34.119095484469483 ], [ -118.396165667103674, 34.119124415816295 ], [ -118.396134320721373, 34.119133105717523 ], [ -118.39607329941694, 34.119154601851157 ], [ -118.395990903576461, 34.119197464128547 ], [ -118.395938198890605, 34.119230954957509 ], [ -118.39578672167157, 34.119337588321372 ], [ -118.39549030241507, 34.119535719702874 ], [ -118.395411242312804, 34.119585440389535 ], [ -118.395289336690652, 34.119657627763345 ], [ -118.395192121000775, 34.119710842547221 ], [ -118.39509323049684, 34.119759253922247 ], [ -118.395033868547216, 34.119782461535003 ], [ -118.394971179915814, 34.119800871184971 ], [ -118.394844131137305, 34.119833574014862 ], [ -118.39468406077934, 34.119870162900575 ], [ -118.394606528627818, 34.119893773125732 ], [ -118.394532326302624, 34.119922868208583 ], [ -118.394504309319998, 34.119937042594586 ], [ -118.394477955641051, 34.119953615947743 ], [ -118.394453262023063, 34.119971901307522 ], [ -118.394349606067152, 34.120060858984104 ], [ -118.394272209720185, 34.120113321382576 ], [ -118.394165129607117, 34.120176872099854 ], [ -118.394092598280238, 34.120210083294971 ], [ -118.394031575664698, 34.120231578398354 ], [ -118.393982068270063, 34.120242731350672 ], [ -118.393965551773533, 34.120243472163253 ], [ -118.39388456138073, 34.120234462018303 ], [ -118.393820085881671, 34.12022436754782 ], [ -118.393707644950908, 34.120202063805372 ], [ -118.393646421686768, 34.120180967093255 ], [ -118.393510691573724, 34.120124390412499 ], [ -118.393480920526827, 34.120116930648607 ], [ -118.393431351699732, 34.120115031104284 ], [ -118.393380169694879, 34.120121380456226 ], [ -118.393333977533771, 34.120134926754787 ], [ -118.393291118387424, 34.120154644938957 ], [ -118.393156029857593, 34.120234429745565 ], [ -118.393100386071211, 34.120345900232621 ], [ -118.393072673944317, 34.120424992162789 ], [ -118.393046681570397, 34.120518504909079 ], [ -118.392983457318223, 34.120774607633827 ], [ -118.392972380671182, 34.120834367292133 ], [ -118.391052292514019, 34.119457505668926 ], [ -118.391040662046507, 34.119310831825167 ], [ -118.391073186373561, 34.119200682246159 ], [ -118.39132111880086, 34.118501787283279 ], [ -118.391694827687033, 34.117610089117193 ], [ -118.391979620496372, 34.116935675516849 ], [ -118.392430239009656, 34.11586936349908 ], [ -118.392436649799976, 34.115849420492367 ], [ -118.392448088853854, 34.115822934922427 ], [ -118.392467737342542, 34.115785774624719 ], [ -118.392518610356433, 34.115714164310255 ], [ -118.392541565780235, 34.115677680231805 ], [ -118.392570998071321, 34.115613352741846 ], [ -118.392585681134705, 34.115574147638121 ], [ -118.392606842664435, 34.115507442604432 ], [ -118.392626286144775, 34.115426660221772 ], [ -118.392656776493396, 34.115235926416979 ], [ -118.392697447362565, 34.115102521690126 ], [ -118.392715301715668, 34.115035140412068 ], [ -118.392718477992716, 34.1150079946948 ], [ -118.392718218224317, 34.114952694289627 ], [ -118.392711158985847, 34.114856541143659 ], [ -118.392693999809197, 34.114720232952862 ], [ -118.392672015778402, 34.11461176280487 ], [ -118.392641714431122, 34.114490954180091 ], [ -118.392618206101346, 34.114409624370936 ], [ -118.392571204094693, 34.114250056066517 ], [ -118.392541103001918, 34.114171839033382 ], [ -118.392484396572357, 34.114056268427568 ], [ -118.392454431069197, 34.114006903758032 ], [ -118.392411213726774, 34.113949681934038 ], [ -118.392366425195533, 34.113909639496391 ], [ -118.392252060890925, 34.113827574112712 ], [ -118.392228843184739, 34.113808070768307 ], [ -118.392198960098298, 34.11377622355517 ], [ -118.392172367835201, 34.113741617767595 ], [ -118.392149071227308, 34.113705283850102 ], [ -118.39210240074857, 34.113616128924676 ], [ -118.392079033330219, 34.11356468183984 ], [ -118.392070650092379, 34.113538260616124 ], [ -118.392055398561737, 34.113456216942531 ], [ -118.392028597081278, 34.113376958623505 ], [ -118.391993478493717, 34.113285361781394 ], [ -118.391963447533072, 34.113221914279698 ], [ -118.391906885845088, 34.113136913194566 ], [ -118.391893555256956, 34.113112225433163 ], [ -118.391866821657359, 34.113047393271344 ], [ -118.391843254923415, 34.112953354526475 ], [ -118.391730915343672, 34.112421658939851 ], [ -118.392501490494965, 34.11241950211938 ], [ -118.39403273624103, 34.112416579976696 ], [ -118.395317854410848, 34.112413069875792 ], [ -118.396583153909802, 34.112410298120835 ], [ -118.396580335246881, 34.111816076515694 ], [ -118.396579483138751, 34.111636436113429 ], [ -118.396695073505825, 34.111628500033284 ], [ -118.396865155409799, 34.111616606555046 ], [ -118.397140919994399, 34.111597495853452 ], [ -118.397378704435411, 34.111580913820902 ], [ -118.397682542877334, 34.111560335619643 ], [ -118.398078512429208, 34.111461825350986 ], [ -118.398152848319214, 34.111462610916213 ], [ -118.398417139531503, 34.111462426834194 ], [ -118.398623617756783, 34.111462432890697 ], [ -118.398803668827071, 34.111462869295764 ], [ -118.399005191654723, 34.111462891053577 ], [ -118.399190199766736, 34.111463654001668 ], [ -118.399283989820219, 34.111387433726236 ], [ -118.399423859348062, 34.111275338530945 ], [ -118.399540696951107, 34.111182898029817 ], [ -118.399655880861744, 34.111090119398099 ], [ -118.399728287113462, 34.111032861228061 ], [ -118.399898122583835, 34.110969784865659 ], [ -118.400051459634867, 34.110910884715132 ], [ -118.399199357618613, 34.109576167837702 ], [ -118.39867180999812, 34.108751825486344 ], [ -118.401038770097855, 34.108745710850464 ], [ -118.401022751815631, 34.107127944667631 ], [ -118.400936758179526, 34.098839569255084 ], [ -118.400927989087464, 34.097699568484288 ], [ -118.400904412332864, 34.095882262646711 ], [ -118.400888766203849, 34.093996576915174 ], [ -118.401385092303997, 34.093836238573239 ], [ -118.401555133609534, 34.094167480935411 ], [ -118.401670927035454, 34.094206940399467 ], [ -118.40180925015504, 34.094123356871997 ], [ -118.402055404795703, 34.093797256833163 ], [ -118.402343769065766, 34.093663367846148 ], [ -118.402426376166105, 34.093670305931759 ], [ -118.403126363654906, 34.094306169249535 ], [ -118.404856489542425, 34.095881106613746 ], [ -118.405320963237656, 34.096303754546774 ], [ -118.405335500750155, 34.097258596838323 ], [ -118.40534659050418, 34.097842829324627 ], [ -118.405408722048932, 34.101460559199033 ], [ -118.406604583416055, 34.10147749362276 ], [ -118.408692389265198, 34.101507546495029 ], [ -118.4086254169857, 34.10098395671119 ], [ -118.40866563073395, 34.100763646127916 ], [ -118.408837483901792, 34.100443279227314 ], [ -118.409153214368231, 34.100161582382547 ], [ -118.408992270739091, 34.099673003084895 ], [ -118.409083235736688, 34.09902384994826 ], [ -118.408869614941054, 34.098570140944268 ], [ -118.408903716679447, 34.098113532567048 ], [ -118.409141022991591, 34.097669975707007 ], [ -118.409095966304491, 34.09757498263248 ], [ -118.408643005261439, 34.097147844849609 ], [ -118.408890596641953, 34.097119184846633 ], [ -118.409051443628826, 34.096576275943278 ], [ -118.409501787788287, 34.096131996948081 ], [ -118.409190067110131, 34.095542257065368 ], [ -118.40943612650554, 34.094864412519549 ], [ -118.409628554456503, 34.094701634868784 ], [ -118.411477221999235, 34.093490060543694 ], [ -118.411645381363442, 34.093095509238545 ], [ -118.41176677052502, 34.092258363614761 ], [ -118.411936854879059, 34.092255379418873 ], [ -118.412141384485281, 34.092539775297759 ], [ -118.412669939947392, 34.09289279219491 ], [ -118.413139801510397, 34.093398515326925 ], [ -118.41368386004676, 34.093878908152384 ], [ -118.41385637932612, 34.094033573037713 ], [ -118.413941176475547, 34.094149037354747 ], [ -118.413945054074333, 34.094265122365435 ], [ -118.413950731176811, 34.094265145850741 ], [ -118.419672427649687, 34.09426837761179 ], [ -118.422689701097994, 34.094269537944591 ], [ -118.422654864447864, 34.090644506624521 ], [ -118.422932297426399, 34.090643535750054 ], [ -118.42308051213567, 34.090561954077238 ], [ -118.423587217695484, 34.090506938240566 ], [ -118.423756770699597, 34.090399862943059 ], [ -118.424097235805647, 34.090453969565601 ], [ -118.424142763858498, 34.090639292278709 ], [ -118.427039295584834, 34.090629088819306 ], [ -118.427033610098647, 34.090081634813842 ], [ -118.426996797888549, 34.086510496020153 ], [ -118.426964340196903, 34.083710855099959 ], [ -118.426963851844945, 34.083615195937533 ], [ -118.426960933154263, 34.083043473589832 ], [ -118.424304210217826, 34.083075847615248 ], [ -118.422780177183853, 34.08309286940802 ], [ -118.422784903349623, 34.081087924776284 ], [ -118.422787335786666, 34.079935864112507 ], [ -118.422969466735864, 34.079932392777778 ], [ -118.423226513660694, 34.0799274565207 ], [ -118.423828252679584, 34.079739864355297 ], [ -118.423516991853276, 34.078922772302178 ], [ -118.423480102967844, 34.078811612157594 ], [ -118.423628461448004, 34.078762660441932 ], [ -118.423404590184802, 34.078246498878421 ], [ -118.423349863835895, 34.077873321396687 ], [ -118.423312179454072, 34.077604847407557 ], [ -118.422997970701815, 34.077181742889572 ], [ -118.422851008779361, 34.07717985302147 ], [ -118.422769435436635, 34.077047896439616 ], [ -118.423030145151671, 34.076361042203189 ], [ -118.423285979008497, 34.07569034833503 ], [ -118.422920021425057, 34.075480729783386 ], [ -118.422549134983669, 34.075275592690481 ], [ -118.421834931520337, 34.075092606530724 ], [ -118.420933458894666, 34.07542721521817 ], [ -118.420382694642583, 34.074254067897648 ], [ -118.419611508317445, 34.072583286087038 ], [ -118.41844283965429, 34.072309460214207 ], [ -118.41808266101701, 34.071599004751114 ], [ -118.417665776621391, 34.070772989628345 ], [ -118.417383971691379, 34.070215455810704 ], [ -118.416370006959653, 34.068839859940447 ], [ -118.416936434630827, 34.068536668982709 ], [ -118.417098354540997, 34.068561527887326 ], [ -118.417252653031397, 34.068382382349341 ], [ -118.416333371781647, 34.067097568828117 ], [ -118.416255129588222, 34.066988180677981 ], [ -118.414356645500277, 34.064343342474331 ], [ -118.414346463754327, 34.064329208620528 ], [ -118.413703349462068, 34.063434658013854 ], [ -118.413512172261235, 34.063166363448644 ], [ -118.414167601542886, 34.062839523674008 ], [ -118.412204451822447, 34.060104537713528 ], [ -118.411553953187521, 34.060424136841853 ], [ -118.411243148048356, 34.059996525575301 ], [ -118.410699599109719, 34.059235923147583 ], [ -118.410616488794346, 34.059119678277341 ], [ -118.410702124557986, 34.059077825336239 ], [ -118.410484369404728, 34.058771833069535 ], [ -118.410185193432724, 34.058356888589657 ], [ -118.41003726656497, 34.058151299609072 ], [ -118.40963834773774, 34.057593115468272 ], [ -118.408963528428529, 34.056650130458657 ], [ -118.408639415700691, 34.056196109341357 ], [ -118.408272110074321, 34.055685214819668 ], [ -118.408074330046617, 34.055409720989033 ], [ -118.407633882505351, 34.054792591214856 ], [ -118.407035565196622, 34.053957535357682 ], [ -118.406846096724934, 34.053692316112979 ], [ -118.406598464312282, 34.053346573358276 ], [ -118.406176332915237, 34.052757671339052 ], [ -118.40616636195864, 34.05274387958903 ], [ -118.40608724168527, 34.052788154739297 ], [ -118.406022868963021, 34.0528100966403 ], [ -118.405812138924276, 34.052882078187352 ], [ -118.405573190362958, 34.052964286958485 ], [ -118.405698304471471, 34.053235220152956 ], [ -118.405813405502045, 34.053483516837048 ], [ -118.405952304759865, 34.053873592887804 ], [ -118.406121986142963, 34.05414368886936 ], [ -118.405562389883158, 34.054141447648099 ], [ -118.405561570061778, 34.054312849614327 ], [ -118.405284684978923, 34.054402054910206 ], [ -118.405359637582166, 34.054540571445543 ], [ -118.40545198943073, 34.054863137697893 ], [ -118.4057142862478, 34.054828938697376 ], [ -118.405925585079828, 34.054830633039948 ], [ -118.405924995977145, 34.055049435228433 ], [ -118.405923634443582, 34.055449256831942 ], [ -118.405925599297518, 34.055854219543527 ], [ -118.40592176294453, 34.057104862918948 ], [ -118.405563543765112, 34.057103662030094 ], [ -118.404589592195308, 34.057102120048071 ], [ -118.403980459386318, 34.057101067831162 ], [ -118.403980089521141, 34.05702447181956 ], [ -118.403461747129839, 34.057023113250295 ], [ -118.403461347923709, 34.056940334599574 ], [ -118.403362304554804, 34.056940665444735 ], [ -118.403259434905891, 34.056832124110848 ], [ -118.402920430260409, 34.057049994912347 ], [ -118.402769428815844, 34.056887343042838 ], [ -118.40246506313369, 34.057099944751926 ], [ -118.402182777422027, 34.057098480758576 ], [ -118.402370466244193, 34.056995153432823 ], [ -118.402269248536925, 34.056886605755373 ], [ -118.401882340334112, 34.057098450451377 ], [ -118.401555496575455, 34.057099537658772 ], [ -118.40168225780937, 34.057027327661039 ], [ -118.401587602627075, 34.056910170452603 ], [ -118.401271560155038, 34.057098077024222 ], [ -118.401009091415176, 34.057098261867431 ], [ -118.400751571561813, 34.057097742747324 ], [ -118.400906262482764, 34.056997618566335 ], [ -118.400785132698715, 34.056867152687097 ], [ -118.400428021023487, 34.05709709854824 ], [ -118.400267897303991, 34.057096942392533 ], [ -118.40004223243244, 34.056853815508433 ], [ -118.39971293659309, 34.057032487786195 ], [ -118.39971159110577, 34.057096380516882 ], [ -118.399110406002336, 34.057096007337755 ], [ -118.399094208047018, 34.05709601793172 ], [ -118.399093914750623, 34.057034535022574 ], [ -118.398499642300735, 34.057034093024782 ], [ -118.398498281162063, 34.05709489442242 ], [ -118.396938325266746, 34.057095909932208 ], [ -118.39635395675046, 34.057095424821931 ], [ -118.395928066098364, 34.057096134855755 ], [ -118.395373410661634, 34.057095547584922 ], [ -118.394909553292408, 34.057096378317873 ], [ -118.394392867808463, 34.057096349346608 ], [ -118.393839863107686, 34.057095749641768 ], [ -118.393351244823947, 34.057096655135666 ], [ -118.3928081444881, 34.057096018446678 ], [ -118.392316224738408, 34.057096930491184 ], [ -118.39175826786888, 34.057096337341775 ], [ -118.391277903192801, 34.057097207672804 ], [ -118.390746361164815, 34.057097211233781 ], [ -118.390277546753651, 34.05709700975833 ], [ -118.389886321305383, 34.0570975864551 ], [ -118.389367986688185, 34.057097884795041 ], [ -118.388824889567914, 34.057097917153328 ], [ -118.388308204077589, 34.057097862149909 ], [ -118.387784917272356, 34.057098169618172 ], [ -118.387783885567998, 34.057098172930978 ], [ -118.387271533235122, 34.057098099578511 ], [ -118.386749897151645, 34.057098397268554 ], [ -118.386190289585727, 34.057097783681058 ], [ -118.38573303819058, 34.057099245013255 ], [ -118.385211397349963, 34.057098505617667 ], [ -118.384901057489984, 34.057098808137418 ], [ -118.384369515452718, 34.05709878363173 ], [ -118.38416317140117, 34.057098753220821 ], [ -118.38381816468943, 34.057098819743395 ], [ -118.383654843897219, 34.057098909335508 ], [ -118.383567251003214, 34.057098929955337 ], [ -118.383537150178213, 34.058454761475033 ], [ -118.383526069907333, 34.058918501646403 ], [ -118.38351371349718, 34.059463995352566 ], [ -118.383487632811537, 34.060616814480262 ], [ -118.383479485159356, 34.061000169840611 ], [ -118.3834518361395, 34.06217119873476 ], [ -118.383435533832198, 34.062936535589614 ], [ -118.382814817069402, 34.06293850462572 ], [ -118.38227994409084, 34.062940198789498 ], [ -118.381492492166288, 34.062942688664343 ], [ -118.380374868516014, 34.06294552673689 ], [ -118.379323281621154, 34.062948834052683 ], [ -118.378235372990247, 34.06295155899646 ], [ -118.377720309953276, 34.062953170926221 ], [ -118.377329060133107, 34.062954393904846 ], [ -118.377306743801284, 34.06166673779947 ], [ -118.377293678712377, 34.060966068942548 ], [ -118.377269010993174, 34.059522821542132 ], [ -118.376805282323488, 34.059555182923134 ], [ -118.37615476314069, 34.059600833394477 ], [ -118.37615469368302, 34.059470652761298 ], [ -118.376154152630548, 34.059281480033917 ], [ -118.376150228853845, 34.057054936163837 ], [ -118.376159605574529, 34.055101851043005 ], [ -118.376153354049549, 34.053344257739759 ], [ -118.376151195167651, 34.052864072451563 ], [ -118.376149110433971, 34.052400374222344 ], [ -118.37614698079426, 34.051559529651549 ], [ -118.376143189786276, 34.050716285895263 ], [ -118.376141157530938, 34.049897080640697 ], [ -118.376138608140465, 34.049329994962989 ], [ -118.376138980166658, 34.049045588288458 ], [ -118.37614839377045, 34.048202303504553 ], [ -118.376142100262967, 34.047903834727606 ], [ -118.37614439598741, 34.047313033555838 ], [ -118.376150256934153, 34.047148142552068 ], [ -118.376153395860158, 34.047112066860969 ], [ -118.376159667527276, 34.047038541558415 ], [ -118.376167674642943, 34.046983902518207 ], [ -118.376188706825658, 34.046889378653958 ], [ -118.3762310227971, 34.046756318167176 ], [ -118.376286426949761, 34.046597455515595 ], [ -118.376317307944205, 34.046490878968157 ], [ -118.376398284075364, 34.046146111252185 ], [ -118.376720142854694, 34.045047329909508 ], [ -118.376762392091493, 34.0448998430874 ], [ -118.376785076657043, 34.04480600093936 ], [ -118.376804392146568, 34.044697055967106 ], [ -118.376817102568836, 34.044587444634793 ], [ -118.376820180784193, 34.044537973210005 ], [ -118.376823209496365, 34.044477510424514 ], [ -118.376819537296427, 34.044395085520321 ], [ -118.376812627572249, 34.04432675359827 ], [ -118.376768549044044, 34.044067903569363 ], [ -118.376734871549331, 34.043919623196004 ], [ -118.376723138888977, 34.043879815559883 ], [ -118.376679691744926, 34.043761105348906 ], [ -118.376542763133571, 34.043408086533994 ], [ -118.376510985593598, 34.043315101237333 ], [ -118.37647578512906, 34.043194991304176 ], [ -118.376438807603591, 34.043046721146574 ], [ -118.376420226179349, 34.04295197726379 ], [ -118.376403044936922, 34.0428015844737 ], [ -118.3763959471855, 34.042691347973552 ], [ -118.37639706766744, 34.042573529189831 ], [ -118.376396857537344, 34.042526815910477 ], [ -118.376401624991857, 34.042485926356527 ], [ -118.376414522568169, 34.042417876157984 ], [ -118.376453405243112, 34.042255973594152 ], [ -118.37650378669646, 34.042082013196165 ], [ -118.37657513812475, 34.04180013315213 ], [ -118.376618821401578, 34.041650709825809 ], [ -118.376677539362461, 34.041449802734732 ], [ -118.376971352153177, 34.040358321587469 ], [ -118.377133668856828, 34.039753624989082 ], [ -118.377226231111095, 34.039418438189252 ], [ -118.377255392843892, 34.039297440440066 ], [ -118.377266576916071, 34.039215656121222 ], [ -118.377269691834343, 34.039174428216761 ], [ -118.37727115637631, 34.039133205469099 ], [ -118.377268699188051, 34.038954257586433 ], [ -118.377216842312407, 34.038434040205019 ], [ -118.377207805513805, 34.038259921670324 ], [ -118.37720588884757, 34.038200848281988 ], [ -118.377210717593613, 34.038173697901527 ], [ -118.377260971131889, 34.037972258832049 ], [ -118.377270752444744, 34.03794543645941 ], [ -118.377335742650672, 34.037718189956969 ], [ -118.377397399291183, 34.037483740661564 ], [ -118.377439466900299, 34.037297096952514 ], [ -118.377487811819591, 34.037038645296121 ], [ -118.377508256777006, 34.036952023222319 ], [ -118.377531533980346, 34.036853026839267 ], [ -118.377572029687911, 34.036683905724225 ], [ -118.377729163824966, 34.036030449783304 ], [ -118.377764789989044, 34.035879548532527 ], [ -118.377863624039122, 34.035472896848773 ], [ -118.377891193668674, 34.035365299850028 ], [ -118.377896034437541, 34.035340897285025 ], [ -118.377908980885209, 34.035284181787105 ], [ -118.377915271839811, 34.035215465155908 ], [ -118.377916735994489, 34.035174242409013 ], [ -118.377924790466381, 34.03513059464062 ], [ -118.377909675674658, 34.035072593037711 ], [ -118.378099100530108, 34.034262063075175 ], [ -118.378152533717895, 34.034034852353535 ], [ -118.378424490733394, 34.032864434935099 ], [ -118.378579883113645, 34.032193809203839 ], [ -118.378704435226084, 34.031660201597646 ], [ -118.378727614128536, 34.031654074971861 ], [ -118.382118073593148, 34.030755483751079 ], [ -118.383314680077063, 34.030436371536538 ], [ -118.384184939340074, 34.030205531497181 ], [ -118.384984792311997, 34.029737218300667 ], [ -118.386416590310105, 34.02889557179892 ], [ -118.386673734766916, 34.029190832281337 ], [ -118.38680205641657, 34.029105580494658 ], [ -118.387187837513892, 34.029383253446248 ], [ -118.387728702564928, 34.029073841182928 ], [ -118.38812172962237, 34.029356554287581 ], [ -118.388250877067335, 34.029449566874092 ], [ -118.389651645122171, 34.030457647049765 ], [ -118.390065591479654, 34.030755829057419 ], [ -118.390201372907825, 34.030855000870602 ], [ -118.390290769336175, 34.030915852197445 ], [ -118.390335454782573, 34.03094352999927 ], [ -118.390481096442613, 34.031033739016706 ], [ -118.390530748683176, 34.031064835530344 ], [ -118.390555777286949, 34.031079567348186 ], [ -118.391105898986311, 34.030764914768866 ], [ -118.392297368920538, 34.030083310657467 ], [ -118.392562603254959, 34.029943208361516 ], [ -118.392845286014577, 34.029829110614621 ], [ -118.393184604407679, 34.029695936103913 ], [ -118.39354659744393, 34.029581578388779 ], [ -118.39396989861892, 34.029454911695687 ], [ -118.394372297528648, 34.029357765619054 ], [ -118.394734691402391, 34.029285308171026 ], [ -118.395176170113388, 34.029208383102585 ], [ -118.395549815371098, 34.029160016182864 ], [ -118.395946091444955, 34.029120976782977 ], [ -118.396285924267715, 34.029119861764229 ], [ -118.39663710203105, 34.029118708516776 ], [ -118.397113060528469, 34.029135992596686 ], [ -118.397532384189432, 34.029172352968438 ], [ -118.397985743098374, 34.029208599690499 ], [ -118.399215476123828, 34.029321539067546 ], [ -118.400633619472515, 34.029450585728377 ], [ -118.401123532036877, 34.029495157684707 ], [ -118.403171677028425, 34.029672786667199 ], [ -118.405273292571025, 34.029857843990833 ], [ -118.407361631438604, 34.030025563569673 ], [ -118.408388365619572, 34.030128918642205 ], [ -118.409158401826303, 34.030213685392418 ], [ -118.409601915035182, 34.030280148581532 ], [ -118.40995213716667, 34.030356630415127 ], [ -118.410290752976138, 34.030442854131721 ], [ -118.410711245144711, 34.030567655139045 ], [ -118.411037444271443, 34.030687408801114 ], [ -118.412881264091354, 34.031355335526321 ], [ -118.413068520537067, 34.031408622151311 ], [ -118.41324869011936, 34.031467900798361 ], [ -118.413464693077572, 34.031515077421709 ], [ -118.413716883598369, 34.031580076755645 ], [ -118.413983351779493, 34.031633090499561 ], [ -118.414213765285226, 34.031674205382124 ], [ -118.414444179230003, 34.03171536275989 ], [ -118.414696119683285, 34.031750434770053 ], [ -118.414883259182901, 34.031779717966394 ], [ -118.415120804251373, 34.031802859515331 ], [ -118.415408621901747, 34.031813848586836 ], [ -118.415660517557157, 34.031818992597863 ], [ -118.415905060490132, 34.031818150422829 ], [ -118.416192818722124, 34.031817158785358 ], [ -118.41708786001908, 34.031814027082646 ], [ -118.418801506649444, 34.031806076837498 ], [ -118.424147484185966, 34.031781188257433 ], [ -118.429247662170383, 34.031753802811004 ], [ -118.429810498540007, 34.031733037500175 ], [ -118.430193205891086, 34.031703551565791 ], [ -118.430575810054449, 34.031674107721081 ], [ -118.430924638898347, 34.03163533737446 ], [ -118.431329733190452, 34.031587047974199 ], [ -118.432499917055864, 34.031437567318299 ], [ -118.433540127870529, 34.031285751288443 ], [ -118.435200046450845, 34.031043504111182 ], [ -118.436955259670029, 34.030821584216689 ], [ -118.438513191364237, 34.030606065946593 ], [ -118.44082331293049, 34.030293239003946 ], [ -118.441353693680654, 34.030202896654721 ], [ -118.442013560850796, 34.030082624081821 ], [ -118.442838340403327, 34.029922499881728 ], [ -118.443545232638499, 34.029782424812986 ], [ -118.443851543940468, 34.029702726749079 ], [ -118.444144294895267, 34.029633296488228 ], [ -118.44444054789254, 34.029563079781369 ], [ -118.444876343106841, 34.029453448483316 ], [ -118.445288674491735, 34.029353734427787 ], [ -118.44560648009292, 34.029244535620528 ], [ -118.446076615093162, 34.0291151945504 ], [ -118.446556663167513, 34.028988348183894 ], [ -118.447046669424225, 34.028853133505095 ], [ -118.447446770673935, 34.028743238653554 ], [ -118.447756717029435, 34.028650378863027 ], [ -118.448046743694292, 34.028574251253204 ], [ -118.448276879156367, 34.028523333920695 ], [ -118.448506911433597, 34.028472459467601 ], [ -118.449027071546197, 34.028345454229061 ], [ -118.449296850363794, 34.028244367405904 ], [ -118.449556907053037, 34.028176720153823 ], [ -118.449786995737298, 34.028117470585173 ], [ -118.450406967586787, 34.027948396915555 ], [ -118.450907203302947, 34.027838116941396 ], [ -118.45126729718406, 34.027770049382028 ], [ -118.451547493610079, 34.027727311126128 ], [ -118.451767755977627, 34.027701498501628 ], [ -118.452007967804306, 34.027683897373691 ], [ -118.452248327906375, 34.027674667673665 ], [ -118.452366863086638, 34.027680578054394 ], [ -118.452731404680975, 34.027691491147003 ], [ -118.453004560847674, 34.028025021471336 ], [ -118.453037161636303, 34.028064915212923 ], [ -118.453925274270205, 34.028427047924197 ], [ -118.455516297747153, 34.029077456389423 ], [ -118.45681788158484, 34.029603910749294 ], [ -118.457153652377002, 34.029746216802288 ], [ -118.457298267032797, 34.030239601591667 ], [ -118.457528581654174, 34.031013976310057 ], [ -118.457718541851193, 34.031650765844113 ], [ -118.45930592981118, 34.031321517120553 ], [ -118.460309060473548, 34.032181563456966 ], [ -118.461553005145419, 34.033239216026196 ], [ -118.461579119745849, 34.033261442770012 ], [ -118.46249607872123, 34.034048638121362 ], [ -118.464019917114342, 34.03534906810448 ], [ -118.465789235318738, 34.036861493663743 ], [ -118.467392776506443, 34.038230271371184 ], [ -118.467816784170026, 34.038592466864849 ], [ -118.46890848255093, 34.039524832746622 ], [ -118.470376126749812, 34.040775596380939 ], [ -118.470962272564066, 34.041276647549246 ], [ -118.471513805000356, 34.041748033658536 ], [ -118.471275581553527, 34.041942002919164 ], [ -118.473721874046944, 34.044038000699913 ], [ -118.474278006668527, 34.044314041459835 ], [ -118.474381388362218, 34.044208185071085 ], [ -118.47719110395785, 34.046621440419329 ], [ -118.477743874293026, 34.046303590747648 ], [ -118.478363626628507, 34.046154468485469 ], [ -118.478438193422321, 34.045628295456545 ], [ -118.479014565912081, 34.045687150951423 ], [ -118.479135505024928, 34.045189302885966 ], [ -118.479290804128524, 34.04521547849609 ], [ -118.479461659519558, 34.045076031714878 ], [ -118.479646694788229, 34.045106897598764 ], [ -118.47974341770005, 34.044704290830744 ], [ -118.479965205440365, 34.044524453062238 ], [ -118.480056430722783, 34.04460240530598 ], [ -118.480989577745163, 34.043846800183687 ], [ -118.482197045446739, 34.042866826502255 ], [ -118.483815173383206, 34.041553731558835 ], [ -118.484856811646736, 34.042443304889574 ], [ -118.48599138992293, 34.043417336477965 ], [ -118.488645414517208, 34.045684971178048 ], [ -118.490169891316469, 34.046988506640687 ], [ -118.491407418732365, 34.048045880852904 ], [ -118.491834273326745, 34.048409870390891 ], [ -118.492633352712133, 34.049091267829638 ], [ -118.493535867405669, 34.049869014726525 ], [ -118.49380150799081, 34.050095316934161 ], [ -118.494164614885761, 34.050404687017831 ], [ -118.494413461383701, 34.050616630181345 ], [ -118.494538140932633, 34.050486625162122 ], [ -118.494475101883793, 34.0504332993847 ], [ -118.49464517706329, 34.050164339736504 ], [ -118.494855855388138, 34.050341746169181 ], [ -118.494899681668073, 34.050216537405639 ], [ -118.49538140035493, 34.049614490949729 ], [ -118.495451929494848, 34.049538978009487 ], [ -118.497638755892282, 34.047279804399224 ], [ -118.503972123473929, 34.04072728951423 ], [ -118.504581244393037, 34.041292872574587 ], [ -118.506587224402409, 34.040588225464013 ], [ -118.507546351072904, 34.040080989493553 ], [ -118.508096769459726, 34.039129964159109 ], [ -118.508323334577227, 34.039205608069935 ], [ -118.508346135041933, 34.03915536301389 ], [ -118.50811625680042, 34.039077672168858 ], [ -118.50826202106461, 34.038349553772775 ], [ -118.508184379601644, 34.038337515061713 ], [ -118.508217541193744, 34.038091095506942 ], [ -118.508085557534685, 34.038098864200919 ], [ -118.50792260042688, 34.037354183685515 ], [ -118.507810510474798, 34.03683255540404 ], [ -118.507688274176772, 34.036270438276091 ], [ -118.507909092658622, 34.035672529719285 ], [ -118.508212687365813, 34.034846197221277 ], [ -118.50837098038626, 34.034551849720984 ], [ -118.508702469728988, 34.033972021957517 ], [ -118.508807701006305, 34.033365324600709 ], [ -118.508654566906728, 34.033150260253649 ], [ -118.508592973418544, 34.033062587157843 ], [ -118.509479514416995, 34.032846918038693 ], [ -118.51010774565512, 34.032219119627989 ], [ -118.510517804777237, 34.031807950292524 ], [ -118.510819155605546, 34.031431588222745 ], [ -118.511324108429847, 34.031157409249175 ], [ -118.511563146764487, 34.030846915154171 ], [ -118.511992243510363, 34.030582672395632 ], [ -118.512205677763092, 34.030403497498234 ], [ -118.512486444874355, 34.030171139472387 ], [ -118.512717934338156, 34.029976430120492 ], [ -118.513340804733517, 34.029289214368106 ], [ -118.513803044096875, 34.02878094869255 ], [ -118.514064305400652, 34.028598475552826 ], [ -118.514585979805773, 34.028096136526841 ], [ -118.514858346626269, 34.027841825613947 ], [ -118.515240589286876, 34.026940259858335 ], [ -118.516022051442548, 34.026305507791278 ], [ -118.516076337630096, 34.026261395319004 ], [ -118.517569057218083, 34.025052586940284 ] ], [ [ -118.409750772280702, 34.105151441263068 ], [ -118.409735876807815, 34.108852898737666 ], [ -118.411807340322596, 34.108880892918016 ], [ -118.411789809002869, 34.110687346734245 ], [ -118.413968762834514, 34.110730738060028 ], [ -118.413960104158221, 34.111984492625112 ], [ -118.415867880067836, 34.111965233478884 ], [ -118.415891589730663, 34.112082624202444 ], [ -118.415996253679268, 34.112202827653398 ], [ -118.416057813471483, 34.112291578683006 ], [ -118.416042385817548, 34.112510776066216 ], [ -118.416063858611849, 34.112510530396477 ], [ -118.417489315846268, 34.112493077044235 ], [ -118.417537464341635, 34.10824226754535 ], [ -118.417548002148436, 34.107375615228385 ], [ -118.417556473096226, 34.106756623680212 ], [ -118.417458770596397, 34.106375691485844 ], [ -118.417440641933709, 34.10572209974562 ], [ -118.41737619364369, 34.105715796130148 ], [ -118.417401211128691, 34.105433364008938 ], [ -118.417423161734916, 34.105198343582558 ], [ -118.417387134797039, 34.105198510965892 ], [ -118.414223882932376, 34.105212444323122 ], [ -118.409750772280702, 34.105151441263068 ] ], [ [ -118.452255684308213, 34.047128902250925 ], [ -118.450997043959575, 34.047877943717339 ], [ -118.450074037554231, 34.048429247549549 ], [ -118.448836738090321, 34.049163760449304 ], [ -118.448509466505797, 34.049367933692594 ], [ -118.448175407243312, 34.049576338939715 ], [ -118.44841298267518, 34.050171405087106 ], [ -118.448531776261774, 34.050469796689804 ], [ -118.448819818262223, 34.051240539442794 ], [ -118.448960456160137, 34.051610294545313 ], [ -118.449102721954389, 34.051975578123262 ], [ -118.448765444386041, 34.052181893112795 ], [ -118.448363588692601, 34.052427776086802 ], [ -118.448311351414731, 34.052459742477474 ], [ -118.448806167297306, 34.053003703766059 ], [ -118.449110030620631, 34.053337129461063 ], [ -118.445776491190358, 34.055353034509309 ], [ -118.445950871727192, 34.055550925605274 ], [ -118.44637765435219, 34.056028168368066 ], [ -118.447053671035292, 34.056808128950394 ], [ -118.447576912298715, 34.057416565603788 ], [ -118.447872985290644, 34.057757408343782 ], [ -118.447997145709707, 34.057900353261601 ], [ -118.449045306621073, 34.05911583614968 ], [ -118.449716407866504, 34.059893395996788 ], [ -118.450226392744341, 34.060485383428095 ], [ -118.450884207696902, 34.061244094705962 ], [ -118.45157696136296, 34.06205075990713 ], [ -118.452155065097131, 34.062718051602182 ], [ -118.45255543744328, 34.06318266283872 ], [ -118.453224941916417, 34.063958148642591 ], [ -118.453226706885772, 34.063960160001088 ], [ -118.453784798739932, 34.064604548501165 ], [ -118.454271592615868, 34.065171531823225 ], [ -118.454543207777448, 34.065634559899493 ], [ -118.454717880289763, 34.066182106541852 ], [ -118.454789946872182, 34.066721709806693 ], [ -118.454790163040116, 34.066723512295887 ], [ -118.456156806297457, 34.066358384921998 ], [ -118.458397165442648, 34.0657621977346 ], [ -118.459541220899595, 34.065454895288362 ], [ -118.459092635015466, 34.064937936837374 ], [ -118.4585593088119, 34.064320657021682 ], [ -118.457856552649275, 34.063512008465196 ], [ -118.457201958296892, 34.062753322588868 ], [ -118.45649090498361, 34.061931988659957 ], [ -118.456233407914326, 34.06163584603371 ], [ -118.455080476083339, 34.060304034398136 ], [ -118.455513010796352, 34.060042427655311 ], [ -118.456841037505185, 34.059239106500272 ], [ -118.457808495320904, 34.058652203365064 ], [ -118.458677239716366, 34.058128525378123 ], [ -118.458900208631022, 34.058149317974504 ], [ -118.460087743057983, 34.059163579991832 ], [ -118.461101122176714, 34.060023926693027 ], [ -118.462793589581239, 34.063077229533377 ], [ -118.463005700949225, 34.064116493368921 ], [ -118.463192400132868, 34.065037695031641 ], [ -118.465332925680386, 34.066987683385229 ], [ -118.46677153573512, 34.067692462408914 ], [ -118.468879744155828, 34.065838142457771 ], [ -118.468880976069087, 34.065837021344151 ], [ -118.468664983350124, 34.064708132533646 ], [ -118.468425080623518, 34.06343575880431 ], [ -118.468254995251698, 34.062543010051819 ], [ -118.467948758123384, 34.060919506097044 ], [ -118.465584203560752, 34.058148809505028 ], [ -118.464579030719506, 34.056986887851529 ], [ -118.463658629069258, 34.05592527404778 ], [ -118.462778123532104, 34.054909871137276 ], [ -118.461778031729239, 34.053757181302529 ], [ -118.461733177781241, 34.053705486390342 ], [ -118.461267985300452, 34.053161464571225 ], [ -118.460575189114707, 34.052350733546866 ], [ -118.459699642502414, 34.051322924235713 ], [ -118.45922606967585, 34.050769695426084 ], [ -118.458756032736787, 34.050220487327017 ], [ -118.458053312245511, 34.049397070852358 ], [ -118.457370560563106, 34.048600710141024 ], [ -118.456604736353995, 34.047702300959955 ], [ -118.454092400699167, 34.049192199388322 ], [ -118.453655636691238, 34.048702312529208 ], [ -118.452255684308213, 34.047128902250925 ] ] ] } },
{ "type": "Feature", "properties": { "OBJECTID": 11, "APREC": "HOLLENBECK", "PREC": 4, "AREA": 433032348.80199999, "PERIMETER": 111317.952873 }, "geometry": { "type": "Polygon", "coordinates": [ [ [ -118.226475580948616, 34.079905854114457 ], [ -118.226142875686278, 34.080162646433884 ], [ -118.225534664604609, 34.080661592475757 ], [ -118.22509541473012, 34.081028724380559 ], [ -118.224633509014211, 34.081367719476717 ], [ -118.224239127263658, 34.08163144580503 ], [ -118.223900117637982, 34.081856690970518 ], [ -118.22379966554324, 34.081923432608995 ], [ -118.223393940646588, 34.082168391091969 ], [ -118.223112208642718, 34.082347372445561 ], [ -118.222830476514176, 34.082526352239867 ], [ -118.222650162580791, 34.082639395868746 ], [ -118.222391080100635, 34.082846512033626 ], [ -118.221985495098025, 34.083147822005955 ], [ -118.221692493803687, 34.083336212897443 ], [ -118.220013281167198, 34.084391257244938 ], [ -118.219765326687309, 34.084541991019371 ], [ -118.219607532127739, 34.084636203937848 ], [ -118.219415871940626, 34.084730478162882 ], [ -118.219212947865913, 34.084834165570776 ], [ -118.219009973012263, 34.084919067535047 ], [ -118.218739364159546, 34.085041662025738 ], [ -118.218457416240014, 34.085145491220167 ], [ -118.21817549320761, 34.08525871275863 ], [ -118.217904784141695, 34.085343734268427 ], [ -118.217385868544355, 34.085485559439313 ], [ -118.216460871981397, 34.085750213068984 ], [ -118.216212688530604, 34.085816407029441 ], [ -118.215941975664137, 34.085901424142712 ], [ -118.215671213806644, 34.085967656443948 ], [ -118.215276395268646, 34.086081072698775 ], [ -118.215005656448085, 34.086156695611784 ], [ -118.214734893022595, 34.086222925815171 ], [ -118.214486682710955, 34.086279722324797 ], [ -118.214159474896064, 34.086346050534239 ], [ -118.213843481724197, 34.086384181568882 ], [ -118.213448444075581, 34.086413058411473 ], [ -118.213177534935198, 34.086422928898145 ], [ -118.212793807984141, 34.086461175786184 ], [ -118.212735732745941, 34.086468182888126 ], [ -118.212398816234156, 34.086508834307381 ], [ -118.211992630956971, 34.086594081564186 ], [ -118.211575226724307, 34.086707524440556 ], [ -118.21116922937162, 34.086867909367456 ], [ -118.210752154028285, 34.087112846071236 ], [ -118.210402857270765, 34.087376448502972 ], [ -118.208870741948871, 34.08865650558517 ], [ -118.208634185030036, 34.088863551451844 ], [ -118.208453931894852, 34.089014145043173 ], [ -118.208285038035555, 34.089192896121091 ], [ -118.208138675168883, 34.08935282295554 ], [ -118.207969779954027, 34.089531574496554 ], [ -118.207857237574615, 34.089672657573679 ], [ -118.207722161804512, 34.089832564483999 ], [ -118.20760968855511, 34.090001825452568 ], [ -118.207485971573661, 34.090189890820419 ], [ -118.207362230745076, 34.090368563055364 ], [ -118.207227293634659, 34.090584824755666 ], [ -118.207081112376002, 34.090819891674194 ], [ -118.206912421089541, 34.091083174309446 ], [ -118.206698755377005, 34.09142167443801 ], [ -118.206530084870394, 34.0916943495533 ], [ -118.206440278588929, 34.091901140173391 ], [ -118.206384293776182, 34.092089089566485 ], [ -118.206317042796627, 34.092286449418694 ], [ -118.206294973288308, 34.092493125144664 ], [ -118.206284076965929, 34.092652818354154 ], [ -118.20627436217589, 34.093291533369012 ], [ -118.206263906971074, 34.093629686534975 ], [ -118.206219465763667, 34.093920934277129 ], [ -118.206141061425726, 34.094174668664088 ], [ -118.206085238491639, 34.09435532246728 ], [ -118.206062656614165, 34.094428403903933 ], [ -118.20598406623688, 34.094606997725769 ], [ -118.20589413984878, 34.094766825619452 ], [ -118.205792853246081, 34.094898494551792 ], [ -118.205546763332379, 34.095266560397683 ], [ -118.205444573969231, 34.095419399417636 ], [ -118.204987909371724, 34.096102399434535 ], [ -118.202975786240586, 34.099111627113224 ], [ -118.202866989462152, 34.099236604231614 ], [ -118.202751373686922, 34.099361593596093 ], [ -118.20259489934935, 34.099509340190863 ], [ -118.202431593114568, 34.099651426498404 ], [ -118.202241092720811, 34.099827592696528 ], [ -118.202105017942969, 34.09995261568406 ], [ -118.201934944987158, 34.100117402365598 ], [ -118.201689988262572, 34.100333366616255 ], [ -118.201404253191058, 34.100606122667358 ], [ -118.201111670171869, 34.100867544576012 ], [ -118.200853124912356, 34.101106219472449 ], [ -118.200708324953553, 34.101255079242591 ], [ -118.200676269153604, 34.101288032951416 ], [ -118.200485735218024, 34.101452852472455 ], [ -118.20031556089431, 34.101577929114733 ], [ -118.20011809702774, 34.101697379185552 ], [ -118.199934243217271, 34.101805460648571 ], [ -118.199695850336354, 34.101919304410714 ], [ -118.199491484684472, 34.102004729368353 ], [ -118.199232606904104, 34.102107261169493 ], [ -118.197842885332093, 34.102679631213348 ], [ -118.197713431593826, 34.102725222556614 ], [ -118.197515827305608, 34.102787943377166 ], [ -118.197304570334111, 34.102845013735987 ], [ -118.197079649489936, 34.102890760246112 ], [ -118.196922892428319, 34.102925051307729 ], [ -118.196732012620018, 34.102948051961128 ], [ -118.196534272655882, 34.102954046175221 ], [ -118.196377448639396, 34.102959973576738 ], [ -118.196022831365568, 34.10294920451085 ], [ -118.195763655319411, 34.102926934953729 ], [ -118.195088477498246, 34.102888319002439 ], [ -118.194877046750562, 34.102871642881013 ], [ -118.19457695641043, 34.102849436757872 ], [ -118.194256435713456, 34.102838607599182 ], [ -118.193929095058095, 34.102827788536224 ], [ -118.193772271093792, 34.10283371255656 ], [ -118.19359501541426, 34.10285101397303 ], [ -118.193390496936757, 34.102874031197153 ], [ -118.193192823522125, 34.102908381994098 ], [ -118.193008787881368, 34.102942711586067 ], [ -118.192743014895029, 34.103016878325313 ], [ -118.192524988436659, 34.103096640845848 ], [ -118.192313806641508, 34.103187736942047 ], [ -118.192307098224632, 34.103191058039563 ], [ -118.192129900364719, 34.103278789303097 ], [ -118.191959657736533, 34.10338116454124 ], [ -118.191803078739952, 34.103494863616 ], [ -118.191653293417417, 34.103597205947992 ], [ -118.191489868586416, 34.103699569709661 ], [ -118.191299232096242, 34.103830339391955 ], [ -118.19110181485236, 34.103978136791582 ], [ -118.190924789338396, 34.104097538591297 ], [ -118.190691709166558, 34.104271906584501 ], [ -118.189999409347791, 34.104750909391569 ], [ -118.189631529007357, 34.105018458477986 ], [ -118.188587179240756, 34.105764976353214 ], [ -118.187139296643323, 34.106798857987208 ], [ -118.186996903749787, 34.106911141400253 ], [ -118.186834758519751, 34.107049821355524 ], [ -118.186676596143286, 34.107198382929766 ], [ -118.186482860847164, 34.10738655115685 ], [ -118.186356337761779, 34.107508696410676 ], [ -118.185253247834197, 34.108555321681109 ], [ -118.185179355312513, 34.108653037364611 ], [ -118.185124002020785, 34.108755861525715 ], [ -118.18507482316339, 34.108858675303821 ], [ -118.185031798198494, 34.108951206696076 ], [ -118.184988807234987, 34.109059148788567 ], [ -118.184958155071186, 34.10916193505868 ], [ -118.184921362313972, 34.109280141485613 ], [ -118.184896920845077, 34.10939832900408 ], [ -118.184884842076229, 34.109521634526729 ], [ -118.184866598915505, 34.109650086401608 ], [ -118.184842156177183, 34.109768273911982 ], [ -118.184823890187957, 34.109886452872502 ], [ -118.184805601434178, 34.109994356217115 ], [ -118.184774983843937, 34.110112553157869 ], [ -118.184750519222575, 34.110220466839138 ], [ -118.184701452529339, 34.110374651325962 ], [ -118.184621519181491, 34.110534018975052 ], [ -118.184529221523675, 34.110688268529735 ], [ -118.184455338687528, 34.110791120680588 ], [ -118.184325974252914, 34.11094029063112 ], [ -118.184196552768782, 34.111063775015083 ], [ -118.184067074356236, 34.111161574733408 ], [ -118.183956066628014, 34.111233660682416 ], [ -118.183813187070186, 34.111302016696527 ], [ -118.183672269603605, 34.111367653246923 ], [ -118.183530325646146, 34.111414102107851 ], [ -118.183308139462397, 34.11148121933482 ], [ -118.183098225886042, 34.111512360001711 ], [ -118.182842056272506, 34.111527291356374 ], [ -118.182610319057545, 34.111507961337551 ], [ -118.182406446517817, 34.111477446799157 ], [ -118.182227256211675, 34.111436621756994 ], [ -118.181992426488947, 34.11137019474004 ], [ -118.181732861378464, 34.111288394601935 ], [ -118.181473316905993, 34.111216866819703 ], [ -118.18129413875279, 34.111181177299947 ], [ -118.181152118450299, 34.111156834381042 ], [ -118.180843211140157, 34.111140756663687 ], [ -118.180577681764817, 34.111156564498216 ], [ -118.180399134161519, 34.111176777535114 ], [ -118.180344981362836, 34.111182908535525 ], [ -118.180003578840896, 34.111275571121205 ], [ -118.179657855615773, 34.111407733425089 ], [ -118.179417344153379, 34.111497333276724 ], [ -118.179158209384426, 34.111615867844293 ], [ -118.178751005687545, 34.111806537875594 ], [ -118.178491890949076, 34.111935344827614 ], [ -118.178269120442678, 34.112081194244759 ], [ -118.177881051313662, 34.11235530043767 ], [ -118.177522900476731, 34.112641796251211 ], [ -118.177172843644414, 34.112880647659161 ], [ -118.177038210524373, 34.112832769035194 ], [ -118.176073066220624, 34.112489497731566 ], [ -118.176984010316758, 34.112199120982588 ], [ -118.17688460454454, 34.112059124470726 ], [ -118.177019456813269, 34.110996875124201 ], [ -118.1774420993668, 34.110893210319716 ], [ -118.177411819226805, 34.110830715591227 ], [ -118.177234716957287, 34.11046519019478 ], [ -118.177994236590308, 34.110321527442437 ], [ -118.177994566583891, 34.104039849956614 ], [ -118.177994673525234, 34.101992043983849 ], [ -118.177994686205579, 34.101916034127534 ], [ -118.177994790412683, 34.101271070964515 ], [ -118.177995660182887, 34.09935202603608 ], [ -118.177995983243406, 34.098727915905201 ], [ -118.177994058890249, 34.098595687673324 ], [ -118.173425904570223, 34.098630142077155 ], [ -118.169444795485006, 34.098653740101774 ], [ -118.166416760162164, 34.09867160044319 ], [ -118.160294415227725, 34.098669229693385 ], [ -118.1567716353196, 34.098670416950576 ], [ -118.155357894930447, 34.098668808148787 ], [ -118.155370569992996, 34.098379578310229 ], [ -118.155376834093843, 34.098195462497038 ], [ -118.155383259647806, 34.098098248562003 ], [ -118.155419219302331, 34.097896234344951 ], [ -118.155455322011846, 34.097771847077688 ], [ -118.155481569052952, 34.097676324147869 ], [ -118.155521025106509, 34.097579067698248 ], [ -118.155555537337165, 34.097487656810728 ], [ -118.155655913742109, 34.097290367436507 ], [ -118.15573989726569, 34.097159048734596 ], [ -118.155835421977443, 34.097017410601921 ], [ -118.155940871296707, 34.096883659692793 ], [ -118.155991946010886, 34.096817987622671 ], [ -118.156105685947068, 34.096702773944003 ], [ -118.156189756067661, 34.096618511979365 ], [ -118.156275469828415, 34.096530126035212 ], [ -118.156443679252646, 34.096399040458977 ], [ -118.156620130044132, 34.096259014311279 ], [ -118.157952830493031, 34.095347047875741 ], [ -118.159394359928356, 34.094361417863425 ], [ -118.160407041958194, 34.0936707056172 ], [ -118.160662687644191, 34.093498624483097 ], [ -118.160662649638326, 34.093494635263554 ], [ -118.160658544697839, 34.093061375346373 ], [ -118.160612137813516, 34.091255056891278 ], [ -118.160601319396704, 34.089921324559612 ], [ -118.160594355452616, 34.088874739735409 ], [ -118.160572962836042, 34.086333676723577 ], [ -118.160551342716971, 34.083673425728215 ], [ -118.160541298975559, 34.082742255454399 ], [ -118.160526127401795, 34.081078946360364 ], [ -118.160524568627849, 34.080908076130697 ], [ -118.160492008872239, 34.075126606698404 ], [ -118.160869878920877, 34.075006228601012 ], [ -118.16109758738628, 34.074932419838952 ], [ -118.16124279023316, 34.07488413852672 ], [ -118.161422614389124, 34.07480867564756 ], [ -118.161516649198859, 34.074768705957609 ], [ -118.161762402088769, 34.074634761443434 ], [ -118.161646804799432, 34.073769338078613 ], [ -118.161574490068304, 34.073086590417589 ], [ -118.161559389800018, 34.072961926414926 ], [ -118.161562415901102, 34.072819032686127 ], [ -118.16157867089197, 34.072686770126225 ], [ -118.161609785844362, 34.072554831166663 ], [ -118.161660716450584, 34.072424582192433 ], [ -118.161723073309091, 34.07222665272171 ], [ -118.161745862308436, 34.072058314815663 ], [ -118.161739020423909, 34.071935357195059 ], [ -118.161733937837681, 34.071868384887665 ], [ -118.161690647995925, 34.071680557846264 ], [ -118.161672237801881, 34.07155177560287 ], [ -118.16167198619199, 34.071421596025118 ], [ -118.161686607650452, 34.07129860967504 ], [ -118.161704590185934, 34.071206188777396 ], [ -118.161762064744138, 34.071045361052661 ], [ -118.161850889339178, 34.07087418772069 ], [ -118.161915026572998, 34.070743921851033 ], [ -118.162081237452014, 34.070464790148471 ], [ -118.162239284862892, 34.070233413266955 ], [ -118.162326554196383, 34.070113077103507 ], [ -118.162427063615297, 34.070008866756012 ], [ -118.162522688146311, 34.069940385088884 ], [ -118.162619988213663, 34.069884609946655 ], [ -118.162690900449434, 34.069843296540917 ], [ -118.162796388362594, 34.069753161065684 ], [ -118.162441426910419, 34.069753638963199 ], [ -118.162525313406249, 34.069592089294844 ], [ -118.163301666306467, 34.068099981520362 ], [ -118.163670103332009, 34.067395685216006 ], [ -118.163946417971658, 34.066863255065883 ], [ -118.16417835498973, 34.066432555460587 ], [ -118.164454491022255, 34.065812536352773 ], [ -118.164567867394794, 34.065539312394563 ], [ -118.164687721776318, 34.065203222193084 ], [ -118.164768167017925, 34.064975383547889 ], [ -118.164835398651149, 34.064744470640655 ], [ -118.164889525783821, 34.064565785836507 ], [ -118.164955063883681, 34.064313579260769 ], [ -118.165051629969113, 34.063889932470921 ], [ -118.165147871356538, 34.063301757926176 ], [ -118.165301053014858, 34.062289990564039 ], [ -118.166958502552887, 34.062291145525101 ], [ -118.169654330184287, 34.06229082358599 ], [ -118.171836747430902, 34.062291516516282 ], [ -118.172831258458515, 34.061832577799933 ], [ -118.173023352541918, 34.06212151506039 ], [ -118.173318570144033, 34.0619847291971 ], [ -118.173394747528761, 34.062100029991036 ], [ -118.173063324971196, 34.062291826035242 ], [ -118.176168563863101, 34.062292145269097 ], [ -118.179054244942947, 34.062294771262685 ], [ -118.181299401562427, 34.062298634999166 ], [ -118.181303170459245, 34.061752491111271 ], [ -118.184246613038837, 34.061754906292528 ], [ -118.184943623408728, 34.061755500679389 ], [ -118.18727589837097, 34.061757460141898 ], [ -118.190963872254287, 34.061761989660241 ], [ -118.192621311628059, 34.061762792440675 ], [ -118.192615287869515, 34.060580532043616 ], [ -118.19260723945753, 34.059235807656933 ], [ -118.192590543787645, 34.057720042807475 ], [ -118.192568751032439, 34.055423891988688 ], [ -118.192527060280696, 34.050218813520083 ], [ -118.192504107180696, 34.048293233341219 ], [ -118.192502515395887, 34.048159671693597 ], [ -118.19245964338289, 34.042437655112813 ], [ -118.192442148785858, 34.040571883386242 ], [ -118.192441226405919, 34.04047594871443 ], [ -118.192431304314624, 34.039444589052785 ], [ -118.192409553068899, 34.037162523003552 ], [ -118.192402066976001, 34.036059955139834 ], [ -118.192391094912324, 34.034876673674553 ], [ -118.192384132795681, 34.03400183380144 ], [ -118.191842840751349, 34.03400269510653 ], [ -118.191843787232386, 34.034415560099461 ], [ -118.191398216922082, 34.034419702092862 ], [ -118.19138269338778, 34.033404735044122 ], [ -118.192379383289122, 34.033371550655971 ], [ -118.192368533490423, 34.032241165417709 ], [ -118.192355446381697, 34.030855233103637 ], [ -118.19235074542722, 34.030245902397183 ], [ -118.192341909736015, 34.029273516809603 ], [ -118.192335078847961, 34.028455351536721 ], [ -118.19233300794069, 34.028272277982353 ], [ -118.192329024028282, 34.027974828846325 ], [ -118.192322498839161, 34.027289590703909 ], [ -118.192311993930772, 34.026308620882169 ], [ -118.192309691655709, 34.025306685643606 ], [ -118.192304565952384, 34.024512218093363 ], [ -118.192302523463752, 34.023623288118415 ], [ -118.192291530763256, 34.022429703032365 ], [ -118.192274792129112, 34.020889553897149 ], [ -118.192270438350803, 34.020206512296326 ], [ -118.192261893953912, 34.018866118837551 ], [ -118.192245760096029, 34.017588732687109 ], [ -118.19223421364245, 34.016153337675377 ], [ -118.192228406093236, 34.015061415465894 ], [ -118.191438099955789, 34.015062671451247 ], [ -118.191416581632282, 34.012867852391324 ], [ -118.19439682982194, 34.013118640794396 ], [ -118.199576818458041, 34.013551218780911 ], [ -118.200421723811417, 34.013619889137274 ], [ -118.200989432889514, 34.013681802346639 ], [ -118.201418528292123, 34.013733639812536 ], [ -118.20234774190007, 34.013868792364882 ], [ -118.202759072474052, 34.013948325423002 ], [ -118.202795070760587, 34.013955286042574 ], [ -118.203230844104553, 34.014038362702124 ], [ -118.204125578913775, 34.014240194212341 ], [ -118.204568083894614, 34.014376151779317 ], [ -118.205055179484518, 34.014529205179365 ], [ -118.205037271146423, 34.012606763912913 ], [ -118.205365943714639, 34.012749437094016 ], [ -118.205857602442478, 34.012748599585784 ], [ -118.206981160328041, 34.012747708607073 ], [ -118.207410305289343, 34.013485803297833 ], [ -118.207723477082467, 34.014027623588092 ], [ -118.20829346045754, 34.014999727444675 ], [ -118.212698662922236, 34.014974527841147 ], [ -118.212701887033063, 34.014295457431082 ], [ -118.213542413714421, 34.014581124294764 ], [ -118.21473303075318, 34.014985008698282 ], [ -118.215632193010308, 34.014969323019677 ], [ -118.217156407809682, 34.015487997112281 ], [ -118.217155018563119, 34.014952510271129 ], [ -118.218410595282251, 34.014950244933708 ], [ -118.219923431944622, 34.014947498094067 ], [ -118.221193983201488, 34.014945176520257 ], [ -118.222609779314254, 34.014942811801347 ], [ -118.223646212121025, 34.019439595366364 ], [ -118.224460619248916, 34.02287291272529 ], [ -118.225131224770848, 34.025578309417646 ], [ -118.225942386751541, 34.029113717837177 ], [ -118.225946071559804, 34.029129774374944 ], [ -118.227038754480773, 34.034090368895235 ], [ -118.227131861145438, 34.034538324773699 ], [ -118.227841244249561, 34.03789190241767 ], [ -118.228579978659866, 34.041286867927909 ], [ -118.228638758762273, 34.041550177129238 ], [ -118.2300305518486, 34.047910000795987 ], [ -118.229276025714739, 34.050765689775353 ], [ -118.228899310708314, 34.052354795830553 ], [ -118.228855023549826, 34.052541609986058 ], [ -118.228570022582161, 34.053040533350163 ], [ -118.228529750154905, 34.053111035258624 ], [ -118.228309633852717, 34.053504396812507 ], [ -118.227338638867039, 34.054572401017509 ], [ -118.226487013824013, 34.055840768475349 ], [ -118.226307219969272, 34.056500593438493 ], [ -118.226806962505862, 34.060604971160089 ], [ -118.226914873207633, 34.061437372806445 ], [ -118.226771216563236, 34.062033929857328 ], [ -118.226689203778307, 34.062229183015567 ], [ -118.225055135369644, 34.066010558479036 ], [ -118.224467766561347, 34.067374594628056 ], [ -118.224381660202965, 34.068509625103239 ], [ -118.224520084703045, 34.069644237511731 ], [ -118.224959002321867, 34.071955140067807 ], [ -118.226475580948616, 34.079905854114457 ] ] ] } },
{ "type": "Feature", "properties": { "OBJECTID": 12, "APREC": "RAMPART", "PREC": 2, "AREA": 154395388.11399999, "PERIMETER": 63585.3095484 }, "geometry": { "type": "Polygon", "coordinates": [ [ [ -118.300479106293537, 34.090830843770227 ], [ -118.299511404060027, 34.090837711932934 ], [ -118.299413971925929, 34.090838296918037 ], [ -118.299197641690668, 34.090839519814295 ], [ -118.298378557572704, 34.090844293343814 ], [ -118.297884796649228, 34.090847229189414 ], [ -118.297366264905023, 34.09085056747216 ], [ -118.29702773151638, 34.090852430684542 ], [ -118.296058389647499, 34.090863053542741 ], [ -118.295918757581504, 34.090863307277679 ], [ -118.294973418346942, 34.090865020405836 ], [ -118.294618372102804, 34.090867260665831 ], [ -118.293868635078425, 34.090868399652564 ], [ -118.292798526217368, 34.090870310832514 ], [ -118.291945356328384, 34.09087182193614 ], [ -118.291739977076929, 34.090872184620991 ], [ -118.291673191839379, 34.090872301696265 ], [ -118.28963278702922, 34.090875880621205 ], [ -118.28928598796567, 34.090874994084352 ], [ -118.288635325169878, 34.090873458941502 ], [ -118.287769978479744, 34.090871401384597 ], [ -118.287147390552079, 34.090869791354393 ], [ -118.28671636809301, 34.090868754104342 ], [ -118.28612680929659, 34.090867403911005 ], [ -118.285540556829162, 34.090867073478087 ], [ -118.285444774698661, 34.090866956330181 ], [ -118.284932845582787, 34.090869538681169 ], [ -118.284767722452628, 34.09087508025118 ], [ -118.284587781067458, 34.090893365402657 ], [ -118.284553078368575, 34.090886577464801 ], [ -118.284386300194583, 34.090890748476198 ], [ -118.284321909834674, 34.090895365315191 ], [ -118.284272390125508, 34.090902008034156 ], [ -118.284079298071802, 34.090938184528092 ], [ -118.28388788173514, 34.090981569935622 ], [ -118.283731145826593, 34.09102556056704 ], [ -118.283625580935364, 34.091062561201959 ], [ -118.283581060696804, 34.091082587769108 ], [ -118.283508508547456, 34.091115045519935 ], [ -118.283325527728053, 34.091211306746793 ], [ -118.283180505614325, 34.09130095344036 ], [ -118.283150846623386, 34.091320601530953 ], [ -118.283065164240568, 34.091377133653282 ], [ -118.283025620006541, 34.091403674549213 ], [ -118.28215572294269, 34.092012646018055 ], [ -118.281897038408061, 34.092187740542663 ], [ -118.281778384850654, 34.092261866349219 ], [ -118.281677827341184, 34.09231534082241 ], [ -118.281608575150486, 34.092347789735925 ], [ -118.281446962051646, 34.092415489148017 ], [ -118.281326561592493, 34.092461452907003 ], [ -118.281265526934874, 34.092481860555424 ], [ -118.281171481004179, 34.092507497258893 ], [ -118.281107118016109, 34.09252035592916 ], [ -118.281008083150596, 34.092536043082525 ], [ -118.280894172622965, 34.092547642934669 ], [ -118.28081161500225, 34.092551956651945 ], [ -118.280729041230174, 34.092551461577173 ], [ -118.280502752853323, 34.092539621741551 ], [ -118.280395058699327, 34.092435109166658 ], [ -118.279889721529301, 34.091943037269367 ], [ -118.279654426561748, 34.091706234836245 ], [ -118.27963453839979, 34.091684984874981 ], [ -118.279551677287955, 34.091598274332391 ], [ -118.279503598108917, 34.09154205423053 ], [ -118.279440574893727, 34.091461824810715 ], [ -118.279370959879984, 34.091385388922724 ], [ -118.279284806855969, 34.091301778066864 ], [ -118.279206952300683, 34.091230512487016 ], [ -118.279114211189622, 34.091152068992109 ], [ -118.279041364989922, 34.091096936374697 ], [ -118.278935457670357, 34.091031919018839 ], [ -118.27877497772387, 34.090944357576767 ], [ -118.278616156314811, 34.090858509516643 ], [ -118.278473900644116, 34.090788079836017 ], [ -118.278371371258004, 34.090745379744988 ], [ -118.277961332463278, 34.090598282317721 ], [ -118.27788692057635, 34.090568570407861 ], [ -118.277771143054792, 34.090514909701788 ], [ -118.277726480259801, 34.090492342451682 ], [ -118.27768677849707, 34.090471824685046 ], [ -118.277604055152182, 34.090425644484796 ], [ -118.277537859443228, 34.090383548066995 ], [ -118.277438535804805, 34.090311300221074 ], [ -118.277311019223092, 34.090203052118099 ], [ -118.277224872947514, 34.090120813723949 ], [ -118.277093943779505, 34.08997925530214 ], [ -118.276982897544968, 34.089857572312745 ], [ -118.276967974867219, 34.089839401886053 ], [ -118.276913224696472, 34.089762587032453 ], [ -118.276894946988378, 34.089728624035104 ], [ -118.276870050156845, 34.089690554399475 ], [ -118.276823520647724, 34.08960272918727 ], [ -118.276773641889804, 34.089500828797711 ], [ -118.276371223868509, 34.088658839181193 ], [ -118.276308036685407, 34.088527085064776 ], [ -118.276229888874326, 34.088365482942713 ], [ -118.275817274825414, 34.087504810769424 ], [ -118.274813205256862, 34.08540684864775 ], [ -118.274651904527758, 34.085064417878279 ], [ -118.274508902221541, 34.084762819876765 ], [ -118.27426115227297, 34.084241973515674 ], [ -118.274151406493303, 34.08400968329493 ], [ -118.273958664250188, 34.083645340927816 ], [ -118.273898949140403, 34.08356303936128 ], [ -118.2737978089569, 34.083436866658033 ], [ -118.273748079219132, 34.083378243657918 ], [ -118.273695408544413, 34.083316194267489 ], [ -118.273617124913685, 34.083223972704666 ], [ -118.273534281796358, 34.083138289407479 ], [ -118.27346967888019, 34.08307592074879 ], [ -118.273315641921855, 34.082932349715293 ], [ -118.273304049571038, 34.082922071433607 ], [ -118.273257684685177, 34.08288233222013 ], [ -118.27318649629899, 34.082825818430386 ], [ -118.273148431456207, 34.082799456266073 ], [ -118.272968062090186, 34.082682048182264 ], [ -118.272819110384276, 34.082578309128223 ], [ -118.272658578001227, 34.082467382874697 ], [ -118.272037890711573, 34.082015382950402 ], [ -118.271634061159929, 34.081729825452868 ], [ -118.271476800957743, 34.081608585774845 ], [ -118.271231755253126, 34.081404076517842 ], [ -118.271061195303787, 34.081254699609545 ], [ -118.27090716691751, 34.081111125512855 ], [ -118.270804445290622, 34.081004188958183 ], [ -118.270547581288099, 34.0807182983148 ], [ -118.270357040879176, 34.08051675657093 ], [ -118.270292422379626, 34.080448204461973 ], [ -118.270072090877022, 34.080225088562671 ], [ -118.270005843828216, 34.080163409613952 ], [ -118.269878355663138, 34.08005618415141 ], [ -118.269747594262384, 34.079957895535074 ], [ -118.269646621971006, 34.079880837168382 ], [ -118.269570497221537, 34.079828110603188 ], [ -118.269491079066725, 34.079778139205771 ], [ -118.269271079876191, 34.079656693144194 ], [ -118.269046138876547, 34.079539036009272 ], [ -118.268970050160505, 34.079497299558817 ], [ -118.26864418343331, 34.07931563493684 ], [ -118.266730815103585, 34.078391093714707 ], [ -118.266464539995525, 34.078253601013373 ], [ -118.266371888681178, 34.078195413162192 ], [ -118.266348717937248, 34.078178289178176 ], [ -118.266272588068489, 34.078122812689784 ], [ -118.266116987005617, 34.077999501525966 ], [ -118.26603586360558, 34.077931327001522 ], [ -118.265994447437819, 34.077888139288554 ], [ -118.265979530375134, 34.077870310994143 ], [ -118.265948036392217, 34.077831910186433 ], [ -118.265898326408376, 34.077776718778793 ], [ -118.265784079162344, 34.07767701561351 ], [ -118.265721195216088, 34.077632844589949 ], [ -118.265625259192916, 34.077579472164111 ], [ -118.265537620396415, 34.077539133795405 ], [ -118.265418591631899, 34.077493025119352 ], [ -118.26534090776164, 34.077467778007112 ], [ -118.265306203485594, 34.07745858017946 ], [ -118.26527811027492, 34.077451085241051 ], [ -118.265230194775128, 34.077440885953216 ], [ -118.265182286910076, 34.077433091013823 ], [ -118.265116217697823, 34.077425679399425 ], [ -118.265033642627102, 34.07742002138184 ], [ -118.264952730667261, 34.077418137978064 ], [ -118.264918053647946, 34.077417183582256 ], [ -118.264767808323185, 34.077420260856918 ], [ -118.264686923543294, 34.077426964301907 ], [ -118.264538373861654, 34.077443776913853 ], [ -118.264360144996616, 34.077473706669657 ], [ -118.264099379964634, 34.077510686308536 ], [ -118.263807282160272, 34.077559755736019 ], [ -118.263473931603443, 34.077617501527072 ], [ -118.261812127507483, 34.077906206846684 ], [ -118.261676800572005, 34.077927796045785 ], [ -118.260884634054449, 34.078052476536669 ], [ -118.260620493837479, 34.078066786042328 ], [ -118.260570958441136, 34.078066549420861 ], [ -118.260526370058315, 34.078064241209326 ], [ -118.260481772050582, 34.078058841651263 ], [ -118.260440482739838, 34.078055839327206 ], [ -118.260343018201681, 34.07804093615065 ], [ -118.260263702381266, 34.078021528510405 ], [ -118.260199244747085, 34.07800140184758 ], [ -118.260076926664169, 34.0779587298316 ], [ -118.26000253237649, 34.07792900692148 ], [ -118.259914899127764, 34.077889694916287 ], [ -118.259772687648351, 34.077821647622294 ], [ -118.259605688021779, 34.077746439383048 ], [ -118.259362639478553, 34.077640481615902 ], [ -118.258395419766188, 34.077220412449883 ], [ -118.257342233175194, 34.076762392084987 ], [ -118.257170285529156, 34.076687878900579 ], [ -118.256232842526813, 34.076279064035596 ], [ -118.255870765202502, 34.076121829190264 ], [ -118.255683939277091, 34.076040132261767 ], [ -118.255247469071875, 34.07585179511053 ], [ -118.254356349555195, 34.075467598642852 ], [ -118.25346027876833, 34.075081002532087 ], [ -118.253263475426436, 34.074995825769612 ], [ -118.253141198197213, 34.074942903471467 ], [ -118.252802201907826, 34.074770497823387 ], [ -118.252564059606172, 34.074642876709873 ], [ -118.252430089134748, 34.074565872106156 ], [ -118.252256404004982, 34.074459755119435 ], [ -118.252163762683963, 34.07439983897234 ], [ -118.252079362358387, 34.074335096790762 ], [ -118.252056187332343, 34.074315223120529 ], [ -118.252026375953776, 34.074284715310121 ], [ -118.251945176596976, 34.074186304993702 ], [ -118.251873890030623, 34.074089933952195 ], [ -118.251789277246459, 34.07395443445445 ], [ -118.251688038322769, 34.073780842897825 ], [ -118.251609981817566, 34.073629185000328 ], [ -118.251475401480562, 34.073348495931278 ], [ -118.251382403746021, 34.073169390334058 ], [ -118.251224650432974, 34.072869170671638 ], [ -118.251171514883481, 34.07276863967315 ], [ -118.251076878751633, 34.072593316472144 ], [ -118.251003883729808, 34.072477027351859 ], [ -118.250993924959815, 34.072459530399456 ], [ -118.250843087557826, 34.072261996475362 ], [ -118.250756878749996, 34.072143673749451 ], [ -118.250725365084207, 34.072095651511084 ], [ -118.250705439519848, 34.072057909711162 ], [ -118.250685470738517, 34.072005741700977 ], [ -118.250662072243571, 34.071911331463227 ], [ -118.250628481622783, 34.071721111444184 ], [ -118.250604835323827, 34.071543579666304 ], [ -118.250587686156734, 34.071330311247543 ], [ -118.250579128585144, 34.071229344926984 ], [ -118.250488578272169, 34.070763425085566 ], [ -118.250458702208206, 34.070159299133593 ], [ -118.250444137852966, 34.069706274059747 ], [ -118.250442075520994, 34.069568884146783 ], [ -118.250433121368189, 34.069335334125391 ], [ -118.250424661875414, 34.069266998505178 ], [ -118.250379394766497, 34.069036270729626 ], [ -118.250354057672155, 34.068845003102282 ], [ -118.250307141056112, 34.068614622206873 ], [ -118.250267035070763, 34.068453268209169 ], [ -118.250243682284591, 34.068373285008882 ], [ -118.250195369041805, 34.068227747318765 ], [ -118.250177089423929, 34.068187941131619 ], [ -118.250005591057629, 34.067694249302946 ], [ -118.249927295912485, 34.067468860085526 ], [ -118.24988893961573, 34.067340132352939 ], [ -118.249843938682645, 34.067197679928476 ], [ -118.249722190315964, 34.066785750999301 ], [ -118.249398706092464, 34.065711658775513 ], [ -118.249386842523222, 34.065671478614242 ], [ -118.24937183601466, 34.065603919146703 ], [ -118.249348620051308, 34.065524219486313 ], [ -118.249290367799105, 34.065366337485798 ], [ -118.249257202541472, 34.065316944361733 ], [ -118.249218964921013, 34.06522737416752 ], [ -118.249202452197395, 34.065202492639052 ], [ -118.249137683991009, 34.065108059307889 ], [ -118.24906460316592, 34.065016245803513 ], [ -118.249017150777703, 34.064959865463969 ], [ -118.248976850469077, 34.064915961969987 ], [ -118.248902495898761, 34.064842294296739 ], [ -118.248856154670378, 34.06480323271105 ], [ -118.248720477938107, 34.064701153312065 ], [ -118.248439151802131, 34.06447434649111 ], [ -118.248415981392625, 34.064454815611917 ], [ -118.24839612090453, 34.064438025786067 ], [ -118.248002237972855, 34.064110120968323 ], [ -118.247898633536451, 34.06402280767395 ], [ -118.247861560874398, 34.063991564591731 ], [ -118.24773247182533, 34.063883288777731 ], [ -118.247596760341381, 34.063768499322819 ], [ -118.247543113813933, 34.06372321813037 ], [ -118.247617523110804, 34.063667534929223 ], [ -118.247892489257225, 34.063413767035684 ], [ -118.248214897604981, 34.063128250994161 ], [ -118.248575238699374, 34.062811005094858 ], [ -118.248774399146441, 34.062644430345763 ], [ -118.248780641142559, 34.062638735141903 ], [ -118.248982995627344, 34.062454097617426 ], [ -118.25000700818164, 34.06152225102025 ], [ -118.250015414401275, 34.061515144885021 ], [ -118.250898432342396, 34.060768703672615 ], [ -118.251145024608533, 34.060570376435784 ], [ -118.251571797883869, 34.060221332494017 ], [ -118.252140839280486, 34.059761214558108 ], [ -118.252529696266194, 34.059451810042482 ], [ -118.252956290587321, 34.059047374253723 ], [ -118.253349135607976, 34.058662716116025 ], [ -118.254574200961159, 34.057480460428081 ], [ -118.255986847360205, 34.056117120946453 ], [ -118.256122258144714, 34.055986432888211 ], [ -118.256700315393417, 34.055383846957753 ], [ -118.257069659961829, 34.054924130087805 ], [ -118.257420157757338, 34.054519839581864 ], [ -118.257836928530793, 34.054028369240349 ], [ -118.258433655057203, 34.053322870547461 ], [ -118.2589076042361, 34.052832456944131 ], [ -118.259326095728412, 34.052464516270867 ], [ -118.259795250968153, 34.052114034184065 ], [ -118.260239296624235, 34.051791561740586 ], [ -118.261085721427847, 34.051251545499468 ], [ -118.262158547432747, 34.050613179033007 ], [ -118.26266372011078, 34.050289364104316 ], [ -118.263248718133823, 34.049956377599223 ], [ -118.264084969289627, 34.049424467236193 ], [ -118.264432873470156, 34.049211672296359 ], [ -118.264720552590376, 34.049032487619158 ], [ -118.26658369974615, 34.047870315568467 ], [ -118.267095546159823, 34.047559762202106 ], [ -118.267811485159541, 34.047150848910832 ], [ -118.270259998315453, 34.045644418848056 ], [ -118.270463825335057, 34.045499409322176 ], [ -118.270527506279976, 34.045454105415459 ], [ -118.270868421981234, 34.045163189967262 ], [ -118.271162450593593, 34.044883537997229 ], [ -118.27135622157175, 34.044693388290987 ], [ -118.271757095821457, 34.044290738757482 ], [ -118.2720508996197, 34.043944128482117 ], [ -118.272498069244293, 34.043351657771453 ], [ -118.272644877355901, 34.043150451929826 ], [ -118.272827540682215, 34.042817896701813 ], [ -118.272878093983664, 34.04272585794498 ], [ -118.273071438335904, 34.042407370931386 ], [ -118.27311786609657, 34.042256610322987 ], [ -118.273262243558477, 34.041893812662671 ], [ -118.273411366843476, 34.04143371005749 ], [ -118.273535588548597, 34.041036358796497 ], [ -118.273634466180425, 34.040565919209492 ], [ -118.273830629182626, 34.039139156617495 ], [ -118.273915787881307, 34.03831347572261 ], [ -118.273921014351018, 34.038288422969302 ], [ -118.274898826801859, 34.038225495253208 ], [ -118.275818705822914, 34.038159565465683 ], [ -118.277409373866504, 34.038060174282869 ], [ -118.278182033475503, 34.038025630463117 ], [ -118.278644198603629, 34.037995336258817 ], [ -118.27917250190589, 34.037944404616475 ], [ -118.27973520694924, 34.037881256367967 ], [ -118.280571767863648, 34.03776724969439 ], [ -118.281062482240131, 34.037686482546881 ], [ -118.281291906021693, 34.037648789000094 ], [ -118.281763490609862, 34.037568063566638 ], [ -118.282426185421301, 34.037433804609385 ], [ -118.282942310774416, 34.037326428423121 ], [ -118.2840001271163, 34.037130188025507 ], [ -118.284003902156925, 34.037129558893099 ], [ -118.284004750662945, 34.037379568341485 ], [ -118.2840049080379, 34.037425938175758 ], [ -118.284004960496247, 34.037441394787223 ], [ -118.28400358759977, 34.037523146969946 ], [ -118.283999519023453, 34.037783174072906 ], [ -118.284000664937636, 34.038120816073864 ], [ -118.28400092606212, 34.038197755653826 ], [ -118.284008170990447, 34.038387341235087 ], [ -118.284020469638733, 34.03860714233717 ], [ -118.284082515404521, 34.039868612243424 ], [ -118.28410561712829, 34.040353556849645 ], [ -118.284118649893827, 34.040789407080183 ], [ -118.284120218592378, 34.041650729997926 ], [ -118.284120557759351, 34.04183737123121 ], [ -118.28413051264279, 34.042824863478906 ], [ -118.284129292569673, 34.042951611611777 ], [ -118.284110592776429, 34.043277278491452 ], [ -118.284109027456012, 34.043302356440883 ], [ -118.284104502925274, 34.043428081902263 ], [ -118.284103553372631, 34.043634518384465 ], [ -118.28410548373401, 34.043716949788603 ], [ -118.284107285811743, 34.043761598352731 ], [ -118.28411838872978, 34.044115017253091 ], [ -118.284129131339697, 34.04436230072227 ], [ -118.284156971403903, 34.044784032486739 ], [ -118.284181306528467, 34.045145320372939 ], [ -118.284193496962089, 34.045332834376559 ], [ -118.284202179946064, 34.045459559218628 ], [ -118.284204390448224, 34.045624425923855 ], [ -118.284199905604666, 34.04576183063859 ], [ -118.28420051343457, 34.045940783927456 ], [ -118.284221718480808, 34.046352571218314 ], [ -118.284221701423945, 34.046833448583492 ], [ -118.284223398621521, 34.046847183915297 ], [ -118.284222028117682, 34.046929623100652 ], [ -118.284203200626919, 34.047217850693464 ], [ -118.284196843489056, 34.047289997121204 ], [ -118.284188856802416, 34.047368330080936 ], [ -118.28415663236423, 34.047600257959559 ], [ -118.284145576649166, 34.047746951291906 ], [ -118.284139221754259, 34.047819784679348 ], [ -118.28413629391774, 34.047929706186423 ], [ -118.28413420589871, 34.048286934513015 ], [ -118.284140557307254, 34.048699100299039 ], [ -118.28414696476969, 34.049127753155034 ], [ -118.284148905799057, 34.049213275905082 ], [ -118.284149338572917, 34.04934070805713 ], [ -118.284156317731345, 34.049937666356023 ], [ -118.284167532631756, 34.050809745671827 ], [ -118.284174415212107, 34.051378195131214 ], [ -118.284174466543902, 34.051393308273013 ], [ -118.284185717760508, 34.051790005843515 ], [ -118.284187864477218, 34.052422010876811 ], [ -118.284199003033322, 34.05327142057947 ], [ -118.284201686281307, 34.053575397863604 ], [ -118.284201771455812, 34.053600471942346 ], [ -118.284120992913884, 34.053631232030213 ], [ -118.284083117516772, 34.053657769346685 ], [ -118.284050210407742, 34.053689103731166 ], [ -118.284022265756491, 34.053723517785073 ], [ -118.284007492576251, 34.053747939841884 ], [ -118.283958318918181, 34.053850070912283 ], [ -118.283560867325605, 34.054444201337326 ], [ -118.284208822805269, 34.054704068947757 ], [ -118.284211552808216, 34.055021785474501 ], [ -118.284217665155865, 34.055849224178246 ], [ -118.284217809847945, 34.055891815768625 ], [ -118.284217910199004, 34.055921355097468 ], [ -118.284214425227603, 34.056839152538316 ], [ -118.284213161217878, 34.057439222700637 ], [ -118.284218581268007, 34.057576603281142 ], [ -118.284219001352284, 34.057700256295632 ], [ -118.284219163551825, 34.057748000098641 ], [ -118.284214328097519, 34.057782703296148 ], [ -118.284207971333302, 34.0578551932416 ], [ -118.284200029157816, 34.057946922886735 ], [ -118.284178985985662, 34.058069595959914 ], [ -118.284172568499699, 34.058124224913016 ], [ -118.284169822352808, 34.058287729449624 ], [ -118.284166618852765, 34.058316590490527 ], [ -118.284169109634547, 34.058563892644891 ], [ -118.284172551157923, 34.058605102549784 ], [ -118.284174695445117, 34.058750390964768 ], [ -118.284176926082026, 34.058921097847779 ], [ -118.284194284630502, 34.059657486243886 ], [ -118.284212981154823, 34.059815788984089 ], [ -118.284196761535014, 34.059900667546835 ], [ -118.283963331794411, 34.060190430526788 ], [ -118.283920609416384, 34.060248923143988 ], [ -118.283891061848905, 34.060298110726414 ], [ -118.283866472454449, 34.06034900406484 ], [ -118.283784677314969, 34.060568682171677 ], [ -118.283308688057716, 34.061306273139309 ], [ -118.28328052267571, 34.061349918322925 ], [ -118.282978377643175, 34.061825321588948 ], [ -118.282293471102648, 34.062860468649745 ], [ -118.283067240614145, 34.063205575867002 ], [ -118.28377818949842, 34.063522661027484 ], [ -118.283933636943274, 34.063600953393525 ], [ -118.284080777894289, 34.063663808343897 ], [ -118.284163415345674, 34.063691436102005 ], [ -118.284219588911597, 34.063704356295013 ], [ -118.28425262352809, 34.063709087319822 ], [ -118.284325281204005, 34.063714755514702 ], [ -118.284326666944608, 34.0641224679987 ], [ -118.284327103568685, 34.064250930680885 ], [ -118.284327794693482, 34.064454271255009 ], [ -118.284329214314766, 34.064871944692882 ], [ -118.284331988303222, 34.065202370150956 ], [ -118.28434361570261, 34.066680354862712 ], [ -118.28434418546297, 34.066847973461812 ], [ -118.284350496140419, 34.067733117368014 ], [ -118.284356561751267, 34.068546130347706 ], [ -118.28434604420984, 34.068851856336551 ], [ -118.284346287066612, 34.068923300336195 ], [ -118.284356459240612, 34.070458650463614 ], [ -118.284371023473696, 34.072800148988897 ], [ -118.28437401392479, 34.073194118512014 ], [ -118.284374079319107, 34.073213353438454 ], [ -118.284392364898324, 34.073735406335956 ], [ -118.284392878748008, 34.073886537904869 ], [ -118.284386648206819, 34.073996467322672 ], [ -118.284378530691427, 34.074037017497545 ], [ -118.284360500943222, 34.074075873589052 ], [ -118.284345724270182, 34.074100296610872 ], [ -118.284284856676877, 34.074165701760592 ], [ -118.284273383263397, 34.074190459581338 ], [ -118.284253765482617, 34.074248210991875 ], [ -118.284045196140397, 34.074577416325809 ], [ -118.28379556489854, 34.074970604826973 ], [ -118.283774211539949, 34.075003286836704 ], [ -118.283752873309624, 34.075040433192314 ], [ -118.28371014211605, 34.075098925775208 ], [ -118.283678865867827, 34.075126821401753 ], [ -118.283662393456723, 34.07513819504419 ], [ -118.283621194356712, 34.075161305187002 ], [ -118.28360801595062, 34.075170266702493 ], [ -118.283565283343961, 34.075228072270221 ], [ -118.283534089666887, 34.07528035500097 ], [ -118.283417650497185, 34.075455661549896 ], [ -118.283169402894714, 34.075829411191371 ], [ -118.283146410759699, 34.075865874349851 ], [ -118.283136640201434, 34.075906085735276 ], [ -118.283138387807668, 34.075934590778232 ], [ -118.28315167568519, 34.075957916516458 ], [ -118.283166150085208, 34.075966895199784 ], [ -118.283056506933747, 34.076134003167731 ], [ -118.283390591002984, 34.076298435472111 ], [ -118.283534422558219, 34.076352712748651 ], [ -118.283901528360431, 34.076516379164588 ], [ -118.284113191618474, 34.076610339511916 ], [ -118.284162823073316, 34.076639075392585 ], [ -118.284187648149839, 34.076656191172319 ], [ -118.284215767297724, 34.076670894811151 ], [ -118.284245521229522, 34.076680785825907 ], [ -118.284372759827221, 34.076710369428973 ], [ -118.284402499776562, 34.076716138634438 ], [ -118.284420673737856, 34.07671953068062 ], [ -118.28445371359085, 34.07672460513642 ], [ -118.284536293961111, 34.076731623802061 ], [ -118.285563283702487, 34.076727139450242 ], [ -118.285640886184822, 34.076726955972141 ], [ -118.286040457491055, 34.076726010463375 ], [ -118.286175792642297, 34.076709202704066 ], [ -118.286273159126424, 34.076694545682386 ], [ -118.286352349192811, 34.076675809867758 ], [ -118.286476065125683, 34.076640824681718 ], [ -118.286568416939389, 34.076608318164567 ], [ -118.286654135974871, 34.076567583709178 ], [ -118.286800821251092, 34.076490295191626 ], [ -118.286798702569172, 34.076353937213526 ], [ -118.287961083226307, 34.07635048487176 ], [ -118.289151532639934, 34.076346954158801 ], [ -118.289409105533096, 34.076345993841144 ], [ -118.290479023877324, 34.076342738760921 ], [ -118.291673190250975, 34.076339178765721 ], [ -118.291682681943442, 34.07633915133902 ], [ -118.291831495850033, 34.076338680119122 ], [ -118.292140038931393, 34.076337702617778 ], [ -118.292341471784624, 34.076336528323452 ], [ -118.292952378114208, 34.076333330883791 ], [ -118.293221506393579, 34.076331990928459 ], [ -118.294167584032976, 34.076326942824714 ], [ -118.294435061163981, 34.076325604186458 ], [ -118.295442229659471, 34.076320397176787 ], [ -118.295613943692388, 34.076319633591822 ], [ -118.295813726428463, 34.076318457545312 ], [ -118.296234025718334, 34.076316259165331 ], [ -118.296555067720121, 34.076314578009473 ], [ -118.296954633272165, 34.076312565956464 ], [ -118.297494541751064, 34.076309863543436 ], [ -118.298178094120999, 34.076306117256536 ], [ -118.298333300697706, 34.076306421003828 ], [ -118.299418065856472, 34.076299615239762 ], [ -118.30007520265292, 34.076296267174889 ], [ -118.300395515027859, 34.076294784075216 ], [ -118.30039835039743, 34.076624522358806 ], [ -118.300408676786006, 34.077660789989928 ], [ -118.300423498768438, 34.079029195335906 ], [ -118.300433374190533, 34.079939748203273 ], [ -118.300441080411858, 34.080706042382054 ], [ -118.300442968207747, 34.081231568874372 ], [ -118.300447508609736, 34.083316192709582 ], [ -118.300448052500101, 34.083566221477156 ], [ -118.300450495417181, 34.084705896749369 ], [ -118.300450822926948, 34.084797062511349 ], [ -118.300451188897057, 34.08489893387695 ], [ -118.300453667920337, 34.085588987775992 ], [ -118.30045271875791, 34.085784433382734 ], [ -118.300456182773416, 34.086289003539221 ], [ -118.300468389142935, 34.088307631847783 ], [ -118.300469235719191, 34.088543260630189 ], [ -118.300475909874578, 34.089941226434618 ], [ -118.300479106293537, 34.090830843770227 ] ] ] } },
{ "type": "Feature", "properties": { "OBJECTID": 13, "APREC": "WILSHIRE", "PREC": 7, "AREA": 327067076.83499998, "PERIMETER": 100948.31455700001 }, "geometry": { "type": "Polygon", "coordinates": [ [ [ -118.376154717209715, 34.059600854344971 ], [ -118.376006547533194, 34.059611256056748 ], [ -118.37600244273915, 34.059799841774748 ], [ -118.376001529885755, 34.059964031065149 ], [ -118.375086123638638, 34.060508896839885 ], [ -118.373299728864296, 34.061571678438398 ], [ -118.372552230451774, 34.062016738848548 ], [ -118.372244337293438, 34.062200079325656 ], [ -118.372190052200452, 34.062614489713404 ], [ -118.372130997396781, 34.063070132908088 ], [ -118.37202557185519, 34.063864251074627 ], [ -118.372261660559403, 34.06425076039681 ], [ -118.372364823749436, 34.064419652189386 ], [ -118.372707395230336, 34.064977789109079 ], [ -118.372986792206007, 34.065436509702259 ], [ -118.373336032319955, 34.066007333221094 ], [ -118.373595462664028, 34.066429704809089 ], [ -118.374039520003805, 34.067158236792174 ], [ -118.374666508162861, 34.068180909594886 ], [ -118.374979189985254, 34.068693793012613 ], [ -118.375330131376828, 34.069269757917148 ], [ -118.375495387383253, 34.069539602683193 ], [ -118.375584598144385, 34.069685271087685 ], [ -118.375809128649749, 34.070051415106839 ], [ -118.376039180338751, 34.069809229468468 ], [ -118.376031520287242, 34.069574308977437 ], [ -118.376185065183606, 34.069574861314962 ], [ -118.376177690511057, 34.069403485489616 ], [ -118.376309596018089, 34.069402195610763 ], [ -118.37633383222655, 34.069401958725223 ], [ -118.377260694579988, 34.069392894514372 ], [ -118.377311642767069, 34.069707367239481 ], [ -118.381396150474373, 34.069692821526651 ], [ -118.383753743439925, 34.069685354117638 ], [ -118.383779969439928, 34.070363654801575 ], [ -118.383797009459343, 34.070838984344306 ], [ -118.383828955193607, 34.071684200436174 ], [ -118.3838458334112, 34.072124151590955 ], [ -118.384757198814896, 34.072121252000592 ], [ -118.385731312425847, 34.072120206076498 ], [ -118.386731835982303, 34.072117693803506 ], [ -118.3877026416273, 34.07211561211826 ], [ -118.388680052386903, 34.072113501376293 ], [ -118.389703696451974, 34.072112264025129 ], [ -118.390704226210644, 34.072111092766548 ], [ -118.390714338660203, 34.074982941914364 ], [ -118.390718128324337, 34.076501136235322 ], [ -118.389722462557543, 34.076494390694329 ], [ -118.384583991018829, 34.076463458758511 ], [ -118.383842628040867, 34.076462725444856 ], [ -118.383606222140784, 34.076398557804986 ], [ -118.381694197554225, 34.076395684030686 ], [ -118.381692331125421, 34.076710322841009 ], [ -118.381319162791954, 34.076707723075593 ], [ -118.38054143260355, 34.076698153687971 ], [ -118.379754100720902, 34.076391837794432 ], [ -118.378864473877002, 34.076390133554561 ], [ -118.378803040314082, 34.076390015190789 ], [ -118.37864551229471, 34.076606561851882 ], [ -118.377694412245944, 34.076596487004082 ], [ -118.377166029916907, 34.076592298714004 ], [ -118.377162162328304, 34.076833093545076 ], [ -118.37715198598633, 34.077505670121674 ], [ -118.377183036817058, 34.077800626515639 ], [ -118.377219382090018, 34.078171133906764 ], [ -118.377565403511539, 34.078742299293424 ], [ -118.377066046563968, 34.078953042122905 ], [ -118.377037767887472, 34.07890675995484 ], [ -118.376892731405462, 34.078966291924083 ], [ -118.37722657033639, 34.080131038802065 ], [ -118.376576097551947, 34.080153678278101 ], [ -118.376017997830346, 34.080155416771248 ], [ -118.375167642848581, 34.080159091142775 ], [ -118.375169006761965, 34.081935592511854 ], [ -118.37431202525616, 34.081938250929575 ], [ -118.374307372574421, 34.080160729343511 ], [ -118.373151540007939, 34.080163274766321 ], [ -118.372152570988035, 34.080165669464797 ], [ -118.371224601125689, 34.08016749425564 ], [ -118.370299933582956, 34.080169301795124 ], [ -118.370299955995563, 34.080177545357614 ], [ -118.370299284028221, 34.081514391446227 ], [ -118.370301738541443, 34.082068769957786 ], [ -118.370301601171022, 34.083156588117667 ], [ -118.373653412269405, 34.083099209967358 ], [ -118.375073385903775, 34.083073857032907 ], [ -118.376528036190308, 34.083048722813764 ], [ -118.377033289318177, 34.083041307729637 ], [ -118.376976548041526, 34.08693832776833 ], [ -118.376951140783376, 34.088629042023072 ], [ -118.376282307931177, 34.088990069552437 ], [ -118.375758858532478, 34.088998568435834 ], [ -118.375756166970163, 34.089134596795382 ], [ -118.375381327486522, 34.089139883861925 ], [ -118.375186058492091, 34.089417683572719 ], [ -118.374755077991182, 34.089424860448169 ], [ -118.374757957643709, 34.089698953297365 ], [ -118.374328628108231, 34.089706123525865 ], [ -118.374128284922691, 34.089958174977163 ], [ -118.373700596617795, 34.08996362046318 ], [ -118.373700971127093, 34.090047429597028 ], [ -118.373271627447124, 34.090051848229002 ], [ -118.373075978495322, 34.090246522362612 ], [ -118.372499681366534, 34.090256200736022 ], [ -118.372490755858095, 34.088252333543821 ], [ -118.372490055471559, 34.086982814232258 ], [ -118.372486478432492, 34.085438170777252 ], [ -118.371895348229117, 34.085446861647547 ], [ -118.371451174582859, 34.085453380441592 ], [ -118.370978932078614, 34.085460670768931 ], [ -118.370981282709479, 34.085618323935272 ], [ -118.370304271943425, 34.085624522831345 ], [ -118.37030742389787, 34.087082265003993 ], [ -118.369080558663526, 34.08710078918719 ], [ -118.368018815558528, 34.087116737112481 ], [ -118.366960376191287, 34.087133009155188 ], [ -118.366430327684327, 34.087140457243201 ], [ -118.366441442826968, 34.088923456150816 ], [ -118.363267699358431, 34.088970824117467 ], [ -118.363266623622252, 34.088723174011371 ], [ -118.362812526787167, 34.088730377796914 ], [ -118.36280653742223, 34.088111092061673 ], [ -118.362799263715175, 34.087195725541591 ], [ -118.36207932609058, 34.087206815993426 ], [ -118.361445185315787, 34.08721411869314 ], [ -118.361394052631525, 34.087214707103414 ], [ -118.360522110698739, 34.087207351231413 ], [ -118.359475121668666, 34.087198792626324 ], [ -118.358434736658452, 34.087189861870527 ], [ -118.357389400848376, 34.087181623770832 ], [ -118.356353970232306, 34.087172660440977 ], [ -118.355311935645631, 34.087163707660409 ], [ -118.354274855610456, 34.087155074848063 ], [ -118.353234471701072, 34.0871460993094 ], [ -118.352800153476693, 34.087142559632532 ], [ -118.352801220595694, 34.088961310663478 ], [ -118.351120067515609, 34.088949377551259 ], [ -118.349830298835556, 34.088939379739543 ], [ -118.348657777702314, 34.088929029849652 ], [ -118.346228520096659, 34.088909224277323 ], [ -118.344076716511879, 34.088894762711199 ], [ -118.344073446270286, 34.088894762107941 ], [ -118.344072170989861, 34.088191317752703 ], [ -118.344065982091379, 34.087088405126131 ], [ -118.344046164859989, 34.087088118079009 ], [ -118.343463248442305, 34.087089776707337 ], [ -118.343374077256001, 34.08709003018668 ], [ -118.342776297863125, 34.08709172774369 ], [ -118.341615417456438, 34.087094672444984 ], [ -118.340631228055528, 34.087097107932635 ], [ -118.339658600306606, 34.08709984638184 ], [ -118.339163206399419, 34.087101925130177 ], [ -118.339143387788766, 34.087101293798447 ], [ -118.338581936936478, 34.087102525128905 ], [ -118.338020487455964, 34.087104097330553 ], [ -118.337923058560165, 34.087104369890625 ], [ -118.337416103662648, 34.087105786843011 ], [ -118.336273386299951, 34.087108629482003 ], [ -118.335233053107089, 34.087111520738297 ], [ -118.334184464329581, 34.087114425872556 ], [ -118.333340789689331, 34.087116755779526 ], [ -118.333150736270227, 34.087117280926023 ], [ -118.333135262321235, 34.085305440474009 ], [ -118.333127950881092, 34.083469877226491 ], [ -118.333042075360254, 34.083467709612663 ], [ -118.3323485503862, 34.083469619560709 ], [ -118.332062885947735, 34.083470748598906 ], [ -118.330968110770527, 34.083474783339256 ], [ -118.329863429356223, 34.083479178692016 ], [ -118.328781863945778, 34.083483157549026 ], [ -118.327711857168467, 34.083487095367857 ], [ -118.326612127824291, 34.083491104071221 ], [ -118.326022635164264, 34.083493726846775 ], [ -118.324860170472917, 34.083501323732314 ], [ -118.324430819228525, 34.083495607860506 ], [ -118.32366463515713, 34.083496976094835 ], [ -118.322701963094161, 34.083501612370604 ], [ -118.322700740576792, 34.083316191912019 ], [ -118.322690027869868, 34.081692166383505 ], [ -118.322671244767548, 34.078963573665021 ], [ -118.322662341692109, 34.076227740787864 ], [ -118.321622134128845, 34.076228110472343 ], [ -118.320613299952839, 34.076228731416549 ], [ -118.32061317173347, 34.076011846407326 ], [ -118.320611804650838, 34.073684888546076 ], [ -118.320624449572293, 34.07353784294714 ], [ -118.320637336720026, 34.073453998653896 ], [ -118.320659936569669, 34.07331963643469 ], [ -118.320685941152263, 34.073212056920958 ], [ -118.320738221431426, 34.073067653950105 ], [ -118.320793861574501, 34.072938356229237 ], [ -118.320829889347507, 34.072861320137001 ], [ -118.320949488646818, 34.07261953229402 ], [ -118.321060937584377, 34.072405245614441 ], [ -118.321518355763175, 34.071566269781201 ], [ -118.321556095348825, 34.071505372661996 ], [ -118.321607007307378, 34.07143516639308 ], [ -118.321753306198772, 34.071267842678786 ], [ -118.321862164289882, 34.07123938697255 ], [ -118.321941339893414, 34.071220284351988 ], [ -118.322105264659243, 34.070914490105096 ], [ -118.322203598060511, 34.070725310772957 ], [ -118.322226516182852, 34.070674414013922 ], [ -118.322341205647575, 34.070445691185064 ], [ -118.322477158677557, 34.070165387989263 ], [ -118.322624511331327, 34.06984452308987 ], [ -118.322699755394282, 34.069662619090316 ], [ -118.322797802326804, 34.069399934483314 ], [ -118.322848424288196, 34.069255192455728 ], [ -118.322864727144179, 34.069201565387154 ], [ -118.32288747739058, 34.069107389978981 ], [ -118.322895575759318, 34.069066837227652 ], [ -118.322903512356106, 34.068984378968992 ], [ -118.322903400980081, 34.068955526617863 ], [ -118.322902875922637, 34.068819508391549 ], [ -118.322892128515761, 34.068173786474091 ], [ -118.32286997625107, 34.067139612978146 ], [ -118.322874522110965, 34.065323254493734 ], [ -118.322869626638166, 34.06362714073547 ], [ -118.322859770945357, 34.061928980364478 ], [ -118.32285110855004, 34.061823209606686 ], [ -118.321394936272867, 34.061789310210429 ], [ -118.321216630561494, 34.061785319281789 ], [ -118.320229345980522, 34.061763897203718 ], [ -118.319956934699647, 34.061758092993962 ], [ -118.319514473085661, 34.061748272876955 ], [ -118.319141371103967, 34.061745137554517 ], [ -118.318624558915687, 34.061719023402652 ], [ -118.318500739658546, 34.061717289094076 ], [ -118.317947677722941, 34.061709128792636 ], [ -118.317908056770094, 34.061708889607587 ], [ -118.319461716378825, 34.058740519872714 ], [ -118.320516406192326, 34.059129984723903 ], [ -118.322039343521723, 34.056365004797634 ], [ -118.322975315191343, 34.054656075520441 ], [ -118.323844048123632, 34.053070285611078 ], [ -118.32272985969135, 34.052645630299665 ], [ -118.323172281821968, 34.051802910372359 ], [ -118.323084696676275, 34.051776696490741 ], [ -118.323020261401368, 34.05176106861763 ], [ -118.322955843386538, 34.051749905951439 ], [ -118.322694902051779, 34.051713507287189 ], [ -118.321868972189975, 34.051555304656574 ], [ -118.321674053989327, 34.051518040828498 ], [ -118.321335423053171, 34.051452992625556 ], [ -118.321142166491072, 34.051418471387798 ], [ -118.320947268931391, 34.051386702071582 ], [ -118.320783769829504, 34.051364123096505 ], [ -118.320717721554374, 34.051358115823049 ], [ -118.320651686452479, 34.051355543314692 ], [ -118.320584017849868, 34.051357440393708 ], [ -118.32040411559575, 34.051362039655245 ], [ -118.320239031809109, 34.051356638328244 ], [ -118.320073925705628, 34.05134539761341 ], [ -118.319943462834928, 34.0513289126391 ], [ -118.319831134671944, 34.051306883757974 ], [ -118.319657653612069, 34.051263720680168 ], [ -118.319563467684276, 34.051237521722285 ], [ -118.319485798422519, 34.05121402686391 ], [ -118.31930070863163, 34.051156811159075 ], [ -118.319049551273608, 34.051088091299945 ], [ -118.318487706358496, 34.050922296998436 ], [ -118.318438131971519, 34.050907657940954 ], [ -118.317375593045384, 34.050594793755877 ], [ -118.316266790919713, 34.050267614209609 ], [ -118.316756085275415, 34.049147946622945 ], [ -118.317433550743729, 34.047598428173067 ], [ -118.317513744213571, 34.047418231974767 ], [ -118.31759707542875, 34.04719509113076 ], [ -118.31760360715252, 34.047176525841707 ], [ -118.317650885779784, 34.047021833901425 ], [ -118.317678484417101, 34.046900510718004 ], [ -118.317697667334457, 34.046736275133938 ], [ -118.317714885328627, 34.046489264292674 ], [ -118.317723746314456, 34.046214797662849 ], [ -118.317729158837864, 34.04590152557379 ], [ -118.317727443690643, 34.04544984840016 ], [ -118.317716982393307, 34.043564148089096 ], [ -118.317712068836627, 34.042704763641332 ], [ -118.317707105823331, 34.041832326991461 ], [ -118.317706416322352, 34.041650728852083 ], [ -118.31770591253175, 34.041518041903203 ], [ -118.31770355727771, 34.040897716162796 ], [ -118.317701498797618, 34.039920853002016 ], [ -118.317698783694141, 34.039205725946971 ], [ -118.317702844127197, 34.038971116120621 ], [ -118.317697912728704, 34.038106923156718 ], [ -118.31769749673758, 34.03799735306189 ], [ -118.317695931886988, 34.037585176260656 ], [ -118.317692461130761, 34.037105681749445 ], [ -118.317692206845365, 34.037038702266756 ], [ -118.317689624154482, 34.036793118480169 ], [ -118.317688670225394, 34.036720409806613 ], [ -118.31828877950916, 34.036635517912707 ], [ -118.321056787203815, 34.036232435063674 ], [ -118.324754423208717, 34.035723552946436 ], [ -118.327171351736041, 34.035407305813138 ], [ -118.328370991325784, 34.035349638957314 ], [ -118.333714659382821, 34.035092620539011 ], [ -118.338643445829064, 34.034855346681859 ], [ -118.338816544822294, 34.034847009605613 ], [ -118.341966745185061, 34.034695247157607 ], [ -118.348378520523923, 34.034383604840379 ], [ -118.348767871819149, 34.034364670083711 ], [ -118.354943475943088, 34.034064163145111 ], [ -118.355656806239182, 34.034036461332732 ], [ -118.357340532373186, 34.033971058211492 ], [ -118.359758101772456, 34.033843432165078 ], [ -118.361659649898144, 34.033872164335435 ], [ -118.362589981867146, 34.033938200519692 ], [ -118.363437718455444, 34.034021684844348 ], [ -118.364327167125808, 34.034191071492273 ], [ -118.365092539693151, 34.034343620212823 ], [ -118.365857989189266, 34.034513369604149 ], [ -118.366995761114126, 34.034750810485576 ], [ -118.368439442011379, 34.035068044283008 ], [ -118.36860978279978, 34.03499039824117 ], [ -118.369080820068106, 34.034774625282395 ], [ -118.369364103061159, 34.034645295093618 ], [ -118.369609500494704, 34.034532568352866 ], [ -118.369886693307976, 34.034405789786462 ], [ -118.3695757048621, 34.035101139464565 ], [ -118.372804097544361, 34.033703191936674 ], [ -118.374683565560588, 34.032918694873189 ], [ -118.375950253282767, 34.032390599781245 ], [ -118.378704472165225, 34.031660212229887 ], [ -118.378579883170815, 34.032193809081157 ], [ -118.378424491109499, 34.032864435274227 ], [ -118.378152533563224, 34.034034852158271 ], [ -118.378099100486395, 34.03426206332697 ], [ -118.377909676017936, 34.035072593471476 ], [ -118.377924790779431, 34.03513059495841 ], [ -118.37791673632367, 34.035174242639478 ], [ -118.377915272171862, 34.035215465303956 ], [ -118.377908981229879, 34.035284181797728 ], [ -118.377896034808089, 34.035340897182195 ], [ -118.377891194048914, 34.035365299698398 ], [ -118.3778636244745, 34.03547289648197 ], [ -118.377764789543292, 34.035879548257313 ], [ -118.377729163454546, 34.036030450107809 ], [ -118.377572029635786, 34.036683905643351 ], [ -118.37753153400925, 34.036853026420118 ], [ -118.377508210919004, 34.036952042582563 ], [ -118.377487811940014, 34.037038645407286 ], [ -118.377439467117398, 34.037297096546752 ], [ -118.377397399596489, 34.037483740784083 ], [ -118.377335743079314, 34.03771818961058 ], [ -118.377270751924485, 34.03794543656339 ], [ -118.377260970631212, 34.037972258882412 ], [ -118.377210717193435, 34.038173697549006 ], [ -118.377205888457041, 34.038200847875174 ], [ -118.37720780512349, 34.038259922046862 ], [ -118.377216841904044, 34.038434040233334 ], [ -118.377268698680055, 34.038954257475822 ], [ -118.377271155867447, 34.039133205902104 ], [ -118.377269691328422, 34.039174428567314 ], [ -118.377266576416403, 34.039215656389338 ], [ -118.377255392366578, 34.039297440544615 ], [ -118.37722623069206, 34.039418438051797 ], [ -118.377133668627025, 34.039753625082767 ], [ -118.37697135225207, 34.040358321373304 ], [ -118.376677538978171, 34.041449803045523 ], [ -118.376618809829196, 34.041650724307289 ], [ -118.376575137945295, 34.041800132762248 ], [ -118.37650378666379, 34.042082013144061 ], [ -118.376453405311167, 34.042255973194152 ], [ -118.376414522718065, 34.042417876335669 ], [ -118.376401625167489, 34.042485926398129 ], [ -118.37639685772254, 34.042526815870282 ], [ -118.37639706785221, 34.042573529056249 ], [ -118.376395947372515, 34.042691347604318 ], [ -118.376403045113761, 34.042801584785522 ], [ -118.376420226321841, 34.042951977274818 ], [ -118.376438807708965, 34.043046720968107 ], [ -118.37647578516453, 34.043194991730694 ], [ -118.376510985558696, 34.043315101423659 ], [ -118.376542763035047, 34.043408086534306 ], [ -118.376679691376651, 34.043761105544704 ], [ -118.376723138433803, 34.043879815518252 ], [ -118.376734871070681, 34.043919623074771 ], [ -118.376768549581001, 34.044067903148168 ], [ -118.376812628025107, 34.044326753560917 ], [ -118.3768195377355, 34.044395085346324 ], [ -118.376823209928105, 34.044477510085656 ], [ -118.376820181221959, 34.044537972750213 ], [ -118.376817103016819, 34.044587444977601 ], [ -118.376804392619988, 34.044697056090698 ], [ -118.376785077169089, 34.044806000845 ], [ -118.376762391565862, 34.044899842808746 ], [ -118.376720142417653, 34.045047330237409 ], [ -118.376398284290161, 34.046146111185593 ], [ -118.376317308325014, 34.04649087911357 ], [ -118.376286427392344, 34.046597455447838 ], [ -118.376231022267461, 34.046756317785032 ], [ -118.376188706384738, 34.046889378907238 ], [ -118.376167674244087, 34.04698390258244 ], [ -118.376159667144393, 34.04703854151338 ], [ -118.376153395489808, 34.047112066668866 ], [ -118.376150256570057, 34.047148142287853 ], [ -118.37614439563913, 34.047313033863354 ], [ -118.376142099923342, 34.047903834754983 ], [ -118.37614839342227, 34.04820230383654 ], [ -118.376138979841329, 34.049045587835415 ], [ -118.376138607819968, 34.049329994842644 ], [ -118.376141157209403, 34.049897080287721 ], [ -118.376143189468749, 34.050716285706862 ], [ -118.376146980477273, 34.051559529579741 ], [ -118.376149110120863, 34.052400374271897 ], [ -118.376151194854401, 34.052864072475231 ], [ -118.376153353736015, 34.053344257704566 ], [ -118.376159605264689, 34.055101851098705 ], [ -118.376150228578965, 34.057054935919496 ], [ -118.376154154189678, 34.059281463385432 ], [ -118.376154653838682, 34.059470642399496 ], [ -118.376154717209715, 34.059600854344971 ] ] ] } },
{ "type": "Feature", "properties": { "OBJECTID": 14, "APREC": "OLYMPIC", "PREC": 20, "AREA": 174418477.13, "PERIMETER": 62023.560254600001 }, "geometry": { "type": "Polygon", "coordinates": [ [ [ -118.322701963094161, 34.083501612370604 ], [ -118.322246206578427, 34.083499737592263 ], [ -118.321711214174087, 34.083504598327437 ], [ -118.320689087739254, 34.083506972489019 ], [ -118.319982347146521, 34.083507816072391 ], [ -118.319546414830086, 34.083508282986756 ], [ -118.318757099987948, 34.083506246436606 ], [ -118.317906717478394, 34.083511578612942 ], [ -118.317625989714713, 34.083508538712053 ], [ -118.315723741294249, 34.083512151246097 ], [ -118.314630609590708, 34.083514316213034 ], [ -118.314216144741877, 34.083515051464381 ], [ -118.313511057841652, 34.083516539855843 ], [ -118.312531863316579, 34.08351839009201 ], [ -118.312441043515662, 34.083518625014207 ], [ -118.311354516641316, 34.08352074325424 ], [ -118.311179484192309, 34.083521194241186 ], [ -118.310267990986318, 34.083523195202758 ], [ -118.310187079755053, 34.083523402981655 ], [ -118.309721424999651, 34.083524254239073 ], [ -118.309130275256877, 34.083525424896266 ], [ -118.30802063071377, 34.083527572304618 ], [ -118.307964488219994, 34.083527715439075 ], [ -118.307767992018313, 34.083528903165629 ], [ -118.306891184979023, 34.083533538147755 ], [ -118.306339672680878, 34.083536655352667 ], [ -118.305736971586413, 34.083539899599813 ], [ -118.305086385440433, 34.083543605263586 ], [ -118.304592675528014, 34.083548972890561 ], [ -118.303925566770133, 34.083549966089301 ], [ -118.30342193927315, 34.083552606010571 ], [ -118.302764747923391, 34.083556315760802 ], [ -118.301688141453411, 34.083562100519714 ], [ -118.301602275327539, 34.083562314922446 ], [ -118.300448052500101, 34.083566221477156 ], [ -118.300447508609736, 34.083316192709582 ], [ -118.300442968207747, 34.081231568874372 ], [ -118.300441080411858, 34.080706042382054 ], [ -118.300433374190533, 34.079939748203273 ], [ -118.300423498768438, 34.079029195335906 ], [ -118.300408676786006, 34.077660789989928 ], [ -118.30039835039743, 34.076624522358806 ], [ -118.300395515027859, 34.076294784075216 ], [ -118.30007520265292, 34.076296267174889 ], [ -118.299418065856472, 34.076299615239762 ], [ -118.298333300697706, 34.076306421003828 ], [ -118.298178094120999, 34.076306117256536 ], [ -118.297494541751064, 34.076309863543436 ], [ -118.296954633272165, 34.076312565956464 ], [ -118.296555067720121, 34.076314578009473 ], [ -118.296234025718334, 34.076316259165331 ], [ -118.295813726428463, 34.076318457545312 ], [ -118.295613943692388, 34.076319633591822 ], [ -118.295442229659471, 34.076320397176787 ], [ -118.294435061163981, 34.076325604186458 ], [ -118.294167584032976, 34.076326942824714 ], [ -118.293221506393579, 34.076331990928459 ], [ -118.292952378114208, 34.076333330883791 ], [ -118.292341471784624, 34.076336528323452 ], [ -118.292140038931393, 34.076337702617778 ], [ -118.291831495850033, 34.076338680119122 ], [ -118.291682681943442, 34.07633915133902 ], [ -118.291673190250975, 34.076339178765721 ], [ -118.290479023877324, 34.076342738760921 ], [ -118.289409105533096, 34.076345993841144 ], [ -118.289151532639934, 34.076346954158801 ], [ -118.287961083226307, 34.07635048487176 ], [ -118.286798702569172, 34.076353937213526 ], [ -118.286800821251092, 34.076490295191626 ], [ -118.286654135974871, 34.076567583709178 ], [ -118.286568416939389, 34.076608318164567 ], [ -118.286476065125683, 34.076640824681718 ], [ -118.286352349192811, 34.076675809867758 ], [ -118.286273159126424, 34.076694545682386 ], [ -118.286175792642297, 34.076709202704066 ], [ -118.286040457491055, 34.076726010463375 ], [ -118.285640886184822, 34.076726955972141 ], [ -118.285563283702487, 34.076727139450242 ], [ -118.284536293961111, 34.076731623802061 ], [ -118.28445371359085, 34.07672460513642 ], [ -118.284420673737856, 34.07671953068062 ], [ -118.284402499776562, 34.076716138634438 ], [ -118.284372759827221, 34.076710369428973 ], [ -118.284245521229522, 34.076680785825907 ], [ -118.284215767297724, 34.076670894811151 ], [ -118.284187648149839, 34.076656191172319 ], [ -118.284162823073316, 34.076639075392585 ], [ -118.284113191618474, 34.076610339511916 ], [ -118.283901528360431, 34.076516379164588 ], [ -118.283534422558219, 34.076352712748651 ], [ -118.283390591002984, 34.076298435472111 ], [ -118.283056506933747, 34.076134003167731 ], [ -118.283166150085208, 34.075966895199784 ], [ -118.28315167568519, 34.075957916516458 ], [ -118.283138387807668, 34.075934590778232 ], [ -118.283136640201434, 34.075906085735276 ], [ -118.283146410759699, 34.075865874349851 ], [ -118.283169402894714, 34.075829411191371 ], [ -118.283417650497185, 34.075455661549896 ], [ -118.283534089666887, 34.07528035500097 ], [ -118.283565283343961, 34.075228072270221 ], [ -118.28360801595062, 34.075170266702493 ], [ -118.283621194356712, 34.075161305187002 ], [ -118.283662393456723, 34.07513819504419 ], [ -118.283678865867827, 34.075126821401753 ], [ -118.28371014211605, 34.075098925775208 ], [ -118.283752873309624, 34.075040433192314 ], [ -118.283774211539949, 34.075003286836704 ], [ -118.28379556489854, 34.074970604826973 ], [ -118.284045196140397, 34.074577416325809 ], [ -118.284253765482617, 34.074248210991875 ], [ -118.284273383263397, 34.074190459581338 ], [ -118.284284856676877, 34.074165701760592 ], [ -118.284345724270182, 34.074100296610872 ], [ -118.284360500943222, 34.074075873589052 ], [ -118.284378530691427, 34.074037017497545 ], [ -118.284386648206819, 34.073996467322672 ], [ -118.284392878748008, 34.073886537904869 ], [ -118.284392364898324, 34.073735406335956 ], [ -118.284374079319107, 34.073213353438454 ], [ -118.28437401392479, 34.073194118512014 ], [ -118.284371023473696, 34.072800148988897 ], [ -118.284356459240612, 34.070458650463614 ], [ -118.284346287066612, 34.068923300336195 ], [ -118.28434604420984, 34.068851856336551 ], [ -118.284356561751267, 34.068546130347706 ], [ -118.284350496140419, 34.067733117368014 ], [ -118.28434418546297, 34.066847973461812 ], [ -118.28434361570261, 34.066680354862712 ], [ -118.284331988303222, 34.065202370150956 ], [ -118.284329214314766, 34.064871944692882 ], [ -118.284327794693482, 34.064454271255009 ], [ -118.284327103568685, 34.064250930680885 ], [ -118.284326666944608, 34.0641224679987 ], [ -118.284325281204005, 34.063714755514702 ], [ -118.28425262352809, 34.063709087319822 ], [ -118.284219588911597, 34.063704356295013 ], [ -118.284163415345674, 34.063691436102005 ], [ -118.284080777894289, 34.063663808343897 ], [ -118.283933636943274, 34.063600953393525 ], [ -118.28377818949842, 34.063522661027484 ], [ -118.283067240614145, 34.063205575867002 ], [ -118.282293471102648, 34.062860468649745 ], [ -118.282978377643175, 34.061825321588948 ], [ -118.28328052267571, 34.061349918322925 ], [ -118.283308688057716, 34.061306273139309 ], [ -118.283784677314969, 34.060568682171677 ], [ -118.283866472454449, 34.06034900406484 ], [ -118.283891061848905, 34.060298110726414 ], [ -118.283920609416384, 34.060248923143988 ], [ -118.283963331794411, 34.060190430526788 ], [ -118.284196761535014, 34.059900667546835 ], [ -118.284212981154823, 34.059815788984089 ], [ -118.284194284630502, 34.059657486243886 ], [ -118.284176926082026, 34.058921097847779 ], [ -118.284174695445117, 34.058750390964768 ], [ -118.284172551157923, 34.058605102549784 ], [ -118.284169109634547, 34.058563892644891 ], [ -118.284166618852765, 34.058316590490527 ], [ -118.284169822352808, 34.058287729449624 ], [ -118.284172568499699, 34.058124224913016 ], [ -118.284178985985662, 34.058069595959914 ], [ -118.284200029157816, 34.057946922886735 ], [ -118.284207971333302, 34.0578551932416 ], [ -118.284214328097519, 34.057782703296148 ], [ -118.284219163551825, 34.057748000098641 ], [ -118.284219001352284, 34.057700256295632 ], [ -118.284218581268007, 34.057576603281142 ], [ -118.284213161217878, 34.057439222700637 ], [ -118.284214425227603, 34.056839152538316 ], [ -118.284217910199004, 34.055921355097468 ], [ -118.284217809847945, 34.055891815768625 ], [ -118.284217665155865, 34.055849224178246 ], [ -118.284211552808216, 34.055021785474501 ], [ -118.284208822805269, 34.054704068947757 ], [ -118.283560867325605, 34.054444201337326 ], [ -118.283958318918181, 34.053850070912283 ], [ -118.284007492576251, 34.053747939841884 ], [ -118.284022265756491, 34.053723517785073 ], [ -118.284050210407742, 34.053689103731166 ], [ -118.284083117516772, 34.053657769346685 ], [ -118.284120992913884, 34.053631232030213 ], [ -118.284201771455812, 34.053600471942346 ], [ -118.284201686281307, 34.053575397863604 ], [ -118.284199003033322, 34.05327142057947 ], [ -118.284187864477218, 34.052422010876811 ], [ -118.284185717760508, 34.051790005843515 ], [ -118.284174466543902, 34.051393308273013 ], [ -118.284174415212107, 34.051378195131214 ], [ -118.284167532631756, 34.050809745671827 ], [ -118.284156317731345, 34.049937666356023 ], [ -118.284149338572917, 34.04934070805713 ], [ -118.284148905799057, 34.049213275905082 ], [ -118.28414696476969, 34.049127753155034 ], [ -118.284140557307254, 34.048699100299039 ], [ -118.28413420589871, 34.048286934513015 ], [ -118.28413629391774, 34.047929706186423 ], [ -118.284139221754259, 34.047819784679348 ], [ -118.284145576649166, 34.047746951291906 ], [ -118.28415663236423, 34.047600257959559 ], [ -118.284188856802416, 34.047368330080936 ], [ -118.284196843489056, 34.047289997121204 ], [ -118.284203200626919, 34.047217850693464 ], [ -118.284222028117682, 34.046929623100652 ], [ -118.284223398621521, 34.046847183915297 ], [ -118.284221701423945, 34.046833448583492 ], [ -118.284221718480808, 34.046352571218314 ], [ -118.28420051343457, 34.045940783927456 ], [ -118.284199905604666, 34.04576183063859 ], [ -118.284204390448224, 34.045624425923855 ], [ -118.284202179946064, 34.045459559218628 ], [ -118.284193496962089, 34.045332834376559 ], [ -118.284181306528467, 34.045145320372939 ], [ -118.284156971403903, 34.044784032486739 ], [ -118.284129131339697, 34.04436230072227 ], [ -118.28411838872978, 34.044115017253091 ], [ -118.284107285811743, 34.043761598352731 ], [ -118.28410548373401, 34.043716949788603 ], [ -118.284103553372631, 34.043634518384465 ], [ -118.284104502925274, 34.043428081902263 ], [ -118.284109027456012, 34.043302356440883 ], [ -118.284110592776429, 34.043277278491452 ], [ -118.284129292569673, 34.042951611611777 ], [ -118.28413051264279, 34.042824863478906 ], [ -118.284120557759351, 34.04183737123121 ], [ -118.284120218592378, 34.041650729997926 ], [ -118.284118649893827, 34.040789407080183 ], [ -118.28410561712829, 34.040353556849645 ], [ -118.284082515404521, 34.039868612243424 ], [ -118.284020469638733, 34.03860714233717 ], [ -118.284008170990447, 34.038387341235087 ], [ -118.28400092606212, 34.038197755653826 ], [ -118.284000664937636, 34.038120816073864 ], [ -118.283999519023453, 34.037783174072906 ], [ -118.28400358759977, 34.037523146969946 ], [ -118.284004960496247, 34.037441394787223 ], [ -118.2840049080379, 34.037425938175758 ], [ -118.284004750662945, 34.037379568341485 ], [ -118.284003902156925, 34.037129558893099 ], [ -118.284452594851302, 34.037054805252644 ], [ -118.284758531709898, 34.037016925730171 ], [ -118.285185601272858, 34.036973450265677 ], [ -118.285587237440723, 34.036951267191327 ], [ -118.285944256784205, 34.036934496663953 ], [ -118.286347222805219, 34.036924147707388 ], [ -118.286823616399616, 34.036911684705629 ], [ -118.287368071913633, 34.036899056948684 ], [ -118.287967055338342, 34.036908962970642 ], [ -118.288674938010075, 34.036918604801357 ], [ -118.289559820179235, 34.036939151263233 ], [ -118.290499151816249, 34.036959559345668 ], [ -118.291261424001931, 34.036952056785189 ], [ -118.291545407562481, 34.036956296450676 ], [ -118.293875158106616, 34.036991053166631 ], [ -118.295590397825009, 34.037009531513888 ], [ -118.296665816934365, 34.037018226145058 ], [ -118.29789097147615, 34.037026541858843 ], [ -118.30027374410065, 34.037073114884471 ], [ -118.301714380525382, 34.037073826482121 ], [ -118.306365107364741, 34.037165355817912 ], [ -118.308576800672284, 34.03721134252951 ], [ -118.308985079027934, 34.037210298389816 ], [ -118.310643625276739, 34.037206042592693 ], [ -118.312028270357757, 34.037168058932728 ], [ -118.313557591295435, 34.037129683756 ], [ -118.315127919899652, 34.037005149981425 ], [ -118.316801457264447, 34.036845909063636 ], [ -118.317688670225394, 34.036720409806613 ], [ -118.317689624154482, 34.036793118480169 ], [ -118.317692206845365, 34.037038702266756 ], [ -118.317692461130761, 34.037105681749445 ], [ -118.317695931886988, 34.037585176260656 ], [ -118.31769749673758, 34.03799735306189 ], [ -118.317697912728704, 34.038106923156718 ], [ -118.317702844127197, 34.038971116120621 ], [ -118.317698783694141, 34.039205725946971 ], [ -118.317701498797618, 34.039920853002016 ], [ -118.31770355727771, 34.040897716162796 ], [ -118.31770591253175, 34.041518041903203 ], [ -118.317706416322352, 34.041650728852083 ], [ -118.317707105823331, 34.041832326991461 ], [ -118.317712068836627, 34.042704763641332 ], [ -118.317716982393307, 34.043564148089096 ], [ -118.317727443690643, 34.04544984840016 ], [ -118.317729158837864, 34.04590152557379 ], [ -118.317723746314456, 34.046214797662849 ], [ -118.317714885328627, 34.046489264292674 ], [ -118.317697667334457, 34.046736275133938 ], [ -118.317678484417101, 34.046900510718004 ], [ -118.317650885779784, 34.047021833901425 ], [ -118.31760360715252, 34.047176525841707 ], [ -118.31759707542875, 34.04719509113076 ], [ -118.317513744213571, 34.047418231974767 ], [ -118.317433550743729, 34.047598428173067 ], [ -118.316756085275415, 34.049147946622945 ], [ -118.316266790919713, 34.050267614209609 ], [ -118.317375593045384, 34.050594793755877 ], [ -118.318438131971519, 34.050907657940954 ], [ -118.318487706358496, 34.050922296998436 ], [ -118.319049551273608, 34.051088091299945 ], [ -118.31930070863163, 34.051156811159075 ], [ -118.319485798422519, 34.05121402686391 ], [ -118.319563467684276, 34.051237521722285 ], [ -118.319657653612069, 34.051263720680168 ], [ -118.319831134671944, 34.051306883757974 ], [ -118.319943462834928, 34.0513289126391 ], [ -118.320073925705628, 34.05134539761341 ], [ -118.320239031809109, 34.051356638328244 ], [ -118.32040411559575, 34.051362039655245 ], [ -118.320584017849868, 34.051357440393708 ], [ -118.320651686452479, 34.051355543314692 ], [ -118.320717721554374, 34.051358115823049 ], [ -118.320783769829504, 34.051364123096505 ], [ -118.320947268931391, 34.051386702071582 ], [ -118.321142166491072, 34.051418471387798 ], [ -118.321335423053171, 34.051452992625556 ], [ -118.321674053989327, 34.051518040828498 ], [ -118.321868972189975, 34.051555304656574 ], [ -118.322694902051779, 34.051713507287189 ], [ -118.322955843386538, 34.051749905951439 ], [ -118.323020261401368, 34.05176106861763 ], [ -118.323084696676275, 34.051776696490741 ], [ -118.323172281821968, 34.051802910372359 ], [ -118.32272985969135, 34.052645630299665 ], [ -118.323844048123632, 34.053070285611078 ], [ -118.322975315191343, 34.054656075520441 ], [ -118.322039343521723, 34.056365004797634 ], [ -118.320516406192326, 34.059129984723903 ], [ -118.319461716378825, 34.058740519872714 ], [ -118.317908056770094, 34.061708889607587 ], [ -118.317947677722941, 34.061709128792636 ], [ -118.318500739658546, 34.061717289094076 ], [ -118.318624558915687, 34.061719023402652 ], [ -118.319141371103967, 34.061745137554517 ], [ -118.319514473085661, 34.061748272876955 ], [ -118.319956934699647, 34.061758092993962 ], [ -118.320229345980522, 34.061763897203718 ], [ -118.321216630561494, 34.061785319281789 ], [ -118.321394936272867, 34.061789310210429 ], [ -118.32285110855004, 34.061823209606686 ], [ -118.322859770945357, 34.061928980364478 ], [ -118.322869626638166, 34.06362714073547 ], [ -118.322874522110965, 34.065323254493734 ], [ -118.32286997625107, 34.067139612978146 ], [ -118.322892128515761, 34.068173786474091 ], [ -118.322902875922637, 34.068819508391549 ], [ -118.322903400980081, 34.068955526617863 ], [ -118.322903512356106, 34.068984378968992 ], [ -118.322895575759318, 34.069066837227652 ], [ -118.32288747739058, 34.069107389978981 ], [ -118.322864727144179, 34.069201565387154 ], [ -118.322848424288196, 34.069255192455728 ], [ -118.322797802326804, 34.069399934483314 ], [ -118.322699755394282, 34.069662619090316 ], [ -118.322624511331327, 34.06984452308987 ], [ -118.322477158677557, 34.070165387989263 ], [ -118.322341205647575, 34.070445691185064 ], [ -118.322226516182852, 34.070674414013922 ], [ -118.322203598060511, 34.070725310772957 ], [ -118.322105264659243, 34.070914490105096 ], [ -118.321941339893414, 34.071220284351988 ], [ -118.321862164289882, 34.07123938697255 ], [ -118.321753306198772, 34.071267842678786 ], [ -118.321607007307378, 34.07143516639308 ], [ -118.321556095348825, 34.071505372661996 ], [ -118.321518355763175, 34.071566269781201 ], [ -118.321060937584377, 34.072405245614441 ], [ -118.320949488646818, 34.07261953229402 ], [ -118.320829889347507, 34.072861320137001 ], [ -118.320793861574501, 34.072938356229237 ], [ -118.320738221431426, 34.073067653950105 ], [ -118.320685941152263, 34.073212056920958 ], [ -118.320659936569669, 34.07331963643469 ], [ -118.320637336720026, 34.073453998653896 ], [ -118.320624449572293, 34.07353784294714 ], [ -118.320611804650838, 34.073684888546076 ], [ -118.32061317173347, 34.076011846407326 ], [ -118.320613299952839, 34.076228731416549 ], [ -118.321622134128845, 34.076228110472343 ], [ -118.322662341692109, 34.076227740787864 ], [ -118.322671244767548, 34.078963573665021 ], [ -118.322690027869868, 34.081692166383505 ], [ -118.322700740576792, 34.083316191912019 ], [ -118.322701963094161, 34.083501612370604 ] ] ] } },
{ "type": "Feature", "properties": { "OBJECTID": 15, "APREC": "SOUTHWEST", "PREC": 3, "AREA": 343325464.49199998, "PERIMETER": 102632.208443 }, "geometry": { "type": "Polygon", "coordinates": [ [ [ -118.284003902156925, 34.037129558893099 ], [ -118.2840001271163, 34.037130188025507 ], [ -118.282942310774416, 34.037326428423121 ], [ -118.282426185421301, 34.037433804609385 ], [ -118.281763490609862, 34.037568063566638 ], [ -118.281291906021693, 34.037648789000094 ], [ -118.281062482240131, 34.037686482546881 ], [ -118.280571767863648, 34.03776724969439 ], [ -118.27973520694924, 34.037881256367967 ], [ -118.27917250190589, 34.037944404616475 ], [ -118.278644198603629, 34.037995336258817 ], [ -118.278182033475503, 34.038025630463117 ], [ -118.277409373866504, 34.038060174282869 ], [ -118.275818705822914, 34.038159565465683 ], [ -118.274898826801859, 34.038225495253208 ], [ -118.273921014351018, 34.038288422969302 ], [ -118.273989933642682, 34.037958034367762 ], [ -118.274063806080619, 34.037519000131482 ], [ -118.274379771793718, 34.035454333508682 ], [ -118.274450241929813, 34.034995165738501 ], [ -118.274464748080604, 34.034866706234453 ], [ -118.274566460578143, 34.034017203251516 ], [ -118.274575909101983, 34.033863898262837 ], [ -118.274585168369313, 34.033652594689386 ], [ -118.274562796409484, 34.032900729195546 ], [ -118.274513555912748, 34.031542006035345 ], [ -118.274497935067927, 34.031330759063792 ], [ -118.274477488206529, 34.031165093584747 ], [ -118.274441293722603, 34.030611732241447 ], [ -118.274438308169323, 34.030541664935015 ], [ -118.274355575439984, 34.029438524115854 ], [ -118.274334825390468, 34.029142153765434 ], [ -118.274343742863934, 34.028845716904556 ], [ -118.274352795234975, 34.02859044898738 ], [ -118.274361847547866, 34.028335180171673 ], [ -118.274400756968646, 34.028137480984086 ], [ -118.274410214050093, 34.028005718985547 ], [ -118.274429572526458, 34.02787805086367 ], [ -118.274497932487122, 34.027614414449154 ], [ -118.274539420623967, 34.027499292162354 ], [ -118.274595932924697, 34.02734247601358 ], [ -118.274694039744276, 34.02710347283395 ], [ -118.274811924866441, 34.026864424555683 ], [ -118.274910111646093, 34.026650122026751 ], [ -118.275018350183259, 34.026485198529976 ], [ -118.275156011145128, 34.026246105768756 ], [ -118.275392018418131, 34.025842111580047 ], [ -118.275726642611161, 34.025355553254613 ], [ -118.276218421579273, 34.024547516984235 ], [ -118.276690280073396, 34.023698355147275 ], [ -118.277377968639257, 34.022334083917407 ], [ -118.278106803676721, 34.021104511587666 ], [ -118.278194144570747, 34.020957161839306 ], [ -118.278745067505184, 34.020107809817638 ], [ -118.279128677562838, 34.019497622207965 ], [ -118.279767858195683, 34.018433983424437 ], [ -118.27998404549102, 34.018030026271006 ], [ -118.280131236574093, 34.017692099095278 ], [ -118.280337256670052, 34.017205826459602 ], [ -118.280474486028439, 34.016847337396825 ], [ -118.280533095840326, 34.016633122309443 ], [ -118.280640564968451, 34.016245883949267 ], [ -118.280718755852362, 34.015973986698008 ], [ -118.280796890985698, 34.015685622200294 ], [ -118.28086494465154, 34.015339645464302 ], [ -118.280913416210637, 34.01505134991762 ], [ -118.280932445054546, 34.014828993097147 ], [ -118.280990361269502, 34.014408934219844 ], [ -118.280988841058232, 34.013956079045172 ], [ -118.280986381114701, 34.01322327701196 ], [ -118.28098447399735, 34.012655149685919 ], [ -118.280962736265138, 34.012070601215775 ], [ -118.280970358203803, 34.011395412334849 ], [ -118.280969349711356, 34.011094961289608 ], [ -118.280969086891616, 34.011016661424556 ], [ -118.280996973345651, 34.009454374368893 ], [ -118.281008138478541, 34.009396572107519 ], [ -118.281016305719035, 34.008883999796929 ], [ -118.281050468766821, 34.005740397481361 ], [ -118.281061871922091, 34.003781435343456 ], [ -118.28116711880871, 34.003780487009891 ], [ -118.281272345845082, 34.003779430447459 ], [ -118.281478900967699, 34.003777355891053 ], [ -118.281566338524556, 34.003778525864753 ], [ -118.282696338805636, 34.003766610321136 ], [ -118.284433401802161, 34.00375138348388 ], [ -118.287138831360792, 34.003727613826626 ], [ -118.287239459287889, 34.003726687414037 ], [ -118.287767353387451, 34.003724399448664 ], [ -118.288965012394826, 34.003718790035073 ], [ -118.289643025766523, 34.003715790866373 ], [ -118.290010902312375, 34.003714220485172 ], [ -118.290952861428721, 34.00370989246462 ], [ -118.291545091495749, 34.00370708937951 ], [ -118.291673185043834, 34.003706495001914 ], [ -118.292162067746986, 34.0037042234867 ], [ -118.293712754527206, 34.003697368370425 ], [ -118.29432313192919, 34.003694507488575 ], [ -118.294785049613992, 34.003695784527039 ], [ -118.295875509302647, 34.003699298863964 ], [ -118.29693792337514, 34.003702528870527 ], [ -118.297805986924047, 34.003705146506491 ], [ -118.298003636881205, 34.003705741378361 ], [ -118.2990775988482, 34.003708924036424 ], [ -118.300169708562834, 34.003712395486843 ], [ -118.301242021021267, 34.003715562987807 ], [ -118.30233413091193, 34.003719014852898 ], [ -118.303436138947944, 34.003722431950862 ], [ -118.304001990082824, 34.00372409933 ], [ -118.304534840228158, 34.003723787337051 ], [ -118.305676425587478, 34.003722962318989 ], [ -118.306733876203069, 34.003721996876365 ], [ -118.30779627708398, 34.00372135302684 ], [ -118.308327481313484, 34.003722058033119 ], [ -118.308908168216462, 34.003720573165495 ], [ -118.309521854771887, 34.003720374808559 ], [ -118.311323317684568, 34.003719519679017 ], [ -118.313274902097987, 34.003718248087097 ], [ -118.313815995391877, 34.003716498889069 ], [ -118.313880332727152, 34.003716331584648 ], [ -118.313916625582877, 34.003716237192641 ], [ -118.314894896773538, 34.003716780095644 ], [ -118.315477233197228, 34.003715259317886 ], [ -118.315998531620977, 34.003713895558015 ], [ -118.316567670604115, 34.003712404072182 ], [ -118.317108754683417, 34.00370823575691 ], [ -118.317106967849554, 34.00149449030927 ], [ -118.317111441451999, 34.000062495974774 ], [ -118.317111637097128, 33.999985267773404 ], [ -118.317120719609846, 33.996415023209195 ], [ -118.31712545291488, 33.995051726055614 ], [ -118.318166313185799, 33.995054482061704 ], [ -118.31866943139525, 33.995057963309129 ], [ -118.319217070551318, 33.995057202911276 ], [ -118.319248409824525, 33.995056776526624 ], [ -118.319797720775725, 33.995061848273735 ], [ -118.320333781875647, 33.995052869909316 ], [ -118.321430644968885, 33.995034496657887 ], [ -118.32240712317288, 33.995024335216534 ], [ -118.322527538014015, 33.995024013454028 ], [ -118.323612906831329, 33.995019390386645 ], [ -118.324686729005975, 33.995014788624232 ], [ -118.325798489633613, 33.995010074889187 ], [ -118.326951487709337, 33.995005239195102 ], [ -118.328153970734903, 33.99500025793332 ], [ -118.329379545302487, 33.994994858182849 ], [ -118.329927178531051, 33.994992675267078 ], [ -118.330791483354005, 33.994981035188673 ], [ -118.332190203118543, 33.994961736337942 ], [ -118.332182881811661, 33.995610940499155 ], [ -118.332170888493465, 33.996321983526002 ], [ -118.331628160022277, 33.996323476156554 ], [ -118.331623549082607, 33.997241619821509 ], [ -118.331620052131996, 33.997608126362117 ], [ -118.331605916319646, 33.99778746407334 ], [ -118.331548338658621, 33.998243768198463 ], [ -118.331496233910102, 33.998415996169463 ], [ -118.331493217805516, 33.998904094294382 ], [ -118.331490764857207, 33.999951038203484 ], [ -118.331487178928839, 34.000711864152159 ], [ -118.33148522069537, 34.001050544437845 ], [ -118.3314862856095, 34.001319488522512 ], [ -118.331485317368021, 34.001491576954024 ], [ -118.33154709505979, 34.001678605372767 ], [ -118.331637278814597, 34.001956923033006 ], [ -118.331715783353545, 34.00220161051795 ], [ -118.331772463406892, 34.002350870636988 ], [ -118.331829063331867, 34.002479864564727 ], [ -118.331892253870819, 34.002606779446815 ], [ -118.331948742472036, 34.002707608037284 ], [ -118.331998565840607, 34.002791625181281 ], [ -118.332051710419464, 34.002881127991373 ], [ -118.33217115359659, 34.003049105890952 ], [ -118.332270593777693, 34.003164585875034 ], [ -118.332365085520877, 34.003280423790599 ], [ -118.332439631466983, 34.00335853256292 ], [ -118.33248482871609, 34.003403172617098 ], [ -118.332520784413234, 34.003438683983831 ], [ -118.332654875738811, 34.003556129079804 ], [ -118.332750900429005, 34.003642078565122 ], [ -118.332841943804141, 34.003720142508776 ], [ -118.333028877607333, 34.003850493801522 ], [ -118.333156267700858, 34.003941852141516 ], [ -118.333268765823647, 34.004021916536729 ], [ -118.333349854270097, 34.004085236925697 ], [ -118.333454112568006, 34.00416738570663 ], [ -118.333563384446094, 34.004265663335211 ], [ -118.333717395301349, 34.004413278702302 ], [ -118.33384662406911, 34.004551345809077 ], [ -118.334037278702951, 34.004786447541257 ], [ -118.334156728582784, 34.004954423495874 ], [ -118.334291108559668, 34.005142967858198 ], [ -118.33437404916441, 34.005256774423557 ], [ -118.334536646444931, 34.005487832220503 ], [ -118.334760598858253, 34.005797719810118 ], [ -118.334919869958469, 34.006021573188761 ], [ -118.335087524184885, 34.006279063513396 ], [ -118.335187189822193, 34.006449155200279 ], [ -118.335265333693343, 34.006600414129814 ], [ -118.335350196493806, 34.00678153735803 ], [ -118.335475231218126, 34.007106469132133 ], [ -118.335522035222908, 34.007258846360386 ], [ -118.335607209083946, 34.007517252218264 ], [ -118.335673169036767, 34.007921005653756 ], [ -118.335698701909209, 34.00811706341424 ], [ -118.335830451273736, 34.008058991765679 ], [ -118.336090648264062, 34.007942170264315 ], [ -118.336390371313414, 34.007808750863049 ], [ -118.336574813475039, 34.007725800756681 ], [ -118.336752505949335, 34.00760577213795 ], [ -118.336852847721318, 34.00753267374585 ], [ -118.337058056778048, 34.007281358285198 ], [ -118.337156568003749, 34.007163267582321 ], [ -118.337269850800141, 34.007026588344281 ], [ -118.337353595768846, 34.006929148621666 ], [ -118.337568438365636, 34.007021975295231 ], [ -118.337716313189446, 34.006872146530291 ], [ -118.337795213618975, 34.006800824760859 ], [ -118.33787081444369, 34.006729511275118 ], [ -118.337946445649337, 34.006665755183633 ], [ -118.338069767735149, 34.006564425828032 ], [ -118.338250710342024, 34.006433051859403 ], [ -118.33832312482896, 34.006389913523989 ], [ -118.338490988614097, 34.00628845797138 ], [ -118.338762732784431, 34.006173659209416 ], [ -118.339011394346741, 34.006062702984494 ], [ -118.3392321603704, 34.005988920814644 ], [ -118.339313040336506, 34.005954353277843 ], [ -118.339324386979015, 34.005949504502716 ], [ -118.339431444552574, 34.005906268098975 ], [ -118.339582960748487, 34.005842296640928 ], [ -118.339729565209396, 34.005787613759438 ], [ -118.339859695736763, 34.005738472816674 ], [ -118.340014382380176, 34.005642892356988 ], [ -118.340129588673776, 34.00557524508568 ], [ -118.340243114358998, 34.00550004581666 ], [ -118.340424051250807, 34.005368667696999 ], [ -118.340560574446087, 34.005269359453152 ], [ -118.34067248736703, 34.005203438370167 ], [ -118.340861754282429, 34.005092645959394 ], [ -118.340952276276155, 34.005040180862387 ], [ -118.341105355466439, 34.004955594095705 ], [ -118.34114487963673, 34.004938651719769 ], [ -118.341250269878358, 34.004891640099331 ], [ -118.341340835146028, 34.004850166042758 ], [ -118.341426505554267, 34.004821758117799 ], [ -118.341573122440082, 34.004770851269456 ], [ -118.34181868990521, 34.00471210741545 ], [ -118.342098894626488, 34.004651547472974 ], [ -118.34226877500268, 34.004641791792409 ], [ -118.342369368284565, 34.004632232440002 ], [ -118.342537553601247, 34.004611146251207 ], [ -118.342641484156459, 34.004610851240507 ], [ -118.344957654954882, 34.004604253482711 ], [ -118.3456950679345, 34.004602143586901 ], [ -118.34590623656031, 34.004603255973599 ], [ -118.346150476044386, 34.004623164712619 ], [ -118.346442557788393, 34.004642935637875 ], [ -118.346561382519539, 34.004653929437332 ], [ -118.346837021621724, 34.0046867989765 ], [ -118.347127584008163, 34.004738173049915 ], [ -118.347779696360348, 34.004852392992923 ], [ -118.348790043627758, 34.005024998157033 ], [ -118.348940267902933, 34.005048951227728 ], [ -118.349121837648241, 34.005072813444514 ], [ -118.349262139539078, 34.005090955604715 ], [ -118.349336407592091, 34.005098297291823 ], [ -118.349912154163604, 34.005096629465058 ], [ -118.350207272018821, 34.00505283811686 ], [ -118.350321015049431, 34.005031899037668 ], [ -118.350470989562382, 34.004996084874584 ], [ -118.350642402468395, 34.004958147344432 ], [ -118.350767613981986, 34.004918282053787 ], [ -118.350986750051632, 34.004852383197992 ], [ -118.351047686523955, 34.004827818674578 ], [ -118.351217323757339, 34.004760002463499 ], [ -118.351334255967174, 34.004712948433415 ], [ -118.351488942035104, 34.004620788062972 ], [ -118.351600838269619, 34.004553139455375 ], [ -118.351669913128504, 34.004502446194152 ], [ -118.351763649143365, 34.004431414616448 ], [ -118.351867256048749, 34.004354172394599 ], [ -118.351993873132145, 34.004256597475845 ], [ -118.352123773391781, 34.004155234531389 ], [ -118.352449057915535, 34.003832783999236 ], [ -118.352815407948967, 34.003468994581389 ], [ -118.353268830637617, 34.003020795862881 ], [ -118.35359083025287, 34.002703848496331 ], [ -118.353855319176517, 34.002441338324147 ], [ -118.354024513908456, 34.002270818019824 ], [ -118.354114920358455, 34.002193955167606 ], [ -118.35424638600449, 34.002074037256833 ], [ -118.354404213125491, 34.001946141684243 ], [ -118.354756103281488, 34.001677877119157 ], [ -118.354856413490992, 34.001602702915349 ], [ -118.355239748218736, 34.001358732675399 ], [ -118.355353277935762, 34.001289013973107 ], [ -118.355501261034377, 34.001174541786369 ], [ -118.355693648141582, 34.001028338116228 ], [ -118.355767618301883, 34.000966293136834 ], [ -118.355895780416034, 34.000846382262814 ], [ -118.356009136160523, 34.000735789874014 ], [ -118.356114185480763, 34.000611826050161 ], [ -118.356220869484062, 34.00048442247958 ], [ -118.356353572579764, 34.000269009429765 ], [ -118.356473149855006, 34.000070466576219 ], [ -118.356548181203763, 33.999870336901267 ], [ -118.356608547663029, 33.999713186795397 ], [ -118.356734784935909, 33.999142287504725 ], [ -118.35684397721738, 33.998442974951786 ], [ -118.356876123772054, 33.998244690200501 ], [ -118.356892237254741, 33.998154992584489 ], [ -118.356942543382331, 33.997960088944197 ], [ -118.357030774407335, 33.997761638262453 ], [ -118.357175162652155, 33.997579851090812 ], [ -118.357203086330586, 33.997551946321337 ], [ -118.357326251470681, 33.997422432101061 ], [ -118.357382104468087, 33.997367996400897 ], [ -118.357472511344596, 33.997293192831116 ], [ -118.357579347487487, 33.997202882878703 ], [ -118.357705901218822, 33.997094310692432 ], [ -118.358114625225596, 33.997393990528273 ], [ -118.358135003122683, 33.997530292808115 ], [ -118.358243535574687, 33.998221747268296 ], [ -118.358289235087923, 33.998492963190444 ], [ -118.358370390530013, 33.998954364322756 ], [ -118.358472719425336, 33.999352158162878 ], [ -118.358594629627575, 33.999699745222223 ], [ -118.358839108509443, 34.000162721587543 ], [ -118.358917224450764, 34.000298852077186 ], [ -118.359193128040914, 34.000780282380454 ], [ -118.359314843902197, 34.001081155636385 ], [ -118.359328402066566, 34.001165268628327 ], [ -118.359365656568286, 34.001389453068882 ], [ -118.359366787463003, 34.001652901243432 ], [ -118.359349636715734, 34.001884804312489 ], [ -118.359256938836126, 34.002195589021341 ], [ -118.358752672260906, 34.003859207505087 ], [ -118.357979962339854, 34.006407748023648 ], [ -118.357796125675677, 34.007012480988728 ], [ -118.357718400167926, 34.007354821552802 ], [ -118.357716933895176, 34.007397761299906 ], [ -118.357699689333927, 34.007609054584194 ], [ -118.357713358486663, 34.007719273087424 ], [ -118.357770564543699, 34.008365883346173 ], [ -118.357804279230962, 34.008534091091434 ], [ -118.357811094124841, 34.008584562924646 ], [ -118.357829865591782, 34.008730487651675 ], [ -118.357830648177128, 34.008913561900187 ], [ -118.357780440303131, 34.009132510469072 ], [ -118.358478026013756, 34.009066896236916 ], [ -118.358575330561436, 34.009059050569071 ], [ -118.360162348341163, 34.008654166458939 ], [ -118.361437893192374, 34.008330913147567 ], [ -118.361406056094836, 34.007835017736667 ], [ -118.361422095390267, 34.007728833379772 ], [ -118.361459770830947, 34.007666206602117 ], [ -118.361515662092515, 34.007619668966633 ], [ -118.361642516221451, 34.007578413530929 ], [ -118.361677117908059, 34.007568348834418 ], [ -118.361843533165029, 34.007519418902071 ], [ -118.36198358792879, 34.007478811399523 ], [ -118.361978292622581, 34.007398795680025 ], [ -118.361971438181939, 34.007339737115643 ], [ -118.361974603998007, 34.007308814127569 ], [ -118.361977686637402, 34.007258656326371 ], [ -118.361985587792134, 34.007178257547011 ], [ -118.362000216706932, 34.007127377247919 ], [ -118.362027815160943, 34.007023906008861 ], [ -118.362081772176623, 34.006911768610799 ], [ -118.362112932912737, 34.006869083202233 ], [ -118.362173586723998, 34.006779595566172 ], [ -118.362306653155883, 34.006649358625758 ], [ -118.362406943210829, 34.006569712898859 ], [ -118.362510599463718, 34.006505513724335 ], [ -118.362582992177977, 34.006459956479937 ], [ -118.362640381451598, 34.006378722014219 ], [ -118.362643549960154, 34.006348485968047 ], [ -118.362646728882325, 34.006320654273281 ], [ -118.363857589520592, 34.00592852950421 ], [ -118.364294155503757, 34.005787070524136 ], [ -118.364834505073205, 34.005611635829851 ], [ -118.365035488084516, 34.005546453274853 ], [ -118.365674143120899, 34.00597181408007 ], [ -118.366230076455537, 34.006342121761101 ], [ -118.366606521912814, 34.006787851585891 ], [ -118.366851967854814, 34.007080440556187 ], [ -118.367168766956908, 34.007090468703318 ], [ -118.367164352564032, 34.007212419613388 ], [ -118.367047151027876, 34.009454352916748 ], [ -118.367003209085951, 34.010344453773854 ], [ -118.366965267688286, 34.011098172604015 ], [ -118.366927159990126, 34.011814109685616 ], [ -118.366778296795744, 34.0147407030124 ], [ -118.366732616542151, 34.015611917726432 ], [ -118.368874562983592, 34.015687827148923 ], [ -118.370379546834542, 34.015742985691446 ], [ -118.372645267688981, 34.015823944110785 ], [ -118.372773551449981, 34.0135088078612 ], [ -118.372816550288633, 34.012790792701807 ], [ -118.372863807417275, 34.011917509861313 ], [ -118.373170610615489, 34.011901791932438 ], [ -118.373444319626003, 34.012603714471062 ], [ -118.373547617210932, 34.012829063507475 ], [ -118.373725914921422, 34.013223518549601 ], [ -118.373887496245686, 34.013568906977 ], [ -118.373952624702795, 34.013743881829562 ], [ -118.374001160006671, 34.013897956468995 ], [ -118.374036350669002, 34.014019440604223 ], [ -118.374056555927552, 34.014110401133316 ], [ -118.374105467745949, 34.014348628040722 ], [ -118.374115847548993, 34.014456106224806 ], [ -118.374140052863567, 34.014703682851383 ], [ -118.37414074221671, 34.014857905738886 ], [ -118.374146204689296, 34.014972612320513 ], [ -118.374130447283321, 34.015138563728208 ], [ -118.374127595783108, 34.015238869770982 ], [ -118.374111620296873, 34.015356048087455 ], [ -118.374090787157627, 34.015493849570632 ], [ -118.374063292922926, 34.01561793234999 ], [ -118.374024447242903, 34.015786360582076 ], [ -118.373998392467144, 34.015863381636038 ], [ -118.373934932853487, 34.016062111755858 ], [ -118.373890875039649, 34.016172163882935 ], [ -118.373830516885988, 34.016326574959244 ], [ -118.373791263921859, 34.016403980326949 ], [ -118.37366370624153, 34.016658897506566 ], [ -118.372977906480529, 34.017899965661641 ], [ -118.372866594196722, 34.018098843979843 ], [ -118.372747301247898, 34.018358542539772 ], [ -118.375795509352855, 34.018510529691483 ], [ -118.375914034537075, 34.018082179100283 ], [ -118.376537656752674, 34.018066496088458 ], [ -118.377217387548228, 34.018052695432715 ], [ -118.37763477327637, 34.018039711956384 ], [ -118.377979476684274, 34.018008063043254 ], [ -118.378774749063226, 34.018733413079396 ], [ -118.379464773147944, 34.019169188578253 ], [ -118.379774260015807, 34.019375680377131 ], [ -118.380204504150186, 34.019649113020883 ], [ -118.380907968757455, 34.020134643152915 ], [ -118.381314179367934, 34.020563746763621 ], [ -118.381371537814942, 34.020839727428111 ], [ -118.379021928655334, 34.021213282173747 ], [ -118.377951824244064, 34.021384600877973 ], [ -118.377953050944228, 34.022008460003661 ], [ -118.377953097992744, 34.022032065575146 ], [ -118.377653753421413, 34.022246305837008 ], [ -118.377465837943049, 34.022654609698336 ], [ -118.37696084607515, 34.023738163359155 ], [ -118.376824447303974, 34.023862244266411 ], [ -118.376697477523351, 34.024614870935778 ], [ -118.376475571253039, 34.025906378020828 ], [ -118.376914042352752, 34.026169493295541 ], [ -118.377089237678405, 34.026231803726319 ], [ -118.377008732540915, 34.026676180667103 ], [ -118.376964036484594, 34.026851374391512 ], [ -118.376932521026333, 34.026974907005489 ], [ -118.37687970294013, 34.026971980551089 ], [ -118.376538637079648, 34.027820420373608 ], [ -118.3762367415856, 34.028573593055363 ], [ -118.374947468038982, 34.029572335173761 ], [ -118.374332067411643, 34.029969595698773 ], [ -118.373986522740395, 34.030193588534381 ], [ -118.373640949694533, 34.030411396854646 ], [ -118.372580179194756, 34.030113438897359 ], [ -118.371904385494659, 34.02992111071373 ], [ -118.371481160100643, 34.030862874279578 ], [ -118.371397816584079, 34.031047238941319 ], [ -118.370785044837717, 34.032416534376701 ], [ -118.37076577050918, 34.03245914409878 ], [ -118.370013660040485, 34.03412189670717 ], [ -118.369886693307976, 34.034405789786462 ], [ -118.369609500494704, 34.034532568352866 ], [ -118.369364103061159, 34.034645295093618 ], [ -118.369080820068106, 34.034774625282395 ], [ -118.36860978279978, 34.03499039824117 ], [ -118.368439442011379, 34.035068044283008 ], [ -118.366995761114126, 34.034750810485576 ], [ -118.365857989189266, 34.034513369604149 ], [ -118.365092539693151, 34.034343620212823 ], [ -118.364327167125808, 34.034191071492273 ], [ -118.363437718455444, 34.034021684844348 ], [ -118.362589981867146, 34.033938200519692 ], [ -118.361659649898144, 34.033872164335435 ], [ -118.359758101772456, 34.033843432165078 ], [ -118.357340532373186, 34.033971058211492 ], [ -118.355656806239182, 34.034036461332732 ], [ -118.354943475943088, 34.034064163145111 ], [ -118.348767871819149, 34.034364670083711 ], [ -118.348378520523923, 34.034383604840379 ], [ -118.341966745185061, 34.034695247157607 ], [ -118.338816544822294, 34.034847009605613 ], [ -118.338643445829064, 34.034855346681859 ], [ -118.333714659382821, 34.035092620539011 ], [ -118.328370991325784, 34.035349638957314 ], [ -118.327171351736041, 34.035407305813138 ], [ -118.324754423208717, 34.035723552946436 ], [ -118.321056787203815, 34.036232435063674 ], [ -118.31828877950916, 34.036635517912707 ], [ -118.317688670225394, 34.036720409806613 ], [ -118.316801457264447, 34.036845909063636 ], [ -118.315127919899652, 34.037005149981425 ], [ -118.313557591295435, 34.037129683756 ], [ -118.312028270357757, 34.037168058932728 ], [ -118.310643625276739, 34.037206042592693 ], [ -118.308985079027934, 34.037210298389816 ], [ -118.308576800672284, 34.03721134252951 ], [ -118.306365107364741, 34.037165355817912 ], [ -118.301714380525382, 34.037073826482121 ], [ -118.30027374410065, 34.037073114884471 ], [ -118.29789097147615, 34.037026541858843 ], [ -118.296665816934365, 34.037018226145058 ], [ -118.295590397825009, 34.037009531513888 ], [ -118.293875158106616, 34.036991053166631 ], [ -118.291545407562481, 34.036956296450676 ], [ -118.291261424001931, 34.036952056785189 ], [ -118.290499151816249, 34.036959559345668 ], [ -118.289559820179235, 34.036939151263233 ], [ -118.288674938010075, 34.036918604801357 ], [ -118.287967055338342, 34.036908962970642 ], [ -118.287368071913633, 34.036899056948684 ], [ -118.286823616399616, 34.036911684705629 ], [ -118.286347222805219, 34.036924147707388 ], [ -118.285944256784205, 34.036934496663953 ], [ -118.285587237440723, 34.036951267191327 ], [ -118.285185601272858, 34.036973450265677 ], [ -118.284758531709898, 34.037016925730171 ], [ -118.284452594851302, 34.037054805252644 ], [ -118.284003902156925, 34.037129558893099 ] ] ] } },
{ "type": "Feature", "properties": { "OBJECTID": 16, "APREC": "NEWTON", "PREC": 13, "AREA": 272376013.41100001, "PERIMETER": 81476.922847499998 }, "geometry": { "type": "Polygon", "coordinates": [ [ [ -118.281061871922091, 34.003781435343456 ], [ -118.281050468766821, 34.005740397481361 ], [ -118.281016305719035, 34.008883999796929 ], [ -118.281008138478541, 34.009396572107519 ], [ -118.280996973345651, 34.009454374368893 ], [ -118.280969086891616, 34.011016661424556 ], [ -118.280969349711356, 34.011094961289608 ], [ -118.280970358203803, 34.011395412334849 ], [ -118.280962736265138, 34.012070601215775 ], [ -118.28098447399735, 34.012655149685919 ], [ -118.280986381114701, 34.01322327701196 ], [ -118.280988841058232, 34.013956079045172 ], [ -118.280990361269502, 34.014408934219844 ], [ -118.280932445054546, 34.014828993097147 ], [ -118.280913416210637, 34.01505134991762 ], [ -118.28086494465154, 34.015339645464302 ], [ -118.280796890985698, 34.015685622200294 ], [ -118.280718755852362, 34.015973986698008 ], [ -118.280640564968451, 34.016245883949267 ], [ -118.280533095840326, 34.016633122309443 ], [ -118.280474486028439, 34.016847337396825 ], [ -118.280337256670052, 34.017205826459602 ], [ -118.280131236574093, 34.017692099095278 ], [ -118.27998404549102, 34.018030026271006 ], [ -118.279767858195683, 34.018433983424437 ], [ -118.279128677562838, 34.019497622207965 ], [ -118.278745067505184, 34.020107809817638 ], [ -118.278194144570747, 34.020957161839306 ], [ -118.278106803676721, 34.021104511587666 ], [ -118.277377968639257, 34.022334083917407 ], [ -118.276690280073396, 34.023698355147275 ], [ -118.276218421579273, 34.024547516984235 ], [ -118.275726642611161, 34.025355553254613 ], [ -118.275392018418131, 34.025842111580047 ], [ -118.275156011145128, 34.026246105768756 ], [ -118.275018350183259, 34.026485198529976 ], [ -118.274910111646093, 34.026650122026751 ], [ -118.274811924866441, 34.026864424555683 ], [ -118.274694039744276, 34.02710347283395 ], [ -118.274595932924697, 34.02734247601358 ], [ -118.274539420623967, 34.027499292162354 ], [ -118.274497932487122, 34.027614414449154 ], [ -118.274429572526458, 34.02787805086367 ], [ -118.274410214050093, 34.028005718985547 ], [ -118.274400756968646, 34.028137480984086 ], [ -118.274361847547866, 34.028335180171673 ], [ -118.274352795234975, 34.02859044898738 ], [ -118.274343742863934, 34.028845716904556 ], [ -118.274334825390468, 34.029142153765434 ], [ -118.274355575439984, 34.029438524115854 ], [ -118.274438308169323, 34.030541664935015 ], [ -118.274441293722603, 34.030611732241447 ], [ -118.274477488206529, 34.031165093584747 ], [ -118.274497935067927, 34.031330759063792 ], [ -118.274513555912748, 34.031542006035345 ], [ -118.274562796409484, 34.032900729195546 ], [ -118.274585168369313, 34.033652594689386 ], [ -118.274575909101983, 34.033863898262837 ], [ -118.274566460578143, 34.034017203251516 ], [ -118.274464748080604, 34.034866706234453 ], [ -118.274450241929813, 34.034995165738501 ], [ -118.274379771793718, 34.035454333508682 ], [ -118.27395209101374, 34.035259801621933 ], [ -118.273547161488011, 34.03507558247199 ], [ -118.273414940341794, 34.035015428985616 ], [ -118.272031598588285, 34.034390321823835 ], [ -118.27141182827728, 34.034110060741199 ], [ -118.270808589277607, 34.033837315132082 ], [ -118.270271462462631, 34.033594645930805 ], [ -118.269702936189802, 34.033337273834938 ], [ -118.268995589844195, 34.033017351098302 ], [ -118.268296524398082, 34.032705306838359 ], [ -118.26752970536954, 34.032362150869311 ], [ -118.266724884679476, 34.032002930322186 ], [ -118.265696969498251, 34.031543211689936 ], [ -118.264903731301345, 34.0311884188379 ], [ -118.264624431549962, 34.031058851403152 ], [ -118.26403774311332, 34.030787409759313 ], [ -118.263527077198987, 34.030550492012047 ], [ -118.26253385157888, 34.030090327354714 ], [ -118.262398337211607, 34.03002776463741 ], [ -118.261390250859733, 34.029560753257414 ], [ -118.261355678442101, 34.029587276269048 ], [ -118.261219084885937, 34.029706760369528 ], [ -118.261107128087147, 34.029789094909027 ], [ -118.261072562997356, 34.029817678719539 ], [ -118.260996881248815, 34.02989066067606 ], [ -118.260968926496275, 34.029922321509922 ], [ -118.260947546798263, 34.029945724542493 ], [ -118.260883438686918, 34.030025895448851 ], [ -118.260797985973568, 34.030141146759981 ], [ -118.260235781956425, 34.030838600149899 ], [ -118.260076390199671, 34.031035433725954 ], [ -118.259997481806565, 34.031133156364902 ], [ -118.259859303372323, 34.031303020698829 ], [ -118.259783731102274, 34.031397741137454 ], [ -118.259734387080471, 34.031458637424201 ], [ -118.259420402665697, 34.031849166230053 ], [ -118.258858172505683, 34.03254558282844 ], [ -118.258046055157294, 34.033554757822742 ], [ -118.257715610439504, 34.033964208932943 ], [ -118.257220749748001, 34.034574604329563 ], [ -118.257031686306902, 34.03480960565458 ], [ -118.256678205448054, 34.035244520690696 ], [ -118.256337870740751, 34.035662576131379 ], [ -118.255563470941311, 34.03661257535417 ], [ -118.255117790600764, 34.03712496456405 ], [ -118.255106281176381, 34.037139071674311 ], [ -118.254798847869509, 34.037527513750312 ], [ -118.254714989770207, 34.037629361576542 ], [ -118.254636040707467, 34.037717460583934 ], [ -118.254540607826527, 34.03781211956202 ], [ -118.254408951570099, 34.037934676896981 ], [ -118.253994193854624, 34.038308573261496 ], [ -118.252703809131148, 34.039470537801471 ], [ -118.252443987118411, 34.039235107760966 ], [ -118.252407580368711, 34.039202553013183 ], [ -118.251884638285262, 34.038731355416665 ], [ -118.251864782172561, 34.0387142227015 ], [ -118.251141589928721, 34.03805589700498 ], [ -118.250307527857672, 34.037295096497878 ], [ -118.250005589449287, 34.037590838614662 ], [ -118.249099690201376, 34.038478146254199 ], [ -118.249075008359597, 34.038502927926835 ], [ -118.248824846465268, 34.038737012859713 ], [ -118.248648529023214, 34.038901440914927 ], [ -118.248010159638284, 34.039496757147802 ], [ -118.246754447504458, 34.040697742873562 ], [ -118.246739562440368, 34.040687125327658 ], [ -118.245871311173516, 34.04008093117595 ], [ -118.245123794894425, 34.039558295552254 ], [ -118.244362720861233, 34.039036715926024 ], [ -118.243903299639513, 34.038699997784867 ], [ -118.243684702852008, 34.038539827213363 ], [ -118.243187180843066, 34.038182439069885 ], [ -118.242972182432666, 34.038027616857292 ], [ -118.242464505342355, 34.037677254681171 ], [ -118.242416503864092, 34.037628919113821 ], [ -118.242284219519362, 34.037540566118686 ], [ -118.241748475548818, 34.037184760646959 ], [ -118.241186281336454, 34.036811832424689 ], [ -118.241166437768698, 34.0367981327582 ], [ -118.240569458649205, 34.036378900106051 ], [ -118.240200687328496, 34.036118930132425 ], [ -118.239745931918918, 34.035799363840347 ], [ -118.239347401260673, 34.035518842315341 ], [ -118.239000138519756, 34.035275313224098 ], [ -118.238578481304515, 34.034985217444806 ], [ -118.23739663884767, 34.034906827720981 ], [ -118.237213985322811, 34.034894799716454 ], [ -118.236211498992972, 34.034828777268487 ], [ -118.235024710094009, 34.034750374914921 ], [ -118.234504768332343, 34.034716007217007 ], [ -118.233879189285489, 34.03467497230875 ], [ -118.232286409073325, 34.034588741756352 ], [ -118.231175698872661, 34.034567516763552 ], [ -118.230616218266292, 34.034556908316041 ], [ -118.230056737801831, 34.03454629727586 ], [ -118.230010526940774, 34.034545354872527 ], [ -118.229815809945862, 34.034552251833496 ], [ -118.22802851131398, 34.034542930911499 ], [ -118.227924541377334, 34.034542440265831 ], [ -118.227794165771272, 34.034541999353578 ], [ -118.227655538881265, 34.034541230376817 ], [ -118.227131861145438, 34.034538324773699 ], [ -118.227038754480773, 34.034090368895235 ], [ -118.225946071559804, 34.029129774374944 ], [ -118.225942386751541, 34.029113717837177 ], [ -118.225131224770848, 34.025578309417646 ], [ -118.224460619248916, 34.02287291272529 ], [ -118.223646212121025, 34.019439595366364 ], [ -118.222609779314254, 34.014942811801347 ], [ -118.223238215218032, 34.014941756676379 ], [ -118.223396114495401, 34.015375626759415 ], [ -118.223699660280928, 34.015360638354792 ], [ -118.223690289025839, 34.014940919757152 ], [ -118.225800496462256, 34.014929777633199 ], [ -118.225806257873018, 34.015230658044139 ], [ -118.227449491908132, 34.015199750837695 ], [ -118.227574132954942, 34.01492301193953 ], [ -118.230067107776307, 34.0149076381512 ], [ -118.232282868943358, 34.014882442184252 ], [ -118.237339679158069, 34.014823487248933 ], [ -118.239620513332383, 34.0147959992739 ], [ -118.239760014375008, 34.014794316782115 ], [ -118.2396659462038, 34.011329105159113 ], [ -118.239628841452415, 34.009894107993013 ], [ -118.239547962216321, 34.008151093546552 ], [ -118.239399347156535, 34.00637317844955 ], [ -118.23929175181442, 34.005092201348027 ], [ -118.239193081226119, 34.003933113809765 ], [ -118.239191038189261, 34.003909103873738 ], [ -118.239069621127683, 34.002407637892496 ], [ -118.238909130143469, 34.000507466853414 ], [ -118.23879173165615, 33.999254331243755 ], [ -118.238587565893866, 33.997073964558453 ], [ -118.238444317906627, 33.995429310818409 ], [ -118.238375188347135, 33.994630624273462 ], [ -118.238287401750355, 33.993616377150275 ], [ -118.238140647945528, 33.991894446093234 ], [ -118.237969971671191, 33.989878541080216 ], [ -118.2379224062351, 33.989392264016132 ], [ -118.23986381997274, 33.989412807773405 ], [ -118.243108301400937, 33.989444785769066 ], [ -118.24560063866241, 33.989471339179197 ], [ -118.24773508651144, 33.989493545868044 ], [ -118.247835659126252, 33.989494591572956 ], [ -118.250004632075061, 33.989493552226818 ], [ -118.252101042838959, 33.989496403809888 ], [ -118.256303726449744, 33.989490985351637 ], [ -118.256304187637014, 33.989325209799496 ], [ -118.256306081774099, 33.988643952556068 ], [ -118.2563046659197, 33.987103779924574 ], [ -118.256304586550073, 33.984383743336373 ], [ -118.256306929501733, 33.982455085481497 ], [ -118.256304619310171, 33.982000509186079 ], [ -118.256298638225175, 33.980823905495697 ], [ -118.256288431063908, 33.979105486362066 ], [ -118.256280289748119, 33.977523080809355 ], [ -118.256269858422201, 33.975731156623745 ], [ -118.256266924361597, 33.974772372790731 ], [ -118.256906819721564, 33.974783852354669 ], [ -118.258597139471135, 33.974774058548135 ], [ -118.260782199619939, 33.974765577071274 ], [ -118.261400600973886, 33.97475943008277 ], [ -118.262959006239356, 33.974754669639182 ], [ -118.264652637013342, 33.974749249034367 ], [ -118.265167157284068, 33.97474743234195 ], [ -118.267355503313993, 33.974735389777834 ], [ -118.269533954076053, 33.97472332962684 ], [ -118.270104543690863, 33.97472136660479 ], [ -118.273427465176255, 33.974703577202895 ], [ -118.273927132911567, 33.974698665477078 ], [ -118.276011602013583, 33.974692540891262 ], [ -118.2776920389678, 33.974687310904919 ], [ -118.277771196015379, 33.974687128687819 ], [ -118.278298909597453, 33.974685569098561 ], [ -118.278834867541491, 33.974683644666108 ], [ -118.280360288282665, 33.974678735675525 ], [ -118.280791882648415, 33.974677291136508 ], [ -118.280807115853165, 33.979220185905319 ], [ -118.280795493309924, 33.979849437255929 ], [ -118.280757671050722, 33.980856283849391 ], [ -118.280625480169007, 33.982389611924006 ], [ -118.280504680960192, 33.983225045872622 ], [ -118.280504678869278, 33.983288063524704 ], [ -118.280466154798489, 33.989185721110019 ], [ -118.280462282696746, 33.991067572384438 ], [ -118.280453722697658, 33.992612053373918 ], [ -118.28047274502066, 33.994190791580067 ], [ -118.28046807976024, 33.994881151845263 ], [ -118.280486096535668, 33.995648728477157 ], [ -118.280491210975256, 33.995754768722684 ], [ -118.280508227981741, 33.996107533092392 ], [ -118.280557036909514, 33.996845020024303 ], [ -118.280650106416019, 33.997931409881204 ], [ -118.28071788162859, 33.998748683943546 ], [ -118.280770978962707, 33.999228857617808 ], [ -118.28088753332041, 34.000206336012987 ], [ -118.280950901971423, 34.000677909513762 ], [ -118.281025285258735, 34.001341371969723 ], [ -118.281051129236317, 34.00180102537221 ], [ -118.281067431839958, 34.002520916321764 ], [ -118.281061871922091, 34.003781435343456 ] ] ] } },
{ "type": "Feature", "properties": { "OBJECTID": 17, "APREC": "PACIFIC", "PREC": 14, "AREA": 717612851.13600004, "PERIMETER": 246934.32160600001 }, "geometry": { "type": "Polygon", "coordinates": [ [ [ -118.422223944310957, 33.916327953524465 ], [ -118.42755607577655, 33.916325177234107 ], [ -118.429452175908949, 33.916324148675926 ], [ -118.429469328620755, 33.916344911203701 ], [ -118.429477100922185, 33.916354157545065 ], [ -118.429488186952796, 33.916366869841937 ], [ -118.429556401338814, 33.916442879940035 ], [ -118.429692241525515, 33.916580475855518 ], [ -118.429763589812808, 33.91667502272572 ], [ -118.429793422172693, 33.916707890704707 ], [ -118.429814944291124, 33.916727049001878 ], [ -118.429854620401485, 33.916751294809998 ], [ -118.429897566024295, 33.916770376709515 ], [ -118.429961936912974, 33.916789725671812 ], [ -118.43002628139287, 33.916803922456218 ], [ -118.430080694059598, 33.916809567572209 ], [ -118.430237243270909, 33.91680763510292 ], [ -118.430260335882267, 33.916811674485764 ], [ -118.43027030477073, 33.916827439106008 ], [ -118.430262149615231, 33.916843955370645 ], [ -118.430244124321021, 33.91686394168223 ], [ -118.430221165711984, 33.916886006490088 ], [ -118.430145650355698, 33.916942950547245 ], [ -118.430088165550217, 33.916980938700284 ], [ -118.430073370891648, 33.91698820460833 ], [ -118.430040473299456, 33.917000343841345 ], [ -118.429935149836624, 33.917029228515744 ], [ -118.429908844069374, 33.917041344206453 ], [ -118.429890795742196, 33.917056865274397 ], [ -118.42988265987141, 33.917077159752402 ], [ -118.429894454652043, 33.917127609629169 ], [ -118.429939386790082, 33.917212633078215 ], [ -118.429969385070564, 33.917277787782794 ], [ -118.430039241404188, 33.917402566283158 ], [ -118.430077534345031, 33.917478339335659 ], [ -118.430120841799976, 33.917567833789583 ], [ -118.430155921802438, 33.917659761960671 ], [ -118.430174465667434, 33.917740757681436 ], [ -118.430195011968294, 33.917890786249117 ], [ -118.430203957205492, 33.91802814735555 ], [ -118.430206382819335, 33.918179614511509 ], [ -118.430221847767896, 33.918302869571413 ], [ -118.430235380852622, 33.918370830830106 ], [ -118.430252132349509, 33.918423667369531 ], [ -118.43027381902985, 33.918474768881985 ], [ -118.430307103429072, 33.91853785088972 ], [ -118.430358639311081, 33.91862491152407 ], [ -118.430460056339015, 33.918797664707355 ], [ -118.430485035715492, 33.918848067463387 ], [ -118.430505081704226, 33.918900548725397 ], [ -118.430530211136087, 33.918980146957544 ], [ -118.430585558885014, 33.919167490808086 ], [ -118.430595581063443, 33.919193559693731 ], [ -118.430628864225312, 33.919256298140333 ], [ -118.430668725354963, 33.919316265221489 ], [ -118.430736782815288, 33.919411166788159 ], [ -118.430843131492153, 33.91958115418808 ], [ -118.430921213471976, 33.919702467994576 ], [ -118.430962723041802, 33.919762429090838 ], [ -118.431103762369872, 33.919948092468871 ], [ -118.431201686761426, 33.920082044009341 ], [ -118.431303025968688, 33.920238996594911 ], [ -118.431409302575716, 33.920394557502128 ], [ -118.431439220021687, 33.920443568472031 ], [ -118.43147916188309, 33.920518991726247 ], [ -118.431534141315623, 33.920634205137077 ], [ -118.431622552266205, 33.920840665240682 ], [ -118.431670874470782, 33.920943193566245 ], [ -118.431729141685338, 33.921056677710112 ], [ -118.431870505299756, 33.921304509431053 ], [ -118.432051663894129, 33.921598912049951 ], [ -118.432168044536553, 33.921795654036337 ], [ -118.432397288005888, 33.922145871481 ], [ -118.432500358021329, 33.922317930138561 ], [ -118.432575228599106, 33.922454711162963 ], [ -118.432640079744132, 33.922566110372571 ], [ -118.432738137365149, 33.922724790995055 ], [ -118.432786307682591, 33.92279743644562 ], [ -118.432889379298231, 33.922969494780446 ], [ -118.432935979887944, 33.92305725905053 ], [ -118.432954398081293, 33.92311318060613 ], [ -118.432967880916337, 33.923170837295245 ], [ -118.432977906089519, 33.92319724946838 ], [ -118.432991209693753, 33.923220215040246 ], [ -118.43302101015027, 33.923246212711831 ], [ -118.433063958047654, 33.923264950017987 ], [ -118.433098612266321, 33.923273412616673 ], [ -118.433133250513009, 33.923278783917901 ], [ -118.433202480850909, 33.92328059610449 ], [ -118.433250241652829, 33.923273898328105 ], [ -118.433296315285247, 33.923259649974909 ], [ -118.433465666720949, 33.92318141417514 ], [ -118.433568818401838, 33.923368584895783 ], [ -118.433681843103003, 33.923552628677498 ], [ -118.43372014214826, 33.923628400613985 ], [ -118.433748494013571, 33.923692873390536 ], [ -118.433947258908617, 33.924202230161633 ], [ -118.433997529318688, 33.924361768736667 ], [ -118.434037920143552, 33.924523060271298 ], [ -118.434058044443958, 33.92458996697794 ], [ -118.434144895972722, 33.924811544198512 ], [ -118.434198385053463, 33.924955957867432 ], [ -118.434280155883854, 33.925151105117216 ], [ -118.434348924736327, 33.92529211473434 ], [ -118.434373444406873, 33.925342432514022 ], [ -118.434535179570943, 33.925701819797084 ], [ -118.434568548429567, 33.925780013631545 ], [ -118.43460034225393, 33.925872295931725 ], [ -118.434645453117199, 33.925989947954257 ], [ -118.434793727473377, 33.92629580011063 ], [ -118.434840331907608, 33.926383563670015 ], [ -118.434906835472887, 33.926494612278347 ], [ -118.434991745282403, 33.926658834300916 ], [ -118.435083385384075, 33.926849480166091 ], [ -118.435190071646758, 33.927080946129806 ], [ -118.435208476172662, 33.927133776072289 ], [ -118.435218573889074, 33.927173927127015 ], [ -118.435225378853431, 33.927214777031757 ], [ -118.435237485151617, 33.927324304384072 ], [ -118.435244791492437, 33.927461671178456 ], [ -118.435256753328659, 33.927543376936114 ], [ -118.435266924272895, 33.927597610523989 ], [ -118.4352871252363, 33.927678943055561 ], [ -118.43531734734519, 33.927785657143971 ], [ -118.435370840345271, 33.927930070329786 ], [ -118.435547477376559, 33.928300737500862 ], [ -118.435622515420775, 33.928467742636066 ], [ -118.435669273736664, 33.928584701394421 ], [ -118.435712741153111, 33.928702702476485 ], [ -118.435779481734286, 33.928858746048746 ], [ -118.435804545916426, 33.928924260713295 ], [ -118.435829681602343, 33.929003514433646 ], [ -118.435908683774414, 33.92929862422929 ], [ -118.435993870058212, 33.929515054017983 ], [ -118.436052072224641, 33.929613766665994 ], [ -118.4361069852512, 33.929713865114763 ], [ -118.436258716409299, 33.93004821219828 ], [ -118.436342138077521, 33.930241978265755 ], [ -118.436402293513908, 33.930399075799805 ], [ -118.436457508062432, 33.930556878156317 ], [ -118.43649761314947, 33.930661838797576 ], [ -118.436565996040301, 33.930816158611457 ], [ -118.436659294300469, 33.931007140855989 ], [ -118.436694259999044, 33.931074680395703 ], [ -118.436705906889912, 33.931095590682816 ], [ -118.436714232239368, 33.931111704235434 ], [ -118.436797403541007, 33.931257039809196 ], [ -118.436807378959458, 33.931273490861791 ], [ -118.43690394253673, 33.931458278405088 ], [ -118.436912271542511, 33.931475078897677 ], [ -118.436973767279611, 33.931572748743577 ], [ -118.436987057186229, 33.93159262260189 ], [ -118.437003691971896, 33.931621758379968 ], [ -118.4370320472771, 33.931685886952053 ], [ -118.43709382642173, 33.931837826038041 ], [ -118.437110536554087, 33.931881387818358 ], [ -118.437182266478587, 33.932044969217145 ], [ -118.437200624958948, 33.932088525010087 ], [ -118.437235690129668, 33.932174955611288 ], [ -118.437274021426632, 33.932255535147178 ], [ -118.437284022154614, 33.932276794833989 ], [ -118.437299010707108, 33.932306280026609 ], [ -118.437362204182179, 33.932413217572034 ], [ -118.437378837468188, 33.932442009823781 ], [ -118.437450285049579, 33.932551321768607 ], [ -118.437478536991051, 33.932595528598128 ], [ -118.437488512702615, 33.932611979596231 ], [ -118.437661617638838, 33.932933882099228 ], [ -118.437669946943217, 33.932950682541602 ], [ -118.437721648281013, 33.933066248695141 ], [ -118.437731647424826, 33.933087164869697 ], [ -118.437759953533885, 33.933141675933513 ], [ -118.437771600978067, 33.933162586121327 ], [ -118.437781575019983, 33.933178693619375 ], [ -118.437839731579146, 33.933267788090021 ], [ -118.437874620188751, 33.933320214329434 ], [ -118.437981031526078, 33.933496034739143 ], [ -118.438032633067849, 33.933592366074102 ], [ -118.438040962512133, 33.933609166491777 ], [ -118.438142620080455, 33.933821413247102 ], [ -118.438265799478373, 33.934051442831283 ], [ -118.43829076473979, 33.934097378840043 ], [ -118.438343986557584, 33.934188208429795 ], [ -118.438392215054336, 33.934269782104316 ], [ -118.438410497366988, 33.934298568226055 ], [ -118.438471969959579, 33.93439108518163 ], [ -118.438506913363739, 33.934453815542071 ], [ -118.438515239393269, 33.93446992897492 ], [ -118.438525240700486, 33.93449118856276 ], [ -118.438551955225947, 33.934556353216806 ], [ -118.438585477000473, 33.934662367606194 ], [ -118.438633993722576, 33.934798897449966 ], [ -118.438645717143174, 33.934834233575273 ], [ -118.438690987785577, 33.934980392735433 ], [ -118.438696026259677, 33.934998235532184 ], [ -118.438707749734277, 33.935033571652063 ], [ -118.438734460977329, 33.935098049315329 ], [ -118.438794422909069, 33.935216676335116 ], [ -118.438804424376286, 33.935237935901121 ], [ -118.438884286957048, 33.93537950383827 ], [ -118.438895931394285, 33.9353997269681 ], [ -118.438980856248122, 33.935563602828822 ], [ -118.438995844186039, 33.935592744341989 ], [ -118.439050768248322, 33.935693528453911 ], [ -118.439090722431828, 33.935768605808292 ], [ -118.439104040508894, 33.935793631590258 ], [ -118.439179016732666, 33.935946208597727 ], [ -118.439235681422588, 33.936064503935647 ], [ -118.439272324861122, 33.936136845426162 ], [ -118.439382169092397, 33.936337382953106 ], [ -118.439407238329039, 33.936402896910081 ], [ -118.439447497641581, 33.936536021709529 ], [ -118.439484240565989, 33.936627254356004 ], [ -118.439519261340706, 33.936704410455512 ], [ -118.439574183157134, 33.936804507385013 ], [ -118.439632317103872, 33.936888448867805 ], [ -118.439670548315647, 33.936949106025736 ], [ -118.439715517229416, 33.937037217266145 ], [ -118.439773887666632, 33.937166154129123 ], [ -118.439927668666286, 33.937571590471592 ], [ -118.439994422359078, 33.937727288350516 ], [ -118.440074338037135, 33.937878129399998 ], [ -118.440120876856838, 33.937951121505591 ], [ -118.440149077892926, 33.937985023428034 ], [ -118.440220362359057, 33.938061703494412 ], [ -118.440236968870721, 33.938084999738081 ], [ -118.440253651199299, 33.938122722001459 ], [ -118.441672010606695, 33.940136530903501 ], [ -118.444219041189413, 33.943278293304317 ], [ -118.444408708047817, 33.943605621314525 ], [ -118.444792936999406, 33.944249953922764 ], [ -118.444994251838907, 33.944596816658709 ], [ -118.44539713305474, 33.945336910524588 ], [ -118.445868519922286, 33.946247461235117 ], [ -118.446020014581649, 33.94652443585499 ], [ -118.44617192313153, 33.94679187709248 ], [ -118.44621805201399, 33.946873026188769 ], [ -118.446996628212673, 33.948192211808674 ], [ -118.447224522364962, 33.948573320862025 ], [ -118.447623712056227, 33.949232359198483 ], [ -118.447984591386316, 33.949817002597875 ], [ -118.448003042042046, 33.949876013270789 ], [ -118.448028081656901, 33.949933969015021 ], [ -118.448056405670414, 33.949989508167384 ], [ -118.448094604864792, 33.950041919272621 ], [ -118.448147610396163, 33.950088436129519 ], [ -118.448192277348042, 33.950117122794033 ], [ -118.44824020112604, 33.950138240696198 ], [ -118.448289745971309, 33.950154200298066 ], [ -118.448337587069204, 33.950159861699944 ], [ -118.448383717047562, 33.950153850996188 ], [ -118.448466052193851, 33.950135683730807 ], [ -118.448508888598013, 33.95013037219276 ], [ -118.448553410396272, 33.950131924046815 ], [ -118.448591367166657, 33.950138996041701 ], [ -118.448650851602025, 33.95016384910523 ], [ -118.448678964534579, 33.950179888266462 ], [ -118.448702151867693, 33.950199724066685 ], [ -118.448717116367618, 33.950223368775411 ], [ -118.448722187333033, 33.95024670680602 ], [ -118.448719024412696, 33.950271792887982 ], [ -118.448709267017861, 33.950296903502895 ], [ -118.448694556401946, 33.950320658608426 ], [ -118.448642043433509, 33.950366193806794 ], [ -118.448587936969091, 33.950422039421873 ], [ -118.448548611012157, 33.950467182049969 ], [ -118.448453465382727, 33.950556154658607 ], [ -118.448671839559054, 33.95100427583062 ], [ -118.448688506181199, 33.95103787524306 ], [ -118.448885174436612, 33.951434554228548 ], [ -118.449085116070961, 33.951826411951707 ], [ -118.449266629607678, 33.952163380591358 ], [ -118.449423014783292, 33.952425906611076 ], [ -118.44962250775491, 33.952733268137123 ], [ -118.449878485019227, 33.953120106941086 ], [ -118.451023934577378, 33.954882710430347 ], [ -118.451404753981166, 33.955487191542794 ], [ -118.451995178150867, 33.956435400684775 ], [ -118.452206348148451, 33.956764353839411 ], [ -118.452409159168795, 33.957071698497828 ], [ -118.452593547673288, 33.957325871930067 ], [ -118.452742878871717, 33.957499801414691 ], [ -118.452870546489663, 33.957631220034834 ], [ -118.453038074678958, 33.957816072331759 ], [ -118.453228901975692, 33.958040681010189 ], [ -118.453433076684775, 33.95829409188255 ], [ -118.453632393720426, 33.95856366443796 ], [ -118.453777022980276, 33.95878191980259 ], [ -118.453891900337482, 33.958986547590818 ], [ -118.453990234475739, 33.959180933015432 ], [ -118.454073683350401, 33.959366787295316 ], [ -118.454150522496491, 33.959549918533902 ], [ -118.454399048105884, 33.959771216818247 ], [ -118.454609402617066, 33.95994663158875 ], [ -118.454692167444648, 33.960006085881709 ], [ -118.454844406239332, 33.960106496272417 ], [ -118.455056178073733, 33.960238969414561 ], [ -118.455175264092617, 33.960306873460262 ], [ -118.455291015330701, 33.960367920293308 ], [ -118.45544736519355, 33.960437615519339 ], [ -118.455504233742388, 33.96046294742527 ], [ -118.456110653549302, 33.960700064463808 ], [ -118.456186647169432, 33.960726912348846 ], [ -118.456624352982374, 33.96086608477821 ], [ -118.456758085802193, 33.960898209474543 ], [ -118.456832341058515, 33.960908576296497 ], [ -118.456862029301931, 33.960910181282124 ], [ -118.456913133553314, 33.960908270302184 ], [ -118.456937843463265, 33.960904054894705 ], [ -118.457003712180708, 33.960888348581364 ], [ -118.457072842911089, 33.960866103672672 ], [ -118.45714030603277, 33.96084043020209 ], [ -118.45719786679112, 33.96081307680425 ], [ -118.457261987179336, 33.960779172314467 ], [ -118.457293243570632, 33.960766001429839 ], [ -118.457431448362627, 33.96071120692946 ], [ -118.457482473683982, 33.960694869671642 ], [ -118.457508845457767, 33.96069305223358 ], [ -118.457531958988298, 33.960698460315704 ], [ -118.457563354161849, 33.960710706663846 ], [ -118.457598127682118, 33.960737710008189 ], [ -118.457599857197536, 33.96075247326722 ], [ -118.457594151136021, 33.960773790932024 ], [ -118.457990807029162, 33.961198291878759 ], [ -118.458194707955769, 33.961416445808467 ], [ -118.459022682596029, 33.961028037548047 ], [ -118.459172598314993, 33.960957181534361 ], [ -118.45932667559785, 33.960884162711302 ], [ -118.459408999891238, 33.960871913136096 ], [ -118.459473721033305, 33.960957065395455 ], [ -118.459461348850283, 33.961021773424001 ], [ -118.459191402670172, 33.961144609400343 ], [ -118.458388862470017, 33.961510595699956 ], [ -118.459060275880589, 33.962547125248591 ], [ -118.459794173198674, 33.963680189761597 ], [ -118.46129288080445, 33.96296882255043 ], [ -118.461403477577349, 33.962915846484499 ], [ -118.461467481227217, 33.962907529780324 ], [ -118.461538877465756, 33.962922284077429 ], [ -118.461575229631393, 33.962973538827129 ], [ -118.461568371338487, 33.963056774141158 ], [ -118.461451484147744, 33.963109044517047 ], [ -118.460487499437946, 33.963541224821761 ], [ -118.460344384983927, 33.96360325473087 ], [ -118.46027533025503, 33.963639584079957 ], [ -118.460209603424929, 33.963681396442453 ], [ -118.460145563152295, 33.963730072021775 ], [ -118.460094727074804, 33.963781101597149 ], [ -118.460047215116305, 33.963836927254427 ], [ -118.460007949405664, 33.963893064932464 ], [ -118.459978556208355, 33.963945386626762 ], [ -118.459837200153373, 33.964327880084049 ], [ -118.459795034155078, 33.964456503938457 ], [ -118.459764399004214, 33.964583022926995 ], [ -118.459738934829971, 33.964750396835939 ], [ -118.459729963376176, 33.96491839485865 ], [ -118.459728768850525, 33.965001179132969 ], [ -118.459678398021282, 33.965437596179619 ], [ -118.459661328819223, 33.965632416839412 ], [ -118.45965564364964, 33.965798341438813 ], [ -118.459659633336713, 33.965924384991951 ], [ -118.459675090120015, 33.96603664547839 ], [ -118.459728955801793, 33.966537240409764 ], [ -118.45975310247259, 33.966730530087048 ], [ -118.459783997772135, 33.966951616276404 ], [ -118.459821364568626, 33.967150007826518 ], [ -118.459865257571835, 33.96733566556906 ], [ -118.459920672715768, 33.967517501044412 ], [ -118.459990968356436, 33.967706492932308 ], [ -118.460084508307844, 33.96792424882802 ], [ -118.460189612286698, 33.968145738873716 ], [ -118.460301252303353, 33.968356212394156 ], [ -118.460409438201253, 33.96853818979158 ], [ -118.460507471941625, 33.968673148482303 ], [ -118.460598819396949, 33.968791645371041 ], [ -118.460706836449376, 33.968942709557169 ], [ -118.460828183759347, 33.969118797095788 ], [ -118.461097553164691, 33.969523422992644 ], [ -118.461210677949083, 33.969703319915979 ], [ -118.461308861919193, 33.969865069191691 ], [ -118.461570248452219, 33.970316438487885 ], [ -118.461700047257338, 33.970529245687729 ], [ -118.461981135315057, 33.970964051476216 ], [ -118.462247081659868, 33.971343957126891 ], [ -118.462670700542517, 33.971906334904034 ], [ -118.462906630260193, 33.972224870523114 ], [ -118.463155902383221, 33.972570146271153 ], [ -118.463410252994407, 33.972938758965583 ], [ -118.463584881965176, 33.97320497560461 ], [ -118.464032386681936, 33.973908085655822 ], [ -118.464195337056111, 33.9741492719847 ], [ -118.464406357734717, 33.974434582594242 ], [ -118.464632248411348, 33.974724644366077 ], [ -118.46485967535655, 33.974994090728487 ], [ -118.465067102729094, 33.975225486968817 ], [ -118.46523954305141, 33.97539278614579 ], [ -118.46535060418374, 33.975495059748752 ], [ -118.465484932665944, 33.975629531045037 ], [ -118.465637554670167, 33.975791410369268 ], [ -118.465800161791805, 33.975969394735834 ], [ -118.465962819296251, 33.976156309295838 ], [ -118.466117231878641, 33.976343255495046 ], [ -118.466238946878903, 33.976507357320415 ], [ -118.466487779390206, 33.976842967583238 ], [ -118.466623984934344, 33.977017618095942 ], [ -118.466824865814999, 33.97725624988373 ], [ -118.467042283423424, 33.977502717483041 ], [ -118.467256300503138, 33.977730649692042 ], [ -118.467561517417025, 33.978046847214472 ], [ -118.467616271619107, 33.978106057882876 ], [ -118.467690969351295, 33.978192670003864 ], [ -118.467947379843864, 33.978508239974637 ], [ -118.468112768330897, 33.978711757192627 ], [ -118.468327056509082, 33.97898708739671 ], [ -118.46850983474512, 33.979230938986113 ], [ -118.468712517770541, 33.979494978589067 ], [ -118.469092899489368, 33.979978500910832 ], [ -118.469253992219436, 33.980177782683612 ], [ -118.469386796944633, 33.980332177781492 ], [ -118.469549403518528, 33.980507065855562 ], [ -118.469994010176279, 33.980971787270633 ], [ -118.470254519511542, 33.981252429848276 ], [ -118.470525064945676, 33.981557763652248 ], [ -118.470810779941473, 33.981920743139419 ], [ -118.470908633632888, 33.982017910993846 ], [ -118.471032842591725, 33.982109136643508 ], [ -118.471123846621595, 33.982161334540386 ], [ -118.471221414884653, 33.982207667489781 ], [ -118.471466121959551, 33.982316626749054 ], [ -118.471520781138523, 33.982357974839282 ], [ -118.471570614490702, 33.982420981317127 ], [ -118.471622217111602, 33.982505276926027 ], [ -118.471677201537304, 33.982604329146696 ], [ -118.471743802472176, 33.982716044870429 ], [ -118.471898532350636, 33.98295484884239 ], [ -118.472033111795255, 33.983129843250687 ], [ -118.47210946396892, 33.983215759259629 ], [ -118.472356649832093, 33.983471031638409 ], [ -118.472451920452428, 33.983566490952825 ], [ -118.47259881765028, 33.983713614230986 ], [ -118.472778067970154, 33.983912820291664 ], [ -118.472904177419679, 33.984047659194587 ], [ -118.473237567805072, 33.98437987604531 ], [ -118.473904061025408, 33.984992098440195 ], [ -118.47403992388432, 33.985101136494556 ], [ -118.474198892909783, 33.98521283147565 ], [ -118.474318070828346, 33.985287929770045 ], [ -118.474769822953121, 33.985549262694107 ], [ -118.474844236701642, 33.98558331838786 ], [ -118.474941690218387, 33.985608352740741 ], [ -118.4750556135278, 33.985629200354019 ], [ -118.475185983233899, 33.985641739452198 ], [ -118.475326225454793, 33.985650117699016 ], [ -118.475438388436956, 33.98565139323626 ], [ -118.475623078238314, 33.985644826140813 ], [ -118.475712174265396, 33.985650314165213 ], [ -118.475807914396924, 33.985664019566954 ], [ -118.475905368295713, 33.985689053141677 ], [ -118.476029271802176, 33.985724630333536 ], [ -118.476059041467252, 33.985738939260791 ], [ -118.476085594538361, 33.985767687245897 ], [ -118.476110549092255, 33.985805372145037 ], [ -118.476132269490719, 33.985854404809132 ], [ -118.476179227775035, 33.985990926576633 ], [ -118.476217871231881, 33.986115459164687 ], [ -118.476246534854923, 33.986225261271358 ], [ -118.476265167793414, 33.986311402491104 ], [ -118.476321207522858, 33.986594556509203 ], [ -118.476339811309998, 33.986675545558491 ], [ -118.47636844206427, 33.98677950852445 ], [ -118.476410314484738, 33.986891662848194 ], [ -118.476463769525196, 33.987010297641604 ], [ -118.4765839275953, 33.987256788937444 ], [ -118.476712114501581, 33.987383372086839 ], [ -118.47698201830832, 33.987649880424499 ], [ -118.477081535210075, 33.98774703679107 ], [ -118.477156147591799, 33.98781543880613 ], [ -118.477225841392439, 33.987889012505718 ], [ -118.477310575337668, 33.987996875191058 ], [ -118.477411967615495, 33.988133524666914 ], [ -118.477531646227845, 33.988295176113311 ], [ -118.477661335156441, 33.988476709960231 ], [ -118.477777810077399, 33.988654861140702 ], [ -118.477932797531238, 33.988933844330745 ], [ -118.478019233808539, 33.989050630406716 ], [ -118.478143574712917, 33.989161770471384 ], [ -118.478229674083678, 33.989219478279367 ], [ -118.478322357371383, 33.989274755532385 ], [ -118.478550714348586, 33.989403687545895 ], [ -118.478595504965654, 33.989448506471696 ], [ -118.47863218417325, 33.989517058035311 ], [ -118.478712478109998, 33.989713213076129 ], [ -118.478769238966478, 33.989832177261526 ], [ -118.47887590228801, 33.990024449237573 ], [ -118.478974093125089, 33.990177253950449 ], [ -118.479065521619717, 33.990301232672294 ], [ -118.479161839632496, 33.990414887354227 ], [ -118.479268062219347, 33.990529876564935 ], [ -118.479712827207635, 33.991003492897313 ], [ -118.480074542936819, 33.99137576640382 ], [ -118.480190735475176, 33.99150308062611 ], [ -118.480316962876529, 33.991654398768461 ], [ -118.480458155865151, 33.991826609801578 ], [ -118.480612692805281, 33.992024528927359 ], [ -118.480850363378948, 33.99233718420939 ], [ -118.481036551517434, 33.992588903879245 ], [ -118.481507068974437, 33.99323449725086 ], [ -118.481618473970599, 33.993388964579097 ], [ -118.481799761834878, 33.993648259342407 ], [ -118.481926094233771, 33.993816749697075 ], [ -118.482077317609409, 33.994010901895336 ], [ -118.48224680071776, 33.9942249030941 ], [ -118.482575694418358, 33.994622031389945 ], [ -118.482927787210571, 33.995036927218386 ], [ -118.483344036056579, 33.995510000562767 ], [ -118.482046001996736, 33.996360939467181 ], [ -118.481678196802321, 33.996602032096249 ], [ -118.481437524062841, 33.996343660970084 ], [ -118.479994780800467, 33.997315288960849 ], [ -118.47851626975563, 33.998095720081956 ], [ -118.477638030121597, 33.998559126137437 ], [ -118.476664369394129, 33.999069273228791 ], [ -118.474782871541592, 34.000067301754044 ], [ -118.473588842503673, 34.000695376261469 ], [ -118.472825623022786, 34.001096854803244 ], [ -118.472062459151203, 34.001500346259149 ], [ -118.47020715929861, 34.002482743858906 ], [ -118.47019251031972, 34.002490486416157 ], [ -118.464178730909978, 34.00566580163764 ], [ -118.461476066187103, 34.007092012138969 ], [ -118.458927959731099, 34.008439603148261 ], [ -118.457885018232716, 34.008993484209576 ], [ -118.456458721375853, 34.00974287580641 ], [ -118.45626964036073, 34.009842943848618 ], [ -118.454489541623076, 34.010784884464243 ], [ -118.45132748830099, 34.012443761402459 ], [ -118.444988357360273, 34.015799104632933 ], [ -118.443421883925438, 34.016624639730196 ], [ -118.443431277500181, 34.016636154914579 ], [ -118.445171691750446, 34.01862703003826 ], [ -118.447094153221485, 34.020829566335784 ], [ -118.447622298100939, 34.021471300745034 ], [ -118.4485756410851, 34.022630460155597 ], [ -118.4490473400665, 34.023204044604149 ], [ -118.450112033216669, 34.024503263473143 ], [ -118.450849501587143, 34.025397695750797 ], [ -118.451904264568014, 34.026681135929998 ], [ -118.452731456247946, 34.027691490953615 ], [ -118.452366914653581, 34.027680577861162 ], [ -118.452248327906375, 34.027674667673665 ], [ -118.452008019371249, 34.027683897180609 ], [ -118.451767704410656, 34.027701498694611 ], [ -118.451547545177064, 34.027727310933251 ], [ -118.451267348751088, 34.027770049189279 ], [ -118.450907151735905, 34.027838117133989 ], [ -118.4504070191539, 34.027948396723168 ], [ -118.449786944170071, 34.02811747077731 ], [ -118.449556907053037, 34.028176720153823 ], [ -118.449296901931092, 34.028244367213986 ], [ -118.449027019978857, 34.028345454420865 ], [ -118.448506911433597, 34.028472459467601 ], [ -118.448276827588884, 34.028523334112151 ], [ -118.448046743694292, 34.028574251253204 ], [ -118.447756717029435, 34.028650378863027 ], [ -118.447446719106324, 34.028743238844683 ], [ -118.447046720991906, 34.028853133314136 ], [ -118.446556714735266, 34.028988347993149 ], [ -118.446076615093162, 34.0291151945504 ], [ -118.445606531660843, 34.029244535430195 ], [ -118.445288674491735, 34.029353734427787 ], [ -118.444876343106841, 34.029453448483316 ], [ -118.44444054789254, 34.029563079781369 ], [ -118.444144346463432, 34.029633296298528 ], [ -118.443851543940468, 34.029702726749079 ], [ -118.443545284206763, 34.029782424623548 ], [ -118.442838340403327, 34.029922499881728 ], [ -118.442013509282333, 34.030082624270626 ], [ -118.441353642112134, 34.030202896843242 ], [ -118.440823364499082, 34.030293238815652 ], [ -118.438513191364237, 34.030606065946593 ], [ -118.436955208101125, 34.030821584403327 ], [ -118.435199994881785, 34.031043504297081 ], [ -118.433540127870529, 34.031285751288443 ], [ -118.432499917055864, 34.031437567318299 ], [ -118.431329733190452, 34.031587047974199 ], [ -118.430924690467791, 34.031635337190387 ], [ -118.430575861623907, 34.031674107537164 ], [ -118.430193205891086, 34.031703551565791 ], [ -118.429810550109494, 34.03173303731657 ], [ -118.429247662170383, 34.031753802811004 ], [ -118.424147484185966, 34.031781188257433 ], [ -118.418801506649444, 34.031806076837498 ], [ -118.417087808449523, 34.031814027260808 ], [ -118.416192818722124, 34.031817158785358 ], [ -118.415905060490132, 34.031818150422829 ], [ -118.415660465987571, 34.031818992775399 ], [ -118.415408673471305, 34.031813848409406 ], [ -118.415120804251373, 34.031802859515331 ], [ -118.414883310752444, 34.031779717789171 ], [ -118.414696119683285, 34.031750434770053 ], [ -118.414444127660502, 34.031715362936922 ], [ -118.414213713715739, 34.031674205559035 ], [ -118.41398330021002, 34.031633090676387 ], [ -118.413716832028953, 34.031580076932357 ], [ -118.413464744646959, 34.03151507724511 ], [ -118.41324869011936, 34.031467900798361 ], [ -118.413068520537067, 34.031408622151311 ], [ -118.412881212522052, 34.031355335702671 ], [ -118.411037444271443, 34.030687408801114 ], [ -118.410711245144711, 34.030567655139045 ], [ -118.410290804544886, 34.030442853956473 ], [ -118.40995213716667, 34.030356630415127 ], [ -118.409601915035182, 34.030280148581532 ], [ -118.409158453394909, 34.03021368521766 ], [ -118.408388314051024, 34.030128918816636 ], [ -118.407361579870113, 34.030025563743671 ], [ -118.405273292571025, 34.029857843990833 ], [ -118.403171677028425, 34.029672786667199 ], [ -118.401123532036877, 34.029495157684707 ], [ -118.400633567904379, 34.029450585899504 ], [ -118.399215476123828, 34.029321539067546 ], [ -118.397985691530351, 34.029208599860482 ], [ -118.397532384189432, 34.029172352968438 ], [ -118.397113060528469, 34.029135992596686 ], [ -118.396637153598988, 34.029118708347355 ], [ -118.396285975835681, 34.029119861594943 ], [ -118.395946091444955, 34.029120976782977 ], [ -118.395549763803132, 34.029160016351824 ], [ -118.395176170113388, 34.029208383102585 ], [ -118.394734691402391, 34.029285308171026 ], [ -118.394372297528648, 34.029357765619054 ], [ -118.39396989861892, 34.029454911695687 ], [ -118.393546545875694, 34.029581578556858 ], [ -118.393184552839372, 34.029695936271864 ], [ -118.392845337582969, 34.029829110446819 ], [ -118.392562654823436, 34.029943208193814 ], [ -118.392297368920538, 34.030083310657467 ], [ -118.391105898986311, 34.030764914768866 ], [ -118.390555828856108, 34.031079567181379 ], [ -118.390530748683176, 34.031064835530344 ], [ -118.390481096442613, 34.031033739016706 ], [ -118.390335454782573, 34.03094352999927 ], [ -118.390290769336175, 34.030915852197445 ], [ -118.390201372907825, 34.030855000870602 ], [ -118.390065591479654, 34.030755829057419 ], [ -118.389651645122171, 34.030457647049765 ], [ -118.388250877067335, 34.029449566874092 ], [ -118.38812172962237, 34.029356554287581 ], [ -118.387728702564928, 34.029073841182928 ], [ -118.390548583459719, 34.027460592311833 ], [ -118.391782906623462, 34.026755197113687 ], [ -118.392878965403355, 34.026128210333098 ], [ -118.393446351396634, 34.025370352626844 ], [ -118.393801876204705, 34.025529257289868 ], [ -118.393933070260985, 34.025706410862192 ], [ -118.39418978489104, 34.025556500521439 ], [ -118.394063553767239, 34.025382078906354 ], [ -118.394087951079683, 34.025306776110455 ], [ -118.394285425784688, 34.025192094377168 ], [ -118.394323583548001, 34.025235592305599 ], [ -118.394692163955241, 34.025013527136018 ], [ -118.394810570480033, 34.024928299226126 ], [ -118.395552766828587, 34.024503726905053 ], [ -118.395679758307466, 34.024489571349406 ], [ -118.395755600418923, 34.024476270322076 ], [ -118.397042478204156, 34.023736987373702 ], [ -118.397005922528692, 34.023683523979948 ], [ -118.398353690068404, 34.022914830545119 ], [ -118.397732742904935, 34.022111406316164 ], [ -118.397488655824091, 34.021789678135228 ], [ -118.397606881976756, 34.021668038689327 ], [ -118.399104218889235, 34.020784807178927 ], [ -118.399494391080623, 34.021290500016782 ], [ -118.400252997031387, 34.020858631215489 ], [ -118.400556800056677, 34.021244387327755 ], [ -118.400479472681766, 34.021291357812494 ], [ -118.40060905544226, 34.021475035667187 ], [ -118.40128700913958, 34.021085676599853 ], [ -118.400446842314466, 34.019989315484665 ], [ -118.402570628144915, 34.018724968641422 ], [ -118.403041486283882, 34.018444616649305 ], [ -118.403072966266635, 34.018471646829973 ], [ -118.404769220594645, 34.017461278075025 ], [ -118.405466800201452, 34.017046755254349 ], [ -118.405645830875073, 34.016878533211951 ], [ -118.406138992479072, 34.017522282739009 ], [ -118.40695762926704, 34.018591885020705 ], [ -118.408387519860767, 34.017781584142135 ], [ -118.410187582734906, 34.016758765805683 ], [ -118.41278889532893, 34.015284592006658 ], [ -118.413132307553568, 34.01509033574925 ], [ -118.414764919873477, 34.014166644998106 ], [ -118.416479277127621, 34.013192801835991 ], [ -118.418006044470275, 34.012326064318586 ], [ -118.418379148743512, 34.012114902434917 ], [ -118.419667080994444, 34.01138580720464 ], [ -118.419692375774616, 34.011371507571127 ], [ -118.421368795728782, 34.010422114058649 ], [ -118.420057085503501, 34.00875975456735 ], [ -118.419371014988215, 34.009138256098531 ], [ -118.418823116418366, 34.008446319381974 ], [ -118.417348786421158, 34.006578404336423 ], [ -118.418972260294936, 34.005612052986386 ], [ -118.421077602990493, 34.004355128904677 ], [ -118.419629871610553, 34.002523558839414 ], [ -118.418163924015872, 34.00066524316329 ], [ -118.419175301979635, 34.000035905756796 ], [ -118.41948519175186, 33.999658713438812 ], [ -118.420091804218046, 33.998911928908115 ], [ -118.420167269336844, 33.998828886421805 ], [ -118.420306948716458, 33.998721919832043 ], [ -118.420478247344278, 33.998670143929189 ], [ -118.421696276438297, 33.998537988938189 ], [ -118.421701583180393, 33.998537412232643 ], [ -118.425887593729442, 33.998080991325999 ], [ -118.426779394345019, 33.999252214830847 ], [ -118.427855553304923, 34.000662874273061 ], [ -118.428325577675096, 34.00128360131778 ], [ -118.428311017503205, 34.001339640999667 ], [ -118.429513661209654, 34.000705415927683 ], [ -118.430685002612918, 34.000082625539029 ], [ -118.43036778368365, 33.999666423244669 ], [ -118.432082001083245, 33.998757963735706 ], [ -118.433603722290997, 33.99795424744562 ], [ -118.435520217926225, 33.996940249158747 ], [ -118.435733085144406, 33.996954250607345 ], [ -118.437587320779969, 33.99603043716666 ], [ -118.439240797131305, 33.99520659311527 ], [ -118.442453815725571, 33.99359387322631 ], [ -118.443343976650667, 33.995296695118491 ], [ -118.443375326279408, 33.995356689783819 ], [ -118.444343355929291, 33.99468814275491 ], [ -118.444277004400391, 33.994618316148028 ], [ -118.444686231741969, 33.994335151338035 ], [ -118.445135896662038, 33.994212243384034 ], [ -118.447023523004219, 33.993703091004974 ], [ -118.448388986142504, 33.993333931242397 ], [ -118.447890434186291, 33.992333493969284 ], [ -118.447165058977632, 33.990863321349238 ], [ -118.44721439104832, 33.990834972783233 ], [ -118.446947314986431, 33.990551213419941 ], [ -118.444303686789496, 33.991875492032577 ], [ -118.443043522140684, 33.992504580433753 ], [ -118.442051504496206, 33.993000775533112 ], [ -118.441945344399997, 33.992888501376079 ], [ -118.440571635211199, 33.993575341608249 ], [ -118.439653627478137, 33.994035180814841 ], [ -118.438775105596861, 33.994477351733366 ], [ -118.437949203842152, 33.994889785599682 ], [ -118.437092030459269, 33.995317096906035 ], [ -118.436346568280186, 33.994708735366309 ], [ -118.435748571511908, 33.994224865313839 ], [ -118.433407928630601, 33.992316650247027 ], [ -118.432720502228804, 33.991756832974829 ], [ -118.432486943544291, 33.991566349362976 ], [ -118.432402288574494, 33.991463263882082 ], [ -118.432317633813142, 33.991360178342468 ], [ -118.432184830317794, 33.99119612494863 ], [ -118.431262621764049, 33.989883535107516 ], [ -118.430868820724314, 33.989322657756524 ], [ -118.429798496107864, 33.98984346180999 ], [ -118.42974672008404, 33.989868677642868 ], [ -118.43001504284662, 33.990085834409619 ], [ -118.430299944039263, 33.990319075243512 ], [ -118.430569954448146, 33.992146823696508 ], [ -118.43085541410538, 33.994089583987467 ], [ -118.430952758397069, 33.99473498743972 ], [ -118.43110320740837, 33.995762499538408 ], [ -118.431190506255177, 33.996378399088428 ], [ -118.430107114694692, 33.996449931655881 ], [ -118.429178706653119, 33.996507164034348 ], [ -118.428435007867989, 33.996556520483495 ], [ -118.428280034579146, 33.996573214340373 ], [ -118.428003785630651, 33.996603648201805 ], [ -118.426509400682406, 33.996768401629076 ], [ -118.425061886769413, 33.996926702859419 ], [ -118.423609439614083, 33.997089125841129 ], [ -118.421599714003349, 33.99730775001278 ], [ -118.420529734972362, 33.997426207055554 ], [ -118.420279138133452, 33.997453871821179 ], [ -118.420117685737893, 33.997494965149521 ], [ -118.419944708728622, 33.997540563663499 ], [ -118.41982773704764, 33.997570166823756 ], [ -118.419639948190053, 33.997622686116593 ], [ -118.419496808902863, 33.997697376413562 ], [ -118.419324056504877, 33.997787969725174 ], [ -118.419144975486304, 33.99793251183609 ], [ -118.419011902776219, 33.998041171559223 ], [ -118.418757761992566, 33.998350159273166 ], [ -118.418577400164523, 33.998568897637945 ], [ -118.41805105580012, 33.999205137949431 ], [ -118.417717256341078, 33.999419941138981 ], [ -118.417331156452619, 33.999670818401725 ], [ -118.417278230533455, 33.999705178118454 ], [ -118.416837572657755, 33.999994540946936 ], [ -118.416294941966981, 34.000345737678842 ], [ -118.416058158318265, 34.000499404819131 ], [ -118.41609948731913, 34.00051712352785 ], [ -118.415174095360314, 34.002191362735459 ], [ -118.41435982254994, 34.003658779227997 ], [ -118.414228363186538, 34.003429782802876 ], [ -118.409639371391933, 34.000489418439699 ], [ -118.409437734377633, 34.000748746451833 ], [ -118.409411504742707, 34.000782411037903 ], [ -118.409077073264939, 34.00121126907095 ], [ -118.407716962471071, 34.000369869494513 ], [ -118.405888627716266, 33.99923772518946 ], [ -118.405280617380171, 34.000063100515575 ], [ -118.404334958654985, 34.001341973384037 ], [ -118.402755000227032, 34.003484416097848 ], [ -118.40215289879437, 34.003148778711349 ], [ -118.401135607923479, 34.002578545268719 ], [ -118.400622827134086, 34.002290004240706 ], [ -118.399789171729623, 34.001824943003463 ], [ -118.399822782257218, 34.001608780024618 ], [ -118.400051145526035, 34.001412237210332 ], [ -118.400803441711048, 34.001423480551694 ], [ -118.400923214574618, 34.000942891644037 ], [ -118.401075363690722, 34.000678246667789 ], [ -118.401230789661241, 34.000409125310874 ], [ -118.401337368723745, 34.000274125083699 ], [ -118.401629294678173, 33.999917991165056 ], [ -118.40107632699312, 33.999846324481716 ], [ -118.401024938721065, 33.999449770895666 ], [ -118.400983764293173, 33.999119132344688 ], [ -118.401229099586971, 33.998679687526938 ], [ -118.402064836545151, 33.997178627742741 ], [ -118.402521143969565, 33.996362705487883 ], [ -118.402812216693775, 33.99583311204421 ], [ -118.403128307253382, 33.995703936943251 ], [ -118.403555911395983, 33.995439055370213 ], [ -118.404116723175164, 33.995090946578358 ], [ -118.404692799129165, 33.994830372464513 ], [ -118.40470437142794, 33.994825009650768 ], [ -118.405051595402895, 33.994664983246437 ], [ -118.404954168656118, 33.994302247387054 ], [ -118.40525179844802, 33.993768847724972 ], [ -118.405369538039679, 33.993557209485658 ], [ -118.405500369645978, 33.993324231119757 ], [ -118.405598921759179, 33.993238028867864 ], [ -118.4057352415834, 33.99311666416942 ], [ -118.405825579195238, 33.993037359034659 ], [ -118.40588634122922, 33.992981853722185 ], [ -118.406217871350549, 33.992978333790809 ], [ -118.406547793634871, 33.992643699583873 ], [ -118.406832478393341, 33.992504659506452 ], [ -118.407122107214164, 33.992364915107345 ], [ -118.407530965021152, 33.992321286484497 ], [ -118.407876407144727, 33.992126737779294 ], [ -118.40690866083267, 33.991549516570643 ], [ -118.405150205442325, 33.990499906437947 ], [ -118.405883793138429, 33.989734219457233 ], [ -118.40613980793421, 33.989467157859821 ], [ -118.4051819623905, 33.988881989592095 ], [ -118.403445009802269, 33.987828848014132 ], [ -118.401339213204807, 33.986550553044445 ], [ -118.401260045112338, 33.986550816333725 ], [ -118.40077987282865, 33.986851930171717 ], [ -118.400023461706695, 33.987332913330853 ], [ -118.398765446155636, 33.988121938127861 ], [ -118.395601943812551, 33.984637745521987 ], [ -118.394892342856849, 33.983855209289509 ], [ -118.396630796730321, 33.983524571582649 ], [ -118.398456559887407, 33.983175072374621 ], [ -118.398395319096153, 33.983107822946288 ], [ -118.398253408995387, 33.982952049190033 ], [ -118.397998966638568, 33.982672691770752 ], [ -118.397554631581201, 33.982182631202619 ], [ -118.397636528068332, 33.982063172446026 ], [ -118.396343934257303, 33.981458428480281 ], [ -118.395373677754506, 33.981005121746492 ], [ -118.394713440494741, 33.980694498497435 ], [ -118.393778620644269, 33.9802546736314 ], [ -118.393444742338303, 33.980098790750027 ], [ -118.392676267295172, 33.979761588783632 ], [ -118.392114324238449, 33.979504086116222 ], [ -118.391274638278389, 33.97910150129254 ], [ -118.388440005683151, 33.977758365380858 ], [ -118.386858275262952, 33.977009844348352 ], [ -118.386030219982857, 33.976615086088195 ], [ -118.385949964576724, 33.976735218602371 ], [ -118.385612987416067, 33.976616420316098 ], [ -118.385436382343087, 33.976585040659955 ], [ -118.385251544346886, 33.976556434902818 ], [ -118.385126069949948, 33.976548849495146 ], [ -118.385068436166492, 33.976545341002755 ], [ -118.384654380725593, 33.976520213544454 ], [ -118.38344522852374, 33.976451243917538 ], [ -118.381859953084927, 33.976356661474448 ], [ -118.381203425057251, 33.97632095440143 ], [ -118.380372022255088, 33.976271025413759 ], [ -118.379955003261642, 33.976319053159131 ], [ -118.379559607820994, 33.976407885970382 ], [ -118.377567757139374, 33.976847955303342 ], [ -118.377136090894396, 33.97694032849413 ], [ -118.375307604893393, 33.977039457617451 ], [ -118.373655543135982, 33.977131143101651 ], [ -118.372198025954063, 33.977210527532073 ], [ -118.371810557314603, 33.977230270301163 ], [ -118.371802441528814, 33.979859660884422 ], [ -118.371800567522001, 33.982037695386346 ], [ -118.371801565253961, 33.983005285372165 ], [ -118.370432655102476, 33.983005373918964 ], [ -118.365968096605783, 33.983021058512925 ], [ -118.362438662744609, 33.983031711735848 ], [ -118.358665136207492, 33.983042987528925 ], [ -118.358479335766532, 33.983043539676601 ], [ -118.358546927700573, 33.982784008908929 ], [ -118.358594067946214, 33.982623118611315 ], [ -118.358605381824901, 33.98256915810051 ], [ -118.358613336860358, 33.982501124754251 ], [ -118.358614809595522, 33.98245990237519 ], [ -118.358612335099366, 33.982267215571952 ], [ -118.35860680041462, 33.982130182167531 ], [ -118.358603042970302, 33.98202302653268 ], [ -118.358592782688277, 33.981937873158223 ], [ -118.358580827584632, 33.98184207683687 ], [ -118.358565575492605, 33.981746633796121 ], [ -118.358549992015924, 33.981670083322051 ], [ -118.358558650535244, 33.981670057592176 ], [ -118.366252352300762, 33.981644888329782 ], [ -118.36672513479617, 33.981894538696885 ], [ -118.366926848134597, 33.98163287804315 ], [ -118.366946684176753, 33.981643122222785 ], [ -118.370147854027906, 33.98163197048968 ], [ -118.370155249067125, 33.980693207503847 ], [ -118.370155624722074, 33.980032000725259 ], [ -118.370151980790368, 33.979207651685925 ], [ -118.37015590837872, 33.978603795806961 ], [ -118.370154503961089, 33.978286077974268 ], [ -118.370150189049468, 33.977309911445211 ], [ -118.370151134069232, 33.976777509335001 ], [ -118.370143736607218, 33.975850127000605 ], [ -118.370143594263993, 33.975444817110549 ], [ -118.370140848262821, 33.974450441350839 ], [ -118.370137470392052, 33.973686201395971 ], [ -118.370135910563235, 33.972587059730543 ], [ -118.370133629689889, 33.971324765833671 ], [ -118.370128418222933, 33.970145603975645 ], [ -118.370122863838162, 33.968888816076991 ], [ -118.370122509769857, 33.968423912714492 ], [ -118.370122202923199, 33.967993014053555 ], [ -118.372369751241877, 33.967986097649124 ], [ -118.372821715350355, 33.967647057805429 ], [ -118.372465073765198, 33.967172778755696 ], [ -118.371920210620047, 33.967386388859218 ], [ -118.371770634790209, 33.967123398329264 ], [ -118.371616062757326, 33.966849088069154 ], [ -118.371239515133354, 33.963369733378393 ], [ -118.373252511095615, 33.962559084438048 ], [ -118.374340437854798, 33.962114337617678 ], [ -118.374929656516244, 33.961873100046425 ], [ -118.375174882968707, 33.961771353601229 ], [ -118.375457963017041, 33.961654032107752 ], [ -118.375711418542451, 33.961549167609178 ], [ -118.376028825155814, 33.961365445628708 ], [ -118.376198216082017, 33.961267024816799 ], [ -118.376329811452294, 33.961197230775817 ], [ -118.376480995016351, 33.961083409629296 ], [ -118.376707797399149, 33.960918860163993 ], [ -118.376932950061985, 33.960754315426442 ], [ -118.377113526328998, 33.960577200759602 ], [ -118.377331925701299, 33.96037798460204 ], [ -118.377459979615082, 33.960254617050254 ], [ -118.377686265164186, 33.959976374477264 ], [ -118.377741144498955, 33.959908708223132 ], [ -118.377855155484269, 33.95976803833338 ], [ -118.377945326982783, 33.959654062965519 ], [ -118.378035285850089, 33.959493031023108 ], [ -118.378148184915759, 33.959300326665208 ], [ -118.378283926163249, 33.959054310705589 ], [ -118.378408280258071, 33.958842678618275 ], [ -118.378410212399089, 33.958836962152091 ], [ -118.378422667968749, 33.958799741042434 ], [ -118.378679965097476, 33.958031549634718 ], [ -118.378895827228376, 33.958002706179535 ], [ -118.378891450331864, 33.957035128377584 ], [ -118.378888217588482, 33.955591479707834 ], [ -118.378877785498389, 33.952556154205716 ], [ -118.378693443880408, 33.952556733109041 ], [ -118.377270334747308, 33.952561192734201 ], [ -118.37430932752595, 33.952570417887479 ], [ -118.37016785795123, 33.952579764061412 ], [ -118.370157202793777, 33.950168548184323 ], [ -118.37015253718144, 33.949112696817487 ], [ -118.370150598182789, 33.947927687709523 ], [ -118.370146767503911, 33.947060749389379 ], [ -118.370144259832514, 33.945420541975835 ], [ -118.37014406713719, 33.945330292530024 ], [ -118.3701380338684, 33.943218580582567 ], [ -118.370132476572053, 33.941960764863019 ], [ -118.370127087883972, 33.94074107530254 ], [ -118.370028181761938, 33.940741378807601 ], [ -118.370028494861614, 33.940485698131653 ], [ -118.370031601508316, 33.938156663463594 ], [ -118.370033714233472, 33.934902849253312 ], [ -118.370027164312035, 33.934539465143992 ], [ -118.370027103633305, 33.934525726040874 ], [ -118.370117760852409, 33.934525447831938 ], [ -118.370123676298462, 33.9339988714244 ], [ -118.370119060950316, 33.931461582716494 ], [ -118.370116276744525, 33.930831301543648 ], [ -118.368377369425204, 33.930833534892166 ], [ -118.368372697006592, 33.929020994240673 ], [ -118.370612634614972, 33.929020313317352 ], [ -118.374204087611048, 33.929012656392374 ], [ -118.376813222684049, 33.929010714005287 ], [ -118.378723505158348, 33.929007820766195 ], [ -118.378727793260921, 33.929956505124728 ], [ -118.378732081460612, 33.93090518955966 ], [ -118.38157036835824, 33.930899676641936 ], [ -118.383170824446822, 33.930897693065106 ], [ -118.387011340998313, 33.930910502661973 ], [ -118.388082624363733, 33.930891259533432 ], [ -118.394299831161007, 33.930880707996749 ], [ -118.395626677154112, 33.930879109971933 ], [ -118.396465632780902, 33.930876698047271 ], [ -118.398216077851558, 33.930874021556001 ], [ -118.399256131648201, 33.930873673817509 ], [ -118.399253316362859, 33.930974666996661 ], [ -118.400729351484799, 33.931149412289628 ], [ -118.401924676514554, 33.931217908931814 ], [ -118.402514930077857, 33.931253723214816 ], [ -118.40373133605668, 33.931249656765054 ], [ -118.40547516577594, 33.931240714387513 ], [ -118.406839913565236, 33.931236117687448 ], [ -118.408855703213575, 33.931226208568965 ], [ -118.411717057421612, 33.931216473072432 ], [ -118.415961273036615, 33.931198816123093 ], [ -118.41596142991618, 33.931230415994939 ], [ -118.418013510573033, 33.931226411286701 ], [ -118.42328960441607, 33.931220371723711 ], [ -118.424993889219209, 33.931214377226503 ], [ -118.426158942868909, 33.931160117008019 ], [ -118.427531028537885, 33.9309787099792 ], [ -118.428267319327063, 33.93088370036142 ], [ -118.428253817418351, 33.930821921388365 ], [ -118.428763120705057, 33.930819768076411 ], [ -118.428751196962722, 33.927201218446285 ], [ -118.427666704232351, 33.927205069704712 ], [ -118.427663065808076, 33.925200517159986 ], [ -118.427659756857153, 33.923583412265572 ], [ -118.426573647068352, 33.923584168249008 ], [ -118.426572662170486, 33.921771957273457 ], [ -118.424393864225209, 33.921766937023598 ], [ -118.424389646098604, 33.919957829208307 ], [ -118.422222462766712, 33.919958911690721 ], [ -118.422223944310957, 33.916327953524465 ] ], [ [ -118.451333099663259, 33.964220198457916 ], [ -118.445829063145439, 33.967332022540511 ], [ -118.438793928338413, 33.971316470711919 ], [ -118.436812666342206, 33.97243998395296 ], [ -118.434813241654282, 33.973569369246739 ], [ -118.433561882771542, 33.974277070579497 ], [ -118.433295555915549, 33.974427700578147 ], [ -118.432270034472467, 33.975012210958432 ], [ -118.432318762440531, 33.975087302330188 ], [ -118.432532171259766, 33.975416582794267 ], [ -118.432686632069462, 33.975627615205532 ], [ -118.432779572009252, 33.975741318609849 ], [ -118.43286913583583, 33.975839920752939 ], [ -118.432957013456729, 33.975931315713893 ], [ -118.432971939039277, 33.97594740590943 ], [ -118.433029965659401, 33.976006620424876 ], [ -118.433094724357673, 33.97607207933396 ], [ -118.433348851384537, 33.976301558870404 ], [ -118.433405184719959, 33.976352149249784 ], [ -118.433558728235667, 33.976494744637854 ], [ -118.433788674812646, 33.976701940743048 ], [ -118.434074088124689, 33.976891590922001 ], [ -118.434237620900475, 33.977002248421655 ], [ -118.434423842047465, 33.977125103573755 ], [ -118.434544688388584, 33.977203111606499 ], [ -118.434853575379833, 33.977406715334276 ], [ -118.435246802969772, 33.977664585120394 ], [ -118.435916950590951, 33.978102126190485 ], [ -118.435775531296088, 33.978171333905969 ], [ -118.436275414209447, 33.978521598813217 ], [ -118.437177562304328, 33.979159618595496 ], [ -118.437999107391803, 33.979835020648473 ], [ -118.438789210081111, 33.980487518082704 ], [ -118.439419186131715, 33.981109336598834 ], [ -118.440322709981245, 33.981999102256673 ], [ -118.440692765225705, 33.982429854696463 ], [ -118.44149263929458, 33.983362925854962 ], [ -118.441706439862884, 33.983403876750231 ], [ -118.443559662670566, 33.983758939373601 ], [ -118.446432411860812, 33.984312346504687 ], [ -118.44861835461991, 33.984730846996165 ], [ -118.45044509241572, 33.985210415779299 ], [ -118.454860045770559, 33.986364793315403 ], [ -118.457350162058589, 33.984778098748805 ], [ -118.459784314542688, 33.983229005714783 ], [ -118.461740104933341, 33.9819819006416 ], [ -118.46328334702136, 33.981000831774004 ], [ -118.46225406237204, 33.979778882405846 ], [ -118.462063220084332, 33.979564935449261 ], [ -118.46192763078318, 33.979202047794423 ], [ -118.461908068744918, 33.97894450915414 ], [ -118.461882879159631, 33.978563681052499 ], [ -118.461795529125411, 33.978275144783815 ], [ -118.461421608966361, 33.978356607289136 ], [ -118.460180023040024, 33.976904287260489 ], [ -118.459051327788146, 33.97558067549501 ], [ -118.45866459879791, 33.975128403190794 ], [ -118.458581539709925, 33.975018460377946 ], [ -118.457897084859638, 33.974102238873392 ], [ -118.456986699814422, 33.972880481433364 ], [ -118.455812229916774, 33.971307987315647 ], [ -118.455079641014578, 33.970323235274442 ], [ -118.454674313363768, 33.969777936415753 ], [ -118.454955671213895, 33.969662495414063 ], [ -118.45268648308317, 33.966284619837324 ], [ -118.452348938177309, 33.965784399005067 ], [ -118.452056485584038, 33.965350987718367 ], [ -118.451567739798421, 33.964617418530175 ], [ -118.451333099663259, 33.964220198457916 ] ], [ [ -118.412461395114931, 33.980297359903041 ], [ -118.412232645101156, 33.980397752018305 ], [ -118.410182082800972, 33.981294363973426 ], [ -118.409955981536697, 33.98092627353082 ], [ -118.409943998558461, 33.980931509439614 ], [ -118.409031087192233, 33.981332619718742 ], [ -118.409038022293728, 33.9813385213073 ], [ -118.409756504754114, 33.981954268808607 ], [ -118.410412368024154, 33.982515697012289 ], [ -118.411025178763708, 33.983040515572959 ], [ -118.411722469982777, 33.983638204939169 ], [ -118.412323714926089, 33.984155499815436 ], [ -118.413040892532493, 33.984768570501075 ], [ -118.41343839658694, 33.985105884509039 ], [ -118.413514246281693, 33.985060155885094 ], [ -118.413879105001286, 33.984840234380478 ], [ -118.414231023934235, 33.984630531909019 ], [ -118.414870695942085, 33.984243975506502 ], [ -118.413919589005616, 33.982686793649812 ], [ -118.413322659697769, 33.981707162459486 ], [ -118.413134780668742, 33.981400731165259 ], [ -118.412461395114931, 33.980297359903041 ] ] ] } },
{ "type": "Feature", "properties": { "OBJECTID": 18, "APREC": "77TH STREET", "PREC": 12, "AREA": 315958991.98799998, "PERIMETER": 114137.81627 }, "geometry": { "type": "Polygon", "coordinates": [ [ [ -118.332170888493465, 33.996321983526002 ], [ -118.332182881811661, 33.995610940499155 ], [ -118.332190203118543, 33.994961736337942 ], [ -118.330791483354005, 33.994981035188673 ], [ -118.329927178531051, 33.994992675267078 ], [ -118.329379545302487, 33.994994858182849 ], [ -118.328153970734903, 33.99500025793332 ], [ -118.326951487709337, 33.995005239195102 ], [ -118.325798489633613, 33.995010074889187 ], [ -118.324686729005975, 33.995014788624232 ], [ -118.323612906831329, 33.995019390386645 ], [ -118.322527538014015, 33.995024013454028 ], [ -118.32240712317288, 33.995024335216534 ], [ -118.321430644968885, 33.995034496657887 ], [ -118.320333781875647, 33.995052869909316 ], [ -118.319797720775725, 33.995061848273735 ], [ -118.319248409824525, 33.995056776526624 ], [ -118.319217070551318, 33.995057202911276 ], [ -118.31866943139525, 33.995057963309129 ], [ -118.318166313185799, 33.995054482061704 ], [ -118.31712545291488, 33.995051726055614 ], [ -118.317120719609846, 33.996415023209195 ], [ -118.317111637097128, 33.999985267773404 ], [ -118.317111441451999, 34.000062495974774 ], [ -118.317106967849554, 34.00149449030927 ], [ -118.317108754683417, 34.00370823575691 ], [ -118.316567670604115, 34.003712404072182 ], [ -118.315998531620977, 34.003713895558015 ], [ -118.315477233197228, 34.003715259317886 ], [ -118.314894896773538, 34.003716780095644 ], [ -118.313916625582877, 34.003716237192641 ], [ -118.313880332727152, 34.003716331584648 ], [ -118.313815995391877, 34.003716498889069 ], [ -118.313274902097987, 34.003718248087097 ], [ -118.311323317684568, 34.003719519679017 ], [ -118.309521854771887, 34.003720374808559 ], [ -118.308908168216462, 34.003720573165495 ], [ -118.308327481313484, 34.003722058033119 ], [ -118.30779627708398, 34.00372135302684 ], [ -118.306733876203069, 34.003721996876365 ], [ -118.305676425587478, 34.003722962318989 ], [ -118.304534840228158, 34.003723787337051 ], [ -118.304001990082824, 34.00372409933 ], [ -118.303436138947944, 34.003722431950862 ], [ -118.30233413091193, 34.003719014852898 ], [ -118.301242021021267, 34.003715562987807 ], [ -118.300169708562834, 34.003712395486843 ], [ -118.2990775988482, 34.003708924036424 ], [ -118.298003636881205, 34.003705741378361 ], [ -118.297805986924047, 34.003705146506491 ], [ -118.29693792337514, 34.003702528870527 ], [ -118.295875509302647, 34.003699298863964 ], [ -118.294785049613992, 34.003695784527039 ], [ -118.29432313192919, 34.003694507488575 ], [ -118.293712754527206, 34.003697368370425 ], [ -118.292162067746986, 34.0037042234867 ], [ -118.291673185043834, 34.003706495001914 ], [ -118.291545091495749, 34.00370708937951 ], [ -118.290952861428721, 34.00370989246462 ], [ -118.290010902312375, 34.003714220485172 ], [ -118.289643025766523, 34.003715790866373 ], [ -118.288965012394826, 34.003718790035073 ], [ -118.287767353387451, 34.003724399448664 ], [ -118.287239459287889, 34.003726687414037 ], [ -118.287138831360792, 34.003727613826626 ], [ -118.284433401802161, 34.00375138348388 ], [ -118.282696338805636, 34.003766610321136 ], [ -118.281566338524556, 34.003778525864753 ], [ -118.281478900967699, 34.003777355891053 ], [ -118.281272345845082, 34.003779430447459 ], [ -118.28116711880871, 34.003780487009891 ], [ -118.281061871922091, 34.003781435343456 ], [ -118.281067431839958, 34.002520916321764 ], [ -118.281051129236317, 34.00180102537221 ], [ -118.281025285258735, 34.001341371969723 ], [ -118.280950901971423, 34.000677909513762 ], [ -118.28088753332041, 34.000206336012987 ], [ -118.280770978962707, 33.999228857617808 ], [ -118.28071788162859, 33.998748683943546 ], [ -118.280650106416019, 33.997931409881204 ], [ -118.280557036909514, 33.996845020024303 ], [ -118.280508227981741, 33.996107533092392 ], [ -118.280491210975256, 33.995754768722684 ], [ -118.280486096535668, 33.995648728477157 ], [ -118.28046807976024, 33.994881151845263 ], [ -118.28047274502066, 33.994190791580067 ], [ -118.280453722697658, 33.992612053373918 ], [ -118.280462282696746, 33.991067572384438 ], [ -118.280466154798489, 33.989185721110019 ], [ -118.280504678869278, 33.983288063524704 ], [ -118.280504680960192, 33.983225045872622 ], [ -118.280625480169007, 33.982389611924006 ], [ -118.280757671050722, 33.980856283849391 ], [ -118.280795493309924, 33.979849437255929 ], [ -118.280807115853165, 33.979220185905319 ], [ -118.280791882648415, 33.974677291136508 ], [ -118.280360288282665, 33.974678735675525 ], [ -118.278834867541491, 33.974683644666108 ], [ -118.278298909597453, 33.974685569098561 ], [ -118.277771196015379, 33.974687128687819 ], [ -118.2776920389678, 33.974687310904919 ], [ -118.276011602013583, 33.974692540891262 ], [ -118.273927132911567, 33.974698665477078 ], [ -118.273427465176255, 33.974703577202895 ], [ -118.270104543690863, 33.97472136660479 ], [ -118.269533954076053, 33.97472332962684 ], [ -118.267355503313993, 33.974735389777834 ], [ -118.265167157284068, 33.97474743234195 ], [ -118.264652637013342, 33.974749249034367 ], [ -118.262959006239356, 33.974754669639182 ], [ -118.261400600973886, 33.97475943008277 ], [ -118.260782199619939, 33.974765577071274 ], [ -118.258597139471135, 33.974774058548135 ], [ -118.256906819721564, 33.974783852354669 ], [ -118.256266924361597, 33.974772372790731 ], [ -118.256262981091425, 33.973483767905805 ], [ -118.256265345717395, 33.971561981116771 ], [ -118.256259937103152, 33.969794434202051 ], [ -118.256262762030929, 33.968023091732746 ], [ -118.256262834701261, 33.967472924797804 ], [ -118.256262964739761, 33.966472614375022 ], [ -118.256260650439714, 33.964638426205589 ], [ -118.256260252047269, 33.962891478418349 ], [ -118.256258067165206, 33.961099538636354 ], [ -118.256260165656258, 33.960178574037641 ], [ -118.256901585299801, 33.960175921441184 ], [ -118.256993919239378, 33.960175724763545 ], [ -118.258585024510396, 33.960169233167775 ], [ -118.260756510954593, 33.960160093479338 ], [ -118.261018672243139, 33.960159183014142 ], [ -118.261521560155373, 33.960157063365244 ], [ -118.262932944460914, 33.960151247398379 ], [ -118.264604843124474, 33.960145187229728 ], [ -118.265102785490598, 33.960143406980045 ], [ -118.266560328612599, 33.960135386233354 ], [ -118.267294048704045, 33.960131701771644 ], [ -118.268017874735278, 33.960128034830369 ], [ -118.268880202566336, 33.960124054906224 ], [ -118.269495207531662, 33.960120965093125 ], [ -118.271676591113987, 33.960113667598648 ], [ -118.273330353627713, 33.960108214299524 ], [ -118.273864569588085, 33.960106315684271 ], [ -118.278230649587172, 33.960096667795774 ], [ -118.278933047064655, 33.960095045667614 ], [ -118.279287543969716, 33.960094225433721 ], [ -118.279429342297021, 33.960093897049475 ], [ -118.279514698790109, 33.960094960530178 ], [ -118.279542433617991, 33.960096278299964 ], [ -118.279684922745247, 33.960097083035137 ], [ -118.280298272545167, 33.960092224574595 ], [ -118.28049283303038, 33.960091772328106 ], [ -118.280679150507197, 33.96009133894794 ], [ -118.280918229064227, 33.960090782422348 ], [ -118.281224910221468, 33.960090067838074 ], [ -118.281317244006544, 33.96008985254246 ], [ -118.281940498125508, 33.960088397446 ], [ -118.282070221363085, 33.960092600906073 ], [ -118.282697306437484, 33.960086626214519 ], [ -118.283243100936474, 33.960095650330572 ], [ -118.283363423870497, 33.960083002419168 ], [ -118.2838646922783, 33.960090067421199 ], [ -118.28700399282134, 33.960066838994443 ], [ -118.288133438049726, 33.960065176933917 ], [ -118.289332100207417, 33.960053377339989 ], [ -118.290421964085894, 33.960049040931509 ], [ -118.290728614119999, 33.960039715225989 ], [ -118.291472221598752, 33.960034829423044 ], [ -118.29166513068094, 33.960033676184011 ], [ -118.291671687514082, 33.959495079760664 ], [ -118.292415111563486, 33.959493279909431 ], [ -118.292472890513253, 33.959513405233089 ], [ -118.29587768155524, 33.959505101962392 ], [ -118.298766393763074, 33.95949798189681 ], [ -118.300237309614985, 33.959494329819172 ], [ -118.300288244056489, 33.959494203034815 ], [ -118.300282558635928, 33.957908360790235 ], [ -118.300274735857826, 33.956646083497134 ], [ -118.300268927754374, 33.955025892872044 ], [ -118.300266424566672, 33.954327600701824 ], [ -118.300265572529838, 33.954089912864532 ], [ -118.300263592675307, 33.953537598984774 ], [ -118.300262392215259, 33.95320270682997 ], [ -118.300260760837361, 33.952747597316232 ], [ -118.300260755789694, 33.952746189145763 ], [ -118.300258623452351, 33.952151318287605 ], [ -118.300264410410023, 33.951925980189756 ], [ -118.300260850978688, 33.950932982135384 ], [ -118.300257505857672, 33.949999750252381 ], [ -118.302400713556068, 33.949994395899907 ], [ -118.302426467028198, 33.949364729394873 ], [ -118.302450591362245, 33.948740562698774 ], [ -118.302453460739699, 33.947252248072488 ], [ -118.302452076391219, 33.945955607640762 ], [ -118.302450329090988, 33.945471646268437 ], [ -118.304077430245059, 33.945467554979217 ], [ -118.30518029807385, 33.94546476937451 ], [ -118.305191814430046, 33.94183826000188 ], [ -118.306822151859322, 33.941836871164554 ], [ -118.30785243969153, 33.941834245631306 ], [ -118.309016263871229, 33.941834360543382 ], [ -118.309019536964939, 33.94093408655953 ], [ -118.309022797318775, 33.940030377864318 ], [ -118.30902255913125, 33.939965804047283 ], [ -118.309024377524821, 33.939118086516807 ], [ -118.309024337183473, 33.938213355971044 ], [ -118.309246860192275, 33.93821003771459 ], [ -118.310143593208565, 33.938210482741901 ], [ -118.311236496680891, 33.938213506314654 ], [ -118.312286530683309, 33.938213539672546 ], [ -118.313386016251414, 33.938213435392385 ], [ -118.313381298554475, 33.940036991982964 ], [ -118.313380624040889, 33.940738040369396 ], [ -118.313378195703592, 33.941851614141129 ], [ -118.313370079190079, 33.943207357891161 ], [ -118.313371176440171, 33.943500688832351 ], [ -118.313371915076004, 33.94546093754456 ], [ -118.314336317750886, 33.945461519236041 ], [ -118.315632073275097, 33.945460883034549 ], [ -118.316551964412113, 33.94546122000731 ], [ -118.317737280271857, 33.945463942333696 ], [ -118.317736544459606, 33.946139230215181 ], [ -118.317739539625052, 33.949102097438391 ], [ -118.317734413729013, 33.950358568456835 ], [ -118.317740902989897, 33.95120008256395 ], [ -118.317740130641482, 33.952731029065319 ], [ -118.317740128354174, 33.952734418809456 ], [ -118.317740362151937, 33.954534608153125 ], [ -118.317744270976746, 33.955565045066777 ], [ -118.317743992472415, 33.956360894299685 ], [ -118.317744834862935, 33.958321488446394 ], [ -118.317739460912719, 33.959512699509361 ], [ -118.317741234303412, 33.959980174232363 ], [ -118.317744756870312, 33.960474092451165 ], [ -118.317744478835976, 33.96083543587882 ], [ -118.317744765507783, 33.960911001989352 ], [ -118.317739945690363, 33.961813686311025 ], [ -118.3177400788868, 33.962718075056294 ], [ -118.317737034196057, 33.963654072552238 ], [ -118.317737254669382, 33.964581474469725 ], [ -118.317737389144284, 33.965486206880833 ], [ -118.317737369856957, 33.966350408905733 ], [ -118.317737590473612, 33.967276419952469 ], [ -118.317737590341082, 33.967277811009133 ], [ -118.317736389124377, 33.967830477333315 ], [ -118.317732843053705, 33.968199730550275 ], [ -118.317733051764506, 33.969124041474082 ], [ -118.317732935999828, 33.969962826324824 ], [ -118.317729543029486, 33.97080711556837 ], [ -118.317740474933743, 33.97080710480801 ], [ -118.319550083563314, 33.970805398568167 ], [ -118.32082478438177, 33.970802015528221 ], [ -118.322330347711102, 33.970798002433781 ], [ -118.324309194221655, 33.970795447077258 ], [ -118.326479980745319, 33.970786953370457 ], [ -118.326570002637339, 33.970786600639578 ], [ -118.326573451137591, 33.969979406814645 ], [ -118.326576552669451, 33.969083252147755 ], [ -118.326576290556147, 33.968170276029987 ], [ -118.326579359845766, 33.967265878002969 ], [ -118.328678485805057, 33.96726017723158 ], [ -118.330853463461196, 33.967254231934142 ], [ -118.331945074563322, 33.967251233237924 ], [ -118.333064717837757, 33.967248147274809 ], [ -118.33306705093122, 33.967834808983874 ], [ -118.333064822560729, 33.968103762448763 ], [ -118.333063460208081, 33.968590481128331 ], [ -118.333062097839544, 33.969077199825314 ], [ -118.333062917433892, 33.969283286784886 ], [ -118.333059053413251, 33.969970263352096 ], [ -118.333062468428622, 33.970828960896469 ], [ -118.333060991272362, 33.971286827494168 ], [ -118.333059673924353, 33.971784881071699 ], [ -118.333063328078921, 33.972703687440927 ], [ -118.334135210412299, 33.972697975727733 ], [ -118.335210389350436, 33.97269190184943 ], [ -118.335211023501103, 33.97449827643355 ], [ -118.335306671217353, 33.97449801064851 ], [ -118.33530136037507, 33.975642853413433 ], [ -118.33529814670365, 33.97731150268821 ], [ -118.33529339221117, 33.97811861810569 ], [ -118.335289310075495, 33.978811517073581 ], [ -118.335286518724502, 33.979761943090139 ], [ -118.335283222572286, 33.980586310749175 ], [ -118.33528439384024, 33.981702627855299 ], [ -118.336207958210323, 33.981696966610528 ], [ -118.337786273234414, 33.981689810580022 ], [ -118.338556605236974, 33.981685114674235 ], [ -118.339559185750346, 33.981678995083257 ], [ -118.339559407212548, 33.981733608164539 ], [ -118.340682529751646, 33.981727350909637 ], [ -118.342846302468388, 33.981712635026774 ], [ -118.344248159833199, 33.981708643593727 ], [ -118.347352035790962, 33.981699748140201 ], [ -118.349990824498036, 33.98169212279204 ], [ -118.35295946054039, 33.981683475296656 ], [ -118.354600456566445, 33.981678663806711 ], [ -118.355814298494423, 33.98167509039569 ], [ -118.358549991593364, 33.981670073482277 ], [ -118.358565575081329, 33.981746633719958 ], [ -118.358580827142831, 33.981842076569826 ], [ -118.358592782222559, 33.981937872699604 ], [ -118.3586030424879, 33.982023026805273 ], [ -118.358606799924743, 33.982130182225788 ], [ -118.358612334598419, 33.982267215356146 ], [ -118.358614809093496, 33.982459902675494 ], [ -118.358613336361273, 33.982501124972124 ], [ -118.35860538134169, 33.982569158182308 ], [ -118.358594067485669, 33.982623118585202 ], [ -118.358546927334245, 33.982784008561062 ], [ -118.358479337838986, 33.983043539704362 ], [ -118.357624447948368, 33.983046076514654 ], [ -118.355696451959432, 33.983051775438859 ], [ -118.354551850515435, 33.983053083273539 ], [ -118.352653604598146, 33.983073759389768 ], [ -118.352649897774867, 33.983760050287074 ], [ -118.352643855503018, 33.985066677697873 ], [ -118.352638404698936, 33.986513789716795 ], [ -118.352672082529693, 33.988635731083569 ], [ -118.352679882274927, 33.989312714577324 ], [ -118.351187440541068, 33.989378550675632 ], [ -118.350334852802987, 33.989416751154948 ], [ -118.34925936134492, 33.989399259804181 ], [ -118.346159931070986, 33.989355637902669 ], [ -118.343605151602134, 33.989394883484998 ], [ -118.342412707084819, 33.989415103687776 ], [ -118.342432024861452, 33.988895358755364 ], [ -118.342408761382927, 33.988450270398964 ], [ -118.340498823241774, 33.988465292405195 ], [ -118.338033057151591, 33.988485277337269 ], [ -118.337771353024053, 33.988487296652444 ], [ -118.337264463037002, 33.988491206275711 ], [ -118.337264801819884, 33.988984790664702 ], [ -118.337772804780755, 33.988981308863679 ], [ -118.337774780713531, 33.989471110384848 ], [ -118.337253579633639, 33.989474629073172 ], [ -118.337268927692392, 33.993284846967782 ], [ -118.337281105574263, 33.996307809541484 ], [ -118.332327562320657, 33.996321552182224 ], [ -118.332170888493465, 33.996321983526002 ] ] ] } },
{ "type": "Feature", "properties": { "OBJECTID": 19, "APREC": "SOUTHEAST", "PREC": 18, "AREA": 261139061.954, "PERIMETER": 111470.973394 }, "geometry": { "type": "Polygon", "coordinates": [ [ [ -118.291671687514082, 33.959495079760664 ], [ -118.29166513068094, 33.960033676184011 ], [ -118.291472221598752, 33.960034829423044 ], [ -118.290728614119999, 33.960039715225989 ], [ -118.290421964085894, 33.960049040931509 ], [ -118.289332100207417, 33.960053377339989 ], [ -118.288133438049726, 33.960065176933917 ], [ -118.28700399282134, 33.960066838994443 ], [ -118.2838646922783, 33.960090067421199 ], [ -118.283363423870497, 33.960083002419168 ], [ -118.283243100936474, 33.960095650330572 ], [ -118.282697306437484, 33.960086626214519 ], [ -118.282070221363085, 33.960092600906073 ], [ -118.281940498125508, 33.960088397446 ], [ -118.281317244006544, 33.96008985254246 ], [ -118.281224910221468, 33.960090067838074 ], [ -118.280918229064227, 33.960090782422348 ], [ -118.280679150507197, 33.96009133894794 ], [ -118.28049283303038, 33.960091772328106 ], [ -118.280298272545167, 33.960092224574595 ], [ -118.279684922745247, 33.960097083035137 ], [ -118.279542433617991, 33.960096278299964 ], [ -118.279514698790109, 33.960094960530178 ], [ -118.279429342297021, 33.960093897049475 ], [ -118.279287543969716, 33.960094225433721 ], [ -118.278933047064655, 33.960095045667614 ], [ -118.278230649587172, 33.960096667795774 ], [ -118.273864569588085, 33.960106315684271 ], [ -118.273330353627713, 33.960108214299524 ], [ -118.271676591113987, 33.960113667598648 ], [ -118.269495207531662, 33.960120965093125 ], [ -118.268880202566336, 33.960124054906224 ], [ -118.268017874735278, 33.960128034830369 ], [ -118.267294048704045, 33.960131701771644 ], [ -118.266560328612599, 33.960135386233354 ], [ -118.265102785490598, 33.960143406980045 ], [ -118.264604843124474, 33.960145187229728 ], [ -118.262932944460914, 33.960151247398379 ], [ -118.261521560155373, 33.960157063365244 ], [ -118.261018672243139, 33.960159183014142 ], [ -118.260756510954593, 33.960160093479338 ], [ -118.258585024510396, 33.960169233167775 ], [ -118.256993919239378, 33.960175724763545 ], [ -118.256901585299801, 33.960175921441184 ], [ -118.256260165656258, 33.960178574037641 ], [ -118.25626017519383, 33.960171790041549 ], [ -118.255899062556864, 33.960165687016833 ], [ -118.255913452343776, 33.956780644126233 ], [ -118.255914616359235, 33.956524255221126 ], [ -118.255928237659617, 33.953525437939412 ], [ -118.255930127114723, 33.953275654832822 ], [ -118.255931760659593, 33.953059669527129 ], [ -118.255059951430368, 33.952091868030088 ], [ -118.254098854342786, 33.951031507770296 ], [ -118.253863560936338, 33.951184509594654 ], [ -118.25353549019178, 33.9511886344551 ], [ -118.253541592809043, 33.950481392928261 ], [ -118.253556041025377, 33.94926337714962 ], [ -118.253570244136043, 33.947419539298529 ], [ -118.25359484582161, 33.947377582931701 ], [ -118.253597224232536, 33.946529522378107 ], [ -118.253637012530646, 33.94327545132041 ], [ -118.253638186525848, 33.943179463615358 ], [ -118.253079348691827, 33.943180637588249 ], [ -118.2491773323883, 33.943175023325026 ], [ -118.24917617576628, 33.943272024252686 ], [ -118.249164137025247, 33.944281059706455 ], [ -118.249150191495161, 33.945134982991746 ], [ -118.249141126124528, 33.94652129208859 ], [ -118.249135714984206, 33.947473433356649 ], [ -118.249032247606038, 33.949269367532409 ], [ -118.249099840452104, 33.949269227953373 ], [ -118.249052396709914, 33.950501393908681 ], [ -118.248938917246861, 33.953368324871903 ], [ -118.247573781079538, 33.953364264957543 ], [ -118.247481516529731, 33.953385406625301 ], [ -118.247451118052979, 33.954257224148186 ], [ -118.246597098270186, 33.954262407942849 ], [ -118.244191643051749, 33.954270736492539 ], [ -118.244192154758977, 33.953315170162945 ], [ -118.243212493206883, 33.953309968859429 ], [ -118.241755341088506, 33.953302217856177 ], [ -118.241755269713138, 33.953277487386494 ], [ -118.240899592020398, 33.953276451530371 ], [ -118.240899658204071, 33.953299464606765 ], [ -118.240390217193962, 33.953301854906492 ], [ -118.239743921471316, 33.953299706416274 ], [ -118.239575715251632, 33.953285957918496 ], [ -118.239021753896623, 33.953286369973149 ], [ -118.238962432473855, 33.953297822374864 ], [ -118.238522230455573, 33.95329766322844 ], [ -118.236523998592489, 33.953294385053546 ], [ -118.236523931671229, 33.953270685017202 ], [ -118.235867754816454, 33.953272313421778 ], [ -118.235114292848422, 33.953270006158895 ], [ -118.233897551313618, 33.953268936925369 ], [ -118.233898747275006, 33.952516367582795 ], [ -118.233910014294366, 33.950647119676205 ], [ -118.23391734514847, 33.949730010493468 ], [ -118.233928420692564, 33.948313110994363 ], [ -118.232343973690604, 33.948331991777486 ], [ -118.232279718751641, 33.948346541721477 ], [ -118.231847798886108, 33.948351494524154 ], [ -118.231649934057515, 33.948339509411227 ], [ -118.228598470861016, 33.948374870838506 ], [ -118.228239585444911, 33.946746419938336 ], [ -118.228060964143594, 33.945929616070018 ], [ -118.228004223820108, 33.94567623389738 ], [ -118.227763868650229, 33.944585792489647 ], [ -118.227625318148512, 33.943951644909291 ], [ -118.227423274726348, 33.943004017596358 ], [ -118.229481207998774, 33.943016955345769 ], [ -118.229101403073969, 33.941181079114756 ], [ -118.228645442771892, 33.939008054217254 ], [ -118.228728738856574, 33.938724524173828 ], [ -118.229008097961639, 33.937803121751067 ], [ -118.229357614159184, 33.936619509054758 ], [ -118.229801916498076, 33.935141352379105 ], [ -118.230143254569796, 33.933989353379232 ], [ -118.230148852367535, 33.93397069650451 ], [ -118.23044379009265, 33.932987533179812 ], [ -118.230830866535143, 33.931691526855758 ], [ -118.230710629167163, 33.931124670520369 ], [ -118.23042510201708, 33.929788389586101 ], [ -118.230238096906362, 33.928914244983638 ], [ -118.231401895933445, 33.928970752335552 ], [ -118.233930602060298, 33.929091931277362 ], [ -118.235013644567417, 33.929149247379961 ], [ -118.236676989210551, 33.929251099010855 ], [ -118.238109538076927, 33.929335866180367 ], [ -118.238940390059753, 33.929386775144046 ], [ -118.239064660096659, 33.929427700464586 ], [ -118.239130114198218, 33.929449255901645 ], [ -118.240213004369622, 33.929450538377232 ], [ -118.241650262175753, 33.929451101501932 ], [ -118.244206641909045, 33.929443203620231 ], [ -118.244879104184747, 33.929437718124412 ], [ -118.246243251859525, 33.929418100610633 ], [ -118.246298168754066, 33.929417310508768 ], [ -118.247746911740265, 33.929400260021147 ], [ -118.250501105984071, 33.929401783036802 ], [ -118.254204652393327, 33.929394032472516 ], [ -118.253531243122225, 33.928541213271586 ], [ -118.253769659672685, 33.928351797682275 ], [ -118.25380212519957, 33.928187202371028 ], [ -118.253812627390701, 33.927301343245212 ], [ -118.253552205569548, 33.927298456324664 ], [ -118.253577309526335, 33.924701345379063 ], [ -118.25358374872954, 33.924106080070722 ], [ -118.253590432117662, 33.923591531174978 ], [ -118.253593872259572, 33.923094507503158 ], [ -118.255034316222179, 33.923094904171855 ], [ -118.261071339421775, 33.923099501394248 ], [ -118.262183152708332, 33.923099136322435 ], [ -118.262936991945423, 33.923098882241739 ], [ -118.269399223139686, 33.923102134512419 ], [ -118.26955181101934, 33.923107179189103 ], [ -118.269603609545783, 33.923108890766763 ], [ -118.273227812452021, 33.923114472807107 ], [ -118.273228361240825, 33.923282776839145 ], [ -118.274370503551552, 33.923283618108513 ], [ -118.277328849305562, 33.923280284910682 ], [ -118.277331464547373, 33.92307453335895 ], [ -118.277639621026708, 33.922565472612582 ], [ -118.277730312068698, 33.9225793464379 ], [ -118.277824296965562, 33.922592182165062 ], [ -118.277858910060615, 33.922593132846487 ], [ -118.277933077075133, 33.922593992350215 ], [ -118.277966040952791, 33.922594603322246 ], [ -118.277990767849531, 33.922596263716827 ], [ -118.278005610825375, 33.922599320816431 ], [ -118.278018819397502, 33.922606503445031 ], [ -118.278027075753414, 33.922611293129982 ], [ -118.278035342367303, 33.922619174112398 ], [ -118.278043615821048, 33.922629115959552 ], [ -118.278050240056132, 33.922638718129164 ], [ -118.278053580671028, 33.922652107054184 ], [ -118.278053631959779, 33.922667563544152 ], [ -118.278052083036087, 33.922697449892055 ], [ -118.278030938191847, 33.923278668039309 ], [ -118.278119940935738, 33.923280180180029 ], [ -118.278388051760743, 33.923120186645143 ], [ -118.279362086763967, 33.923121712120221 ], [ -118.279874647350468, 33.923121553919941 ], [ -118.279906221513329, 33.923199450636453 ], [ -118.280900027587847, 33.923198513429988 ], [ -118.281397758122935, 33.92319907026458 ], [ -118.281411988288141, 33.923171574862586 ], [ -118.28144688246158, 33.923104155065566 ], [ -118.281936332697967, 33.92309305067522 ], [ -118.281959768862976, 33.923200848667157 ], [ -118.282086671923196, 33.923200551844985 ], [ -118.282090800999526, 33.922958387718211 ], [ -118.282112831595313, 33.921669595716168 ], [ -118.282142947903907, 33.919355838397934 ], [ -118.282182510758375, 33.916422420532669 ], [ -118.282182594810038, 33.916416874170174 ], [ -118.282213517449136, 33.914374515675568 ], [ -118.282223387920297, 33.913390764173663 ], [ -118.282222593579803, 33.912176218324745 ], [ -118.282232085758864, 33.909164065281715 ], [ -118.282244897312509, 33.905098407985562 ], [ -118.282264067485897, 33.898069726270606 ], [ -118.282269358219168, 33.897194526463693 ], [ -118.283107068144119, 33.896923273087509 ], [ -118.283071432490104, 33.896128544517943 ], [ -118.283012359243799, 33.894735528179126 ], [ -118.28292962592991, 33.892677589823123 ], [ -118.282779109607759, 33.889083082280237 ], [ -118.282682122135228, 33.886702994966669 ], [ -118.282623132635607, 33.885330931765552 ], [ -118.282572878338257, 33.88410620073239 ], [ -118.282481304015818, 33.881859328305246 ], [ -118.282450763490289, 33.881109970390014 ], [ -118.28234511081908, 33.878596978739061 ], [ -118.282298747672655, 33.877547070006926 ], [ -118.282268152712504, 33.876777061409143 ], [ -118.282185324755375, 33.874680313409186 ], [ -118.282106715053118, 33.872856965797681 ], [ -118.281570476145234, 33.87307186455903 ], [ -118.281567096733141, 33.872764898150706 ], [ -118.282691704185922, 33.872783109180872 ], [ -118.284983578100324, 33.872805217089912 ], [ -118.286335563690329, 33.872802012154338 ], [ -118.29090267039625, 33.872777169352638 ], [ -118.290909144133281, 33.872922593959096 ], [ -118.290978497319102, 33.874396640762271 ], [ -118.29100855505115, 33.874989069927103 ], [ -118.291039711328921, 33.875897841333135 ], [ -118.291077317478781, 33.876766410215339 ], [ -118.291129489093976, 33.878034410795145 ], [ -118.291172914384731, 33.879155079296687 ], [ -118.291199804684965, 33.879782894688596 ], [ -118.291219564828424, 33.880255132282805 ], [ -118.291237510884784, 33.880679285422879 ], [ -118.291250083378046, 33.88097911307834 ], [ -118.291253951864022, 33.88114431801732 ], [ -118.291275614747605, 33.881601235152104 ], [ -118.291296613032813, 33.88204413077171 ], [ -118.291326774825663, 33.882665069734621 ], [ -118.291382586378376, 33.884030266751012 ], [ -118.291533553315119, 33.88765086596235 ], [ -118.291752472100924, 33.893277568366592 ], [ -118.291776627505058, 33.893903196840377 ], [ -118.291785067065035, 33.894121763644868 ], [ -118.291691113872218, 33.894582941336537 ], [ -118.291686615419081, 33.895184043050037 ], [ -118.291682278407322, 33.89677848798884 ], [ -118.291647820462856, 33.90865715402866 ], [ -118.291646185360023, 33.909165714674501 ], [ -118.291622759369133, 33.916448885501943 ], [ -118.291617741879136, 33.91800848864338 ], [ -118.291592916508947, 33.923661558515597 ], [ -118.291592961649982, 33.923695352004152 ], [ -118.291589551284261, 33.924588965424086 ], [ -118.291584901082132, 33.925147133189057 ], [ -118.291679637835912, 33.925848292838054 ], [ -118.291666184177487, 33.929085635009564 ], [ -118.291659646469071, 33.930976858245167 ], [ -118.291659613859821, 33.930986132299168 ], [ -118.291635062134958, 33.940506465116663 ], [ -118.291629850525567, 33.942324182030525 ], [ -118.291629849133159, 33.942325024959459 ], [ -118.291618573031812, 33.949502976281941 ], [ -118.291615441713901, 33.950971368268398 ], [ -118.291597303021675, 33.959495259595542 ], [ -118.291671687514082, 33.959495079760664 ] ] ] } },
{ "type": "Feature", "properties": { "OBJECTID": 20, "APREC": "HARBOR", "PREC": 5, "AREA": 892878007.93200004, "PERIMETER": 272451.13990800001 }, "geometry": { "type": "Polygon", "coordinates": [ [ [ -118.267377193306487, 33.703650806791615 ], [ -118.2674413076262, 33.703652725062533 ], [ -118.267572843542808, 33.703662736634577 ], [ -118.267671508085698, 33.703674195115966 ], [ -118.267768540908207, 33.703689435338433 ], [ -118.267910015235543, 33.70372312396249 ], [ -118.268038305379434, 33.703746194181981 ], [ -118.268673100700582, 33.703836141190187 ], [ -118.268850722594649, 33.703864595873817 ], [ -118.269072780933357, 33.703909780999496 ], [ -118.269311307184779, 33.703964202577367 ], [ -118.269452791406451, 33.704000637142258 ], [ -118.269609095268322, 33.704044938169815 ], [ -118.269824653213448, 33.70411314909083 ], [ -118.269946429986661, 33.704155122838912 ], [ -118.270157090224174, 33.704233648312901 ], [ -118.27031839702407, 33.704299919377128 ], [ -118.270431995106932, 33.70435427600286 ], [ -118.270682279121814, 33.704485949582669 ], [ -118.271205850648897, 33.704745465131047 ], [ -118.277094985479792, 33.707903488800611 ], [ -118.277097867353078, 33.707905027785038 ], [ -118.277237587363402, 33.707901958017715 ], [ -118.277254020410055, 33.707900202776223 ], [ -118.27728522789188, 33.707892230974046 ], [ -118.277331192789504, 33.707872890558527 ], [ -118.277354148014894, 33.707854977078306 ], [ -118.277368809033106, 33.707814413568549 ], [ -118.278506446507535, 33.706348250362893 ], [ -118.278547418399071, 33.706310717033006 ], [ -118.278572023611773, 33.70629486033328 ], [ -118.278604885602675, 33.706290319076238 ], [ -118.278622974675912, 33.706292338002591 ], [ -118.278644407252244, 33.706311179305786 ], [ -118.278651073754034, 33.706338641616995 ], [ -118.278626535753887, 33.706374763023035 ], [ -118.277759188079017, 33.707552817370107 ], [ -118.277754365503824, 33.707585801821203 ], [ -118.277734870769279, 33.707655915133252 ], [ -118.277728431563503, 33.707697146645543 ], [ -118.277731847612131, 33.70773595109582 ], [ -118.277741791446047, 33.707760314646521 ], [ -118.27776492257982, 33.707795638845866 ], [ -118.277794623534291, 33.707829230506341 ], [ -118.277886956340112, 33.707912480908426 ], [ -118.277934751343295, 33.707949465447385 ], [ -118.278106074512721, 33.708057950048392 ], [ -118.278333373001175, 33.708191378341361 ], [ -118.278496425404711, 33.708284081817979 ], [ -118.278825806516309, 33.708465702326251 ], [ -118.278926240720153, 33.708512868592472 ], [ -118.279044764608869, 33.708562053638794 ], [ -118.279122112761314, 33.708587634561965 ], [ -118.279199448404029, 33.708609437271711 ], [ -118.279373836162208, 33.708649905496564 ], [ -118.279599190294178, 33.708691972356867 ], [ -118.279951220144852, 33.708762595659941 ], [ -118.280077891143478, 33.708789778513619 ], [ -118.280456280234461, 33.708877169088659 ], [ -118.28071454547856, 33.708928774333842 ], [ -118.280967891999254, 33.708984168709705 ], [ -118.281063295219496, 33.709001119405315 ], [ -118.281226125691489, 33.709026155712898 ], [ -118.281857679168553, 33.709113636601941 ], [ -118.282053362633434, 33.709131038408337 ], [ -118.282285193416328, 33.709142859507757 ], [ -118.282416713138915, 33.709144955056004 ], [ -118.282877005040135, 33.709144216810785 ], [ -118.283320815118088, 33.70913080716128 ], [ -118.283434213757658, 33.70912160970186 ], [ -118.283646195035317, 33.709097066905997 ], [ -118.283886059710156, 33.709053910428054 ], [ -118.284047049800435, 33.709020556996755 ], [ -118.284219512147558, 33.708976872075183 ], [ -118.284373877558636, 33.708929108030723 ], [ -118.284524930584112, 33.708874138709071 ], [ -118.284762967489286, 33.708777059677843 ], [ -118.284817114488987, 33.708747049386538 ], [ -118.284841713408781, 33.708729474051324 ], [ -118.284887609466807, 33.708690209521151 ], [ -118.284908906604329, 33.708668520327493 ], [ -118.284956384734215, 33.708611048000101 ], [ -118.284985810371765, 33.708562548707206 ], [ -118.284998828606163, 33.708523362035784 ], [ -118.285010053789037, 33.708440215179301 ], [ -118.285019778404831, 33.708399318950619 ], [ -118.285031199332963, 33.708373874947029 ], [ -118.285047556555426, 33.708349793131738 ], [ -118.285108146972476, 33.708280955088945 ], [ -118.285124506486284, 33.708257560202291 ], [ -118.285135930860847, 33.708233146597358 ], [ -118.285140776222903, 33.708207718172964 ], [ -118.285135708193295, 33.708167543950317 ], [ -118.285112412990983, 33.708084822396131 ], [ -118.285105696445783, 33.708043278192541 ], [ -118.285105603191951, 33.708015800644738 ], [ -118.285110393763148, 33.707974229163185 ], [ -118.28512335822407, 33.707919242892075 ], [ -118.28513313168726, 33.707892772369753 ], [ -118.285159266899498, 33.707843593895468 ], [ -118.285187099586224, 33.707810211107308 ], [ -118.285298530427212, 33.707706218254195 ], [ -118.28544756332164, 33.707541341500111 ], [ -118.285491752720176, 33.70748387677429 ], [ -118.285563714912726, 33.707375512224743 ], [ -118.285588200013976, 33.707324620217726 ], [ -118.285620761911673, 33.707231805431974 ], [ -118.285648392169023, 33.707139002351703 ], [ -118.285708390149779, 33.706896368559711 ], [ -118.285724647594506, 33.706843091768945 ], [ -118.285767033690092, 33.706738919031963 ], [ -118.285786627836075, 33.706700060131638 ], [ -118.285817696171534, 33.70665155674309 ], [ -118.285847174385012, 33.706618856840194 ], [ -118.285893071157744, 33.706580278877489 ], [ -118.285919311893863, 33.706562355950751 ], [ -118.285975097389667, 33.706531310832482 ], [ -118.286004640981972, 33.706517845170076 ], [ -118.286034191581507, 33.706506440316005 ], [ -118.286080173590364, 33.706492935538364 ], [ -118.286160669271936, 33.706477287795437 ], [ -118.286308543751289, 33.706455984063645 ], [ -118.286487651159646, 33.706434605754687 ], [ -118.286663439148526, 33.706403961345757 ], [ -118.286727497394537, 33.70638869587345 ], [ -118.286773478055011, 33.706374847361737 ], [ -118.286893323626558, 33.706329223226099 ], [ -118.287008207040827, 33.706274680539927 ], [ -118.287129611657804, 33.706204322461772 ], [ -118.287314904851044, 33.706069238908853 ], [ -118.287764287395106, 33.705767969958252 ], [ -118.287882393575003, 33.705694871238443 ], [ -118.287911725056318, 33.705679645321545 ], [ -118.287966080447006, 33.705651393414456 ], [ -118.288080964593476, 33.705597536647581 ], [ -118.288304229051136, 33.705510790168702 ], [ -118.288481514376215, 33.705438235925996 ], [ -118.288557035841535, 33.705410576989408 ], [ -118.2886177841023, 33.70538913595545 ], [ -118.288694963463541, 33.705365594617682 ], [ -118.28874259650479, 33.705354489162758 ], [ -118.288823096503776, 33.705340556986435 ], [ -118.289002209165076, 33.705321579220545 ], [ -118.289215878621818, 33.705313165722991 ], [ -118.289493582453019, 33.705282958988697 ], [ -118.289692293941769, 33.705227181511511 ], [ -118.289912367681595, 33.705169291380045 ], [ -118.290024064262084, 33.705144979032902 ], [ -118.29016862880222, 33.705118182981131 ], [ -118.290314847748348, 33.705094474009954 ], [ -118.290347700325256, 33.70508752526117 ], [ -118.290392034674042, 33.705073335868136 ], [ -118.290421580607742, 33.705060899531183 ], [ -118.290462597611736, 33.705038131322738 ], [ -118.290513432345477, 33.705002287448906 ], [ -118.290560966341786, 33.704962673336205 ], [ -118.290582264633684, 33.704942013557705 ], [ -118.290601902469191, 33.704916549179664 ], [ -118.290649290215129, 33.704834688329896 ], [ -118.290678781359802, 33.704806452350482 ], [ -118.290703409989305, 33.704798149493293 ], [ -118.290731364269902, 33.704800829695543 ], [ -118.290777456338844, 33.704819609223136 ], [ -118.290859785995167, 33.704859596362851 ], [ -118.290891050520244, 33.704868794490281 ], [ -118.290918996504587, 33.704869070365071 ], [ -118.290945254665957, 33.704856641852473 ], [ -118.290969833320503, 33.704833913237493 ], [ -118.291025476591955, 33.704762679897833 ], [ -118.291046771149155, 33.704740989630345 ], [ -118.291066457586751, 33.704729607410975 ], [ -118.291084550193474, 33.704732654869865 ], [ -118.291109291827624, 33.704756981495748 ], [ -118.291158957266504, 33.704858185507952 ], [ -118.291183759673601, 33.704900029044296 ], [ -118.291193661833134, 33.704911339645307 ], [ -118.291261276052452, 33.70497403129297 ], [ -118.291286001136257, 33.704993549315617 ], [ -118.291338721100971, 33.705027425344745 ], [ -118.291381526991458, 33.705046556074684 ], [ -118.291411147828143, 33.705055758049802 ], [ -118.291475297133886, 33.705067280643966 ], [ -118.291575593710007, 33.705073906964877 ], [ -118.291707113256876, 33.705077709698266 ], [ -118.291774506114251, 33.705076515800862 ], [ -118.291887903128782, 33.705068684253085 ], [ -118.291970055696908, 33.705057493734408 ], [ -118.292098189679521, 33.705033139553279 ], [ -118.292597621019667, 33.704949148754849 ], [ -118.292821040708503, 33.704908762229323 ], [ -118.292952485795141, 33.704891268516008 ], [ -118.293277840626331, 33.704856128349149 ], [ -118.293442149753488, 33.70483511923392 ], [ -118.293506221171, 33.704824315253028 ], [ -118.29358505925758, 33.704805575334817 ], [ -118.293631035520107, 33.704791037266503 ], [ -118.293811627568076, 33.704725679998823 ], [ -118.293944594591991, 33.704673490808048 ], [ -118.294023416812124, 33.704650285504812 ], [ -118.294118689079326, 33.704630474641291 ], [ -118.294332269624604, 33.704597322280982 ], [ -118.294398011031618, 33.704594070122056 ], [ -118.294444061673559, 33.704600826826123 ], [ -118.2945082387414, 33.704620247590476 ], [ -118.294539518027193, 33.704633566398044 ], [ -118.294582340102664, 33.704657161085564 ], [ -118.294607062251387, 33.704675648017243 ], [ -118.294626856600999, 33.704695177432242 ], [ -118.294648347772338, 33.704729815456282 ], [ -118.294661636780887, 33.704769282181509 ], [ -118.294671698418625, 33.704825930415019 ], [ -118.294690022500987, 33.704894923396303 ], [ -118.294708239378295, 33.704933347626415 ], [ -118.294766124714172, 33.705033499603509 ], [ -118.294786032474747, 33.705085315088503 ], [ -118.294789412907974, 33.705111754150657 ], [ -118.294789558740106, 33.705153313911794 ], [ -118.294781632517612, 33.705236797049857 ], [ -118.29478501536596, 33.705263923050978 ], [ -118.294791684650363, 33.705290697524532 ], [ -118.294823200482156, 33.705371336205452 ], [ -118.294854610290898, 33.705421749596923 ], [ -118.294892566494042, 33.705463903599387 ], [ -118.294917278096662, 33.705479299247514 ], [ -118.294965003237635, 33.705494638449977 ], [ -118.295034100518095, 33.705510612150199 ], [ -118.295076901464228, 33.705528024220669 ], [ -118.295099976534033, 33.705545484679256 ], [ -118.295118135824325, 33.705567422333296 ], [ -118.295139640694629, 33.705605838434508 ], [ -118.2951545823461, 33.705647705360384 ], [ -118.295161257812495, 33.705676197160642 ], [ -118.295164736135675, 33.705730457213939 ], [ -118.295153363284783, 33.705768610527244 ], [ -118.295140301947214, 33.705794059515853 ], [ -118.295107603926866, 33.705844973623591 ], [ -118.295084772474397, 33.705896893931047 ], [ -118.295070218062122, 33.705965280588295 ], [ -118.295067028112726, 33.705993109654905 ], [ -118.295067222338645, 33.706048408187094 ], [ -118.295073938824856, 33.706088577944953 ], [ -118.295087227041847, 33.706127701162217 ], [ -118.29515178674832, 33.706255657840174 ], [ -118.295171697450002, 33.706308160209325 ], [ -118.295185036435299, 33.706361709121815 ], [ -118.295208529363123, 33.706498009892883 ], [ -118.295199151485591, 33.706636108709141 ], [ -118.295199392869918, 33.706704802544529 ], [ -118.295202920744785, 33.706773144841719 ], [ -118.295214812713226, 33.70688268326699 ], [ -118.295246522687449, 33.707018276927535 ], [ -118.295254932684443, 33.707072524882811 ], [ -118.295255172908469, 33.707140875253444 ], [ -118.29522814471656, 33.707401980453483 ], [ -118.295228288355631, 33.707442853290203 ], [ -118.295233411865013, 33.707497452790143 ], [ -118.295238438813513, 33.707524574752547 ], [ -118.295260093930537, 33.707605581027508 ], [ -118.295280005019833, 33.707658083389539 ], [ -118.295331319858619, 33.707758938218277 ], [ -118.295420610507904, 33.707907098916756 ], [ -118.295516462467688, 33.708051121764861 ], [ -118.295577573407911, 33.708132717981094 ], [ -118.295628723301959, 33.708186517402467 ], [ -118.295661708411401, 33.708217005347372 ], [ -118.295777130482833, 33.708316328495329 ], [ -118.296065736485659, 33.7085787181271 ], [ -118.296100360949566, 33.70860782802972 ], [ -118.296149804618736, 33.708643770878425 ], [ -118.296189343841561, 33.708668060042342 ], [ -118.296258519064494, 33.708705328141725 ], [ -118.296599396520008, 33.708872445927462 ], [ -118.296734469651497, 33.708949737483202 ], [ -118.29699635833218, 33.70909334942246 ], [ -118.297169255142165, 33.709174325282603 ], [ -118.297408046787893, 33.709294293811425 ], [ -118.297628666164485, 33.70938888989027 ], [ -118.297699473130791, 33.709422374934661 ], [ -118.297995896645645, 33.709568647008048 ], [ -118.298172067358138, 33.709645148185295 ], [ -118.298246139398501, 33.709672098841402 ], [ -118.298308667556626, 33.709688773914785 ], [ -118.298389271382774, 33.709703343278434 ], [ -118.298504404585515, 33.709719887728639 ], [ -118.298650765948807, 33.709734637168054 ], [ -118.29873300034933, 33.709745424057083 ], [ -118.298811970170519, 33.70976274497513 ], [ -118.298920575574343, 33.709792700666604 ], [ -118.299078523975354, 33.70982974648993 ], [ -118.299206840562007, 33.709855187766365 ], [ -118.299318694882643, 33.7098741439018 ], [ -118.299547303561212, 33.70990311337615 ], [ -118.300282407363838, 33.709978561586745 ], [ -118.300428791600268, 33.70999949131042 ], [ -118.300588368990248, 33.710032065944858 ], [ -118.300728237995614, 33.710069841733691 ], [ -118.300851672912117, 33.71010903235937 ], [ -118.301016287030833, 33.710170788980847 ], [ -118.301245186549664, 33.710280470515805 ], [ -118.30156961892115, 33.710441432980481 ], [ -118.301737614589641, 33.710528940572431 ], [ -118.301833155801987, 33.71058262601295 ], [ -118.302233494042099, 33.710822051372119 ], [ -118.302505302357858, 33.710976961057952 ], [ -118.302604111399887, 33.711024798641638 ], [ -118.302693013643804, 33.711060639541905 ], [ -118.302739101918647, 33.711076666748276 ], [ -118.30287898229912, 33.711116844327286 ], [ -118.302976038771476, 33.711134460444924 ], [ -118.303040165807005, 33.711138077086424 ], [ -118.303204507093994, 33.711123237061656 ], [ -118.303270269384228, 33.711124445150894 ], [ -118.303337688012277, 33.711129083751381 ], [ -118.303403473879072, 33.711136817684995 ], [ -118.303451178969127, 33.711145284146511 ], [ -118.303513705533987, 33.711160926109571 ], [ -118.303602605827365, 33.711196079399585 ], [ -118.303759059066593, 33.711272965676052 ], [ -118.303923781986967, 33.711363569753033 ], [ -118.304055594145524, 33.711445326525158 ], [ -118.304104292424185, 33.71147263827018 ], [ -118.304137958999064, 33.711491487063149 ], [ -118.30429277182489, 33.711569063744463 ], [ -118.304394861754844, 33.711614487257584 ], [ -118.304468947487138, 33.711644181843972 ], [ -118.304544664763739, 33.71167043752888 ], [ -118.304714180361273, 33.711722216004922 ], [ -118.305107459936437, 33.711824947696329 ], [ -118.305201244774423, 33.711846691992882 ], [ -118.305313116831172, 33.711869420721939 ], [ -118.305490766861453, 33.71189747785445 ], [ -118.305589446241399, 33.711908905241579 ], [ -118.305688114399246, 33.711917241323654 ], [ -118.305982451270495, 33.711935727349093 ], [ -118.306079474298187, 33.71194372382304 ], [ -118.306163353260686, 33.711953814513038 ], [ -118.306567979145598, 33.712011517654901 ], [ -118.306678217872161, 33.712036997059762 ], [ -118.306755566348059, 33.712059468999897 ], [ -118.306864190100541, 33.712092852222099 ], [ -118.306984354243085, 33.712135136178368 ], [ -118.307063345589057, 33.712157260255651 ], [ -118.307125864789356, 33.712170496057858 ], [ -118.307287076520765, 33.712198592515833 ], [ -118.307418665752294, 33.712218177661327 ], [ -118.307481192597251, 33.712233474095015 ], [ -118.307510822760719, 33.712244045992215 ], [ -118.307553638526088, 33.7122638579255 ], [ -118.307649185428417, 33.712317538759947 ], [ -118.307706825812332, 33.712345212587906 ], [ -118.307942274277224, 33.712443530101176 ], [ -118.308106908261294, 33.712508024794417 ], [ -118.308194181803074, 33.712546957071844 ], [ -118.308248543423659, 33.712577043351423 ], [ -118.308367179730524, 33.712650585853638 ], [ -118.308609191803214, 33.712745107043503 ], [ -118.308760632238858, 33.712797956630965 ], [ -118.308823166073296, 33.712814969715133 ], [ -118.308856069389165, 33.712821411207422 ], [ -118.308903770933213, 33.712828501630966 ], [ -118.308969552326673, 33.712834515175324 ], [ -118.309101102503348, 33.712843107462582 ], [ -118.309216192809885, 33.712846246361643 ], [ -118.309281967916661, 33.712850542388388 ], [ -118.309395454755119, 33.712864676362578 ], [ -118.309508965676656, 33.712885336147437 ], [ -118.309586311893426, 33.712906775861931 ], [ -118.309764126398278, 33.712978447295221 ], [ -118.309966560209432, 33.713039063899345 ], [ -118.310103172051257, 33.713082676255247 ], [ -118.310178893653642, 33.713109271868227 ], [ -118.310223349387627, 33.713127704736699 ], [ -118.310266171317608, 33.713148889584431 ], [ -118.310305714204731, 33.713172487185211 ], [ -118.310445809868142, 33.713268984952101 ], [ -118.310577708827708, 33.713371686231326 ], [ -118.310787074626404, 33.713528112432762 ], [ -118.310922324668198, 33.713647634841799 ], [ -118.31106249178606, 33.713763022713401 ], [ -118.311111946163166, 33.713799302908136 ], [ -118.311217410631826, 33.713866350712074 ], [ -118.311406873991118, 33.713975084644346 ], [ -118.311562392889556, 33.714059906059191 ], [ -118.311681979566472, 33.714125156580508 ], [ -118.311765982483038, 33.714167872959237 ], [ -118.31188289468065, 33.714218403822763 ], [ -118.312210539573172, 33.714349447314859 ], [ -118.312297814376052, 33.71438768968661 ], [ -118.312482274206573, 33.71447651351334 ], [ -118.312655097306759, 33.714530676562937 ], [ -118.312748896070673, 33.714554819268827 ], [ -118.312845957305512, 33.714572083961556 ], [ -118.312975907550367, 33.714591667310117 ], [ -118.313087778965254, 33.714612671470036 ], [ -118.313247372588322, 33.714645916269895 ], [ -118.313420154239523, 33.714688743731124 ], [ -118.313564932878151, 33.714716874622916 ], [ -118.313647176635371, 33.714728338261473 ], [ -118.313712947028719, 33.714730914519258 ], [ -118.3137606102961, 33.714727355467097 ], [ -118.313835717211688, 33.714712476060114 ], [ -118.31393803299828, 33.714692201764571 ], [ -118.314034990627874, 33.714681644476727 ], [ -118.314299628740159, 33.714668588229031 ], [ -118.314381823702405, 33.714666999528148 ], [ -118.314431151477919, 33.714668931423553 ], [ -118.314478846826418, 33.714673958821642 ], [ -118.31468777792854, 33.714711537851976 ], [ -118.314819356087384, 33.714726649805925 ], [ -118.314903218276683, 33.714731238894771 ], [ -118.314965672371258, 33.714726266749217 ], [ -118.315013309821822, 33.714715837812825 ], [ -118.315074063210218, 33.714695757263542 ], [ -118.315400715471625, 33.714560603299255 ], [ -118.315471277185523, 33.714525727500522 ], [ -118.315618915774223, 33.71443981546345 ], [ -118.315773149411697, 33.714359038022707 ], [ -118.315845363837084, 33.714326561975035 ], [ -118.315935658272565, 33.714293007976508 ], [ -118.316012835571613, 33.714268762138254 ], [ -118.316091674914219, 33.714249320501125 ], [ -118.316122890114841, 33.71424374289986 ], [ -118.316188631761904, 33.714238761477965 ], [ -118.316303706138669, 33.714237085024877 ], [ -118.31635464665473, 33.714230768543601 ], [ -118.316402283651854, 33.714220339057881 ], [ -118.316464689400547, 33.714202657768467 ], [ -118.316725770860955, 33.714118850149582 ], [ -118.31692276860413, 33.714043797654057 ], [ -118.3169523098762, 33.71403032437474 ], [ -118.316978555383955, 33.714014798937328 ], [ -118.317001505127294, 33.713997221343938 ], [ -118.317021155217788, 33.713976561188474 ], [ -118.317040744370985, 33.713939757971467 ], [ -118.317074908989525, 33.713844525962735 ], [ -118.317087966229792, 33.713819418030852 ], [ -118.317115788206465, 33.713786027825307 ], [ -118.317174782310261, 33.713735725252214 ], [ -118.317201019902967, 33.713718138951045 ], [ -118.317243677857178, 33.71369535724417 ], [ -118.317320836064965, 33.713666301998472 ], [ -118.317375026489643, 33.713650015801157 ], [ -118.317430872556287, 33.713636816464543 ], [ -118.317481811325436, 33.713630156037134 ], [ -118.31751140429246, 33.713630421393638 ], [ -118.317534439510098, 33.71363551267379 ], [ -118.317550922174789, 33.713646803758621 ], [ -118.317559216095901, 33.713666359807156 ], [ -118.31755937190978, 33.713707576124257 ], [ -118.317541715261626, 33.713820625272014 ], [ -118.317541874962316, 33.713862871998053 ], [ -118.31753555998695, 33.713931926692105 ], [ -118.317534123735371, 33.71398688612399 ], [ -118.31753920890894, 33.714027402483985 ], [ -118.317545886141545, 33.714054175730631 ], [ -118.317597296550019, 33.714172194621099 ], [ -118.317605616506754, 33.714198620054695 ], [ -118.317610699130256, 33.71423844947428 ], [ -118.317601039053855, 33.714292400207 ], [ -118.317571805540396, 33.714387275880448 ], [ -118.317567078712798, 33.71444155705899 ], [ -118.317572163929739, 33.714482073420385 ], [ -118.317585521089697, 33.714536306852089 ], [ -118.317607146319176, 33.714603226943638 ], [ -118.317660302465129, 33.714748032086092 ], [ -118.317716636382556, 33.714863633626635 ], [ -118.317751398266012, 33.714926397321499 ], [ -118.317794358152028, 33.714983300309484 ], [ -118.317815808227934, 33.715003852002297 ], [ -118.317875174499164, 33.715051781317491 ], [ -118.317964186329377, 33.715113714624046 ], [ -118.318030106702352, 33.71515578749996 ], [ -118.318097658146883, 33.715194421298399 ], [ -118.31822777843422, 33.715258306525065 ], [ -118.31828870584151, 33.715284249247766 ], [ -118.318319981153678, 33.715294470667082 ], [ -118.318349599442101, 33.715301261735718 ], [ -118.318380846127695, 33.71530392681278 ], [ -118.318412074587798, 33.715301783310366 ], [ -118.318441642105043, 33.715295179050393 ], [ -118.318472840609573, 33.715285135736423 ], [ -118.318579530868746, 33.71523985825884 ], [ -118.318610725427902, 33.715228784501022 ], [ -118.318694275578309, 33.715150938296915 ], [ -118.318741808542271, 33.715113030333491 ], [ -118.318781178766741, 33.715090256789772 ], [ -118.318855051008683, 33.715061552737417 ], [ -118.318966736710792, 33.71503309184213 ], [ -118.319096512953578, 33.715006300215258 ], [ -118.319145805802918, 33.71499895650453 ], [ -118.319211555693101, 33.714996034245971 ], [ -118.319259250207935, 33.715000716279341 ], [ -118.319292152568963, 33.715006467980075 ], [ -118.319341522440922, 33.715019388881281 ], [ -118.319387619981512, 33.715036440125502 ], [ -118.31942880249224, 33.7150579695519 ], [ -118.319453526638426, 33.715074734057822 ], [ -118.319481596293187, 33.715106602477192 ], [ -118.319534543021433, 33.715195421295334 ], [ -118.31955107460584, 33.715219420475258 ], [ -118.319570885078932, 33.715241006631594 ], [ -118.319640157119352, 33.715299556419708 ], [ -118.319763808587609, 33.715391278480389 ], [ -118.319866012236631, 33.715463136029136 ], [ -118.319908911041523, 33.715503551736298 ], [ -118.31995681128339, 33.715562158185918 ], [ -118.319989885314627, 33.715612904185214 ], [ -118.320006472067689, 33.715651329018172 ], [ -118.320013193396733, 33.715689436624096 ], [ -118.320008356851446, 33.715714523011187 ], [ -118.319998588235023, 33.71573962251972 ], [ -118.319931566598825, 33.715840438358384 ], [ -118.319910390491629, 33.715892015613385 ], [ -118.319877861818895, 33.715984496329391 ], [ -118.319848513889852, 33.716048803803069 ], [ -118.319825636108177, 33.716085272762506 ], [ -118.319770005839274, 33.716155489138089 ], [ -118.319745481347979, 33.71619127551471 ], [ -118.31972430111604, 33.716241822331391 ], [ -118.31971952328216, 33.7162823648328 ], [ -118.319719681468186, 33.716323924632682 ], [ -118.319724932562934, 33.716407718062023 ], [ -118.319725298620213, 33.716503889501944 ], [ -118.3197287958738, 33.71655883587092 ], [ -118.3197322408368, 33.716600043462819 ], [ -118.319740668913553, 33.716654633252226 ], [ -118.319760705970765, 33.716735639595207 ], [ -118.319810471856812, 33.716852288079878 ], [ -118.319845236127762, 33.71691505118828 ], [ -118.319894825650707, 33.716985331264681 ], [ -118.319924541467302, 33.717017538686861 ], [ -118.320092815472691, 33.717169592984533 ], [ -118.320208274802823, 33.717267862408967 ], [ -118.320351738347611, 33.717380483008334 ], [ -118.320414382755274, 33.717424967635282 ], [ -118.320533049666494, 33.717501932885263 ], [ -118.320587424156486, 33.717533387488103 ], [ -118.320658241894009, 33.717565485178433 ], [ -118.320702690483557, 33.717580822960556 ], [ -118.320798133778453, 33.717603581138988 ], [ -118.321026814214733, 33.717643844312001 ], [ -118.321109036908425, 33.717648776933345 ], [ -118.321156698891556, 33.717644528009806 ], [ -118.321187911077502, 33.717637918682797 ], [ -118.321250311789797, 33.717618517554008 ], [ -118.321371807927264, 33.717575258881595 ], [ -118.32154094480039, 33.717522255499603 ], [ -118.321619783286792, 33.717502123290629 ], [ -118.321795557924631, 33.717465245031768 ], [ -118.32185796494872, 33.717447560935504 ], [ -118.321948260337194, 33.717414002407665 ], [ -118.322035239891022, 33.717373239757073 ], [ -118.32207625038518, 33.717349430317121 ], [ -118.322150027326742, 33.717295650961823 ], [ -118.322240139282698, 33.717214349963172 ], [ -118.322299074738638, 33.717148932195741 ], [ -118.322351416771767, 33.717079066921428 ], [ -118.322390703888942, 33.717034653615471 ], [ -118.322484075733357, 33.716946130766296 ], [ -118.3225234115137, 33.716914425786463 ], [ -118.322562773643455, 33.716889590182284 ], [ -118.322589038793538, 33.716879215555281 ], [ -118.322613684956565, 33.716875371251071 ], [ -118.322658113747778, 33.716885556267727 ], [ -118.322707534065188, 33.716911184159478 ], [ -118.322750409902028, 33.716945072942941 ], [ -118.322761964417509, 33.716957063492231 ], [ -118.322776849264315, 33.716980036238432 ], [ -118.322780219188658, 33.717001322519017 ], [ -118.322770490845116, 33.717036726340204 ], [ -118.322734515779445, 33.717087313397599 ], [ -118.322673911586691, 33.717146209868979 ], [ -118.322637848024954, 33.71717378444621 ], [ -118.322583703833146, 33.7172024379229 ], [ -118.322462231274429, 33.717251536797498 ], [ -118.322322767565439, 33.717325070342902 ], [ -118.322242389454317, 33.717372341502937 ], [ -118.322189908816398, 33.717406142440439 ], [ -118.322068599034196, 33.71749783113129 ], [ -118.32206899938636, 33.717602245846798 ], [ -118.322074140961988, 33.717656844285017 ], [ -118.32207917586787, 33.717683621696686 ], [ -118.322097989316035, 33.717739643285398 ], [ -118.322105785089335, 33.717762892704961 ], [ -118.322135627165139, 33.717827729184485 ], [ -118.322163767259198, 33.717877457403695 ], [ -118.322206738231131, 33.717936076188174 ], [ -118.322246367104583, 33.717980621518272 ], [ -118.322309085449788, 33.718043995983955 ], [ -118.322411361740095, 33.718133368342144 ], [ -118.322495461155356, 33.71819874623899 ], [ -118.322582836974036, 33.718261024034064 ], [ -118.322762508025349, 33.718382131505955 ], [ -118.322895988326209, 33.718462489425598 ], [ -118.323019558187909, 33.718530852256556 ], [ -118.323120027911344, 33.718577638215478 ], [ -118.32322540222826, 33.718617197977636 ], [ -118.323393321758218, 33.71867479357995 ], [ -118.323516769308469, 33.718711213238372 ], [ -118.323628651491887, 33.718732894546122 ], [ -118.323727342691768, 33.718744650533203 ], [ -118.323826011408713, 33.718750567457782 ], [ -118.323972337309755, 33.718750860383558 ], [ -118.324186045365551, 33.718744445557284 ], [ -118.324401408081982, 33.718740773673304 ], [ -118.324631623262931, 33.718751487189159 ], [ -118.324827270283834, 33.718751302481529 ], [ -118.325073915730343, 33.718759222995864 ], [ -118.325172591207519, 33.71876685616332 ], [ -118.325253193771886, 33.718777629378444 ], [ -118.325480226140627, 33.718815484250953 ], [ -118.325592108969687, 33.718837163732793 ], [ -118.325654648045173, 33.718853481142233 ], [ -118.325717199131944, 33.718872889744553 ], [ -118.325865385200316, 33.718928817972511 ], [ -118.325939490303696, 33.71895987324362 ], [ -118.326069603721365, 33.719018941449825 ], [ -118.326267273009918, 33.719115951809599 ], [ -118.326385834229598, 33.719163716397567 ], [ -118.326537300090564, 33.719217230591468 ], [ -118.326723308098437, 33.719274772453936 ], [ -118.326859953482753, 33.719322143981977 ], [ -118.32700978653537, 33.719378409805763 ], [ -118.327182721401499, 33.719456251416126 ], [ -118.327273277782297, 33.719489665433379 ], [ -118.327492187583488, 33.719551925213082 ], [ -118.327645274831269, 33.719599251087594 ], [ -118.327739091603803, 33.719625442938622 ], [ -118.32816533310195, 33.719731787922122 ], [ -118.328384232110096, 33.719790954855092 ], [ -118.328831972319492, 33.719928838322502 ], [ -118.329064060139544, 33.719996898270246 ], [ -118.329195771660778, 33.720043250234411 ], [ -118.329269877632186, 33.72007395998935 ], [ -118.329337434161232, 33.720111557094945 ], [ -118.329480836659414, 33.720204245621289 ], [ -118.329602786505134, 33.720276727844414 ], [ -118.329645614270817, 33.720297218875821 ], [ -118.329690064598736, 33.720312209873491 ], [ -118.329769049386016, 33.720329167022562 ], [ -118.329818399721589, 33.720335901182359 ], [ -118.329885829904853, 33.720341211846879 ], [ -118.329951599793532, 33.720342405349236 ], [ -118.330015699931465, 33.720337077405631 ], [ -118.330143836732418, 33.72031027834894 ], [ -118.330193131728237, 33.720302930105063 ], [ -118.330273685089821, 33.720300648117039 ], [ -118.33032466200099, 33.720302912451245 ], [ -118.330406908109609, 33.720312990761336 ], [ -118.33047108522311, 33.720327240337035 ], [ -118.330530357053448, 33.720348372822045 ], [ -118.330589647839304, 33.720374313851039 ], [ -118.330701680111076, 33.720433083292384 ], [ -118.330756058953725, 33.720464189842552 ], [ -118.330808803190521, 33.720497705176406 ], [ -118.330858270060943, 33.720533977287943 ], [ -118.330892912861998, 33.72056342069429 ], [ -118.330924275572244, 33.720594933954224 ], [ -118.331028445190469, 33.720718340629531 ], [ -118.33103825300644, 33.720729948794585 ], [ -118.331101046380553, 33.720810148708416 ], [ -118.331152225390454, 33.720863589651557 ], [ -118.331198413858715, 33.720902274964331 ], [ -118.331298987160949, 33.72097344044478 ], [ -118.33154624034259, 33.721133504694528 ], [ -118.332048933541529, 33.721444335310679 ], [ -118.332197246545462, 33.721530137610252 ], [ -118.332307637347085, 33.721588910106448 ], [ -118.332408114542304, 33.721635344858882 ], [ -118.332525046830284, 33.721685168774208 ], [ -118.332750644856773, 33.721773161040808 ], [ -118.332940050450944, 33.721855757493159 ], [ -118.333038745153473, 33.721893051678741 ], [ -118.328474972691723, 33.729422775004927 ], [ -118.322625632988618, 33.729403183457109 ], [ -118.321013112803115, 33.729397879902976 ], [ -118.321001463399654, 33.730799970259064 ], [ -118.321001743024297, 33.730873129399434 ], [ -118.320990434954652, 33.73092605451405 ], [ -118.320967603497124, 33.730975575636371 ], [ -118.320930005927877, 33.731033722988315 ], [ -118.320877577902536, 33.731083666518579 ], [ -118.320841499893305, 33.731109179792917 ], [ -118.320793899786125, 33.731131632518377 ], [ -118.320618212804959, 33.731199078232301 ], [ -118.32039161824008, 33.731284176434421 ], [ -118.32031937658158, 33.73131287712102 ], [ -118.320234027396239, 33.73135397770762 ], [ -118.320155288177659, 33.731403647484832 ], [ -118.320111014345372, 33.731436051824382 ], [ -118.320055295610942, 33.731485660279667 ], [ -118.320006154138497, 33.731535251214034 ], [ -118.319968512469941, 33.731582063753912 ], [ -118.319922726285554, 33.731649162887955 ], [ -118.319894950530127, 33.731695949168568 ], [ -118.319868868790351, 33.73175578293867 ], [ -118.319847730490508, 33.731818351350142 ], [ -118.319831547411738, 33.731886745637517 ], [ -118.319825192415834, 33.731945153059002 ], [ -118.319822081621837, 33.731991873750673 ], [ -118.318531247900992, 33.731988428968059 ], [ -118.318516711269936, 33.734225511870044 ], [ -118.318505802785324, 33.73525149702769 ], [ -118.318737397926128, 33.735180815015198 ], [ -118.319627965279125, 33.735426783904124 ], [ -118.319909462622689, 33.735505721649133 ], [ -118.320300605498332, 33.735445259959391 ], [ -118.320372550668253, 33.735768964261574 ], [ -118.319984696477491, 33.735829760911244 ], [ -118.320049937407262, 33.736120509758543 ], [ -118.318922022271465, 33.736598185893001 ], [ -118.318567780321658, 33.736417426711235 ], [ -118.318506634278748, 33.736337902660154 ], [ -118.318499437653472, 33.737475507333137 ], [ -118.318702346117192, 33.737643959190848 ], [ -118.318809694457869, 33.737764577615508 ], [ -118.318859343679094, 33.737847566742218 ], [ -118.318917335287423, 33.737962133342144 ], [ -118.318944045786395, 33.738067165574002 ], [ -118.318955810086038, 33.738133768339438 ], [ -118.318956137525547, 33.738219979442064 ], [ -118.318914688470372, 33.738564250263707 ], [ -118.318886140554682, 33.738841509459959 ], [ -118.318855947969993, 33.739118773018582 ], [ -118.318848116801433, 33.739221835982789 ], [ -118.318838822396032, 33.739372645717609 ], [ -118.318835901172051, 33.739469513140087 ], [ -118.318839637447638, 33.739587314838616 ], [ -118.318841688814786, 33.739694473308312 ], [ -118.318850310337865, 33.739799553523625 ], [ -118.318860554207419, 33.739898790381233 ], [ -118.318867640830646, 33.740032726488671 ], [ -118.318878080386881, 33.740183483942054 ], [ -118.318886627661243, 33.740268986336062 ], [ -118.318888375203642, 33.740296116157396 ], [ -118.318901694276008, 33.74033901511681 ], [ -118.318918307590138, 33.740383279239474 ], [ -118.318938191671037, 33.7404227260526 ], [ -118.318966293086206, 33.740460777181852 ], [ -118.31899438278424, 33.74049573706899 ], [ -118.31903893455106, 33.74053511846224 ], [ -118.31907191345924, 33.740558387247503 ], [ -118.319121354445414, 33.74058607752508 ], [ -118.319226814556828, 33.740641440566741 ], [ -118.319350401005963, 33.740706372681366 ], [ -118.319567907869441, 33.740819141625416 ], [ -118.319666772203718, 33.740869713165623 ], [ -118.319724474069858, 33.740907341998877 ], [ -118.319780532779461, 33.740945318646169 ], [ -118.31982839250162, 33.740989499597092 ], [ -118.319876270591024, 33.741038489118452 ], [ -118.319917588979493, 33.741092304701382 ], [ -118.319949021978928, 33.741141337920467 ], [ -118.319975521452008, 33.741190384252327 ], [ -118.319993786566656, 33.741236361211676 ], [ -118.320010430738705, 33.74128852501461 ], [ -118.320025467058443, 33.741350310368624 ], [ -118.320030642793057, 33.741413839320622 ], [ -118.320030848303944, 33.741467764216843 ], [ -118.320021275658604, 33.741545071364953 ], [ -118.320005139275438, 33.741626174186479 ], [ -118.31998097521469, 33.741758476007924 ], [ -118.319953527243001, 33.74189216045626 ], [ -118.319934177553819, 33.741993193319473 ], [ -118.319918001744369, 33.742063992013236 ], [ -118.319896862194724, 33.742126903996542 ], [ -118.319880586890861, 33.742171598912336 ], [ -118.319864301103124, 33.742213546060491 ], [ -118.319833308611933, 33.742280262443373 ], [ -118.319807199995282, 33.742333913817909 ], [ -118.319774532786639, 33.742392734731276 ], [ -118.319733661112565, 33.742456386077727 ], [ -118.319682946938158, 33.742526589572201 ], [ -118.319606046706539, 33.742630179605719 ], [ -118.319318220547345, 33.74262304391339 ], [ -118.31847782466501, 33.742617027948803 ], [ -118.31847236219437, 33.743344864272188 ], [ -118.318464656479264, 33.744348516451154 ], [ -118.318449449396283, 33.746843511393315 ], [ -118.315276840981468, 33.746821683309449 ], [ -118.31217662082102, 33.74680572339625 ], [ -118.312171877235173, 33.747299308338427 ], [ -118.311104460608775, 33.747290051297895 ], [ -118.311102643396396, 33.746799574646836 ], [ -118.309449733129284, 33.746788724056927 ], [ -118.309429373082423, 33.747065616711566 ], [ -118.309342868182995, 33.74769164936972 ], [ -118.309272464501603, 33.74822421560421 ], [ -118.3091220645654, 33.74936493707856 ], [ -118.309123847502974, 33.749849231453993 ], [ -118.309123809886458, 33.750090307683102 ], [ -118.309123520005542, 33.751100509819686 ], [ -118.309116166286785, 33.752677076875827 ], [ -118.309087061552503, 33.757727947143707 ], [ -118.303137578634988, 33.757722128994175 ], [ -118.300997612092957, 33.757721317996285 ], [ -118.301020383758456, 33.757793176060943 ], [ -118.301882708081578, 33.760510864201912 ], [ -118.303975054819034, 33.760514871205118 ], [ -118.309036478200625, 33.760519840938144 ], [ -118.309032482625696, 33.762562497026991 ], [ -118.310158144500193, 33.762701112970433 ], [ -118.310549830211642, 33.762751280671004 ], [ -118.31087732920281, 33.762792339092975 ], [ -118.311367887026762, 33.762889304777779 ], [ -118.311404103878616, 33.762896767522783 ], [ -118.311413976106721, 33.762897428927843 ], [ -118.311425489459282, 33.762897055660041 ], [ -118.31143699771512, 33.762895308503964 ], [ -118.311443571130681, 33.762893574117619 ], [ -118.311451784395629, 33.762890461586728 ], [ -118.311461640057928, 33.762886657854558 ], [ -118.311468202003695, 33.762881832220735 ], [ -118.311476402523368, 33.762875284970256 ], [ -118.31148460049306, 33.762868050775666 ], [ -118.311491138222777, 33.762856699176595 ], [ -118.311497674676289, 33.762845004105401 ], [ -118.311655711862286, 33.762877568560377 ], [ -118.311158658487713, 33.764578713109856 ], [ -118.310877630696126, 33.765539109026875 ], [ -118.310542977947335, 33.766679967281014 ], [ -118.310247309701708, 33.767688829753425 ], [ -118.309902946955646, 33.768877798091388 ], [ -118.309496794345776, 33.770265796773899 ], [ -118.309230313071694, 33.771166043868838 ], [ -118.308921616541923, 33.772219588893385 ], [ -118.30885851172647, 33.772506552884273 ], [ -118.308794218725453, 33.772917858038518 ], [ -118.30877375036853, 33.77316761725838 ], [ -118.308762764949975, 33.773311905165116 ], [ -118.308760083591139, 33.773477467255788 ], [ -118.308760858038596, 33.773688015782973 ], [ -118.308779961752307, 33.773961716800187 ], [ -118.308887988567605, 33.774705064268488 ], [ -118.308923486615967, 33.774962923349683 ], [ -118.306427700825651, 33.774957624883285 ], [ -118.307832274465426, 33.779411797406794 ], [ -118.307880861002957, 33.779565764979175 ], [ -118.308671521363038, 33.779368989276676 ], [ -118.309356941773146, 33.779188965731286 ], [ -118.309449870257097, 33.779850261311104 ], [ -118.309661013098363, 33.781335938448947 ], [ -118.309742230107375, 33.781943338404439 ], [ -118.309039678445046, 33.781945144124144 ], [ -118.309037385599339, 33.782216152525834 ], [ -118.308708309146354, 33.782213905625603 ], [ -118.308703459952994, 33.783579578522449 ], [ -118.308703766266902, 33.783690821027655 ], [ -118.308717734370845, 33.788802439752196 ], [ -118.30872013502983, 33.789483031779554 ], [ -118.308736825711847, 33.795781487452558 ], [ -118.308736902092903, 33.79578827091828 ], [ -118.308783388623041, 33.80128042928132 ], [ -118.308800658214295, 33.803290067836748 ], [ -118.308811887802705, 33.805447073991033 ], [ -118.308818441916273, 33.805886364211453 ], [ -118.308823725745327, 33.806427670378937 ], [ -118.308829034805257, 33.806528638998152 ], [ -118.308843997665704, 33.807016681444793 ], [ -118.308859225919292, 33.807129646323432 ], [ -118.308881194260749, 33.807285185063378 ], [ -118.308913052777868, 33.807444820154167 ], [ -118.30893308715163, 33.807522051087652 ], [ -118.308958057766958, 33.807598925875993 ], [ -118.308979697570507, 33.807665161418662 ], [ -118.309019579370357, 33.807768789142081 ], [ -118.309106016424309, 33.808000414294092 ], [ -118.309169278107873, 33.808195690329647 ], [ -118.309227821555055, 33.808450399988793 ], [ -118.309216307005201, 33.808452146943843 ], [ -118.309296601263895, 33.808802974307085 ], [ -118.308911705798678, 33.808867162132181 ], [ -118.308349268812677, 33.808989164172758 ], [ -118.308479161712896, 33.809401347478882 ], [ -118.308689017840393, 33.810074368328749 ], [ -118.308805922763312, 33.810534327965144 ], [ -118.308849600667386, 33.81077464996239 ], [ -118.308856365273684, 33.811270957141566 ], [ -118.308861152792801, 33.811677278391848 ], [ -118.30886254865085, 33.812056473660498 ], [ -118.308866736922369, 33.812299988274766 ], [ -118.308867190839308, 33.812423295439203 ], [ -118.308871390522384, 33.812669901330118 ], [ -118.308879251692801, 33.813464000610026 ], [ -118.30887936043635, 33.813493539377639 ], [ -118.30889305456725, 33.815424877253839 ], [ -118.30889329862471, 33.815491167759625 ], [ -118.308896740761469, 33.816426104379012 ], [ -118.308895335033498, 33.816491368692333 ], [ -118.308908836156448, 33.817028876223404 ], [ -118.308908933911468, 33.817041455833568 ], [ -118.308924477329342, 33.819041614091056 ], [ -118.308935326334634, 33.820199792517116 ], [ -118.308940236168127, 33.820639087734072 ], [ -118.308953193383275, 33.821922630304606 ], [ -118.308975639591182, 33.824441638040923 ], [ -118.308985035375017, 33.825637861094158 ], [ -118.308994214044858, 33.826803000127804 ], [ -118.309006207490313, 33.828271337196497 ], [ -118.309012599757892, 33.829112841658983 ], [ -118.309025024162324, 33.83025109568343 ], [ -118.309032980747915, 33.831517135140949 ], [ -118.309046451047095, 33.833385964660891 ], [ -118.309059343601419, 33.835097826543688 ], [ -118.309074284114217, 33.83647170093991 ], [ -118.309078433859483, 33.83723485597254 ], [ -118.309084463276676, 33.838340539958573 ], [ -118.309105070083078, 33.840804944101201 ], [ -118.309126143520245, 33.842948882317089 ], [ -118.309135998000585, 33.84472910606565 ], [ -118.309148081317332, 33.846220458951223 ], [ -118.309172396119024, 33.849243008606571 ], [ -118.309196143273937, 33.851664472815244 ], [ -118.309211604932884, 33.854071532812952 ], [ -118.309224989113332, 33.855914949796784 ], [ -118.309240537683721, 33.857451978312476 ], [ -118.30924958436367, 33.859012036866346 ], [ -118.309248077643701, 33.859873400393361 ], [ -118.309246395083022, 33.860826645117037 ], [ -118.309246119837184, 33.861645156623815 ], [ -118.309245307120378, 33.863211080324852 ], [ -118.309247840200428, 33.864791078347046 ], [ -118.309244577583854, 33.865692719853982 ], [ -118.308066987378552, 33.865692645043374 ], [ -118.306471069701743, 33.86569396692812 ], [ -118.303620154445653, 33.865695345237896 ], [ -118.301798602607278, 33.865697173577786 ], [ -118.299914466059946, 33.8656991301728 ], [ -118.29932154799134, 33.865697513199976 ], [ -118.299292973672692, 33.866459077600581 ], [ -118.299235812446256, 33.867979115276597 ], [ -118.299192390269894, 33.86919582679797 ], [ -118.299139512165326, 33.870532436228679 ], [ -118.295937689918318, 33.870557516085228 ], [ -118.294353158240241, 33.870544223149338 ], [ -118.294428807570384, 33.868634980427409 ], [ -118.294469577549776, 33.867581429973079 ], [ -118.294506842632472, 33.866468122806566 ], [ -118.297138745812319, 33.866470248297347 ], [ -118.297706963394759, 33.866471593575461 ], [ -118.297810702347533, 33.866465498076288 ], [ -118.297924293869897, 33.866451134626473 ], [ -118.2980641747411, 33.866419188601277 ], [ -118.298067570017366, 33.865564475147039 ], [ -118.298067639410789, 33.865540560237143 ], [ -118.296778048287763, 33.865537904278604 ], [ -118.294874131138556, 33.865533991640461 ], [ -118.29168556425283, 33.86552732644418 ], [ -118.290617758553353, 33.866314412926371 ], [ -118.290658645327824, 33.867181599168191 ], [ -118.290748100501659, 33.869230580297604 ], [ -118.29081258655853, 33.870727650821969 ], [ -118.29083796870637, 33.87139737421483 ], [ -118.290887708208274, 33.872441087867962 ], [ -118.290902668878005, 33.872777189245333 ], [ -118.286335555209902, 33.872801995917811 ], [ -118.284983591503845, 33.872805200801537 ], [ -118.282691707561412, 33.872783120808442 ], [ -118.281567077249576, 33.872764887477359 ], [ -118.281565735219232, 33.872641152203833 ], [ -118.281552222887342, 33.871069766223911 ], [ -118.281544753527996, 33.870316877258148 ], [ -118.281527583487545, 33.868636960793339 ], [ -118.281506721475168, 33.866347721391371 ], [ -118.281494855528905, 33.865266133645449 ], [ -118.281485860601876, 33.864058482532513 ], [ -118.281473173196815, 33.862731996491732 ], [ -118.28314064284622, 33.861989609933715 ], [ -118.283684946011036, 33.861746520474021 ], [ -118.285441178984911, 33.860966110360856 ], [ -118.285425943274504, 33.860844554926672 ], [ -118.285586255601586, 33.860526800560812 ], [ -118.285941702781116, 33.86044523999179 ], [ -118.285941070190574, 33.860742694207424 ], [ -118.28952579263138, 33.859141336055679 ], [ -118.289885845163653, 33.858980495024632 ], [ -118.290660315104148, 33.858635837248933 ], [ -118.290656359067512, 33.857494466611627 ], [ -118.290649725842897, 33.854155182146705 ], [ -118.286198569853241, 33.854158968681894 ], [ -118.285250037071421, 33.854157783435369 ], [ -118.285276482516934, 33.852250040638545 ], [ -118.286195341391419, 33.852247861335542 ], [ -118.286191650368906, 33.851166256119804 ], [ -118.286191716771356, 33.849738072306863 ], [ -118.286187667256087, 33.848551363835703 ], [ -118.286188364048613, 33.846342796072243 ], [ -118.288063847300606, 33.846345195509556 ], [ -118.29170944586329, 33.846353940246935 ], [ -118.297434689760053, 33.846359862260812 ], [ -118.299101074647723, 33.846367414653898 ], [ -118.2990974795771, 33.845359314276728 ], [ -118.299094705924091, 33.843658072567358 ], [ -118.299093566633246, 33.84195339233878 ], [ -118.299092166156498, 33.840637186996084 ], [ -118.299087979310499, 33.837154328436661 ], [ -118.299082725341734, 33.835680820413927 ], [ -118.299082924172353, 33.835592288446634 ], [ -118.299086549919551, 33.833982998952493 ], [ -118.299083054331746, 33.832079109233376 ], [ -118.299083996838945, 33.830034726466323 ], [ -118.299081426420173, 33.829313772863934 ], [ -118.299082097492814, 33.828116751059348 ], [ -118.299079056967955, 33.825719928075983 ], [ -118.299077512503601, 33.82452192477519 ], [ -118.299076204062033, 33.822307871483751 ], [ -118.299071763655334, 33.819215211263078 ], [ -118.299088883674088, 33.818476692326577 ], [ -118.299230949998403, 33.814464867923739 ], [ -118.299257656641828, 33.813645951890642 ], [ -118.298487992299343, 33.813364149989056 ], [ -118.298494649925502, 33.813196945973971 ], [ -118.298507633463032, 33.812870524618724 ], [ -118.298550693329915, 33.812019968481181 ], [ -118.29874682416802, 33.808396486186915 ], [ -118.298939696700472, 33.80478709577001 ], [ -118.298956981388457, 33.804470624841564 ], [ -118.29901540070334, 33.803400978941816 ], [ -118.299614509384256, 33.80341597650488 ], [ -118.299637049171054, 33.802814836092537 ], [ -118.299046157512791, 33.802795353047685 ], [ -118.299074083949918, 33.802319224941336 ], [ -118.299086074020451, 33.801065848717499 ], [ -118.299090074094721, 33.799879470474117 ], [ -118.29909503382116, 33.798962375650348 ], [ -118.299098352563007, 33.79780133080309 ], [ -118.29909870803337, 33.797684633772015 ], [ -118.297408610273408, 33.79767851626891 ], [ -118.296557806639214, 33.797676836701697 ], [ -118.295944129123811, 33.797674911960641 ], [ -118.294713020086206, 33.797671062284067 ], [ -118.291670190698966, 33.797660954895292 ], [ -118.288474318549177, 33.797651137397601 ], [ -118.286700856455738, 33.797643781263908 ], [ -118.286323433238579, 33.797642189223865 ], [ -118.282907048162286, 33.797632748162584 ], [ -118.282992840051662, 33.798185543493467 ], [ -118.2809591580844, 33.798288540685924 ], [ -118.277383755827088, 33.798471660558967 ], [ -118.275288317674296, 33.798581058510514 ], [ -118.274293737167994, 33.798632960815375 ], [ -118.270328342445566, 33.798834276253011 ], [ -118.267578879841409, 33.798973343469854 ], [ -118.264592477668415, 33.799126951345407 ], [ -118.264592513677457, 33.799138371851591 ], [ -118.264598692519129, 33.800576064115923 ], [ -118.264613818035912, 33.802763288325039 ], [ -118.26463098044637, 33.804552419397339 ], [ -118.263177879388991, 33.804590638860638 ], [ -118.258775788885529, 33.804708718745687 ], [ -118.25793817809263, 33.804738337592454 ], [ -118.256679250638214, 33.804769192970014 ], [ -118.257047999222962, 33.803725268493729 ], [ -118.257700817084583, 33.801938826485419 ], [ -118.258125106372674, 33.80076872434352 ], [ -118.258608118762353, 33.799433282674975 ], [ -118.256804739644792, 33.79952541605271 ], [ -118.256796821053925, 33.799525819352979 ], [ -118.254835174240128, 33.79962783508082 ], [ -118.252826096532743, 33.799726526620717 ], [ -118.249615869735024, 33.799893971757626 ], [ -118.237483901648318, 33.800482156917845 ], [ -118.236242610805775, 33.799158094428179 ], [ -118.235103672364474, 33.79793514501759 ], [ -118.233025653196108, 33.795719987200634 ], [ -118.230046633308206, 33.792543413518842 ], [ -118.229861456859737, 33.792824386850363 ], [ -118.229694397058708, 33.793111507903724 ], [ -118.229604382747581, 33.793290973924528 ], [ -118.22948666702446, 33.793570444120789 ], [ -118.229210566969087, 33.794302573401112 ], [ -118.228841399257007, 33.795304507530652 ], [ -118.228341526643675, 33.796656690476482 ], [ -118.228197036943186, 33.797381355004426 ], [ -118.228154593371556, 33.797507491088538 ], [ -118.227755909653908, 33.798558251750997 ], [ -118.227425889139852, 33.799444700025624 ], [ -118.227185728941109, 33.800092605623192 ], [ -118.226808859323413, 33.800698864321227 ], [ -118.226476247682115, 33.801241839045851 ], [ -118.225645491670676, 33.802587764064768 ], [ -118.224822899133116, 33.803919242285858 ], [ -118.224650835136089, 33.80419606172412 ], [ -118.224485377875439, 33.804482142462362 ], [ -118.224392068894744, 33.804669167414588 ], [ -118.22434296579425, 33.804770240902585 ], [ -118.224311896300605, 33.804845176589353 ], [ -118.224297171566192, 33.804877834254825 ], [ -118.224295536810033, 33.804881959014004 ], [ -118.22428894820753, 33.804879910430117 ], [ -118.224280778095078, 33.80490190812295 ], [ -118.224217000409212, 33.805054530319858 ], [ -118.224159837725281, 33.805219161836703 ], [ -118.224104320600418, 33.80538379026661 ], [ -118.224071759887806, 33.805516776146696 ], [ -118.22402613638566, 33.805688599134186 ], [ -118.223993678121474, 33.805860054141206 ], [ -118.223964455394238, 33.806010551076199 ], [ -118.223940366124495, 33.806234542368877 ], [ -118.22391479956957, 33.80652173603508 ], [ -118.223920307104208, 33.806735368008326 ], [ -118.223920773649553, 33.80691019654607 ], [ -118.223932742581042, 33.807078134171654 ], [ -118.223959580778342, 33.807267339672165 ], [ -118.223989681404504, 33.807445547862066 ], [ -118.22401807214122, 33.807599715890646 ], [ -118.224061330481589, 33.807774464827737 ], [ -118.224111201693162, 33.807960192686792 ], [ -118.22416264280244, 33.808117409074761 ], [ -118.22420409709639, 33.808232739931015 ], [ -118.224268724564055, 33.808397144728673 ], [ -118.224331622874587, 33.808530296372354 ], [ -118.224440968941579, 33.808799378043048 ], [ -118.224618162659354, 33.809205380141258 ], [ -118.224702634927667, 33.809404438820124 ], [ -118.22477054680445, 33.809565402482789 ], [ -118.224838449737987, 33.809722931363822 ], [ -118.224917948604528, 33.809908260137341 ], [ -118.224994127519182, 33.810082947298653 ], [ -118.225081950447517, 33.8103032950116 ], [ -118.22517963070618, 33.810516754706157 ], [ -118.225386701256767, 33.811013377673412 ], [ -118.225458462225916, 33.811380763118095 ], [ -118.225518477208809, 33.811664362281178 ], [ -118.225782005670453, 33.812955340024828 ], [ -118.226507672049706, 33.816541933672433 ], [ -118.227325119210477, 33.820565597382867 ], [ -118.227652063548433, 33.822154247256748 ], [ -118.227803912541106, 33.822909952812523 ], [ -118.228067502159703, 33.824197492529073 ], [ -118.228504218998523, 33.824375272762857 ], [ -118.228393119186833, 33.82468358237297 ], [ -118.22789302603357, 33.826021685783267 ], [ -118.227392944857556, 33.827370091586012 ], [ -118.227151077762144, 33.828025215380812 ], [ -118.226610129054137, 33.829489447080228 ], [ -118.226285205830777, 33.828653347603129 ], [ -118.224675260356221, 33.824382476658187 ], [ -118.224574844836994, 33.824382663944263 ], [ -118.224590543392864, 33.823482725068644 ], [ -118.224567055588665, 33.822702732797659 ], [ -118.224577446899929, 33.821665069776877 ], [ -118.224575542435716, 33.821568556332402 ], [ -118.224504760099521, 33.821568688303771 ], [ -118.224406366772911, 33.821092812784606 ], [ -118.224241204957266, 33.820270493461003 ], [ -118.223497273909715, 33.816600110278713 ], [ -118.222835052902809, 33.81330396242987 ], [ -118.222758354862137, 33.812933149722987 ], [ -118.222761107784876, 33.812730150030625 ], [ -118.222437753846947, 33.812447036202876 ], [ -118.222440434294413, 33.810353885957738 ], [ -118.222436924793868, 33.805925796209095 ], [ -118.222438531509027, 33.804669357436786 ], [ -118.22243716758507, 33.804154832720371 ], [ -118.223036741677632, 33.802490955860726 ], [ -118.223494226244526, 33.801243976525527 ], [ -118.223935306431642, 33.800021756399929 ], [ -118.225000442204632, 33.797093355991102 ], [ -118.225417001350309, 33.795948115388647 ], [ -118.226191268678932, 33.7938147092676 ], [ -118.226798913735536, 33.792147709100526 ], [ -118.226966563902593, 33.790859016153554 ], [ -118.227231744888442, 33.790952971701294 ], [ -118.227614068136845, 33.789947926907452 ], [ -118.224902786089885, 33.787058211421751 ], [ -118.224049195554812, 33.786144441249292 ], [ -118.224011706726486, 33.78610432440086 ], [ -118.221729665803423, 33.783668844444144 ], [ -118.220668720804341, 33.782537325859757 ], [ -118.220947876300016, 33.782327293950232 ], [ -118.221468415889916, 33.781935806133816 ], [ -118.221809967897826, 33.781679631751203 ], [ -118.222461860326817, 33.781188289760635 ], [ -118.223501267508979, 33.780407706287754 ], [ -118.224481539244351, 33.779669815087402 ], [ -118.225025036394626, 33.779262125821894 ], [ -118.226396054793497, 33.778227755985505 ], [ -118.227645536401027, 33.777283590971038 ], [ -118.227839277578738, 33.777137247537894 ], [ -118.228287508810752, 33.776799449320244 ], [ -118.228816182555903, 33.776399327582311 ], [ -118.22971262002909, 33.775721661444059 ], [ -118.230763371569893, 33.774927598394761 ], [ -118.231932336274781, 33.774053955792851 ], [ -118.233014263809011, 33.773245387166504 ], [ -118.234086319792155, 33.772444041031285 ], [ -118.235000753458849, 33.771760805101238 ], [ -118.235691903023039, 33.771243898018 ], [ -118.236286179231357, 33.770796902578219 ], [ -118.236735984809229, 33.770458039536088 ], [ -118.237036402511436, 33.770232472308834 ], [ -118.238137917025753, 33.769404241209017 ], [ -118.239247607701842, 33.768566366533285 ], [ -118.240813613317073, 33.767384094874643 ], [ -118.242395996208586, 33.766191809192449 ], [ -118.243720625988502, 33.765191340379289 ], [ -118.243846912286358, 33.765096242661642 ], [ -118.244897509091487, 33.764305191337158 ], [ -118.245449009367491, 33.76388949409116 ], [ -118.244648284641656, 33.762890926794114 ], [ -118.243832729703016, 33.761876928043506 ], [ -118.242830629195282, 33.760624585831593 ], [ -118.241861606597737, 33.759424377164152 ], [ -118.241150112286519, 33.758537924074162 ], [ -118.240767808337239, 33.75829619676044 ], [ -118.242189417020896, 33.757879114242208 ], [ -118.247238089320476, 33.756404960655608 ], [ -118.248962025019424, 33.755901308047399 ], [ -118.248701923525601, 33.755271914290191 ], [ -118.247787600640748, 33.753107509467327 ], [ -118.247603756288896, 33.752675110638187 ], [ -118.247343691159671, 33.752051209776283 ], [ -118.247000806607844, 33.751227920089065 ], [ -118.246687731252862, 33.750471889306887 ], [ -118.245796583092883, 33.74832287981959 ], [ -118.244941881651783, 33.746249011017184 ], [ -118.244506312245306, 33.74520814135294 ], [ -118.243539063141, 33.742865209058643 ], [ -118.242157930195148, 33.739548669721181 ], [ -118.24116413584531, 33.737186110068677 ], [ -118.241139610068657, 33.737127854653046 ], [ -118.239204100885118, 33.732514066533462 ], [ -118.237336657908145, 33.728055366174956 ], [ -118.236670719395093, 33.726302563269016 ], [ -118.235661761097461, 33.723588706670419 ], [ -118.234068130345037, 33.719311122229243 ], [ -118.232368677366367, 33.714756198817561 ], [ -118.232286964096744, 33.714579511510401 ], [ -118.251965918669711, 33.708366975679702 ], [ -118.253621348164415, 33.707832488736308 ], [ -118.255574036216501, 33.707212166688201 ], [ -118.256247355172789, 33.706993316340927 ], [ -118.2576990612163, 33.706513819167867 ], [ -118.259356064730866, 33.705980280328205 ], [ -118.265379505964461, 33.704022402815028 ], [ -118.265643881271643, 33.703934577329861 ], [ -118.265799898289785, 33.703888894347131 ], [ -118.266049541699019, 33.703821021887855 ], [ -118.266222003816452, 33.703777706278238 ], [ -118.266333704310654, 33.703753072469894 ], [ -118.266608064765506, 33.703704378526332 ], [ -118.266737867451127, 33.703686230173595 ], [ -118.266900552409041, 33.703670069540273 ], [ -118.26708133208399, 33.703657990164082 ], [ -118.267229255600114, 33.70365216601845 ], [ -118.267377193306487, 33.703650806791615 ] ], [ [ -118.296856127703549, 33.737794987852901 ], [ -118.296855598144347, 33.737892321030323 ], [ -118.296849034683802, 33.739044906393318 ], [ -118.296840711588828, 33.740877359880038 ], [ -118.296836070013683, 33.742355683099007 ], [ -118.296828242984375, 33.743398145953194 ], [ -118.298007428041871, 33.743404161466302 ], [ -118.298006751084372, 33.744140228011659 ], [ -118.29891303662599, 33.744143389663854 ], [ -118.299500061415728, 33.744145450500433 ], [ -118.29950730354561, 33.743409367571452 ], [ -118.301665016542302, 33.743415998724686 ], [ -118.301676598943189, 33.741604487721958 ], [ -118.302988954944624, 33.741607029106667 ], [ -118.302993904589499, 33.740699901903547 ], [ -118.302169981671909, 33.740695791445042 ], [ -118.302176359129589, 33.739268984854974 ], [ -118.302406586929351, 33.739268406404356 ], [ -118.30349311831317, 33.739589909880117 ], [ -118.304148322163712, 33.739780600735607 ], [ -118.304143222080384, 33.740642733191748 ], [ -118.304140137129977, 33.741607215909923 ], [ -118.30535546722831, 33.741610320180385 ], [ -118.307916054378325, 33.741618563774175 ], [ -118.309121517599195, 33.741621655255415 ], [ -118.309143183879897, 33.737930499606428 ], [ -118.309143750270806, 33.737833080375388 ], [ -118.307736786362597, 33.737828744525153 ], [ -118.306463231896558, 33.737824825287255 ], [ -118.303537691380669, 33.737817472372988 ], [ -118.301151945065911, 33.737808998921402 ], [ -118.300538138576215, 33.737806798488684 ], [ -118.297380730954004, 33.737799874840682 ], [ -118.296856127703549, 33.737794987852901 ] ], [ [ -118.297034551276866, 33.847285493626288 ], [ -118.297035392344782, 33.847987905113868 ], [ -118.297038057049164, 33.851529849805189 ], [ -118.297046793379891, 33.858180607959795 ], [ -118.297050087012764, 33.858180599839415 ], [ -118.299113547876061, 33.858175494726261 ], [ -118.29911045642541, 33.855923654823798 ], [ -118.299108719081872, 33.853589720681214 ], [ -118.299106221383497, 33.850580853451959 ], [ -118.299101592204195, 33.849282859234542 ], [ -118.299100935629369, 33.849098756338492 ], [ -118.299097771035491, 33.847287945248098 ], [ -118.297034551276866, 33.847285493626288 ] ] ] } },
{ "type": "Feature", "properties": { "OBJECTID": 21, "APREC": "CENTRAL", "PREC": 1, "AREA": 136747749.664, "PERIMETER": 64187.406589400001 }, "geometry": { "type": "Polygon", "coordinates": [ [ [ -118.251945176596976, 34.074186304993702 ], [ -118.251872610281879, 34.074213248025671 ], [ -118.251842931381887, 34.074226705756075 ], [ -118.251801723941384, 34.074249805044225 ], [ -118.251760527800926, 34.074277026094286 ], [ -118.251724276624699, 34.074301145475729 ], [ -118.251641897749693, 34.074359365797228 ], [ -118.250749160714179, 34.073975146179862 ], [ -118.250557376940321, 34.073888986359258 ], [ -118.250482987598204, 34.073858570629206 ], [ -118.250423484595942, 34.073837054557636 ], [ -118.250345820984435, 34.073815919580056 ], [ -118.250235123875058, 34.073790731190691 ], [ -118.25016903626431, 34.073775754816964 ], [ -118.250091363474752, 34.073751871828833 ], [ -118.250016974424085, 34.073721455812013 ], [ -118.250005591577263, 34.073716090020149 ], [ -118.24991611717914, 34.073673919449469 ], [ -118.249859891944354, 34.073644152720732 ], [ -118.249821841710371, 34.073618813660318 ], [ -118.249763910105415, 34.073570502319654 ], [ -118.249652984880683, 34.073468717100937 ], [ -118.249441015870943, 34.07325688145572 ], [ -118.249293577996809, 34.073091283419082 ], [ -118.249247182887231, 34.073035734874537 ], [ -118.248995407991217, 34.072762497084923 ], [ -118.24891090240294, 34.072661000211575 ], [ -118.24886944965543, 34.072601663023505 ], [ -118.248773195086301, 34.072435615411315 ], [ -118.247647857329213, 34.072420297524367 ], [ -118.247041177434525, 34.072412034998543 ], [ -118.246998372794863, 34.07234271548338 ], [ -118.246964757552178, 34.072295135610695 ], [ -118.246919808650588, 34.072237418645905 ], [ -118.2468408532918, 34.072149634792858 ], [ -118.246615433939226, 34.071928936221092 ], [ -118.246575683816374, 34.071886424551685 ], [ -118.246269338430665, 34.071579632051417 ], [ -118.245665047695496, 34.071012739573504 ], [ -118.24563193075447, 34.070979832537006 ], [ -118.245477064901223, 34.071092123793917 ], [ -118.245402981195809, 34.071164405802847 ], [ -118.245363433562531, 34.07119059086763 ], [ -118.245309046964124, 34.071223675720866 ], [ -118.245252998158136, 34.071253329092585 ], [ -118.245208471223762, 34.071270593653459 ], [ -118.245162276145862, 34.071282022369296 ], [ -118.245096254831381, 34.071288682534551 ], [ -118.244995547180977, 34.071290260775129 ], [ -118.244946008801648, 34.071287613378374 ], [ -118.244881588198666, 34.07127709602031 ], [ -118.244770884033471, 34.071247780852204 ], [ -118.244678334945306, 34.071216711391848 ], [ -118.24463370544855, 34.071198940662697 ], [ -118.244517982179104, 34.071146965537807 ], [ -118.24416419709793, 34.070987273656293 ], [ -118.240548725453209, 34.069354393248844 ], [ -118.240403250291294, 34.069288734119134 ], [ -118.240386829979329, 34.068745374691701 ], [ -118.240389688699992, 34.06859114508098 ], [ -118.240376324002142, 34.068536901346349 ], [ -118.240356450341338, 34.068515301459357 ], [ -118.240331631717353, 34.068496459273518 ], [ -118.240278705418234, 34.068463246710103 ], [ -118.240209258763173, 34.068426288665322 ], [ -118.239814149709318, 34.068242278975838 ], [ -118.23953713515543, 34.068363392137698 ], [ -118.239474492336612, 34.068396147249018 ], [ -118.23940691429911, 34.068435094806055 ], [ -118.239375572693675, 34.068444430968299 ], [ -118.239342559487469, 34.068446557289434 ], [ -118.239324396032288, 34.06844556283091 ], [ -118.23921044073478, 34.068432392729378 ], [ -118.238559432478723, 34.068247511539909 ], [ -118.23791068906695, 34.067984552557739 ], [ -118.237886321877824, 34.067997352699784 ], [ -118.237716415462188, 34.068101838319997 ], [ -118.237396644430689, 34.068319102298311 ], [ -118.237046930463308, 34.068569751974145 ], [ -118.236687224951751, 34.068828752159902 ], [ -118.236387591215973, 34.069087634623422 ], [ -118.236058130148606, 34.069421563040059 ], [ -118.235838683736645, 34.069713615177314 ], [ -118.235709018001941, 34.069888842722193 ], [ -118.235629342841122, 34.070038975882468 ], [ -118.235579656776849, 34.070172386615297 ], [ -118.235530017474787, 34.070322461125997 ], [ -118.23548033108375, 34.070455871819576 ], [ -118.235420937231197, 34.070697618497 ], [ -118.235321610376474, 34.070981103577047 ], [ -118.23519236328643, 34.071306307465882 ], [ -118.235112918961107, 34.071539761092239 ], [ -118.235013614555143, 34.071831577826458 ], [ -118.234884223488464, 34.072106789100673 ], [ -118.234724771088537, 34.072373726713103 ], [ -118.234575237686187, 34.072607316171585 ], [ -118.234415619890541, 34.072815928279546 ], [ -118.23398649897581, 34.073325019778061 ], [ -118.233347547862508, 34.073992824052688 ], [ -118.233251730792333, 34.074087007198294 ], [ -118.232608620173465, 34.074719142030069 ], [ -118.231999570038795, 34.075345220958752 ], [ -118.231560201056055, 34.075779334205649 ], [ -118.231466432721049, 34.075861285449029 ], [ -118.230961299245067, 34.076302753691991 ], [ -118.230591263502205, 34.076622730480118 ], [ -118.228733002545539, 34.078151038384554 ], [ -118.228493185558619, 34.078334798659156 ], [ -118.228183388369104, 34.07856035129803 ], [ -118.227483861721183, 34.07907826120951 ], [ -118.226475580948616, 34.079905854114457 ], [ -118.224959002321867, 34.071955140067807 ], [ -118.224520084703045, 34.069644237511731 ], [ -118.224381660202965, 34.068509625103239 ], [ -118.224467766561347, 34.067374594628056 ], [ -118.225055135369644, 34.066010558479036 ], [ -118.226689203778307, 34.062229183015567 ], [ -118.226771216563236, 34.062033929857328 ], [ -118.226914873207633, 34.061437372806445 ], [ -118.226806962505862, 34.060604971160089 ], [ -118.226307219969272, 34.056500593438493 ], [ -118.226487013824013, 34.055840768475349 ], [ -118.227338638867039, 34.054572401017509 ], [ -118.228309633852717, 34.053504396812507 ], [ -118.228529750154905, 34.053111035258624 ], [ -118.228570022582161, 34.053040533350163 ], [ -118.228855023549826, 34.052541609986058 ], [ -118.228899310708314, 34.052354795830553 ], [ -118.229276025714739, 34.050765689775353 ], [ -118.2300305518486, 34.047910000795987 ], [ -118.228638758762273, 34.041550177129238 ], [ -118.228579978659866, 34.041286867927909 ], [ -118.227841244249561, 34.03789190241767 ], [ -118.227131861145438, 34.034538324773699 ], [ -118.227655538881265, 34.034541230376817 ], [ -118.227794165771272, 34.034541999353578 ], [ -118.227924541377334, 34.034542440265831 ], [ -118.22802851131398, 34.034542930911499 ], [ -118.229815809945862, 34.034552251833496 ], [ -118.230010526940774, 34.034545354872527 ], [ -118.230056737801831, 34.03454629727586 ], [ -118.230616218266292, 34.034556908316041 ], [ -118.231175698872661, 34.034567516763552 ], [ -118.232286409073325, 34.034588741756352 ], [ -118.233879189285489, 34.03467497230875 ], [ -118.234504768332343, 34.034716007217007 ], [ -118.235024710094009, 34.034750374914921 ], [ -118.236211498992972, 34.034828777268487 ], [ -118.237213985322811, 34.034894799716454 ], [ -118.23739663884767, 34.034906827720981 ], [ -118.238578481304515, 34.034985217444806 ], [ -118.239000138519756, 34.035275313224098 ], [ -118.239347401260673, 34.035518842315341 ], [ -118.239745931918918, 34.035799363840347 ], [ -118.240200687328496, 34.036118930132425 ], [ -118.240569458649205, 34.036378900106051 ], [ -118.241166437768698, 34.0367981327582 ], [ -118.241186281336454, 34.036811832424689 ], [ -118.241748475548818, 34.037184760646959 ], [ -118.242284219519362, 34.037540566118686 ], [ -118.242416503864092, 34.037628919113821 ], [ -118.242464505342355, 34.037677254681171 ], [ -118.242972182432666, 34.038027616857292 ], [ -118.243187180843066, 34.038182439069885 ], [ -118.243684702852008, 34.038539827213363 ], [ -118.243903299639513, 34.038699997784867 ], [ -118.244362720861233, 34.039036715926024 ], [ -118.245123794894425, 34.039558295552254 ], [ -118.245871311173516, 34.04008093117595 ], [ -118.246739562440368, 34.040687125327658 ], [ -118.246754447504458, 34.040697742873562 ], [ -118.248010159638284, 34.039496757147802 ], [ -118.248648529023214, 34.038901440914927 ], [ -118.248824846465268, 34.038737012859713 ], [ -118.249075008359597, 34.038502927926835 ], [ -118.249099690201376, 34.038478146254199 ], [ -118.250005589449287, 34.037590838614662 ], [ -118.250307527857672, 34.037295096497878 ], [ -118.251141589928721, 34.03805589700498 ], [ -118.251864782172561, 34.0387142227015 ], [ -118.251884638285262, 34.038731355416665 ], [ -118.252407580368711, 34.039202553013183 ], [ -118.252443987118411, 34.039235107760966 ], [ -118.252703809131148, 34.039470537801471 ], [ -118.253994193854624, 34.038308573261496 ], [ -118.254408951570099, 34.037934676896981 ], [ -118.254540607826527, 34.03781211956202 ], [ -118.254636040707467, 34.037717460583934 ], [ -118.254714989770207, 34.037629361576542 ], [ -118.254798847869509, 34.037527513750312 ], [ -118.255106281176381, 34.037139071674311 ], [ -118.255117790600764, 34.03712496456405 ], [ -118.255563470941311, 34.03661257535417 ], [ -118.256337870740751, 34.035662576131379 ], [ -118.256678205448054, 34.035244520690696 ], [ -118.257031686306902, 34.03480960565458 ], [ -118.257220749748001, 34.034574604329563 ], [ -118.257715610439504, 34.033964208932943 ], [ -118.258046055157294, 34.033554757822742 ], [ -118.258858172505683, 34.03254558282844 ], [ -118.259420402665697, 34.031849166230053 ], [ -118.259734387080471, 34.031458637424201 ], [ -118.259783731102274, 34.031397741137454 ], [ -118.259859303372323, 34.031303020698829 ], [ -118.259997481806565, 34.031133156364902 ], [ -118.260076390199671, 34.031035433725954 ], [ -118.260235781956425, 34.030838600149899 ], [ -118.260797985973568, 34.030141146759981 ], [ -118.260883438686918, 34.030025895448851 ], [ -118.260947546798263, 34.029945724542493 ], [ -118.260968926496275, 34.029922321509922 ], [ -118.260996881248815, 34.02989066067606 ], [ -118.261072562997356, 34.029817678719539 ], [ -118.261107128087147, 34.029789094909027 ], [ -118.261219084885937, 34.029706760369528 ], [ -118.261355678442101, 34.029587276269048 ], [ -118.261390250859733, 34.029560753257414 ], [ -118.262398337211607, 34.03002776463741 ], [ -118.26253385157888, 34.030090327354714 ], [ -118.263527077198987, 34.030550492012047 ], [ -118.26403774311332, 34.030787409759313 ], [ -118.264624431549962, 34.031058851403152 ], [ -118.264903731301345, 34.0311884188379 ], [ -118.265696969498251, 34.031543211689936 ], [ -118.266724884679476, 34.032002930322186 ], [ -118.26752970536954, 34.032362150869311 ], [ -118.268296524398082, 34.032705306838359 ], [ -118.268995589844195, 34.033017351098302 ], [ -118.269702936189802, 34.033337273834938 ], [ -118.270271462462631, 34.033594645930805 ], [ -118.270808589277607, 34.033837315132082 ], [ -118.27141182827728, 34.034110060741199 ], [ -118.272031598588285, 34.034390321823835 ], [ -118.273414940341794, 34.035015428985616 ], [ -118.273547161488011, 34.03507558247199 ], [ -118.27395209101374, 34.035259801621933 ], [ -118.274379771793718, 34.035454333508682 ], [ -118.274063806080619, 34.037519000131482 ], [ -118.273989933642682, 34.037958034367762 ], [ -118.273921014351018, 34.038288422969302 ], [ -118.273915787881307, 34.03831347572261 ], [ -118.273830629182626, 34.039139156617495 ], [ -118.273634466180425, 34.040565919209492 ], [ -118.273535588548597, 34.041036358796497 ], [ -118.273411366843476, 34.04143371005749 ], [ -118.273262243558477, 34.041893812662671 ], [ -118.27311786609657, 34.042256610322987 ], [ -118.273071438335904, 34.042407370931386 ], [ -118.272878093983664, 34.04272585794498 ], [ -118.272827540682215, 34.042817896701813 ], [ -118.272644877355901, 34.043150451929826 ], [ -118.272498069244293, 34.043351657771453 ], [ -118.2720508996197, 34.043944128482117 ], [ -118.271757095821457, 34.044290738757482 ], [ -118.27135622157175, 34.044693388290987 ], [ -118.271162450593593, 34.044883537997229 ], [ -118.270868421981234, 34.045163189967262 ], [ -118.270527506279976, 34.045454105415459 ], [ -118.270463825335057, 34.045499409322176 ], [ -118.270259998315453, 34.045644418848056 ], [ -118.267811485159541, 34.047150848910832 ], [ -118.267095546159823, 34.047559762202106 ], [ -118.26658369974615, 34.047870315568467 ], [ -118.264720552590376, 34.049032487619158 ], [ -118.264432873470156, 34.049211672296359 ], [ -118.264084969289627, 34.049424467236193 ], [ -118.263248718133823, 34.049956377599223 ], [ -118.26266372011078, 34.050289364104316 ], [ -118.262158547432747, 34.050613179033007 ], [ -118.261085721427847, 34.051251545499468 ], [ -118.260239296624235, 34.051791561740586 ], [ -118.259795250968153, 34.052114034184065 ], [ -118.259326095728412, 34.052464516270867 ], [ -118.2589076042361, 34.052832456944131 ], [ -118.258433655057203, 34.053322870547461 ], [ -118.257836928530793, 34.054028369240349 ], [ -118.257420157757338, 34.054519839581864 ], [ -118.257069659961829, 34.054924130087805 ], [ -118.256700315393417, 34.055383846957753 ], [ -118.256122258144714, 34.055986432888211 ], [ -118.255986847360205, 34.056117120946453 ], [ -118.254574200961159, 34.057480460428081 ], [ -118.253349135607976, 34.058662716116025 ], [ -118.252956290587321, 34.059047374253723 ], [ -118.252529696266194, 34.059451810042482 ], [ -118.252140839280486, 34.059761214558108 ], [ -118.251571797883869, 34.060221332494017 ], [ -118.251145024608533, 34.060570376435784 ], [ -118.250898432342396, 34.060768703672615 ], [ -118.250015414401275, 34.061515144885021 ], [ -118.25000700818164, 34.06152225102025 ], [ -118.248982995627344, 34.062454097617426 ], [ -118.248780641142559, 34.062638735141903 ], [ -118.248774399146441, 34.062644430345763 ], [ -118.248575238699374, 34.062811005094858 ], [ -118.248214897604981, 34.063128250994161 ], [ -118.247892489257225, 34.063413767035684 ], [ -118.247617523110804, 34.063667534929223 ], [ -118.247543113813933, 34.06372321813037 ], [ -118.247596760341381, 34.063768499322819 ], [ -118.24773247182533, 34.063883288777731 ], [ -118.247861560874398, 34.063991564591731 ], [ -118.247898633536451, 34.06402280767395 ], [ -118.248002237972855, 34.064110120968323 ], [ -118.24839612090453, 34.064438025786067 ], [ -118.248415981392625, 34.064454815611917 ], [ -118.248439151802131, 34.06447434649111 ], [ -118.248720477938107, 34.064701153312065 ], [ -118.248856154670378, 34.06480323271105 ], [ -118.248902495898761, 34.064842294296739 ], [ -118.248976850469077, 34.064915961969987 ], [ -118.249017150777703, 34.064959865463969 ], [ -118.24906460316592, 34.065016245803513 ], [ -118.249137683991009, 34.065108059307889 ], [ -118.249202452197395, 34.065202492639052 ], [ -118.249218964921013, 34.06522737416752 ], [ -118.249257202541472, 34.065316944361733 ], [ -118.249290367799105, 34.065366337485798 ], [ -118.249348620051308, 34.065524219486313 ], [ -118.24937183601466, 34.065603919146703 ], [ -118.249386842523222, 34.065671478614242 ], [ -118.249398706092464, 34.065711658775513 ], [ -118.249722190315964, 34.066785750999301 ], [ -118.249843938682645, 34.067197679928476 ], [ -118.24988893961573, 34.067340132352939 ], [ -118.249927295912485, 34.067468860085526 ], [ -118.250005591057629, 34.067694249302946 ], [ -118.250177089423929, 34.068187941131619 ], [ -118.250195369041805, 34.068227747318765 ], [ -118.250243682284591, 34.068373285008882 ], [ -118.250267035070763, 34.068453268209169 ], [ -118.250307141056112, 34.068614622206873 ], [ -118.250354057672155, 34.068845003102282 ], [ -118.250379394766497, 34.069036270729626 ], [ -118.250424661875414, 34.069266998505178 ], [ -118.250433121368189, 34.069335334125391 ], [ -118.250442075520994, 34.069568884146783 ], [ -118.250444137852966, 34.069706274059747 ], [ -118.250458702208206, 34.070159299133593 ], [ -118.250488578272169, 34.070763425085566 ], [ -118.250579128585144, 34.071229344926984 ], [ -118.250587686156734, 34.071330311247543 ], [ -118.250604835323827, 34.071543579666304 ], [ -118.250628481622783, 34.071721111444184 ], [ -118.250662072243571, 34.071911331463227 ], [ -118.250685470738517, 34.072005741700977 ], [ -118.250705439519848, 34.072057909711162 ], [ -118.250725365084207, 34.072095651511084 ], [ -118.250756878749996, 34.072143673749451 ], [ -118.250843087557826, 34.072261996475362 ], [ -118.250993924959815, 34.072459530399456 ], [ -118.251003883729808, 34.072477027351859 ], [ -118.251076878751633, 34.072593316472144 ], [ -118.251171514883481, 34.07276863967315 ], [ -118.251224650432974, 34.072869170671638 ], [ -118.251382403746021, 34.073169390334058 ], [ -118.251475401480562, 34.073348495931278 ], [ -118.251609981817566, 34.073629185000328 ], [ -118.251688038322769, 34.073780842897825 ], [ -118.251789277246459, 34.07395443445445 ], [ -118.251873890030623, 34.074089933952195 ], [ -118.251945176596976, 34.074186304993702 ] ] ] } }
]
}
